날짜,평균기온,최고기온,최저기온,강수량,평균풍속,일조량,일사량,온도교차,최대풍속
20210101,-4.2,1.6,-9.8,0.0,2.0,0.0,9.54,11.4,
20210102,-5.0,-1.4,-8.4,0.0,2.6,0.0,11.34,7.0,
20210103,-5.6,-2.0,-9.1,0.0,2.0,0.0,8.8,7.1,
20210104,-3.5,0.3,-8.4,0.0,1.7,0.0,7.44,8.700000000000001,
20210105,-5.5,-2.1,-9.9,0.0,2.9,0.0,10.46,7.800000000000001,
20210106,-7.4,-1.9,-12.0,2.3,2.4,0.0,11.78,10.1,
20210107,-14.5,-8.4,-16.5,0.0,4.1,0.0,0.0,8.1,
20210108,-14.9,-10.7,-18.6,0.0,3.3,0.0,12.38,7.900000000000002,
20210109,-12.2,-7.5,-16.6,0.0,2.6,0.0,11.59,9.1,
20210110,-7.7,-2.7,-12.8,0.0,1.3,0.0,9.84,10.1,
20210111,-6.7,-4.0,-9.6,0.0,1.9,0.0,4.47,5.6,
20210112,-3.9,-0.5,-9.3,2.6,1.8,0.0,6.13,8.8,
20210113,2.0,8.3,-3.0,0.0,2.4,0.0,8.27,11.3,
20210114,1.7,7.0,-3.6,0.0,2.3,0.0,10.21,10.6,
20210115,4.5,9.9,-0.7,0.2,3.0,0.0,2.11,10.6,
20210116,-4.9,-0.7,-8.7,0.0,3.3,0.0,11.86,7.999999999999999,
20210117,-5.5,-1.3,-10.8,0.0,2.3,0.0,10.83,9.5,
20210118,-3.8,0.2,-9.1,0.3,3.2,0.0,4.54,9.3,
20210119,-6.3,-0.2,-11.6,0.0,1.8,0.0,12.48,11.4,
20210120,-0.1,7.1,-6.6,0.0,2.2,0.0,11.92,13.7,
20210121,4.5,7.0,2.5,9.2,2.3,0.0,2.77,4.5,
20210122,5.5,6.6,4.8,0.1,1.7,0.0,2.34,1.7999999999999998,
20210123,7.6,12.2,4.8,0.0,4.2,0.0,9.72,7.399999999999999,
20210124,7.3,13.9,2.4,0.0,2.1,0.0,12.4,11.5,
20210125,7.9,13.9,3.0,0.0,1.9,0.0,10.74,10.9,
20210126,5.3,7.4,1.7,1.7,1.9,0.0,1.95,5.7,
20210127,1.7,6.5,-1.8,0.0,2.2,0.0,12.4,8.3,
20210128,-2.6,1.4,-9.7,2.0,4.0,0.0,6.14,11.1,
20210129,-8.8,-4.9,-11.6,0.0,3.5,0.0,14.42,6.699999999999999,
20210130,-1.6,5.2,-8.1,0.5,2.5,0.0,10.46,13.3,
20210131,3.2,8.7,-3.8,0.0,2.0,0.0,10.92,12.5,
20210201,5.0,9.5,-2.3,0.7,2.7,0.0,5.8,11.8,
20210202,-5.6,-2.4,-8.2,0.0,3.9,0.0,14.69,5.799999999999999,
20210203,-3.2,1.4,-9.4,3.4,2.2,0.0,11.7,10.8,
20210204,-3.6,0.7,-7.4,0.1,2.5,0.0,15.33,8.1,
20210205,1.4,6.7,-4.4,0.0,2.4,0.0,7.95,11.1,
20210206,6.8,9.5,4.3,0.0,2.2,0.0,4.77,5.2,
20210207,3.6,7.7,-2.6,0.0,2.9,0.0,11.38,10.3,
20210208,-3.1,0.2,-5.4,0.0,3.4,0.0,15.91,5.6000000000000005,
20210209,-0.9,4.7,-6.1,0.0,2.0,0.0,15.46,10.8,
20210210,3.4,7.2,-1.5,0.0,2.1,0.0,6.15,8.7,
20210211,5.5,10.9,1.3,0.0,1.3,0.0,11.22,9.6,
20210212,6.5,14.0,0.6,0.0,1.7,0.0,14.72,13.4,
20210213,7.6,15.9,1.0,0.0,1.5,0.0,14.36,14.9,
20210214,9.5,13.8,6.4,0.0,1.7,0.0,7.21,7.4,
20210215,1.2,8.2,-5.2,1.4,4.0,0.0,9.69,13.4,
20210216,-5.1,-1.3,-7.0,1.5,3.2,0.0,7.31,5.7,
20210217,-8.3,-5.2,-10.4,0.0,5.0,0.0,17.28,5.2,
20210218,-5.8,-0.4,-10.6,0.0,3.1,0.0,17.05,10.2,
20210219,1.6,8.9,-7.1,0.0,2.9,0.0,14.8,16.0,
20210220,8.8,14.9,5.5,0.0,2.1,0.0,15.25,9.4,
20210221,10.8,17.4,4.7,0.0,2.8,0.0,15.34,12.7,
20210222,7.8,12.6,0.4,0.0,2.9,0.0,13.04,12.2,
20210223,0.0,4.3,-3.1,0.0,2.9,0.0,17.53,7.4,
20210224,2.9,10.1,-3.0,0.0,1.8,0.0,16.1,13.1,
20210225,4.2,8.2,0.7,0.0,1.4,0.0,5.22,7.499999999999999,
20210226,8.2,15.8,0.5,0.0,2.3,0.0,18.2,15.3,
20210227,9.5,16.2,4.3,0.0,3.4,0.0,17.96,11.9,
20210228,7.8,10.8,3.2,0.0,2.1,0.0,7.13,7.6,
20210301,4.7,9.0,0.5,67.5,3.5,0.0,1.4,8.5,
20210302,2.3,6.9,0.2,0.1,1.9,0.0,12.9,6.7,
20210303,4.4,9.9,-1.2,0.0,1.8,0.0,16.52,11.1,
20210304,7.2,13.0,2.5,0.0,1.9,0.0,9.85,10.5,
20210305,9.0,16.2,3.0,0.0,2.1,0.0,18.95,13.2,
20210306,6.6,11.6,3.2,0.0,3.3,0.0,12.71,8.399999999999999,
20210307,6.2,12.2,2.1,0.0,2.8,0.0,18.17,10.1,
20210308,7.0,13.9,1.5,0.0,1.8,0.0,19.12,12.4,
20210309,6.6,12.2,2.1,0.0,2.2,0.0,15.57,10.1,
20210310,8.8,17.1,1.7,0.0,1.8,0.0,19.1,15.400000000000002,
20210311,10.2,17.1,4.7,0.0,1.8,0.0,16.6,12.400000000000002,
20210312,10.5,14.9,7.2,0.0,2.2,0.0,7.41,7.7,
20210313,9.2,14.2,4.6,0.0,2.2,0.0,14.87,9.6,
20210314,9.1,14.7,4.9,0.0,2.2,0.0,17.99,9.8,
20210315,10.6,15.7,5.1,1.7,2.4,0.0,12.75,10.6,
20210316,8.4,13.1,4.9,1.3,3.2,0.0,21.13,8.2,
20210317,8.8,17.5,1.8,0.0,1.8,0.0,20.79,15.7,
20210318,11.7,18.4,5.0,0.0,1.8,0.0,16.63,13.4,
20210319,15.3,20.2,11.4,0.0,2.2,0.0,19.09,8.799999999999999,
20210320,9.9,14.7,7.4,5.1,2.2,0.0,2.0,7.299999999999999,
20210321,5.8,8.6,3.1,0.3,4.0,0.0,10.42,5.5,
20210322,6.2,11.1,1.1,0.0,3.2,0.0,22.58,10.0,
20210323,9.1,16.4,2.5,0.0,2.5,0.0,20.89,13.9,
20210324,10.8,16.9,5.7,0.0,2.4,0.0,19.53,11.2,
20210325,11.9,19.0,6.8,0.0,2.2,0.0,20.86,12.2,
20210326,12.6,20.6,4.8,0.0,1.4,0.0,16.98,15.8,
20210327,12.1,15.0,10.2,25.5,2.5,0.0,3.72,4.800000000000001,
20210328,9.0,13.0,7.7,9.2,3.3,0.0,2.35,5.3,
20210329,10.2,14.6,7.3,0.2,3.3,0.0,18.24,7.3,
20210330,10.8,18.2,4.1,0.0,2.2,0.0,24.53,14.1,
20210331,14.5,22.9,5.9,0.0,1.8,0.0,23.29,17.0,
20210401,17.7,24.0,12.0,0.0,3.5,0.0,20.91,12.0,
20210402,17.8,23.0,12.5,0.0,3.2,0.0,15.37,10.5,
20210403,14.9,18.0,10.9,56.2,3.1,0.0,1.98,7.1,
20210404,11.9,15.8,9.0,0.6,3.2,0.0,12.91,6.800000000000001,
20210405,11.9,19.3,5.4,0.0,2.4,0.0,25.81,13.9,
20210406,13.9,19.2,9.4,0.0,2.5,0.0,23.34,9.8,
20210407,14.1,20.4,8.1,0.0,2.5,0.0,24.49,12.3,
20210408,13.0,18.0,7.2,0.0,2.7,0.0,25.85,10.8,
20210409,13.6,19.6,7.6,0.0,2.7,0.0,25.3,12.000000000000002,
20210410,12.6,18.8,7.7,0.0,2.6,0.0,23.77,11.1,
20210411,15.0,21.8,7.5,0.0,1.7,0.0,22.57,14.3,
20210412,13.8,17.8,11.9,22.0,2.4,0.0,5.39,5.9,
20210413,10.4,13.5,5.7,8.0,3.7,0.0,14.95,7.8,
20210414,8.4,13.3,3.1,0.0,2.9,0.0,27.31,10.2,
20210415,11.6,18.3,6.3,0.0,2.1,0.0,24.78,12.0,
20210416,11.3,14.8,8.1,0.7,2.6,0.0,8.59,6.700000000000001,
20210417,9.6,14.6,6.0,0.0,2.6,0.0,13.62,8.6,
20210418,9.9,15.3,5.6,0.0,3.2,0.0,26.94,9.7,
20210419,12.2,19.4,5.8,0.0,2.4,0.0,26.18,13.599999999999998,
20210420,14.8,22.0,8.1,0.0,1.9,0.0,24.8,13.9,
20210421,19.1,28.2,10.3,0.0,1.8,0.0,25.12,17.9,
20210422,20.9,27.5,16.1,0.0,2.5,0.0,15.7,11.4,
20210423,19.0,21.7,17.0,0.0,3.2,0.0,8.36,4.699999999999999,
20210424,18.3,22.2,15.3,0.0,2.7,0.0,13.65,6.899999999999999,
20210425,18.2,24.0,12.6,0.0,2.7,0.0,27.12,11.4,
20210426,16.2,20.6,12.3,0.0,2.6,0.0,21.57,8.3,
20210427,15.4,20.0,12.5,1.7,2.3,0.0,10.37,7.5,
20210428,14.5,18.2,11.2,4.7,2.4,0.0,16.09,7.0,
20210429,14.6,20.1,10.9,3.9,2.3,0.0,15.99,9.2,
20210430,11.3,14.6,8.6,26.3,2.4,0.0,9.45,6.0,
20210501,10.2,15.3,8.5,8.0,2.7,0.0,11.89,6.800000000000001,
20210502,12.4,18.7,7.3,1.7,3.1,0.0,27.71,11.4,
20210503,14.1,20.3,8.4,0.0,2.1,0.0,27.7,11.9,
20210504,13.8,15.8,11.4,19.6,2.1,0.0,3.68,4.4,
20210505,13.9,18.4,10.3,0.1,3.5,0.0,28.34,8.099999999999998,
20210506,15.7,23.1,7.9,0.0,2.4,0.0,23.81,15.2,
20210507,14.4,17.2,10.7,8.8,3.4,0.0,17.12,6.5,
20210508,14.3,21.0,8.9,0.0,3.4,0.0,23.01,12.1,
20210509,15.7,21.8,10.0,0.0,3.5,0.0,30.44,11.8,
20210510,13.2,14.6,11.7,0.0,1.8,0.0,4.69,2.9000000000000004,
20210511,18.5,25.7,9.4,0.0,2.7,0.0,27.17,16.299999999999997,
20210512,22.0,27.7,16.9,0.0,2.2,0.0,26.51,10.8,
20210513,22.9,29.6,16.6,0.0,1.9,0.0,27.3,13.0,
20210514,24.1,30.8,18.0,0.0,1.7,0.0,24.38,12.8,
20210515,22.1,26.2,20.8,15.0,1.7,0.0,9.42,5.399999999999999,
20210516,18.4,20.8,14.8,66.9,2.5,0.0,3.05,6.0,
20210517,15.3,16.7,14.2,3.1,1.6,0.0,5.21,2.5,
20210518,17.9,24.5,13.6,0.0,1.7,0.0,24.12,10.9,
20210519,19.9,26.6,12.4,0.0,1.8,0.0,29.93,14.2,
20210520,18.7,22.9,15.6,0.9,2.5,0.0,6.8,7.299999999999999,
20210521,16.0,18.2,14.2,6.9,1.7,0.0,7.35,4.0,
20210522,18.6,23.8,13.8,0.2,2.5,0.0,28.69,10.0,
20210523,19.5,25.1,14.3,0.0,1.7,0.0,19.28,10.8,
20210524,19.4,24.5,16.4,0.0,2.7,0.0,26.9,8.100000000000001,
20210525,15.3,19.3,11.9,8.3,3.2,0.0,19.29,7.4,
20210526,18.0,23.0,11.5,0.0,2.9,0.0,17.95,11.5,
20210527,15.8,18.7,13.9,8.9,2.8,0.0,5.08,4.799999999999999,
20210528,15.3,19.7,12.4,12.3,2.6,0.0,11.26,7.299999999999999,
20210529,15.4,19.1,12.8,0.3,2.2,0.0,10.45,6.300000000000001,
20210530,18.4,26.3,10.8,18.1,2.1,0.0,29.45,15.5,
20210531,19.9,23.8,16.5,4.0,1.8,0.0,12.52,7.300000000000001,
20210601,20.2,23.9,15.9,3.2,2.2,0.0,13.01,7.999999999999998,
20210602,23.2,29.7,16.6,0.0,2.1,0.0,26.82,13.099999999999998,
20210603,19.1,22.7,14.6,18.1,1.8,0.0,5.11,8.1,
20210604,18.5,23.6,13.3,0.0,2.9,0.0,29.01,10.3,
20210605,20.8,25.7,17.0,0.0,3.3,0.0,23.11,8.7,
20210606,23.0,28.2,18.4,0.0,2.2,0.0,23.46,9.8,
20210607,21.1,24.0,19.4,0.0,1.7,0.0,7.02,4.600000000000001,
20210608,23.6,29.5,18.8,0.1,1.7,0.0,21.25,10.7,
20210609,25.8,31.6,19.5,0.0,1.6,0.0,24.78,12.1,
20210610,24.9,29.8,20.5,6.1,2.2,0.0,14.13,9.3,
20210611,21.5,24.4,19.9,4.6,2.8,0.0,10.08,4.5,
20210612,24.2,30.2,18.2,0.0,1.8,0.0,26.92,12.0,
20210613,24.8,29.7,20.9,0.0,2.0,0.0,26.48,8.8,
20210614,24.8,30.2,18.9,0.0,2.1,0.0,22.29,11.3,
20210615,22.5,25.3,21.5,1.9,2.3,0.0,7.61,3.8000000000000007,
20210616,24.3,28.9,20.3,0.0,3.6,0.0,27.3,8.599999999999998,
20210617,21.9,25.0,19.6,0.0,2.4,0.0,9.59,5.399999999999999,
20210618,20.0,21.4,19.0,6.3,2.5,0.0,4.5,2.3999999999999986,
20210619,22.3,27.4,17.5,0.0,1.8,0.0,26.47,9.9,
20210620,22.9,29.0,17.6,0.0,2.8,0.0,25.87,11.4,
20210621,23.6,28.5,19.2,0.0,2.2,0.0,25.72,9.3,
20210622,22.8,28.6,19.7,0.0,2.1,0.0,20.23,8.900000000000002,
20210623,22.4,27.9,18.8,7.5,2.4,0.0,19.49,9.099999999999998,
20210624,23.0,28.0,18.5,0.0,1.9,0.0,17.8,9.5,
20210625,24.1,29.5,19.5,0.0,2.0,0.0,24.74,10.0,
20210626,22.8,26.7,19.9,4.5,1.8,0.0,14.24,6.800000000000001,
20210627,24.5,30.8,19.8,38.2,2.0,0.0,22.48,11.0,
20210628,23.7,29.2,21.0,0.1,1.9,0.0,13.52,8.2,
20210629,23.9,28.4,21.3,8.0,1.8,0.0,14.1,7.099999999999998,
20210630,24.3,28.8,21.0,6.0,1.3,0.0,16.22,7.800000000000001,
20210701,26.3,31.0,21.4,0.0,1.8,0.0,20.59,9.6,
20210702,27.1,31.8,23.6,0.0,2.3,0.0,22.19,8.2,
20210703,22.6,25.7,19.6,60.0,3.6,0.0,7.51,6.099999999999998,
20210704,21.4,23.1,19.8,21.4,2.3,0.0,2.69,3.3000000000000007,
20210705,23.3,26.9,20.1,0.0,1.4,0.0,12.59,6.799999999999997,
20210706,25.3,30.1,21.0,0.0,1.6,0.0,19.15,9.1,
20210707,26.4,29.1,23.9,12.7,1.5,0.0,11.81,5.200000000000003,
20210708,26.0,29.8,23.8,2.9,2.0,0.0,14.1,6.0,
20210709,25.5,29.2,23.6,0.0,1.9,0.0,14.49,5.599999999999998,
20210710,25.9,29.2,23.1,0.5,2.4,0.0,17.4,6.099999999999998,
20210711,25.7,27.5,24.1,0.4,2.2,0.0,7.53,3.3999999999999986,
20210712,28.1,32.5,23.8,0.0,1.6,0.0,19.1,8.7,
20210713,28.8,31.5,26.3,0.0,1.7,0.0,11.59,5.199999999999999,
20210714,29.7,33.5,26.1,0.0,2.2,0.0,22.48,7.399999999999999,
20210715,29.1,34.5,25.9,0.0,2.1,0.0,22.77,8.600000000000001,
20210716,28.8,35.2,24.2,0.0,2.2,0.0,26.76,11.000000000000004,
20210717,29.1,32.8,24.7,0.0,2.3,0.0,22.58,8.099999999999998,
20210718,29.6,34.1,25.7,0.0,2.1,0.0,23.37,8.400000000000002,
20210719,26.4,30.5,24.0,67.4,1.9,0.0,10.07,6.5,
20210720,27.9,31.8,23.6,0.0,1.5,0.0,14.62,8.2,
20210721,30.5,35.3,25.3,0.0,1.7,0.0,24.1,9.999999999999996,
20210722,31.2,35.9,26.5,0.0,2.0,0.0,27.69,9.4,
20210723,31.2,35.8,27.2,0.0,1.8,0.0,26.91,8.599999999999998,
20210724,31.7,36.5,26.9,0.0,1.7,0.0,27.78,9.6,
20210725,31.5,35.9,27.2,0.0,2.0,0.0,27.63,8.7,
20210726,31.2,35.4,27.4,0.0,2.4,0.0,29.3,8.0,
20210727,31.1,35.7,27.8,0.0,2.1,0.0,17.22,7.900000000000002,
20210728,30.4,34.7,27.1,0.0,1.9,0.0,16.37,7.600000000000001,
20210729,29.6,33.3,27.0,0.0,2.0,0.0,14.86,6.299999999999997,
20210730,30.5,35.4,25.8,0.0,2.1,0.0,21.86,9.599999999999998,
20210731,29.8,34.3,26.8,3.0,2.5,0.0,21.19,7.4999999999999964,
20210801,27.1,28.8,25.1,21.0,1.3,0.0,6.56,3.6999999999999993,
20210802,26.5,28.6,25.0,1.7,1.6,0.0,8.42,3.6000000000000014,
20210803,28.0,31.4,24.1,0.0,1.8,0.0,13.25,7.299999999999997,
20210804,28.9,33.2,26.3,0.0,2.0,0.0,19.55,6.900000000000002,
20210805,29.4,33.7,25.6,0.0,2.1,0.0,20.51,8.100000000000001,
20210806,28.1,32.2,26.0,0.0,2.1,0.0,18.13,6.200000000000003,
20210807,28.0,32.3,23.4,0.0,2.1,0.0,23.48,8.899999999999999,
20210808,26.8,32.1,24.4,12.7,1.7,0.0,11.91,7.700000000000003,
20210809,28.3,33.6,23.3,0.0,2.3,0.0,24.73,10.3,
20210810,27.7,32.2,24.3,0.0,2.3,0.0,20.07,7.900000000000002,
20210811,27.4,31.6,24.1,0.0,2.0,0.0,16.55,7.5,
20210812,26.8,31.7,24.0,0.0,1.8,0.0,14.8,7.699999999999999,
20210813,26.6,30.1,23.4,0.0,2.0,0.0,12.03,6.700000000000003,
20210814,26.1,30.5,23.4,0.0,3.0,0.0,15.6,7.100000000000001,
20210815,26.9,32.4,21.7,0.0,2.3,0.0,23.31,10.7,
20210816,27.3,32.8,22.5,0.0,2.3,0.0,23.19,10.299999999999995,
20210817,25.9,31.3,21.9,9.3,2.4,0.0,17.49,9.400000000000002,
20210818,24.3,31.0,20.6,5.6,2.8,0.0,17.87,10.4,
20210819,26.0,31.5,21.0,0.0,2.6,0.0,20.95,10.5,
20210820,26.6,30.7,22.6,0.0,2.3,0.0,17.21,8.099999999999998,
20210821,23.8,25.5,21.0,62.8,2.7,0.0,6.31,4.5,
20210822,24.4,27.0,22.4,0.0,2.1,0.0,8.64,4.600000000000001,
20210823,22.4,24.0,21.0,7.4,2.0,0.0,3.81,3.0,
20210824,23.4,26.4,21.1,10.5,2.9,0.0,4.58,5.299999999999997,
20210825,25.0,27.3,23.5,0.3,1.8,0.0,8.96,3.8000000000000007,
20210826,25.5,27.9,22.9,0.7,2.5,0.0,8.07,5.0,
20210827,22.4,25.5,20.4,0.9,1.3,0.0,3.01,5.100000000000001,
20210828,23.6,28.2,19.7,0.0,1.8,0.0,15.44,8.5,
20210829,23.7,26.3,21.9,0.9,1.6,0.0,9.6,4.400000000000002,
20210830,24.2,27.7,21.2,0.0,1.4,0.0,12.46,6.5,
20210831,20.5,23.1,18.1,77.4,2.3,0.0,2.39,5.0,
20210901,21.4,23.9,18.5,0.8,2.9,0.0,7.24,5.399999999999999,
20210902,23.5,26.7,20.7,0.0,2.1,0.0,13.24,6.0,
20210903,24.3,29.2,20.6,0.0,2.4,0.0,24.64,8.599999999999998,
20210904,23.2,28.6,18.5,0.0,2.7,0.0,20.58,10.1,
20210905,23.1,27.3,19.4,0.0,3.2,0.0,15.83,7.900000000000002,
20210906,22.3,26.4,18.0,12.0,3.2,0.0,12.02,8.399999999999999,
20210907,19.6,20.9,17.6,29.6,2.3,0.0,1.8,3.299999999999997,
20210908,22.2,26.9,19.0,1.6,1.7,0.0,18.18,7.899999999999999,
20210909,23.5,29.1,19.1,0.0,1.5,0.0,18.9,10.0,
20210910,23.6,28.9,19.5,0.0,1.9,0.0,16.96,9.4,
20210911,24.0,29.4,19.9,0.0,1.7,0.0,19.54,9.5,
20210912,24.2,29.8,19.2,0.0,1.8,0.0,22.15,10.6,
20210913,24.8,30.3,20.8,0.0,2.4,0.0,17.61,9.5,
20210914,24.6,29.5,20.0,0.0,2.6,0.0,21.88,9.5,
20210915,23.6,28.9,19.5,0.0,3.6,0.0,22.62,9.4,
20210916,22.9,27.3,18.0,0.0,2.6,0.0,20.18,9.3,
20210917,23.5,28.2,20.5,0.0,3.0,0.0,18.05,7.699999999999999,
20210918,23.9,29.8,18.9,0.0,1.6,0.0,19.77,10.900000000000002,
20210919,23.7,27.8,20.8,0.0,1.9,0.0,13.97,7.0,
20210920,23.7,28.4,19.0,0.0,2.7,0.0,19.86,9.4,
20210921,22.0,26.2,17.4,68.1,2.9,0.0,11.84,8.8,
20210922,20.2,24.3,16.8,4.5,2.7,0.0,14.89,7.5,
20210923,20.9,25.9,16.9,0.0,2.4,0.0,18.01,9.0,
20210924,21.8,26.9,16.7,0.0,2.2,0.0,18.34,10.2,
20210925,21.2,23.1,18.7,0.0,2.3,0.0,7.2,4.400000000000002,
20210926,22.6,27.3,18.4,0.0,2.3,0.0,18.13,8.900000000000002,
20210927,21.6,25.0,18.7,0.0,2.4,0.0,11.36,6.300000000000001,
20210928,21.5,24.4,19.6,1.3,2.2,0.0,9.29,4.799999999999997,
20210929,20.2,21.4,17.8,13.1,1.7,0.0,2.85,3.599999999999998,
20210930,20.3,25.9,16.0,0.0,1.5,0.0,17.2,9.9,
20211001,21.1,27.5,16.9,13.3,2.4,0.0,18.42,10.6,
20211002,20.7,26.6,16.4,0.0,1.6,0.0,16.92,10.200000000000005,
20211003,22.3,28.8,17.1,0.0,1.9,0.0,17.47,11.7,
20211004,22.9,25.6,19.2,3.6,2.9,0.0,2.97,6.400000000000002,
20211005,23.6,26.5,21.7,0.0,3.3,0.0,8.11,4.800000000000001,
20211006,18.8,21.7,17.9,6.4,2.8,0.0,3.26,3.8000000000000007,
20211007,19.4,21.9,17.9,4.6,1.9,0.0,4.86,4.0,
20211008,18.8,20.0,17.5,3.5,1.7,0.0,2.8,2.5,
20211009,20.9,24.1,18.5,0.4,2.3,0.0,7.05,5.600000000000001,
20211010,19.9,24.3,14.9,14.2,2.2,0.0,3.12,9.4,
20211011,15.2,17.8,12.6,0.3,2.2,0.0,8.47,5.200000000000001,
20211012,17.9,21.3,15.8,0.0,3.3,0.0,11.55,5.5,
20211013,19.6,25.2,14.9,0.0,2.4,0.0,17.28,10.3,
20211014,19.7,23.9,17.4,0.0,2.0,0.0,12.85,6.5,
20211015,19.0,21.4,17.0,0.0,2.1,0.0,7.21,4.399999999999999,
20211016,10.7,18.1,4.2,0.0,3.4,0.0,8.78,13.900000000000002,
20211017,5.6,10.8,1.3,0.0,2.9,0.0,18.7,9.5,
20211018,9.6,16.1,2.8,5.6,2.0,0.0,12.08,13.3,
20211019,10.9,15.0,7.1,4.4,2.4,0.0,13.34,7.9,
20211020,9.5,15.8,4.6,0.0,1.7,0.0,16.7,11.2,
20211021,9.8,16.2,4.9,0.0,1.7,0.0,5.13,11.3,
20211022,10.8,17.2,5.2,0.0,1.8,0.0,16.45,12.0,
20211023,11.4,18.4,5.7,0.0,1.6,0.0,16.25,12.7,
20211024,11.4,18.1,6.0,0.0,1.7,0.0,15.97,12.1,
20211025,11.7,17.6,6.3,0.0,1.9,0.0,11.74,11.3,
20211026,13.0,19.0,7.7,0.0,1.7,0.0,13.08,11.3,
20211027,13.4,18.1,9.8,0.0,2.2,0.0,14.72,8.3,
20211028,12.7,20.0,7.1,0.0,1.4,0.0,15.58,12.9,
20211029,14.6,20.6,10.5,0.0,2.0,0.0,14.16,10.1,
20211030,13.8,18.0,11.0,0.0,1.6,0.0,6.35,7.0,
20211031,14.1,20.3,9.2,0.7,1.6,0.0,12.25,11.1,
20211101,12.9,16.9,10.3,0.0,1.9,0.0,11.32,6.599999999999998,
20211102,11.5,16.9,7.9,0.0,1.7,0.0,12.69,8.999999999999998,
20211103,12.1,17.1,7.6,0.0,1.5,0.0,13.24,9.500000000000002,
20211104,12.1,16.3,8.4,0.0,1.3,0.0,6.9,7.9,
20211105,13.0,20.2,7.8,0.0,1.5,0.0,12.76,12.4,
20211106,14.1,21.3,8.8,0.0,1.6,0.0,12.8,12.5,
20211107,15.3,21.3,9.7,0.0,2.1,0.0,12.2,11.6,
20211108,8.6,15.5,4.5,25.7,3.2,0.0,2.57,11.0,
20211109,4.9,6.5,3.0,2.0,2.4,0.0,3.4,3.5,
20211110,4.2,7.7,0.7,0.3,2.5,0.0,8.8,7.0,
20211111,5.3,9.7,2.1,0.0,2.9,0.0,9.68,7.6,
20211112,4.5,8.6,1.3,0.0,2.6,0.0,13.47,7.3,
20211113,7.3,13.4,0.5,0.0,1.5,0.0,9.9,12.9,
20211114,11.3,16.4,7.8,0.0,2.2,0.0,10.52,8.599999999999998,
20211115,10.1,15.7,5.8,0.0,1.6,0.0,11.39,9.9,
20211116,8.5,13.6,4.4,0.0,1.9,0.0,12.07,9.2,
20211117,7.5,12.5,2.7,0.0,1.6,0.0,11.0,9.8,
20211118,11.9,16.2,7.7,0.0,2.4,0.0,5.68,8.5,
20211119,12.9,16.7,10.2,0.0,1.9,0.0,4.98,6.5,
20211120,10.4,15.6,6.8,0.0,1.6,0.0,8.62,8.8,
20211121,10.4,13.1,7.6,5.9,1.9,0.0,3.3,5.5,
20211122,2.7,7.5,-0.6,1.3,4.1,0.0,8.99,8.1,
20211123,-0.6,2.3,-3.7,0.0,3.2,0.0,8.4,6.0,
20211124,4.1,9.1,-2.6,0.0,1.9,0.0,7.93,11.7,
20211125,5.7,9.9,2.6,0.0,2.2,0.0,10.25,7.300000000000001,
20211126,2.9,7.2,-0.5,0.0,2.2,0.0,7.6,7.7,
20211127,3.4,10.1,-1.4,0.0,1.6,0.0,11.85,11.5,
20211128,5.1,12.4,-1.3,0.0,1.5,0.0,11.02,13.7,
20211129,7.6,13.7,2.5,0.0,1.6,0.0,7.47,11.2,
20211130,5.7,8.9,0.7,27.2,3.7,0.0,0.84,8.200000000000001,
20211201,-1.3,1.5,-3.0,0.0,4.2,0.0,12.23,4.5,
20211202,1.3,5.0,-4.6,0.1,2.1,0.0,6.48,9.6,
20211203,1.9,4.6,-1.8,0.4,2.9,0.0,11.85,6.4,
20211204,1.4,7.0,-2.7,0.0,2.0,0.0,10.46,9.7,
20211205,2.9,9.6,-2.3,0.0,1.4,0.0,11.07,11.9,
20211206,5.4,12.1,-0.7,0.0,1.6,0.0,9.37,12.8,
20211207,6.8,13.3,2.6,0.0,1.2,0.0,9.35,10.7,
20211208,6.7,13.3,1.9,0.0,1.5,0.0,10.53,11.4,
20211209,6.5,9.7,2.7,0.0,2.2,0.0,4.98,6.999999999999999,
20211210,7.0,8.2,5.8,0.7,2.1,0.0,1.35,2.3999999999999995,
20211211,6.0,9.8,4.4,0.0,1.4,0.0,7.34,5.4,
20211212,1.2,5.1,-3.8,0.0,3.2,0.0,9.67,8.899999999999999,
20211213,-2.2,1.9,-5.9,0.0,2.3,0.0,11.43,7.800000000000001,
20211214,3.7,8.2,-0.7,1.2,2.0,0.0,6.1,8.899999999999999,
20211215,7.2,10.0,5.4,2.1,1.7,0.0,4.11,4.6,
20211216,6.4,9.8,3.3,0.0,1.8,0.0,7.6,6.500000000000001,
20211217,-5.6,3.2,-10.1,0.0,4.6,0.0,10.96,13.3,
20211218,-5.7,-1.8,-11.2,2.8,2.0,0.0,6.79,9.4,
20211219,-0.8,4.2,-5.8,0.2,2.0,0.0,8.82,10.0,
20211220,5.2,11.1,-0.9,0.0,2.1,0.0,8.61,12.0,
20211221,5.2,8.9,0.8,0.0,2.0,0.0,7.93,8.1,
20211222,2.2,8.2,-2.6,0.0,1.7,0.0,10.21,10.8,
20211223,2.7,8.3,-1.5,0.0,1.4,0.0,8.85,9.8,
20211224,-0.3,3.2,-7.3,0.2,2.6,0.0,2.08,10.5,
20211225,-11.7,-7.3,-14.4,0.0,3.9,0.0,11.64,7.1000000000000005,
20211226,-12.1,-7.3,-15.5,0.0,3.1,0.0,11.55,8.2,
20211227,-7.6,-3.9,-12.9,0.0,1.7,0.0,6.09,9.0,
20211228,-4.1,-0.9,-8.5,0.0,2.2,0.0,4.32,7.6,
20211229,0.4,5.9,-3.8,0.2,2.6,0.0,4.64,9.7,
20211230,-3.9,0.2,-6.8,0.0,3.3,0.0,9.14,7.0,
20211231,-6.7,-3.9,-8.8,0.0,3.5,0.0,11.7,4.9,
20220101,-4.3,2.3,-10.2,0.0,1.5,0.0,10.39,12.5,
20220102,-1.3,3.0,-5.2,0.3,2.3,0.0,8.52,8.2,
20220103,-1.9,2.5,-8.0,0.0,1.8,0.0,9.35,10.5,
20220104,-2.5,1.0,-5.6,0.0,2.4,0.0,11.3,6.6,
20220105,-2.8,1.9,-7.8,0.0,1.7,0.0,6.12,9.7,
20220106,-2.2,3.3,-5.9,0.0,2.3,0.0,11.22,9.2,
20220107,-1.6,4.5,-5.9,0.0,1.5,0.0,11.12,10.4,
20220108,0.3,3.7,-5.0,0.0,1.7,0.0,3.68,8.7,
20220109,1.3,5.6,-1.2,0.0,1.7,0.0,7.16,6.8,
20220110,0.5,4.4,-3.4,0.9,2.0,0.0,7.25,7.800000000000001,
20220111,-7.4,0.3,-10.3,0.2,4.0,0.0,11.91,10.6,
20220112,-7.7,-3.4,-11.3,0.0,2.4,0.0,11.93,7.9,
20220113,-6.4,-3.1,-8.9,0.0,3.3,0.0,11.9,5.800000000000001,
20220114,-4.8,1.3,-10.1,0.0,1.7,0.0,12.1,11.4,
20220115,-1.0,1.8,-5.3,0.0,1.9,0.0,3.76,7.1,
20220116,-2.0,2.4,-7.2,0.0,3.3,0.0,11.98,9.6,
20220117,-5.8,0.1,-9.2,0.5,2.2,0.0,8.07,9.3,
20220118,-5.6,-0.7,-9.9,0.0,2.3,0.0,12.4,9.2,
20220119,-5.3,-2.7,-7.7,1.7,2.1,0.0,2.13,5.0,
20220120,-5.0,0.9,-9.8,0.0,1.8,0.0,12.29,10.7,
20220121,-2.7,4.6,-8.7,0.0,1.8,0.0,12.79,13.3,
20220122,0.3,7.1,-5.0,0.0,1.7,0.0,9.7,12.1,
20220123,2.0,6.7,-0.6,0.0,1.7,0.0,7.67,7.3,
20220124,4.6,8.4,1.3,0.0,3.5,0.0,8.71,7.1000000000000005,
20220125,2.8,4.5,1.9,0.7,2.3,0.0,1.7,2.6,
20220126,1.3,6.8,-1.9,0.0,2.2,0.0,11.54,8.7,
20220127,-1.1,4.0,-4.6,0.0,2.1,0.0,11.72,8.6,
20220128,-2.7,2.1,-5.9,0.0,2.8,0.0,13.65,8.0,
20220129,-3.6,0.9,-7.2,0.0,2.4,0.0,14.07,8.1,
20220130,-2.8,2.4,-8.0,0.0,2.2,0.0,14.1,10.4,
20220131,-0.7,4.8,-6.8,1.2,1.9,0.0,11.47,11.6,
20220201,-1.3,0.9,-2.7,1.7,2.6,0.0,9.04,3.6,
20220202,-3.4,0.0,-6.0,0.0,2.4,0.0,14.68,6.0,
20220203,-3.4,0.4,-6.9,0.0,2.4,0.0,14.87,7.300000000000001,
20220204,-5.2,-0.7,-8.2,0.0,3.1,0.0,12.94,7.499999999999999,
20220205,-6.6,-2.0,-9.7,0.0,3.1,0.0,14.31,7.699999999999999,
20220206,-3.9,1.7,-8.4,0.0,2.5,0.0,14.83,10.1,
20220207,-2.5,1.9,-7.3,0.0,1.8,0.0,10.41,9.2,
20220208,-0.1,5.6,-4.1,0.0,1.9,0.0,14.49,9.7,
20220209,1.0,7.2,-4.3,0.0,1.8,0.0,12.8,11.5,
20220210,1.4,6.7,-3.2,0.0,2.3,0.0,14.93,9.9,
20220211,2.9,8.8,-2.6,0.0,1.8,0.0,13.28,11.4,
20220212,4.8,10.4,-0.1,0.0,1.7,0.0,15.11,10.5,
20220213,4.8,9.5,1.6,0.0,1.8,0.0,9.29,7.9,
20220214,2.5,8.1,-1.3,1.7,2.9,0.0,7.04,9.4,
20220215,-4.7,-1.3,-7.7,0.0,3.8,0.0,9.99,6.4,
20220216,-7.3,-4.1,-9.6,0.0,3.7,0.0,16.28,5.5,
20220217,-6.2,-0.5,-10.7,0.0,2.5,0.0,17.2,10.2,
20220218,-1.2,5.7,-8.0,0.0,2.0,0.0,15.91,13.7,
20220219,-1.7,3.7,-6.2,0.1,2.9,0.0,9.25,9.9,
20220220,-4.8,-0.5,-8.4,0.0,4.1,0.0,18.09,7.9,
20220221,-3.0,3.6,-8.1,0.1,2.9,0.0,11.41,11.7,
20220222,-4.5,0.5,-8.0,0.0,3.2,0.0,15.64,8.5,
20220223,-5.6,-0.6,-10.0,0.0,2.6,0.0,18.78,9.4,
20220224,-2.4,3.7,-8.5,0.0,2.2,0.0,18.42,12.2,
20220225,3.0,8.4,-3.6,0.0,2.3,0.0,12.36,12.0,
20220226,5.4,9.3,1.0,1.1,3.9,0.0,5.58,8.3,
20220227,3.7,9.1,-1.6,0.0,2.8,0.0,18.62,10.7,
20220228,6.8,11.5,2.7,0.0,1.5,0.0,10.5,8.8,
20220301,5.8,9.7,0.3,2.3,2.3,0.0,6.49,9.4,
20220302,3.5,8.8,-2.3,0.0,2.7,0.0,19.53,11.1,
20220303,5.8,12.4,0.9,0.0,2.1,0.0,19.16,11.5,
20220304,6.9,14.6,0.6,0.0,3.6,0.0,10.65,14.0,
20220305,2.3,6.7,-0.7,0.0,4.3,0.0,20.26,7.4,
20220306,1.4,6.8,-3.0,0.0,2.6,0.0,21.0,9.8,
20220307,2.8,8.7,-2.7,0.0,2.0,0.0,14.99,11.4,
20220308,6.0,12.3,1.1,0.0,2.0,0.0,16.44,11.2,
20220309,7.1,14.8,1.7,0.0,1.9,0.0,18.85,13.1,
20220310,9.3,15.8,4.2,0.0,2.1,0.0,16.75,11.6,
20220311,11.2,18.4,5.1,0.0,1.9,0.0,14.49,13.3,
20220312,12.8,19.5,6.3,2.6,2.7,0.0,12.82,13.2,
20220313,11.7,12.6,10.7,42.1,1.9,0.0,2.1,1.9000000000000004,
20220314,8.2,13.2,4.9,8.7,3.2,0.0,2.18,8.299999999999999,
20220315,7.2,13.3,2.3,0.0,2.0,0.0,17.55,11.0,
20220316,10.3,16.8,3.6,0.0,2.1,0.0,17.67,13.2,
20220317,10.7,15.1,7.8,1.2,2.7,0.0,9.49,7.3,
20220318,7.5,9.6,5.5,0.0,4.4,0.0,5.17,4.1,
20220319,3.4,6.1,0.9,14.6,3.0,0.0,4.93,5.199999999999999,
20220320,5.4,9.3,2.2,0.0,2.6,0.0,15.76,7.1000000000000005,
20220321,5.0,10.9,-0.3,0.0,2.4,0.0,16.69,11.2,
20220322,7.1,13.6,1.1,0.0,2.2,0.0,21.71,12.5,
20220323,6.2,8.2,4.9,0.0,2.3,0.0,7.05,3.299999999999999,
20220324,8.2,12.4,3.9,0.0,1.8,0.0,6.34,8.5,
20220325,12.0,17.2,6.3,10.9,2.6,0.0,9.06,10.9,
20220326,11.8,14.7,9.5,19.8,2.9,0.0,6.39,5.199999999999999,
20220327,8.1,12.6,5.0,0.0,3.0,0.0,22.23,7.6,
20220328,8.2,15.1,1.5,0.0,2.1,0.0,24.71,13.6,
20220329,9.7,15.6,3.3,0.0,2.1,0.0,23.32,12.3,
20220330,10.8,15.7,5.9,0.4,1.8,0.0,7.64,9.8,
20220331,10.9,14.7,7.6,0.0,2.5,0.0,13.98,7.1,
20220401,9.2,14.9,4.5,0.0,2.6,0.0,23.35,10.4,
20220402,8.2,14.2,3.7,0.0,2.3,0.0,24.09,10.5,
20220403,9.6,17.0,3.5,0.0,2.1,0.0,24.34,13.5,
20220404,10.3,16.4,5.1,0.0,2.3,0.0,24.75,11.3,
20220405,10.3,15.8,4.9,0.0,2.4,0.0,21.21,10.9,
20220406,11.7,17.0,8.0,0.0,2.5,0.0,21.54,9.0,
20220407,10.9,15.7,7.4,0.0,3.3,0.0,24.3,8.299999999999999,
20220408,12.9,20.0,5.1,0.0,2.1,0.0,24.92,14.9,
20220409,17.8,24.2,12.4,0.5,3.0,0.0,21.41,11.8,
20220410,18.2,25.1,12.7,0.0,2.0,0.0,24.18,12.400000000000002,
20220411,19.6,26.6,13.4,0.0,2.4,0.0,24.04,13.2,
20220412,19.3,26.4,15.9,0.5,2.8,0.0,18.23,10.499999999999998,
20220413,13.1,15.9,12.0,1.3,4.4,0.0,4.06,3.9,
20220414,13.2,15.3,11.4,0.0,4.0,0.0,9.52,3.9,
20220415,13.3,19.3,7.5,0.0,3.0,0.0,26.31,11.8,
20220416,13.2,20.2,7.1,0.0,2.5,0.0,26.64,13.1,
20220417,14.0,21.9,7.2,0.0,2.3,0.0,26.0,14.7,
20220418,15.2,21.6,11.4,0.0,2.4,0.0,20.59,10.2,
20220419,15.2,22.1,8.9,0.0,2.4,0.0,25.17,13.2,
20220420,15.7,22.1,9.7,0.0,2.3,0.0,26.26,12.400000000000002,
20220421,16.3,22.7,9.6,0.0,2.8,0.0,19.54,13.1,
20220422,15.0,16.8,13.2,0.0,3.5,0.0,3.06,3.6000000000000014,
20220423,17.7,25.3,10.4,0.0,1.7,0.0,23.47,14.9,
20220424,18.5,24.5,15.0,0.3,2.3,0.0,20.45,9.5,
20220425,20.0,23.6,17.0,1.3,1.4,0.0,8.1,6.600000000000001,
20220426,21.9,28.7,17.0,1.0,3.1,0.0,24.94,11.7,
20220427,17.7,23.9,12.6,0.0,2.7,0.0,26.83,11.3,
20220428,18.2,25.9,11.6,0.0,2.6,0.0,22.34,14.3,
20220429,13.4,16.5,10.7,15.5,3.4,0.0,13.08,5.800000000000001,
20220430,13.0,17.8,10.5,0.0,2.9,0.0,12.52,7.300000000000001,
20220501,13.4,19.2,7.9,0.0,3.1,0.0,27.41,11.3,
20220502,14.2,19.4,9.1,0.0,2.4,0.0,26.03,10.3,
20220503,14.8,20.8,9.1,0.0,2.5,0.0,28.07,11.7,
20220504,17.8,25.2,10.0,0.0,2.7,0.0,27.22,15.2,
20220505,18.9,25.8,12.5,0.0,2.2,0.0,29.35,13.3,
20220506,19.6,25.6,13.7,0.0,2.5,0.0,25.6,11.900000000000002,
20220507,18.4,23.1,15.3,0.5,3.0,0.0,22.57,7.800000000000001,
20220508,15.3,18.2,11.7,2.0,2.8,0.0,6.2,6.5,
20220509,17.9,25.3,11.0,0.0,2.2,0.0,29.25,14.3,
20220510,19.9,26.3,13.6,0.0,2.2,0.0,27.82,12.7,
20220511,19.7,25.2,16.6,0.0,2.4,0.0,25.73,8.599999999999998,
20220512,20.9,28.1,14.1,0.0,1.9,0.0,27.45,14.000000000000002,
20220513,19.4,25.2,15.0,0.0,2.2,0.0,19.95,10.2,
20220514,15.7,20.0,11.9,0.0,3.3,0.0,22.58,8.1,
20220515,16.2,22.4,10.5,0.0,3.2,0.0,30.01,11.9,
20220516,17.3,23.7,10.9,0.0,2.8,0.0,28.89,12.8,
20220517,20.0,27.4,13.0,0.0,2.4,0.0,27.56,14.4,
20220518,20.0,25.4,15.7,1.5,2.9,0.0,15.71,9.7,
20220519,19.9,24.2,16.1,0.0,3.0,0.0,20.97,8.099999999999998,
20220520,20.6,25.8,15.6,0.0,2.3,0.0,25.74,10.2,
20220521,20.1,26.0,16.1,0.0,2.5,0.0,24.88,9.9,
20220522,20.3,25.8,15.7,0.0,2.5,0.0,24.3,10.1,
20220523,23.0,30.7,17.8,0.0,2.3,0.0,26.01,12.9,
20220524,22.9,30.2,16.7,0.0,2.1,0.0,28.86,13.5,
20220525,21.0,26.7,16.7,3.5,2.6,0.0,22.59,10.0,
20220526,18.7,23.5,14.1,0.0,3.7,0.0,28.88,9.4,
20220527,20.0,25.6,16.0,0.0,3.3,0.0,28.71,9.6,
20220528,22.3,29.3,15.0,0.0,2.8,0.0,27.49,14.3,
20220529,23.1,29.7,19.3,0.0,2.3,0.0,21.5,10.4,
20220530,20.8,24.7,17.2,0.0,2.5,0.0,9.8,7.5,
20220531,20.7,27.2,14.2,0.0,2.5,0.0,27.48,13.0,
20220601,22.1,28.6,16.2,0.0,2.6,0.0,30.79,12.400000000000002,
20220602,21.5,26.9,17.1,0.0,2.7,0.0,27.13,9.799999999999995,
20220603,24.5,32.6,18.7,0.0,2.0,0.0,27.2,13.900000000000002,
20220604,25.6,29.7,20.3,0.0,1.7,0.0,18.22,9.4,
20220605,22.7,27.0,20.2,0.0,2.3,0.0,8.16,6.800000000000001,
20220606,19.7,24.5,16.7,4.3,3.2,0.0,21.01,7.800000000000001,
20220607,20.6,25.1,15.1,0.0,2.7,0.0,17.34,10.000000000000002,
20220608,21.2,25.8,16.2,0.0,2.3,0.0,16.97,9.6,
20220609,20.9,24.5,18.5,2.6,1.6,0.0,10.66,6.0,
20220610,20.9,26.6,17.2,1.2,1.9,0.0,15.38,9.400000000000002,
20220611,24.6,32.7,17.7,0.0,2.2,0.0,26.54,15.000000000000004,
20220612,24.6,31.5,18.9,0.0,2.5,0.0,24.52,12.6,
20220613,23.6,29.2,19.6,18.0,2.6,0.0,20.66,9.599999999999998,
20220614,21.5,27.1,17.7,0.0,4.2,0.0,18.58,9.400000000000002,
20220615,17.5,20.1,14.9,18.5,2.3,0.0,5.62,5.200000000000001,
20220616,20.3,24.8,17.6,0.7,2.3,0.0,13.0,7.199999999999999,
20220617,22.5,28.1,16.5,0.0,1.9,0.0,17.86,11.6,
20220618,23.3,25.1,22.0,0.0,1.7,0.0,6.07,3.1000000000000014,
20220619,23.4,25.1,22.3,0.0,1.4,0.0,5.06,2.8000000000000007,
20220620,25.2,29.0,22.0,0.0,1.3,0.0,12.59,7.0,
20220621,26.5,32.6,21.2,0.0,2.0,0.0,28.94,11.400000000000002,
20220622,25.9,31.0,21.9,0.0,2.1,0.0,22.39,9.1,
20220623,24.3,26.4,23.3,103.0,2.8,0.0,3.41,3.099999999999998,
20220624,22.6,24.9,20.6,19.1,3.5,0.0,8.5,4.299999999999997,
20220625,26.0,30.5,21.5,0.0,2.8,0.0,17.55,9.0,
20220626,26.5,28.1,24.8,0.0,2.6,0.0,3.0,3.3000000000000007,
20220627,26.8,28.1,25.4,6.1,2.8,0.0,4.75,2.700000000000003,
20220628,26.9,27.9,25.7,6.3,5.8,0.0,3.33,2.2,
20220629,25.1,26.1,24.4,37.8,4.1,0.0,2.94,1.7000000000000028,
20220630,22.3,24.5,21.2,176.2,2.3,0.0,2.42,3.3000000000000007,
20220701,26.6,30.9,21.9,0.0,2.1,0.0,21.53,9.0,
20220702,28.8,33.8,24.0,0.0,1.7,0.0,25.83,9.799999999999995,
20220703,29.3,34.2,24.4,0.0,1.7,0.0,26.25,9.800000000000004,
20220704,29.3,32.6,26.4,0.0,1.8,0.0,14.9,6.200000000000003,
20220705,29.2,33.1,26.7,0.0,1.7,0.0,15.99,6.400000000000002,
20220706,29.5,33.3,26.2,16.1,2.1,0.0,14.49,7.099999999999998,
20220707,28.2,31.0,26.4,0.0,2.8,0.0,8.29,4.600000000000001,
20220708,25.8,27.9,24.0,1.7,2.9,0.0,6.94,3.899999999999999,
20220709,26.9,30.9,24.0,0.1,1.7,0.0,13.64,6.899999999999999,
20220710,29.2,35.1,24.6,0.0,1.7,0.0,23.08,10.5,
20220711,27.0,30.6,24.7,9.0,1.8,0.0,13.85,5.900000000000002,
20220712,26.8,29.4,23.2,0.0,2.2,0.0,11.82,6.199999999999999,
20220713,25.0,27.1,24.0,114.5,1.8,0.0,1.25,3.1000000000000014,
20220714,25.7,29.9,23.3,0.9,2.3,0.0,17.21,6.599999999999998,
20220715,26.0,30.3,23.0,0.0,2.3,0.0,24.49,7.300000000000001,
20220716,24.8,28.2,23.2,34.0,2.0,0.0,10.77,5.0,
20220717,25.5,29.7,22.5,0.0,1.8,0.0,16.82,7.199999999999999,
20220718,26.8,30.1,23.1,0.0,2.2,0.0,21.01,7.0,
20220719,27.4,31.1,24.3,0.0,2.3,0.0,23.44,6.800000000000001,
20220720,27.1,30.4,24.3,1.1,2.2,0.0,17.68,6.099999999999998,
20220721,23.2,25.2,20.8,10.4,2.9,0.0,6.6,4.399999999999999,
20220722,25.1,27.5,22.9,5.2,1.9,0.0,13.54,4.600000000000001,
20220723,24.8,28.0,22.3,9.9,2.0,0.0,9.09,5.699999999999999,
20220724,25.0,28.4,22.0,1.2,2.1,0.0,8.82,6.399999999999999,
20220725,27.5,32.0,23.6,0.0,1.9,0.0,25.49,8.399999999999999,
20220726,28.9,33.1,24.4,0.0,1.8,0.0,22.31,8.700000000000003,
20220727,29.3,33.4,26.4,0.0,2.0,0.0,19.72,7.0,
20220728,29.7,34.4,25.1,0.0,2.4,0.0,25.2,9.299999999999995,
20220729,30.7,34.3,27.3,0.0,2.2,0.0,20.28,6.9999999999999964,
20220730,30.9,36.1,27.3,1.0,2.6,0.0,23.53,8.8,
20220731,27.2,29.0,25.4,47.2,2.5,0.0,4.93,3.6000000000000014,
20220801,28.6,32.4,25.4,30.0,2.4,0.0,15.09,7.0,
20220802,26.8,28.5,25.5,33.5,2.8,0.0,4.37,3.0,
20220803,27.1,30.0,25.2,51.1,2.8,0.0,8.74,4.800000000000001,
20220804,28.9,32.9,26.0,0.0,2.5,0.0,22.24,6.899999999999999,
20220805,29.4,32.7,27.0,0.0,2.6,0.0,19.58,5.700000000000003,
20220806,28.7,30.3,27.4,13.6,1.7,0.0,7.48,2.900000000000002,
20220807,28.9,31.7,27.2,0.9,2.4,0.0,9.26,4.5,
20220808,26.8,28.4,0.0,129.6,3.3,0.0,0.0,28.4,
20220809,25.1,26.5,22.0,123.1,2.6,0.0,2.42,4.5,
20220810,24.7,28.8,21.4,7.6,1.6,0.0,16.23,7.400000000000002,
20220811,25.0,27.5,23.4,38.8,1.6,0.0,8.81,4.100000000000001,
20220812,27.0,32.4,23.0,0.0,1.7,0.0,24.86,9.4,
20220813,25.8,27.5,24.7,4.0,1.3,0.0,5.06,2.8000000000000007,
20220814,27.6,31.5,24.5,3.0,1.9,0.0,13.95,7.0,
20220815,28.1,29.8,26.6,0.9,4.8,0.0,6.28,3.2,
20220816,26.7,30.0,24.1,0.0,2.6,0.0,23.34,5.899999999999999,
20220817,26.0,30.5,22.8,0.0,2.0,0.0,17.1,7.699999999999999,
20220818,25.6,29.8,22.4,0.0,1.9,0.0,12.57,7.400000000000002,
20220819,26.0,27.5,23.3,66.1,2.3,0.0,5.56,4.199999999999999,
20220820,28.2,32.0,25.7,0.0,2.4,0.0,23.65,6.300000000000001,
20220821,28.1,32.0,24.7,0.0,1.7,0.0,16.37,7.300000000000001,
20220822,26.8,30.2,22.9,3.2,2.3,0.0,11.71,7.300000000000001,
20220823,25.4,30.2,22.4,2.2,2.0,0.0,20.42,7.800000000000001,
20220824,24.8,27.9,22.4,0.0,2.5,0.0,12.34,5.5,
20220825,22.2,24.0,21.1,1.6,1.8,0.0,4.5,2.8999999999999986,
20220826,23.8,28.4,19.9,0.0,2.4,0.0,19.91,8.5,
20220827,21.5,25.5,17.6,17.6,2.8,0.0,27.09,7.899999999999999,
20220828,22.6,28.4,16.1,0.0,1.7,0.0,24.53,12.299999999999995,
20220829,21.0,22.5,19.5,2.2,2.3,0.0,5.97,3.0,
20220830,19.1,20.3,17.9,35.8,2.6,0.0,3.06,2.400000000000002,
20220831,21.7,24.9,19.6,0.0,1.8,0.0,10.32,5.299999999999997,
20220901,24.0,30.4,18.3,0.0,1.7,0.0,25.02,12.099999999999998,
20220902,24.7,29.8,20.3,0.0,3.1,0.0,24.51,9.5,
20220903,24.2,29.2,20.5,0.0,3.4,0.0,16.39,8.7,
20220904,22.3,24.0,19.8,33.8,3.1,0.0,3.54,4.199999999999999,
20220905,19.2,22.7,17.7,120.0,3.2,0.0,1.61,5.0,
20220906,21.0,26.3,17.0,25.3,3.6,0.0,20.76,9.3,
20220907,22.8,28.1,17.9,0.0,1.9,0.0,24.4,10.200000000000005,
20220908,23.2,29.5,16.7,0.0,1.6,0.0,23.96,12.8,
20220909,24.3,30.8,18.9,0.0,2.0,0.0,23.91,11.900000000000002,
20220910,23.6,28.4,19.0,0.0,2.6,0.0,18.76,9.4,
20220911,23.3,26.4,20.6,0.1,2.1,0.0,10.27,5.799999999999997,
20220912,23.8,27.5,20.3,0.0,1.6,0.0,13.15,7.199999999999999,
20220913,24.3,26.4,21.8,0.0,2.5,0.0,7.38,4.599999999999998,
20220914,24.6,27.9,22.7,0.0,4.6,0.0,10.09,5.199999999999999,
20220915,25.2,28.3,22.0,0.1,3.6,0.0,12.29,6.300000000000001,
20220916,25.7,29.9,23.4,14.6,2.9,0.0,10.4,6.5,
20220917,25.6,29.4,23.3,4.3,1.4,0.0,11.31,6.099999999999998,
20220918,27.1,32.5,23.0,0.0,2.0,0.0,15.9,9.5,
20220919,24.6,29.6,19.5,0.0,3.3,0.0,18.62,10.1,
20220920,19.9,24.6,16.1,0.0,2.3,0.0,18.93,8.5,
20220921,19.4,25.6,13.0,0.0,1.8,0.0,22.18,12.6,
20220922,19.8,24.7,14.2,0.0,2.0,0.0,17.9,10.5,
20220923,17.5,22.2,14.7,3.3,3.1,0.0,16.53,7.5,
20220924,18.5,24.2,12.3,0.0,1.8,0.0,21.67,11.9,
20220925,19.6,25.2,15.4,0.0,1.6,0.0,17.94,9.8,
20220926,20.0,25.4,14.8,0.0,1.7,0.0,18.48,10.599999999999998,
20220927,20.9,28.0,14.0,0.0,1.6,0.0,21.17,14.0,
20220928,20.4,26.1,16.1,0.0,1.8,0.0,12.51,10.0,
20220929,20.4,26.5,16.4,0.0,1.4,0.0,17.37,10.1,
20220930,20.7,27.7,14.8,0.0,1.6,0.0,19.27,12.9,
20221001,20.9,27.6,14.4,0.0,1.6,0.0,17.31,13.2,
20221002,19.4,21.6,17.2,15.8,2.7,0.0,3.8,4.400000000000002,
20221003,21.4,23.4,17.5,76.0,2.7,0.0,1.06,5.899999999999999,
20221004,17.9,23.0,14.2,11.8,2.9,0.0,6.5,8.8,
20221005,16.6,21.6,14.1,0.1,2.1,0.0,15.62,7.500000000000002,
20221006,15.8,19.1,12.7,0.0,2.1,0.0,7.74,6.400000000000002,
20221007,14.3,18.6,11.0,0.0,2.5,0.0,15.08,7.600000000000001,
20221008,15.8,21.6,11.1,0.0,2.5,0.0,18.48,10.500000000000002,
20221009,13.1,14.5,10.7,20.4,2.1,0.0,2.4,3.8000000000000007,
20221010,9.9,11.9,8.2,0.0,3.8,0.0,9.31,3.700000000000001,
20221011,11.1,16.4,7.4,0.0,2.2,0.0,18.72,8.999999999999998,
20221012,13.5,20.6,6.5,0.0,1.8,0.0,18.13,14.1,
20221013,16.3,22.7,10.7,0.0,1.5,0.0,17.98,12.0,
20221014,17.1,23.0,12.4,0.0,1.6,0.0,13.52,10.6,
20221015,18.2,24.4,12.6,0.0,1.4,0.0,16.21,11.8,
20221016,16.9,20.5,15.1,0.0,1.7,0.0,6.15,5.4,
20221017,11.2,15.1,7.4,0.0,3.4,0.0,18.79,7.699999999999999,
20221018,9.4,14.2,5.0,0.0,2.3,0.0,18.27,9.2,
20221019,10.5,16.8,4.4,0.0,1.8,0.0,17.78,12.4,
20221020,12.9,19.7,6.0,0.0,1.8,0.0,17.2,13.7,
20221021,14.0,20.9,8.8,0.0,1.7,0.0,15.16,12.099999999999998,
20221022,15.1,20.8,10.5,0.0,1.9,0.0,14.93,10.3,
20221023,14.0,18.6,10.4,0.0,2.7,0.0,14.04,8.200000000000001,
20221024,10.6,14.8,7.5,0.0,2.8,0.0,16.88,7.300000000000001,
20221025,11.3,17.6,5.9,0.0,2.0,0.0,16.37,11.7,
20221026,12.9,17.8,8.0,0.0,1.9,0.0,12.66,9.8,
20221027,13.2,18.9,8.6,0.0,1.7,0.0,14.31,10.3,
20221028,13.6,20.6,8.2,0.0,1.7,0.0,14.35,12.400000000000002,
20221029,14.8,21.3,10.2,0.0,1.8,0.0,14.64,11.1,
20221030,14.9,21.3,10.4,0.0,1.9,0.0,13.64,10.9,
20221031,14.9,21.1,11.2,0.0,2.1,0.0,13.19,9.900000000000002,
20221101,13.1,17.8,9.4,0.0,1.8,0.0,9.52,8.4,
20221102,11.1,17.9,5.5,0.0,1.7,0.0,15.45,12.4,
20221103,9.3,13.4,5.6,0.0,2.0,0.0,5.36,7.800000000000001,
20221104,4.9,9.8,1.6,0.0,2.9,0.0,15.6,8.200000000000001,
20221105,6.5,13.6,0.8,0.0,1.7,0.0,15.06,12.8,
20221106,9.6,16.4,3.7,0.0,1.8,0.0,14.19,12.7,
20221107,11.4,16.6,6.1,0.0,1.7,0.0,8.35,10.500000000000002,
20221108,12.9,17.9,9.7,0.0,1.5,0.0,11.55,8.2,
20221109,11.4,16.0,6.7,0.0,1.5,0.0,9.82,9.3,
20221110,13.5,19.1,8.8,0.0,1.3,0.0,10.6,10.3,
20221111,15.6,22.1,10.9,0.0,1.8,0.0,11.75,11.2,
20221112,16.3,22.0,11.6,57.9,2.2,0.0,6.93,10.4,
20221113,10.3,17.3,8.7,0.0,2.6,0.0,3.61,8.600000000000001,
20221114,9.7,13.8,5.9,0.0,2.3,0.0,8.25,7.9,
20221115,8.1,12.3,4.0,1.6,2.0,0.0,6.96,8.3,
20221116,8.5,13.0,5.5,0.0,1.7,0.0,12.11,7.5,
20221117,10.2,16.6,5.4,0.0,1.6,0.0,11.46,11.2,
20221118,11.0,18.1,5.3,0.0,1.6,0.0,12.08,12.8,
20221119,12.9,19.2,8.7,0.0,2.3,0.0,11.5,10.5,
20221120,13.7,20.2,9.5,0.0,1.7,0.0,11.85,10.7,
20221121,11.8,16.2,9.3,0.0,1.6,0.0,6.36,6.899999999999999,
20221122,10.7,13.7,7.0,0.0,1.9,0.0,5.55,6.699999999999999,
20221123,10.8,15.2,6.8,0.0,2.1,0.0,11.6,8.399999999999999,
20221124,9.4,14.1,5.9,0.0,1.5,0.0,9.32,8.2,
20221125,12.3,17.8,7.1,1.7,3.0,0.0,10.66,10.7,
20221126,6.7,12.9,1.0,0.0,3.0,0.0,11.75,11.9,
20221127,5.4,11.5,-1.1,0.0,2.4,0.0,10.15,12.6,
20221128,12.3,15.0,7.5,19.5,2.7,0.0,3.87,7.5,
20221129,6.9,15.0,-1.6,3.8,3.5,0.0,5.34,16.6,
20221130,-5.4,-1.6,-8.1,0.0,3.9,0.0,12.17,6.5,
20221201,-5.4,-1.2,-9.4,0.0,2.4,0.0,10.23,8.200000000000001,
20221202,-2.5,3.0,-7.6,0.0,1.7,0.0,11.87,10.6,
20221203,2.1,7.0,-0.3,1.1,2.6,0.0,6.28,7.3,
20221204,-3.5,-0.2,-5.2,0.0,2.8,0.0,6.13,5.0,
20221205,-3.1,1.9,-7.0,0.0,2.4,0.0,11.74,8.9,
20221206,0.9,5.3,-3.9,0.1,2.4,0.0,9.16,9.2,
20221207,4.9,9.0,1.2,0.1,2.7,0.0,9.89,7.8,
20221208,3.7,9.1,0.1,0.0,1.4,0.0,9.97,9.0,
20221209,4.5,10.2,0.9,0.0,2.0,0.0,7.22,9.3,
20221210,2.6,6.7,-0.6,0.0,1.3,0.0,6.71,7.3,
20221211,1.6,6.8,-1.5,0.0,1.8,0.0,11.11,8.3,
20221212,2.0,6.3,-2.0,5.4,1.7,0.0,5.05,8.3,
20221213,0.0,3.1,-6.4,0.6,3.5,0.0,4.85,9.5,
20221214,-8.4,-4.9,-11.0,0.0,3.2,0.0,11.41,6.1,
20221215,-4.5,-1.3,-8.5,2.4,2.5,0.0,2.17,7.2,
20221216,-6.3,-2.2,-9.6,0.0,2.0,0.0,10.44,7.399999999999999,
20221217,-7.0,-3.2,-9.8,0.2,2.7,0.0,10.46,6.6000000000000005,
20221218,-9.5,-5.6,-12.4,0.0,2.6,0.0,11.42,6.800000000000001,
20221219,-7.0,-2.5,-12.0,0.0,1.7,0.0,8.93,9.5,
20221220,-3.2,2.9,-9.5,0.0,2.2,0.0,10.1,12.4,
20221221,-0.1,2.6,-2.6,3.6,2.7,0.0,2.48,5.2,
20221222,-7.8,-2.6,-11.3,0.0,4.4,0.0,10.05,8.700000000000001,
20221223,-11.8,-8.6,-13.7,0.0,4.3,0.0,10.76,5.1,
20221224,-8.4,-2.0,-13.5,0.0,1.8,0.0,10.92,11.5,
20221225,-5.4,0.2,-9.6,0.0,1.7,0.0,10.89,9.8,
20221226,-3.9,1.7,-7.9,0.0,1.4,0.0,8.27,9.6,
20221227,-2.6,3.3,-7.3,0.0,1.8,0.0,10.25,10.6,
20221228,-3.3,0.1,-6.0,0.1,2.5,0.0,10.86,6.1,
20221229,-2.9,2.1,-7.8,0.0,1.7,0.0,10.88,9.9,
20221230,-1.8,2.3,-4.4,0.0,1.9,0.0,10.84,6.7,
20221231,-1.2,2.1,-5.1,0.0,1.4,0.0,4.16,7.199999999999999,
20230101,-0.2,3.8,-4.3,0.0,2.7,0.0,10.81,8.1,
20230102,-4.5,-0.4,-7.4,0.0,2.5,0.0,11.63,7.0,
20230103,-5.0,0.6,-9.0,0.0,1.8,0.0,11.77,9.6,
20230104,-1.8,3.3,-5.7,0.0,1.9,0.0,10.89,9.0,
20230105,-1.6,3.6,-5.6,0.0,1.6,0.0,6.09,9.2,
20230106,0.6,5.7,-4.7,3.9,2.2,0.0,8.78,10.4,
20230107,1.5,3.8,-1.4,0.1,2.2,0.0,4.78,5.199999999999999,
20230108,1.3,6.3,-3.7,0.0,1.7,0.0,9.37,10.0,
20230109,3.1,7.0,-1.3,0.0,2.3,0.0,10.53,8.3,
20230110,1.6,9.1,-3.9,0.0,1.5,0.0,11.33,13.0,
20230111,2.6,9.2,-2.0,0.0,1.6,0.0,10.86,11.2,
20230112,5.9,12.5,-0.6,0.0,2.2,0.0,10.88,13.1,
20230113,8.3,10.1,5.1,37.3,2.5,0.0,1.11,5.0,
20230114,6.6,8.4,3.8,1.6,2.5,0.0,1.84,4.6000000000000005,
20230115,-0.2,3.8,-3.5,3.2,2.8,0.0,1.32,7.3,
20230116,-4.6,-1.2,-6.8,0.0,2.7,0.0,12.95,5.6,
20230117,-3.7,-0.4,-7.0,0.0,1.8,0.0,5.27,6.6,
20230118,-1.9,2.2,-4.6,0.0,2.0,0.0,12.71,6.8,
20230119,-0.4,4.3,-6.0,1.0,2.5,0.0,7.63,10.3,
20230120,-3.3,2.0,-7.7,0.0,3.7,0.0,13.49,9.7,
20230121,-4.5,1.5,-10.5,0.0,1.8,0.0,12.37,12.0,
20230122,-0.6,2.6,-2.8,0.0,2.6,0.0,4.41,5.4,
20230123,-0.8,4.6,-6.9,0.0,2.7,0.0,10.15,11.5,
20230124,-14.7,-6.9,-17.0,0.0,4.6,0.0,14.08,10.1,
20230125,-11.3,-5.4,-17.3,0.0,2.1,0.0,14.08,11.9,
20230126,-6.0,-3.5,-9.0,0.8,2.5,0.0,4.51,5.5,
20230127,-7.3,-3.8,-9.6,0.0,3.5,0.0,14.1,5.8,
20230128,-6.0,-0.6,-11.2,0.0,2.4,0.0,12.58,10.6,
20230129,-1.8,4.9,-8.0,0.0,2.6,0.0,9.79,12.9,
20230130,-0.9,4.2,-4.4,0.0,2.1,0.0,14.17,8.600000000000001,
20230131,2.4,7.8,-3.5,0.0,2.7,0.0,6.5,11.3,
20230201,0.9,6.0,-3.0,0.0,3.2,0.0,13.24,9.0,
20230202,-2.4,1.4,-5.1,0.0,2.5,0.0,10.94,6.5,
20230203,-1.6,3.4,-3.9,0.0,2.2,0.0,13.54,7.3,
20230204,-0.2,6.0,-5.2,0.0,2.0,0.0,13.23,11.2,
20230205,1.7,7.1,-3.3,0.0,1.8,0.0,11.35,10.4,
20230206,3.0,8.8,-1.7,0.0,1.6,0.0,10.69,10.5,
20230207,3.5,9.5,-0.6,0.0,1.5,0.0,10.12,10.1,
20230208,2.1,7.8,-1.3,0.0,2.5,0.0,14.82,9.1,
20230209,4.0,9.9,-2.8,0.0,2.5,0.0,12.36,12.7,
20230210,3.8,6.2,1.1,0.6,2.2,0.0,7.07,5.1,
20230211,2.8,8.5,-1.2,0.0,1.8,0.0,10.9,9.7,
20230212,3.7,7.6,-0.9,0.0,1.8,0.0,8.48,8.5,
20230213,5.9,8.4,2.7,0.0,2.3,0.0,5.44,5.7,
20230214,1.7,6.6,-2.5,0.0,2.7,0.0,15.95,9.1,
20230215,3.2,8.9,-1.2,0.0,2.5,0.0,15.24,10.1,
20230216,2.3,4.5,-0.7,0.0,2.7,0.0,6.45,5.2,
20230217,3.4,9.8,-1.5,0.0,1.8,0.0,13.67,11.3,
20230218,5.7,8.1,3.0,0.0,1.5,0.0,2.91,5.1,
20230219,3.5,6.1,0.2,0.4,3.3,0.0,14.47,5.9,
20230220,-0.5,2.4,-3.5,0.0,3.3,0.0,18.16,5.9,
20230221,-1.3,4.8,-5.3,0.0,2.1,0.0,18.25,10.1,
20230222,1.2,8.4,-4.5,0.0,2.2,0.0,17.0,12.9,
20230223,2.9,9.2,-1.8,0.0,1.9,0.0,15.87,11.0,
20230224,3.5,8.5,-0.4,0.0,3.0,0.0,17.42,8.9,
20230225,0.7,5.7,-2.9,0.0,2.9,0.0,18.6,8.6,
20230226,2.2,9.4,-3.4,0.0,2.1,0.0,18.83,12.8,
20230227,4.4,12.4,-1.8,0.0,1.9,0.0,18.65,14.2,
20230228,4.3,8.7,-0.7,0.0,2.0,0.0,10.26,9.4,
20230301,6.0,9.0,2.9,0.0,3.1,0.0,10.19,6.1,
20230302,2.2,6.6,-1.8,0.0,2.8,0.0,19.45,8.4,
20230303,4.6,10.4,-1.9,0.0,2.1,0.0,15.67,12.3,
20230304,7.7,14.1,3.7,0.0,1.9,0.0,14.91,10.4,
20230305,8.0,15.4,2.5,0.0,1.7,0.0,17.21,12.9,
20230306,9.2,16.5,2.2,0.0,2.1,0.0,18.63,14.3,
20230307,11.7,19.4,6.3,0.0,2.3,0.0,15.35,13.099999999999998,
20230308,12.5,17.7,7.4,1.2,2.0,0.0,8.39,10.3,
20230309,10.3,13.1,7.4,3.7,2.3,0.0,6.52,5.699999999999999,
20230310,13.5,22.2,6.2,0.0,2.1,0.0,17.03,16.0,
20230311,15.2,22.8,10.2,0.0,2.4,0.0,16.95,12.6,
20230312,5.9,12.6,0.6,5.6,3.7,0.0,3.68,12.0,
20230313,2.9,7.6,-1.9,0.0,3.2,0.0,20.79,9.5,
20230314,9.2,15.4,3.3,0.0,2.9,0.0,19.73,12.1,
20230315,8.6,14.4,3.5,0.0,3.0,0.0,5.62,10.9,
20230316,4.6,9.0,0.4,0.0,2.4,0.0,18.09,8.6,
20230317,7.2,12.7,0.7,0.0,1.7,0.0,13.94,12.0,
20230318,7.7,14.0,2.5,0.0,2.6,0.0,19.07,11.5,
20230319,8.3,15.2,2.3,0.0,2.1,0.0,21.25,12.9,
20230320,9.5,17.1,2.6,0.0,1.6,0.0,20.06,14.500000000000002,
20230321,13.0,22.2,5.0,0.0,1.7,0.0,21.6,17.2,
20230322,17.0,25.1,9.2,0.0,1.8,0.0,16.64,15.900000000000002,
20230323,17.4,23.3,12.3,0.0,2.5,0.0,14.5,11.0,
20230324,12.5,18.3,7.6,0.0,2.3,0.0,16.13,10.7,
20230325,12.5,18.7,8.0,0.0,2.3,0.0,15.13,10.7,
20230326,9.4,14.0,4.7,0.0,3.6,0.0,24.36,9.3,
20230327,7.3,14.5,1.9,0.0,2.3,0.0,22.88,12.6,
20230328,9.2,15.7,2.8,0.0,2.1,0.0,18.44,12.9,
20230329,11.8,19.7,5.1,0.0,1.9,0.0,21.79,14.6,
20230330,13.3,21.2,6.4,0.0,2.2,0.0,23.58,14.8,
20230331,15.0,23.9,7.5,0.0,2.1,0.0,22.99,16.4,
20230401,17.5,25.6,9.4,0.0,1.8,0.0,21.48,16.200000000000003,
20230402,18.8,25.2,11.9,0.0,2.4,0.0,24.08,13.3,
20230403,19.0,25.9,11.3,0.0,2.3,0.0,22.95,14.599999999999998,
20230404,17.6,21.7,12.7,6.9,2.6,0.0,10.78,9.0,
20230405,11.9,14.9,8.7,50.3,3.4,0.0,1.56,6.200000000000001,
20230406,8.8,9.7,7.4,2.7,2.5,0.0,2.15,2.299999999999999,
20230407,8.9,15.7,4.6,0.0,2.9,0.0,23.34,11.1,
20230408,8.8,14.9,3.1,0.0,3.2,0.0,25.74,11.8,
20230409,10.8,17.8,3.5,0.0,2.5,0.0,25.54,14.3,
20230410,13.2,19.1,6.2,0.0,2.7,0.0,22.29,12.900000000000002,
20230411,13.1,17.4,9.2,2.9,3.6,0.0,2.01,8.2,
20230412,10.1,15.3,4.8,0.0,2.7,0.0,24.87,10.5,
20230413,11.9,17.2,5.1,0.0,1.8,0.0,16.17,12.1,
20230414,16.2,21.3,11.9,0.0,1.6,0.0,14.25,9.4,
20230415,13.5,16.6,9.3,4.6,2.2,0.0,9.5,7.300000000000001,
20230416,10.8,16.1,7.5,0.0,2.5,0.0,14.45,8.600000000000001,
20230417,13.1,18.1,6.8,0.0,2.0,0.0,17.76,11.3,
20230418,14.0,18.4,10.7,1.5,2.7,0.0,10.85,7.699999999999999,
20230419,19.1,28.4,11.5,0.0,2.4,0.0,27.82,16.9,
20230420,15.8,18.9,14.5,0.5,2.4,0.0,4.12,4.399999999999999,
20230421,16.7,22.8,11.4,0.0,2.5,0.0,21.05,11.4,
20230422,16.9,22.5,12.2,0.0,2.6,0.0,21.2,10.3,
20230423,16.1,22.1,10.7,0.0,2.1,0.0,19.47,11.400000000000002,
20230424,15.8,21.3,11.5,0.0,2.7,0.0,20.31,9.8,
20230425,10.9,13.2,9.0,0.4,1.9,0.0,5.22,4.199999999999999,
20230426,10.2,13.5,7.4,0.0,3.1,0.0,15.52,6.1,
20230427,12.9,20.0,5.1,0.0,1.9,0.0,26.55,14.9,
20230428,15.7,21.3,9.0,1.9,2.1,0.0,21.25,12.3,
20230429,13.2,15.8,9.9,25.1,2.9,0.0,6.04,5.9,
20230430,12.7,17.9,7.9,0.1,3.3,0.0,19.71,9.999999999999998,
20230501,14.6,20.8,9.8,0.0,2.5,0.0,26.8,11.0,
20230502,16.7,23.7,9.1,0.0,2.1,0.0,21.58,14.6,
20230503,19.5,26.2,12.4,0.0,2.1,0.0,26.2,13.8,
20230504,21.4,25.8,15.6,0.0,2.1,0.0,16.89,10.2,
20230505,18.4,21.6,15.5,30.2,2.5,0.0,1.74,6.100000000000001,
20230506,12.6,15.5,11.7,47.5,5.4,0.0,5.42,3.8000000000000007,
20230507,14.4,18.6,11.1,0.0,2.6,0.0,12.18,7.500000000000002,
20230508,15.3,22.0,7.9,0.0,2.2,0.0,28.55,14.1,
20230509,17.0,24.4,10.0,0.0,2.3,0.0,28.29,14.4,
20230510,18.4,26.0,10.7,0.0,1.8,0.0,25.58,15.3,
20230511,19.5,26.7,12.8,0.0,2.3,0.0,27.64,13.9,
20230512,18.4,24.7,13.1,0.0,1.8,0.0,19.9,11.6,
20230513,17.8,23.9,12.6,0.0,2.0,0.0,23.86,11.3,
20230514,18.1,23.8,12.9,0.0,2.0,0.0,25.41,10.9,
20230515,20.6,27.9,12.8,0.0,2.4,0.0,26.49,15.099999999999998,
20230516,24.0,31.2,17.2,0.0,2.5,0.0,27.62,14.0,
20230517,23.5,28.7,18.6,0.0,3.4,0.0,27.59,10.099999999999998,
20230518,21.2,27.6,18.8,1.3,2.1,0.0,13.7,8.8,
20230519,22.3,27.8,16.7,0.0,2.3,0.0,25.57,11.1,
20230520,21.2,26.7,16.6,0.0,3.0,0.0,25.72,10.099999999999998,
20230521,17.8,21.9,15.3,0.2,3.0,0.0,20.72,6.599999999999998,
20230522,20.3,26.8,15.9,0.0,1.9,0.0,23.93,10.9,
20230523,20.5,26.9,14.1,0.0,2.2,0.0,29.85,12.8,
20230524,20.6,25.9,14.8,0.0,2.0,0.0,19.16,11.099999999999998,
20230525,21.2,27.4,15.7,0.0,2.4,0.0,27.9,11.7,
20230526,21.4,27.3,15.8,0.5,2.1,0.0,26.25,11.5,
20230527,19.3,20.7,18.6,31.8,1.7,0.0,3.13,2.099999999999998,
20230528,19.2,20.2,18.4,41.8,1.8,0.0,2.46,1.8000000000000007,
20230529,23.2,28.5,19.0,2.3,1.6,0.0,15.87,9.5,
20230530,24.0,28.9,20.5,0.0,2.2,0.0,18.2,8.399999999999999,
20230531,22.8,28.2,18.8,0.0,2.5,0.0,23.98,9.4,
20230601,22.8,26.3,19.7,0.0,1.9,0.0,15.18,6.600000000000001,
20230602,20.4,25.0,17.9,0.0,2.3,0.0,14.24,7.100000000000001,
20230603,22.0,27.8,16.6,0.0,2.7,0.0,31.19,11.2,
20230604,22.1,28.0,16.9,0.0,2.4,0.0,28.74,11.1,
20230605,21.5,26.3,17.6,0.0,2.6,0.0,26.6,8.7,
20230606,20.3,25.2,17.3,0.0,2.6,0.0,21.98,7.899999999999999,
20230607,21.4,25.7,18.9,0.0,2.1,0.0,10.07,6.800000000000001,
20230608,20.4,23.9,18.3,1.9,2.4,0.0,10.19,5.599999999999998,
20230609,23.3,28.4,18.3,1.2,2.0,0.0,28.15,10.099999999999998,
20230610,23.2,28.5,19.6,0.8,2.3,0.0,18.18,8.899999999999999,
20230611,22.1,27.3,17.9,32.2,2.2,0.0,21.1,9.400000000000002,
20230612,22.2,27.5,18.4,0.0,1.7,0.0,19.9,9.1,
20230613,22.0,26.0,19.2,0.0,2.2,0.0,25.43,6.800000000000001,
20230614,20.6,25.0,17.5,30.6,1.5,0.0,13.12,7.5,
20230615,22.7,28.3,17.7,0.0,2.1,0.0,25.05,10.6,
20230616,23.7,28.9,19.1,0.0,2.1,0.0,29.89,9.799999999999995,
20230617,24.2,30.2,18.9,0.0,2.0,0.0,27.4,11.3,
20230618,25.9,32.6,20.8,0.0,2.0,0.0,28.79,11.8,
20230619,28.5,34.0,23.3,0.0,2.2,0.0,25.29,10.7,
20230620,24.7,26.4,21.4,6.4,1.9,0.0,5.89,5.0,
20230621,20.5,22.1,19.2,24.9,2.1,0.0,4.79,2.900000000000002,
20230622,22.5,26.4,18.9,0.0,2.2,0.0,21.48,7.5,
20230623,24.4,29.9,20.0,0.0,1.5,0.0,18.74,9.9,
20230624,26.4,31.1,21.9,0.0,2.0,0.0,21.93,9.200000000000005,
20230625,28.2,33.1,22.8,0.0,2.1,0.0,23.62,10.3,
20230626,24.2,27.5,22.3,30.3,2.9,0.0,3.39,5.199999999999999,
20230627,25.3,29.1,21.4,2.5,3.2,0.0,20.95,7.700000000000003,
20230628,26.5,30.1,24.2,0.0,2.5,0.0,18.56,5.900000000000002,
20230629,24.2,25.9,23.2,63.8,2.3,0.0,2.31,2.7,
20230630,25.3,29.1,23.2,1.0,1.8,0.0,10.02,5.900000000000002,
20230701,27.7,32.9,23.3,0.0,2.0,0.0,29.21,9.599999999999998,
20230702,26.7,30.6,23.5,0.0,1.9,0.0,19.16,7.100000000000001,
20230703,29.1,34.9,24.1,0.0,1.8,0.0,25.34,10.799999999999995,
20230704,26.1,29.2,24.5,61.8,2.3,0.0,6.08,4.699999999999999,
20230705,24.5,27.1,22.1,15.3,3.7,0.0,19.96,5.0,
20230706,27.3,31.8,22.4,0.0,2.7,0.0,25.47,9.400000000000002,
20230707,26.7,31.4,23.3,0.0,2.3,0.0,23.96,8.099999999999998,
20230708,25.6,29.7,22.4,0.0,2.2,0.0,13.93,7.300000000000001,
20230709,24.7,27.0,21.6,47.5,2.0,0.0,8.07,5.399999999999999,
20230710,26.3,30.9,22.9,11.5,2.3,0.0,18.41,8.0,
20230711,23.5,25.9,21.6,58.3,1.9,0.0,2.21,4.299999999999997,
20230712,25.8,29.1,22.0,0.7,1.5,0.0,12.34,7.100000000000001,
20230713,25.2,26.5,24.7,91.6,1.6,0.0,2.63,1.8000000000000007,
20230714,24.6,25.1,23.9,72.7,2.9,0.0,1.52,1.2000000000000028,
20230715,24.5,25.7,23.7,2.3,3.0,0.0,3.16,2.0,
20230716,24.6,25.4,23.7,9.7,2.3,0.0,5.31,1.6999999999999993,
20230717,25.5,27.8,23.7,1.4,1.7,0.0,10.78,4.100000000000001,
20230718,25.2,27.7,24.1,2.3,1.4,0.0,7.94,3.599999999999998,
20230719,27.2,32.4,22.5,0.0,1.7,0.0,26.41,9.9,
20230720,27.9,32.8,24.0,0.0,1.8,0.0,24.17,8.799999999999997,
20230721,29.5,34.3,24.6,0.0,1.8,0.0,23.64,9.699999999999996,
20230722,27.7,32.5,24.6,12.3,2.6,0.0,17.66,7.899999999999999,
20230723,25.2,25.8,24.5,40.2,2.1,0.0,2.37,1.3000000000000007,
20230724,26.9,30.0,24.6,0.4,2.0,0.0,14.08,5.399999999999999,
20230725,27.8,30.5,25.8,5.6,2.7,0.0,16.84,4.699999999999999,
20230726,27.6,31.1,24.9,1.0,2.2,0.0,15.79,6.200000000000003,
20230727,28.4,32.2,24.4,0.0,1.9,0.0,18.25,7.800000000000004,
20230728,29.5,34.1,25.4,0.0,2.1,0.0,23.36,8.700000000000003,
20230729,29.1,33.3,26.1,0.0,2.0,0.0,18.5,7.199999999999996,
20230730,28.8,34.9,24.9,25.0,1.9,0.0,21.99,10.0,
20230731,28.7,33.4,25.6,0.3,1.7,0.0,20.26,7.799999999999997,
20230801,29.9,34.2,25.5,0.0,1.9,0.0,21.25,8.700000000000003,
20230802,29.7,33.7,26.8,0.0,2.1,0.0,24.81,6.900000000000002,
20230803,29.5,33.8,25.8,0.0,2.1,0.0,25.4,7.9999999999999964,
20230804,30.0,34.4,26.5,0.0,1.9,0.0,23.13,7.899999999999999,
20230805,30.3,34.9,26.4,0.0,2.0,0.0,27.31,8.5,
20230806,29.8,33.0,27.0,4.9,1.7,0.0,12.95,6.0,
20230807,30.4,34.6,27.3,0.0,2.7,0.0,15.83,7.300000000000001,
20230808,30.9,35.8,26.4,0.0,2.9,0.0,23.96,9.4,
20230809,28.3,31.6,25.1,0.2,3.2,0.0,13.66,6.5,
20230810,22.2,25.1,20.9,86.1,3.7,0.0,2.42,4.200000000000003,
20230811,23.5,24.9,21.6,46.7,2.3,0.0,3.94,3.299999999999997,
20230812,23.3,24.1,22.5,1.5,1.9,0.0,4.19,1.6000000000000014,
20230813,27.0,31.1,22.6,0.0,1.7,0.0,17.49,8.5,
20230814,28.1,31.9,24.8,0.0,1.6,0.0,13.71,7.099999999999998,
20230815,28.6,32.7,24.7,0.0,2.3,0.0,21.84,8.000000000000004,
20230816,27.3,31.6,24.7,0.3,2.1,0.0,15.46,6.900000000000002,
20230817,28.2,32.4,24.5,0.0,1.7,0.0,18.24,7.899999999999999,
20230818,29.1,33.3,25.5,0.1,1.9,0.0,19.56,7.799999999999997,
20230819,29.1,33.6,26.4,0.0,1.9,0.0,21.24,7.200000000000003,
20230820,28.3,31.8,25.5,0.0,1.6,0.0,15.87,6.300000000000001,
20230821,29.5,33.6,26.0,0.0,2.4,0.0,19.04,7.600000000000001,
20230822,27.6,32.2,25.8,42.6,2.4,0.0,10.5,6.400000000000002,
20230823,24.8,27.2,23.2,41.8,2.2,0.0,3.33,4.0,
20230824,25.1,27.8,22.3,5.2,2.8,0.0,12.56,5.5,
20230825,26.5,30.0,24.0,0.0,2.6,0.0,20.42,6.0,
20230826,26.4,30.3,23.3,0.0,1.8,0.0,19.84,7.0,
20230827,26.1,29.6,22.7,0.0,1.8,0.0,12.0,6.900000000000002,
20230828,22.7,25.6,20.8,10.4,3.3,0.0,3.99,4.800000000000001,
20230829,23.9,25.5,22.5,54.8,2.1,0.0,2.87,3.0,
20230830,22.8,24.5,21.5,3.5,1.1,0.0,4.42,3.0,
20230831,23.9,28.9,21.0,0.0,1.3,0.0,18.53,7.899999999999999,
20230901,24.5,29.6,19.7,0.0,2.0,0.0,24.59,9.900000000000002,
20230902,25.4,30.8,19.7,0.0,1.6,0.0,23.72,11.1,
20230903,25.8,28.8,23.1,0.1,2.2,0.0,12.19,5.699999999999999,
20230904,27.0,30.2,24.3,0.3,1.8,0.0,10.24,5.899999999999999,
20230905,28.5,32.8,25.0,0.0,1.8,0.0,19.14,7.799999999999997,
20230906,27.9,32.1,24.0,0.0,2.4,0.0,22.64,8.100000000000001,
20230907,26.3,31.6,20.9,0.0,2.5,0.0,24.56,10.700000000000005,
20230908,25.3,30.5,19.6,0.0,2.3,0.0,24.13,10.9,
20230909,25.8,31.2,20.8,0.0,1.8,0.0,22.64,10.4,
20230910,25.7,29.6,22.0,0.0,1.6,0.0,14.57,7.600000000000001,
20230911,25.5,29.8,23.1,0.0,1.9,0.0,14.79,6.699999999999999,
20230912,25.7,29.8,21.7,0.0,1.5,0.0,12.52,8.100000000000001,
20230913,22.1,24.6,19.6,15.9,1.8,0.0,3.35,5.0,
20230914,23.4,27.2,19.2,0.0,2.4,0.0,13.7,8.0,
20230915,22.3,24.3,20.3,2.1,2.6,0.0,5.35,4.0,
20230916,23.9,26.6,22.0,38.7,1.7,0.0,6.3,4.600000000000001,
20230917,24.7,28.0,22.0,3.0,1.4,0.0,12.49,6.0,
20230918,24.7,28.9,22.1,0.0,1.9,0.0,13.83,6.799999999999997,
20230919,24.1,27.2,21.6,0.0,1.6,0.0,8.98,5.599999999999998,
20230920,20.6,23.9,18.8,35.8,2.7,0.0,2.53,5.099999999999998,
20230921,20.1,23.6,17.5,0.0,2.3,0.0,13.28,6.100000000000001,
20230922,20.5,26.7,15.2,0.0,1.7,0.0,20.37,11.5,
20230923,21.8,27.6,16.3,0.0,2.5,0.0,19.69,11.3,
20230924,21.8,26.2,17.9,0.0,2.9,0.0,19.16,8.3,
20230925,21.6,26.0,17.9,1.9,2.3,0.0,11.15,8.100000000000001,
20230926,19.9,20.8,18.6,27.8,2.4,0.0,2.33,2.2,
20230927,21.5,23.7,20.0,4.4,1.8,0.0,6.65,3.6999999999999993,
20230928,22.7,27.3,19.6,0.0,2.0,0.0,17.06,7.699999999999999,
20230929,21.1,26.9,17.4,0.0,1.4,0.0,16.39,9.5,
20230930,19.7,22.2,17.1,4.5,2.2,0.0,7.45,5.099999999999998,
20231001,18.4,23.7,14.4,0.0,2.4,0.0,20.05,9.3,
20231002,18.2,24.6,12.9,0.0,1.7,0.0,19.93,11.7,
20231003,17.5,22.5,14.4,0.0,1.7,0.0,9.4,8.1,
20231004,17.3,23.2,14.2,14.7,2.1,0.0,12.11,9.0,
20231005,14.2,19.2,9.9,0.0,2.6,0.0,19.99,9.3,
20231006,15.5,21.5,9.6,0.0,1.6,0.0,17.92,11.9,
20231007,16.8,21.2,11.7,0.0,2.1,0.0,13.16,9.5,
20231008,17.1,19.5,15.2,0.0,2.5,0.0,5.92,4.300000000000001,
20231009,17.4,22.4,14.1,1.2,1.9,0.0,11.77,8.299999999999999,
20231010,17.1,23.5,11.9,0.0,1.6,0.0,18.62,11.6,
20231011,17.6,24.0,12.9,0.0,1.7,0.0,17.49,11.1,
20231012,17.5,24.1,12.0,0.0,1.5,0.0,14.4,12.1,
20231013,17.5,21.5,14.3,0.0,1.5,0.0,9.14,7.199999999999999,
20231014,14.7,18.2,12.9,5.8,1.4,0.0,6.54,5.299999999999999,
20231015,16.1,21.2,10.9,0.0,2.0,0.0,13.73,10.3,
20231016,14.7,19.6,10.7,0.0,2.4,0.0,18.0,8.900000000000002,
20231017,13.8,20.9,7.5,0.0,1.6,0.0,17.85,13.4,
20231018,15.7,21.6,9.2,0.0,2.1,0.0,14.37,12.400000000000002,
20231019,17.0,18.9,14.9,8.2,1.5,0.0,2.88,3.9999999999999982,
20231020,11.6,15.1,7.2,0.0,3.2,0.0,17.9,7.899999999999999,
20231021,10.4,16.6,5.9,1.1,2.3,0.0,16.7,10.7,
20231022,12.5,18.7,5.4,0.0,1.7,0.0,14.58,13.3,
20231023,15.2,21.4,11.1,0.0,1.7,0.0,12.64,10.3,
20231024,15.6,19.3,11.2,0.0,1.7,0.0,9.34,8.100000000000001,
20231025,16.6,21.9,12.7,0.0,1.4,0.0,11.4,9.2,
20231026,17.2,21.1,14.6,0.0,2.1,0.0,5.79,6.500000000000002,
20231027,15.7,20.2,12.6,0.0,1.9,0.0,10.07,7.6,
20231028,14.2,20.7,9.4,0.0,1.4,0.0,15.3,11.3,
20231029,14.9,21.8,9.8,0.0,1.7,0.0,15.3,12.0,
20231030,15.1,21.9,9.7,0.0,1.7,0.0,13.71,12.2,
20231031,16.5,20.8,12.7,0.0,1.8,0.0,10.57,8.100000000000001,
20231101,19.0,20.6,17.2,0.0,2.4,0.0,2.23,3.400000000000002,
20231102,20.8,25.9,18.7,0.0,2.9,0.0,12.86,7.199999999999999,
20231103,19.5,22.4,17.7,8.5,2.8,0.0,6.1,4.699999999999999,
20231104,17.4,20.9,14.1,0.0,2.6,0.0,8.32,6.799999999999999,
20231105,17.3,20.4,15.1,10.4,3.3,0.0,3.75,5.299999999999999,
20231106,13.3,19.3,6.6,45.8,4.9,0.0,4.42,12.7,
20231107,5.8,9.9,3.6,0.0,3.2,0.0,14.34,6.300000000000001,
20231108,8.4,16.1,1.8,0.0,1.7,0.0,13.65,14.3,
20231109,11.4,18.4,5.9,5.1,2.1,0.0,6.78,12.499999999999998,
20231110,3.4,9.1,0.5,0.0,3.9,0.0,14.52,8.6,
20231111,1.7,6.7,-1.9,0.0,2.2,0.0,10.9,8.6,
20231112,1.2,5.7,-2.0,0.0,2.2,0.0,14.17,7.7,
20231113,2.0,6.7,-2.2,0.0,2.3,0.0,14.18,8.9,
20231114,5.0,10.8,-0.8,0.0,1.7,0.0,12.94,11.6,
20231115,7.0,12.5,2.0,0.0,1.5,0.0,10.47,10.5,
20231116,6.6,7.4,5.7,8.4,1.9,0.0,1.09,1.7000000000000002,
20231117,1.6,5.9,-1.9,0.0,2.9,0.0,7.42,7.800000000000001,
20231118,0.6,5.7,-3.8,0.0,3.5,0.0,12.88,9.5,
20231119,5.9,13.4,-0.3,0.0,2.4,0.0,7.79,13.7,
20231120,6.2,12.8,1.8,0.0,1.5,0.0,12.93,11.0,
20231121,7.4,14.8,1.4,0.0,1.7,0.0,12.57,13.4,
20231122,9.5,15.1,2.9,0.0,1.8,0.0,10.28,12.2,
20231123,9.9,14.6,1.9,0.1,3.3,0.0,8.41,12.7,
20231124,-1.5,2.2,-4.4,0.0,3.8,0.0,12.67,6.6000000000000005,
20231125,-1.3,4.0,-5.9,0.0,1.8,0.0,12.67,9.9,
20231126,4.0,7.2,-0.1,0.0,1.4,0.0,6.39,7.3,
20231127,6.2,9.3,4.4,3.6,2.4,0.0,2.35,4.9,
20231128,1.3,5.2,-1.2,0.0,3.3,0.0,9.86,6.4,
20231129,-1.4,3.0,-4.0,0.0,2.6,0.0,4.75,7.0,
20231130,-4.3,-0.5,-7.3,0.0,2.8,0.0,12.44,6.8,
20231201,-3.2,0.7,-6.8,0.0,2.0,0.0,12.2,7.5,
20231202,2.0,8.0,-4.4,0.0,2.4,0.0,8.25,12.4,
20231203,0.8,6.0,-2.8,0.0,1.7,0.0,11.62,8.8,
20231204,2.7,9.4,-3.0,0.0,1.6,0.0,10.39,12.4,
20231205,6.8,12.6,3.8,0.0,2.0,0.0,8.09,8.8,
20231206,6.1,8.7,3.9,3.8,2.3,0.0,1.87,4.799999999999999,
20231207,6.6,11.4,0.8,0.0,2.6,0.0,9.35,10.6,
20231208,11.2,16.8,5.1,0.0,3.0,0.0,7.54,11.7,
20231209,13.7,16.2,11.7,0.0,2.0,0.0,4.05,4.5,
20231210,11.4,15.5,6.7,0.0,0.0,0.0,0.0,8.8,
20231211,8.9,12.3,5.0,11.4,0.0,0.0,1.54,7.300000000000001,
20231212,5.4,9.3,3.5,0.4,2.7,0.0,6.08,5.800000000000001,
20231213,6.8,10.3,2.6,0.0,2.4,0.0,6.06,7.700000000000001,
20231214,7.6,9.1,6.2,17.0,4.5,0.0,1.46,2.8999999999999995,
20231215,4.9,6.2,3.7,31.1,3.6,0.0,1.48,2.5,
20231216,-4.1,3.8,-9.9,1.5,5.2,0.0,8.49,13.7,
20231217,-9.8,-6.4,-12.4,0.0,3.2,0.0,11.81,6.0,
20231218,-7.7,-3.6,-12.2,0.0,2.2,0.0,7.01,8.6,
20231219,-3.7,0.2,-8.2,0.3,1.9,0.0,5.77,8.399999999999999,
20231220,-7.4,-2.1,-11.9,0.8,3.4,0.0,9.07,9.8,
20231221,-11.7,-8.0,-14.4,0.0,3.0,0.0,11.49,6.4,
20231222,-11.6,-8.0,-14.7,0.0,2.7,0.0,11.56,6.699999999999999,
20231223,-6.8,-0.9,-12.7,0.0,1.8,0.0,10.84,11.8,
20231224,-2.2,3.0,-5.6,1.1,1.6,0.0,10.09,8.6,
20231225,-0.7,2.1,-2.7,0.7,1.5,0.0,4.14,4.800000000000001,
20231226,1.9,7.2,-2.6,0.0,1.8,0.0,9.17,9.8,
20231227,1.5,6.8,-2.8,0.0,1.4,0.0,9.47,9.6,
20231228,1.2,4.4,-1.7,0.0,1.6,0.0,9.25,6.1000000000000005,
20231229,1.3,4.6,-1.5,0.0,1.7,0.0,5.43,6.1,
20231230,0.6,2.1,-0.9,13.1,2.6,0.0,0.69,3.0,
20231231,2.1,4.3,0.6,4.7,2.0,0.0,3.06,3.7,
20240101,3.3,7.3,-0.3,0.0,1.7,0.0,7.44,7.6,
20240102,2.9,4.3,2.2,0.0,1.6,0.0,3.87,2.1,
20240103,1.8,4.0,-1.1,0.6,1.6,0.0,3.32,5.1,
20240104,1.4,4.7,-3.3,0.0,1.9,0.0,5.22,8.0,
20240105,5.0,9.1,1.4,0.0,2.3,0.0,7.77,7.699999999999999,
20240106,0.7,5.2,-2.7,2.4,2.2,0.0,11.42,7.9,
20240107,-4.4,-0.9,-8.3,0.0,3.1,0.0,12.13,7.4,
20240108,-4.7,0.0,-10.3,0.0,1.8,0.0,11.65,10.3,
20240109,-0.6,0.4,-1.9,1.6,2.0,0.0,1.48,2.3,
20240110,-1.0,3.3,-4.1,0.0,1.7,0.0,7.81,7.399999999999999,
20240111,1.7,4.5,-2.4,0.0,1.9,0.0,4.58,6.9,
20240112,0.9,4.2,-1.4,0.0,2.3,0.0,11.77,5.6,
20240113,0.4,6.4,-3.8,0.0,1.4,0.0,12.05,10.2,
20240114,-0.6,2.4,-3.3,3.1,2.1,0.0,1.28,5.699999999999999,
20240115,-3.7,0.9,-6.9,0.0,2.5,0.0,12.82,7.800000000000001,
20240116,-2.1,4.3,-7.2,0.0,1.5,0.0,11.86,11.5,
20240117,0.6,1.9,-2.3,9.7,2.0,0.0,1.9,4.199999999999999,
20240118,4.5,9.4,1.4,0.5,2.4,0.0,9.86,8.0,
20240119,5.4,9.0,4.0,0.0,4.5,0.0,10.29,5.0,
20240120,3.4,4.9,1.9,0.4,5.3,0.0,2.74,3.0000000000000004,
20240121,1.7,4.3,-2.4,0.4,2.5,0.0,3.57,6.699999999999999,
20240122,-8.7,-2.4,-11.9,0.2,4.1,0.0,8.49,9.5,
20240123,-11.7,-8.2,-14.0,0.0,3.9,0.0,13.53,5.800000000000001,
20240124,-8.0,-3.7,-11.2,0.0,3.3,0.0,13.63,7.499999999999999,
20240125,-5.3,-0.5,-9.7,0.0,2.1,0.0,13.57,9.2,
20240126,-1.7,4.0,-6.9,0.0,1.9,0.0,12.68,10.9,
20240127,-0.5,4.6,-4.6,0.0,1.8,0.0,12.43,9.2,
20240128,-1.5,3.8,-5.0,0.0,1.9,0.0,12.52,8.8,
20240129,-0.4,4.6,-4.8,0.0,1.7,0.0,12.65,9.4,
20240130,1.4,8.1,-4.0,0.0,1.4,0.0,12.73,12.1,
20240131,4.7,10.6,0.7,0.0,1.9,0.0,12.65,9.9,
20240201,2.4,8.2,-1.3,0.0,2.1,0.0,10.12,9.5,
20240202,3.1,7.9,0.7,0.0,2.1,0.0,10.3,7.2,
20240203,4.7,8.3,-0.2,0.0,2.2,0.0,6.77,8.5,
20240204,7.3,12.2,3.7,0.0,1.8,0.0,10.88,8.5,
20240205,2.7,6.6,0.1,3.9,5.0,0.0,3.47,6.5,
20240206,1.2,2.9,0.0,0.2,2.2,0.0,4.49,2.9,
20240207,0.6,2.7,-0.9,0.0,2.1,0.0,3.61,3.6,
20240208,0.6,6.2,-3.0,0.0,1.6,0.0,13.96,9.2,
20240209,1.1,6.1,-2.5,0.0,2.2,0.0,12.47,8.6,
20240210,1.7,7.4,-1.5,0.0,1.9,0.0,11.32,8.9,
20240211,1.0,5.5,-3.1,0.0,2.2,0.0,10.38,8.6,
20240212,3.5,10.5,-2.9,0.0,1.8,0.0,15.35,13.4,
20240213,8.2,13.7,2.0,0.0,2.5,0.0,10.98,11.7,
20240214,12.9,18.3,8.8,0.0,2.2,0.0,10.39,9.5,
20240215,4.5,11.6,0.6,10.9,2.9,0.0,2.71,11.0,
20240216,2.3,8.1,-1.5,0.0,1.8,0.0,13.32,9.6,
20240217,4.4,11.7,-1.2,0.0,1.7,0.0,15.33,12.9,
20240218,6.2,9.4,1.2,17.1,2.8,0.0,3.01,8.200000000000001,
20240219,9.1,11.9,4.2,8.9,2.3,0.0,1.37,7.7,
20240220,4.3,6.8,2.8,2.6,3.4,0.0,2.34,4.0,
20240221,1.9,4.0,0.0,17.8,5.2,0.0,2.77,4.0,
20240222,0.2,1.6,-1.1,8.8,4.2,0.0,4.5,2.7,
20240223,1.8,6.1,-1.0,0.4,3.5,0.0,15.28,7.1,
20240224,2.0,5.9,-1.3,2.3,2.9,0.0,12.07,7.2,
20240225,2.8,5.9,0.8,1.8,2.0,0.0,7.55,5.1000000000000005,
20240226,3.8,9.7,-1.2,0.0,1.9,0.0,14.98,10.9,
20240227,5.3,9.8,1.2,0.0,3.0,0.0,13.06,8.600000000000001,
20240228,6.4,10.1,3.2,0.0,2.1,0.0,10.2,6.9,
20240229,4.8,9.6,0.3,0.0,2.2,0.0,7.01,9.3,
20240301,-4.1,0.3,-7.1,0.0,4.4,0.0,20.33,7.399999999999999,
20240302,-0.5,4.1,-8.1,0.0,3.2,0.0,13.21,12.2,
20240303,4.0,7.8,0.4,0.0,2.9,0.0,13.52,7.399999999999999,
20240304,5.4,11.7,-1.8,0.0,1.6,0.0,17.79,13.5,
20240305,8.0,11.0,5.5,0.0,2.9,0.0,6.29,5.5,
20240306,6.2,10.3,2.5,0.0,2.8,0.0,10.31,7.800000000000001,
20240307,3.9,8.2,1.2,2.1,3.0,0.0,8.77,6.999999999999999,
20240308,2.1,6.5,-0.7,0.0,3.4,0.0,19.91,7.2,
20240309,2.0,7.1,-2.1,0.0,2.7,0.0,21.15,9.2,
20240310,4.2,10.6,-1.8,0.0,2.1,0.0,20.38,12.4,
20240311,6.2,10.8,2.0,0.0,0.0,0.0,0.0,8.8,
20240312,6.6,10.0,4.4,2.1,0.0,0.0,0.3,5.6,
20240313,6.5,12.0,1.3,0.0,2.7,0.0,20.78,10.7,
20240314,8.5,15.4,3.4,0.0,0.0,0.0,0.0,12.0,
20240315,8.9,14.5,4.0,0.0,2.3,0.0,20.18,10.5,
20240316,10.9,18.3,4.4,0.0,2.1,0.0,18.28,13.9,
20240317,8.8,12.2,5.4,0.1,3.7,0.0,18.59,6.799999999999999,
20240318,7.1,13.2,1.4,0.0,2.4,0.0,21.33,11.8,
20240319,6.7,9.8,3.9,0.2,3.7,0.0,9.63,5.9,
20240320,4.4,8.7,1.2,0.0,3.4,0.0,19.09,7.499999999999999,
20240321,5.0,11.5,-1.2,0.0,2.0,0.0,22.43,12.7,
20240322,10.4,15.2,3.8,5.4,3.4,0.0,10.25,11.4,
20240323,13.0,18.2,9.3,0.1,2.3,0.0,19.2,8.899999999999999,
20240324,16.2,23.4,10.5,0.0,2.4,0.0,19.89,12.9,
20240325,10.6,14.5,6.7,5.1,4.0,0.0,4.68,7.8,
20240326,7.4,12.4,3.2,11.5,2.6,0.0,13.76,9.2,
20240327,10.4,16.2,4.4,0.0,2.0,0.0,18.46,11.8,
20240328,10.3,12.2,7.8,1.9,1.8,0.0,4.13,4.4,
20240329,7.6,12.3,5.0,1.4,2.8,0.0,6.68,7.300000000000001,
20240330,8.8,15.6,3.0,0.0,2.4,0.0,16.07,12.6,
20240331,10.6,17.7,3.4,0.0,1.9,0.0,22.79,14.3,
20240401,12.2,19.0,5.5,0.0,1.8,0.0,23.72,13.5,
20240402,15.4,23.9,7.0,0.0,2.0,0.0,21.69,16.9,
20240403,16.6,19.7,13.9,0.0,1.8,0.0,7.18,5.799999999999999,
20240404,15.5,20.3,12.4,0.0,2.9,0.0,15.47,7.9,
20240405,14.0,18.8,10.2,0.0,2.5,0.0,17.11,8.600000000000001,
20240406,12.7,18.9,8.0,0.0,1.9,0.0,17.49,10.9,
20240407,14.8,23.4,7.7,0.0,2.0,0.0,23.4,15.7,
20240408,16.2,22.8,11.0,0.0,2.1,0.0,14.44,11.8,
20240409,15.3,20.8,10.6,0.0,3.5,0.0,25.68,10.2,
20240410,13.8,18.5,10.2,0.0,2.6,0.0,15.38,8.3,
20240411,15.5,21.1,11.7,0.0,1.8,0.0,14.28,9.400000000000002,
20240412,17.2,24.2,12.0,0.0,2.1,0.0,23.59,12.2,
20240413,19.1,27.3,11.2,0.0,1.9,0.0,25.65,16.1,
20240414,20.8,29.4,13.6,0.0,1.9,0.0,24.93,15.8,
20240415,16.0,20.0,11.7,17.1,2.5,0.0,3.18,8.3,
20240416,13.3,17.9,11.5,2.3,2.5,0.0,13.45,6.399999999999999,
20240417,15.0,21.8,9.7,0.0,2.2,0.0,23.2,12.1,
20240418,17.3,24.9,10.7,0.0,2.2,0.0,25.45,14.2,
20240419,17.6,24.3,11.5,0.0,2.1,0.0,23.5,12.8,
20240420,14.9,17.2,13.0,4.8,3.0,0.0,4.46,4.199999999999999,
20240421,17.2,21.7,13.3,0.0,3.8,0.0,11.86,8.399999999999999,
20240422,18.8,24.1,15.0,0.0,3.1,0.0,19.34,9.1,
20240423,17.3,24.2,13.2,0.0,3.6,0.0,19.16,11.0,
20240424,13.2,16.5,11.0,9.0,3.0,0.0,9.53,5.5,
20240425,14.4,20.8,10.3,0.0,1.9,0.0,18.59,10.5,
20240426,17.8,26.0,11.4,0.0,1.9,0.0,23.74,14.6,
20240427,18.2,26.2,11.5,0.0,1.9,0.0,28.23,14.7,
20240428,20.7,28.9,13.0,0.0,1.6,0.0,25.14,15.9,
20240429,20.9,26.1,16.9,0.0,3.0,0.0,21.36,9.200000000000005,
20240430,18.6,22.5,16.0,0.0,2.2,0.0,17.95,6.5,
20240501,18.5,24.0,13.9,0.0,2.4,0.0,26.05,10.1,
20240502,18.1,23.7,12.4,0.0,2.4,0.0,28.72,11.3,
20240503,19.7,27.9,12.2,0.0,1.9,0.0,28.28,15.7,
20240504,21.4,28.5,14.6,0.0,1.9,0.0,26.61,13.9,
20240505,17.8,20.6,15.7,48.3,2.5,0.0,2.17,4.900000000000002,
20240506,13.9,15.7,13.4,12.3,3.1,0.0,2.71,2.299999999999999,
20240507,13.3,15.0,12.2,2.4,3.0,0.0,4.75,2.8000000000000007,
20240508,14.7,21.4,9.0,0.0,2.3,0.0,27.21,12.4,
20240509,16.1,21.8,10.9,0.0,2.9,0.0,27.17,10.9,
20240510,17.9,23.8,12.5,0.0,2.6,0.0,28.02,11.3,
20240511,17.0,22.0,14.0,31.7,3.5,0.0,5.72,8.0,
20240512,16.6,21.6,11.9,0.0,2.7,0.0,28.91,9.7,
20240513,18.3,24.5,11.9,0.0,2.3,0.0,30.09,12.6,
20240514,18.8,24.7,12.7,0.0,2.4,0.0,30.02,12.0,
20240515,12.6,18.8,7.2,20.6,2.7,0.0,8.35,11.6,
20240516,13.7,19.8,6.9,0.1,3.1,0.0,31.35,12.9,
20240517,18.3,24.9,10.8,0.0,2.2,0.0,24.4,14.099999999999998,
20240518,20.7,26.5,16.0,0.0,2.0,0.0,26.88,10.5,
20240519,21.5,27.9,15.9,0.0,1.9,0.0,28.99,11.999999999999998,
20240520,19.4,22.8,16.8,0.0,2.3,0.0,11.45,6.0,
20240521,21.7,28.3,16.3,0.0,1.9,0.0,26.37,12.0,
20240522,20.5,25.5,16.4,0.0,2.3,0.0,27.4,9.1,
20240523,20.2,26.4,15.8,0.0,2.5,0.0,30.1,10.599999999999998,
20240524,20.1,24.7,15.7,0.0,2.1,0.0,20.51,9.0,
20240525,21.4,24.7,18.7,0.0,1.8,0.0,17.34,6.0,
20240526,19.9,23.7,17.0,8.7,2.7,0.0,10.2,6.699999999999999,
20240527,18.5,22.6,14.1,0.0,3.3,0.0,26.89,8.500000000000002,
20240528,20.4,26.1,14.3,0.0,2.5,0.0,27.55,11.8,
20240529,21.2,26.8,15.4,0.0,2.1,0.0,29.38,11.4,
20240530,20.7,24.6,16.2,0.0,1.6,0.0,12.97,8.400000000000002,
20240531,20.4,25.4,16.9,1.0,2.6,0.0,30.31,8.5,
20240601,20.7,25.2,17.5,0.0,2.8,0.0,27.02,7.699999999999999,
20240602,20.4,25.8,15.7,0.0,2.7,0.0,28.7,10.1,
20240603,22.2,28.7,15.7,0.0,2.4,0.0,29.95,13.0,
20240604,22.8,29.3,16.3,0.0,2.4,0.0,31.17,13.0,
20240605,23.6,30.1,18.1,0.0,1.9,0.0,25.14,12.0,
20240606,24.1,31.4,19.3,0.0,2.0,0.0,24.47,12.099999999999998,
20240607,23.1,28.0,18.3,0.8,1.9,0.0,20.41,9.7,
20240608,20.3,25.0,17.9,16.9,1.6,0.0,9.7,7.100000000000001,
20240609,22.9,28.8,17.4,0.0,1.8,0.0,28.38,11.400000000000002,
20240610,24.7,31.1,19.0,0.0,2.2,0.0,26.57,12.1,
20240611,25.4,31.6,21.7,0.0,2.4,0.0,27.17,9.900000000000002,
20240612,24.8,31.8,19.2,0.0,2.1,0.0,27.73,12.6,
20240613,26.4,32.8,20.0,0.0,1.8,0.0,29.8,12.799999999999995,
20240614,26.3,33.0,21.4,0.0,2.3,0.0,24.24,11.6,
20240615,24.2,28.2,21.8,6.1,1.9,0.0,15.71,6.399999999999999,
20240616,24.3,29.5,19.9,0.0,2.8,0.0,30.02,9.6,
20240617,24.8,30.2,18.9,0.0,2.4,0.0,28.17,11.3,
20240618,26.0,32.9,20.4,0.0,2.1,0.0,29.22,12.5,
20240619,28.8,35.8,21.4,0.0,1.6,0.0,28.25,14.4,
20240620,29.4,35.4,23.4,0.0,2.0,0.0,25.99,12.0,
20240621,28.1,33.9,22.9,0.0,2.0,0.0,24.75,11.0,
20240622,24.2,26.1,22.6,16.5,2.0,0.0,3.59,3.5,
20240623,25.1,30.1,22.5,5.1,2.2,0.0,18.84,7.600000000000001,
20240624,24.3,27.9,21.2,0.0,2.9,0.0,19.62,6.699999999999999,
20240625,22.9,27.2,19.1,0.0,3.0,0.0,25.24,8.099999999999998,
20240626,24.9,31.6,18.9,0.0,1.9,0.0,27.64,12.700000000000005,
20240627,26.3,31.6,20.6,0.0,1.6,0.0,23.84,11.0,
20240628,26.6,32.5,21.3,0.0,2.1,0.0,28.84,11.2,
20240629,26.7,32.3,21.6,38.3,2.2,0.0,20.46,10.699999999999996,
20240630,23.5,24.9,22.0,32.2,3.7,0.0,3.89,2.8999999999999986,
20240701,26.3,31.3,22.0,0.0,1.8,0.0,24.69,9.3,
20240702,23.2,25.2,21.9,65.1,2.8,0.0,1.93,3.3000000000000007,
20240703,24.7,25.9,23.6,0.8,3.6,0.0,8.91,2.299999999999997,
20240704,26.8,30.6,23.2,3.6,3.0,0.0,18.81,7.400000000000002,
20240705,23.4,26.1,21.3,4.1,3.3,0.0,11.25,4.800000000000001,
20240706,25.1,30.0,22.1,2.8,3.2,0.0,6.84,7.899999999999999,
20240707,24.4,28.2,21.5,28.7,1.8,0.0,11.09,6.699999999999999,
20240708,23.8,24.5,23.1,21.1,1.8,0.0,3.36,1.3999999999999986,
20240709,24.5,26.7,22.7,0.3,1.8,0.0,7.77,4.0,
20240710,26.6,31.1,22.7,1.4,2.2,0.0,20.04,8.400000000000002,
20240711,25.7,28.9,23.3,0.0,2.1,0.0,21.74,5.599999999999998,
20240712,25.6,30.2,21.8,0.0,1.6,0.0,13.33,8.399999999999999,
20240713,28.1,33.3,23.5,0.0,1.9,0.0,23.54,9.799999999999995,
20240714,28.4,32.1,24.9,0.4,2.4,0.0,22.34,7.200000000000003,
20240715,28.4,31.3,24.5,0.0,2.4,0.0,18.13,6.800000000000001,
20240716,27.0,30.7,24.6,17.0,2.3,0.0,12.32,6.099999999999998,
20240717,25.4,28.1,24.1,98.8,2.5,0.0,3.48,4.0,
20240718,24.3,25.6,23.1,128.8,2.2,0.0,2.47,2.5,
20240719,27.0,30.8,24.2,0.1,2.2,0.0,21.69,6.600000000000001,
20240720,27.2,30.6,25.1,14.9,2.7,0.0,13.42,5.5,
20240721,26.5,29.8,22.5,8.5,3.6,0.0,11.48,7.300000000000001,
20240722,26.6,27.9,24.3,79.9,3.1,0.0,4.09,3.599999999999998,
20240723,26.4,27.3,25.8,2.0,3.2,0.0,4.92,1.5,
20240724,28.1,30.9,26.0,14.7,2.6,0.0,15.31,4.899999999999999,
20240725,28.8,32.2,25.4,25.3,1.8,0.0,14.15,6.800000000000004,
20240726,28.7,32.7,25.2,5.5,2.3,0.0,18.29,7.5000000000000036,
20240727,28.9,31.7,27.5,33.5,1.7,0.0,12.73,4.199999999999999,
20240728,29.2,32.2,27.3,0.0,3.2,0.0,18.33,4.900000000000002,
20240729,27.4,27.8,26.8,0.0,3.8,0.0,2.61,1.0,
20240730,28.6,31.9,26.3,0.0,2.8,0.0,15.95,5.599999999999998,
20240731,29.4,33.3,27.0,0.0,2.6,0.0,17.42,6.299999999999997,
20240801,29.9,33.2,27.3,0.3,2.6,0.0,14.95,5.900000000000002,
20240802,29.6,32.5,28.2,0.0,2.6,0.0,10.36,4.300000000000001,
20240803,30.2,34.2,27.2,0.0,2.2,0.0,21.64,7.000000000000004,
20240804,31.8,36.2,27.3,0.0,1.6,0.0,24.4,8.900000000000002,
20240805,30.0,33.7,26.9,1.3,1.9,0.0,12.92,6.800000000000004,
20240806,29.5,33.5,25.6,0.0,1.9,0.0,18.84,7.899999999999999,
20240807,29.6,33.4,27.2,3.4,1.7,0.0,20.7,6.199999999999999,
20240808,28.5,31.6,26.9,0.0,1.6,0.0,10.94,4.700000000000003,
20240809,29.3,33.6,25.6,0.0,1.6,0.0,15.55,8.0,
20240810,30.0,33.6,26.4,0.0,1.7,0.0,15.76,7.200000000000003,
20240811,30.8,34.4,27.8,0.0,1.8,0.0,17.14,6.599999999999998,
20240812,31.1,34.1,28.2,0.0,1.9,0.0,13.51,5.900000000000002,
20240813,31.3,36.4,28.1,0.0,1.8,0.0,20.81,8.299999999999997,
20240814,30.0,34.9,27.3,3.0,1.9,0.0,12.59,7.599999999999998,
20240815,29.2,34.6,26.7,6.4,1.8,0.0,15.98,7.900000000000002,
20240816,29.8,34.3,26.8,0.0,2.0,0.0,17.24,7.4999999999999964,
20240817,29.8,34.0,27.2,11.0,1.7,0.0,14.73,6.800000000000001,
20240818,29.5,33.9,27.0,0.0,2.0,0.0,17.64,6.899999999999999,
20240819,29.7,35.3,26.3,2.3,1.9,0.0,20.08,8.999999999999996,
20240820,31.4,35.4,27.0,0.0,2.3,0.0,19.09,8.399999999999999,
20240821,28.4,30.8,26.9,42.2,3.2,0.0,4.68,3.900000000000002,
20240822,28.6,30.3,27.1,0.6,3.4,0.0,7.27,3.2,
20240823,28.4,31.8,26.4,0.0,2.7,0.0,17.48,5.400000000000002,
20240824,27.6,30.9,25.1,2.0,1.4,0.0,12.04,5.799999999999997,
20240825,28.5,32.7,24.9,0.0,1.4,0.0,15.82,7.800000000000004,
20240826,28.1,30.6,25.6,0.0,1.5,0.0,8.21,5.0,
20240827,26.5,30.3,24.6,0.3,1.9,0.0,10.04,5.699999999999999,
20240828,28.2,33.2,23.0,0.0,2.9,0.0,23.98,10.200000000000005,
20240829,28.4,33.5,23.4,0.0,3.1,0.0,24.86,10.1,
20240830,28.0,32.9,23.7,0.0,2.4,0.0,24.53,9.2,
20240831,27.6,33.0,22.6,0.0,1.9,0.0,24.15,10.4,
20240901,27.1,31.6,24.6,0.0,2.0,0.0,20.05,7.0,
20240902,24.5,26.9,22.2,2.7,2.6,0.0,5.82,4.699999999999999,
20240903,27.0,32.0,23.2,0.0,2.9,0.0,20.85,8.8,
20240904,27.9,33.3,23.2,0.0,2.2,0.0,22.99,10.099999999999998,
20240905,26.3,28.8,25.6,6.9,2.4,0.0,6.91,3.2,
20240906,24.0,25.7,23.3,0.7,2.6,0.0,4.41,2.3999999999999986,
20240907,26.5,31.3,22.8,0.0,1.9,0.0,18.81,8.5,
20240908,27.2,32.8,22.6,0.0,1.6,0.0,20.01,10.199999999999996,
20240909,28.5,34.1,24.1,0.0,1.9,0.0,16.38,10.0,
20240910,29.4,33.9,25.6,0.0,1.8,0.0,17.2,8.299999999999997,
20240911,29.0,34.6,25.4,0.4,1.8,0.0,12.49,9.200000000000005,
20240912,25.4,27.1,24.8,32.7,2.1,0.0,3.78,2.3000000000000007,
20240913,25.9,28.0,24.2,7.6,2.2,0.0,4.86,3.8000000000000007,
20240914,28.0,32.2,25.2,0.0,1.7,0.0,14.61,7.000000000000004,
20240915,27.5,32.4,24.2,0.0,2.8,0.0,18.89,8.2,
20240916,26.8,32.2,21.3,9.5,2.8,0.0,17.09,10.900000000000002,
20240917,28.6,33.2,25.8,0.0,1.7,0.0,14.62,7.400000000000002,
20240918,29.4,33.6,26.5,0.7,1.6,0.0,17.53,7.100000000000001,
20240919,29.1,32.6,25.6,0.0,1.7,0.0,11.47,7.0,
20240920,25.0,28.6,17.9,54.5,2.4,0.0,3.58,10.700000000000005,
20240921,19.3,21.9,17.1,27.0,4.3,0.0,6.31,4.799999999999997,
20240922,21.0,26.7,16.9,0.0,2.7,0.0,19.34,9.8,
20240923,20.8,26.1,16.6,0.0,3.1,0.0,22.31,9.5,
20240924,21.0,26.9,15.6,0.0,2.2,0.0,22.03,11.3,
20240925,23.3,27.3,18.6,0.0,1.7,0.0,13.51,8.7,
20240926,23.6,28.0,21.1,1.2,1.6,0.0,14.01,6.899999999999999,
20240927,22.7,28.0,19.1,0.0,2.4,0.0,16.45,8.899999999999999,
20240928,23.2,27.9,19.2,0.0,3.4,0.0,18.07,8.7,
20240929,23.5,29.0,19.1,0.0,2.7,0.0,18.06,9.9,
20240930,23.0,28.5,18.3,0.0,2.1,0.0,16.77,10.2,
20241001,18.3,21.7,13.3,2.5,2.5,0.0,7.73,8.399999999999999,
20241002,14.9,19.9,11.6,0.0,2.5,0.0,20.66,8.299999999999999,
20241003,16.4,22.5,10.8,0.0,1.9,0.0,15.9,11.7,
20241004,17.6,24.2,11.9,0.0,1.8,0.0,20.32,12.3,
20241005,17.5,24.4,11.6,0.0,1.6,0.0,17.31,12.8,
20241006,15.4,17.9,12.3,0.0,1.4,0.0,3.65,5.599999999999998,
20241007,16.9,20.7,14.0,0.0,1.3,0.0,9.33,6.699999999999999,
20241008,17.7,23.9,12.7,0.0,1.8,0.0,14.54,11.2,
20241009,18.8,24.4,13.9,0.0,2.3,0.0,16.61,10.499999999999998,
20241010,18.8,24.1,15.3,0.0,1.9,0.0,13.91,8.8,
20241011,18.6,24.4,13.9,0.0,1.8,0.0,16.05,10.499999999999998,
20241012,18.3,24.7,13.4,0.0,1.5,0.0,18.19,11.3,
20241013,18.3,22.6,12.6,0.0,2.0,0.0,11.43,10.000000000000002,
20241014,19.3,21.5,17.6,0.0,1.9,0.0,4.71,3.899999999999999,
20241015,19.2,21.9,17.6,0.5,1.8,0.0,4.59,4.299999999999997,
20241016,18.2,24.2,14.4,0.0,1.5,0.0,13.84,9.8,
20241017,19.0,25.7,13.8,0.0,1.7,0.0,14.7,11.9,
20241018,17.4,18.8,16.2,47.1,2.5,0.0,1.54,2.6000000000000014,
20241019,16.6,21.1,12.4,1.0,3.3,0.0,8.19,8.700000000000001,
20241020,13.4,17.8,10.5,0.0,3.7,0.0,17.47,7.300000000000001,
20241021,14.8,19.3,9.7,0.0,2.3,0.0,8.92,9.6,
20241022,15.5,16.6,14.9,20.6,2.0,0.0,1.27,1.700000000000001,
20241023,12.7,15.5,9.4,2.3,3.7,0.0,9.76,6.1,
20241024,12.5,18.4,7.1,0.0,1.8,0.0,16.03,11.3,
20241025,14.9,21.5,8.7,0.0,1.7,0.0,14.88,12.8,
20241026,17.0,24.0,10.7,0.0,1.8,0.0,16.04,13.3,
20241027,16.0,18.8,14.0,0.0,1.6,0.0,5.27,4.800000000000001,
20241028,15.7,20.4,12.3,0.0,2.1,0.0,8.92,8.099999999999998,
20241029,15.0,18.3,13.4,0.0,2.3,0.0,6.22,4.9,
20241030,15.7,21.4,11.4,0.0,1.6,0.0,14.75,9.999999999999998,
20241031,15.9,22.6,11.0,0.0,1.4,0.0,14.38,11.6,
20241101,15.3,18.7,12.9,0.0,1.4,0.0,5.83,5.799999999999999,
20241102,18.1,25.1,13.0,0.0,1.9,0.0,14.31,12.1,
20241103,17.6,23.5,13.0,0.0,2.4,0.0,13.13,10.5,
20241104,14.8,18.3,8.9,0.1,2.9,0.0,11.74,9.4,
20241105,9.1,14.7,5.6,0.0,2.1,0.0,13.47,9.1,
20241106,7.5,12.5,4.1,0.0,2.5,0.0,14.98,8.4,
20241107,7.8,15.7,1.6,0.0,1.5,0.0,14.42,14.1,
20241108,10.2,18.1,3.1,0.0,1.5,0.0,13.87,15.000000000000002,
20241109,12.9,20.3,6.8,0.0,1.4,0.0,13.18,13.5,
20241110,14.4,21.0,10.3,0.0,1.8,0.0,11.42,10.7,
20241111,14.6,21.8,9.7,0.0,1.2,0.0,12.95,12.1,
20241112,14.3,19.2,11.0,0.0,2.2,0.0,13.02,8.2,
20241113,14.2,21.3,8.3,0.0,1.7,0.0,12.26,13.0,
20241114,14.8,16.8,13.2,0.1,1.8,0.0,3.57,3.6000000000000014,
20241115,17.0,21.5,13.7,0.0,1.8,0.0,9.84,7.800000000000001,
20241116,17.0,22.6,14.4,6.5,2.6,0.0,0.0,8.200000000000001,
20241117,7.0,14.4,2.1,0.0,3.6,0.0,8.47,12.3,
20241118,2.8,7.9,-0.7,0.0,2.3,0.0,13.68,8.6,
20241119,5.7,11.3,0.3,0.0,2.0,0.0,9.9,11.0,
20241120,6.5,9.6,2.4,0.0,1.3,0.0,3.75,7.199999999999999,
20241121,9.7,14.1,6.0,0.0,2.2,0.0,6.57,8.1,
20241122,6.2,10.6,3.3,0.0,2.2,0.0,12.57,7.3,
20241123,6.4,12.6,1.5,0.0,1.7,0.0,11.87,11.1,
20241124,7.4,14.2,2.6,0.0,1.6,0.0,11.89,11.6,
20241125,10.1,15.4,3.6,0.0,2.5,0.0,9.9,11.8,
20241126,5.8,12.7,1.0,26.0,3.4,0.0,4.35,11.7,
20241127,-0.4,1.2,-1.3,22.4,1.4,0.0,0.82,2.5,
20241128,0.8,3.4,-1.7,4.9,1.8,0.0,8.16,5.1,
20241129,0.2,3.4,-3.4,0.0,1.5,0.0,8.35,6.8,
20241130,2.5,5.6,-0.5,0.0,1.8,0.0,4.74,6.1,
20241201,5.2,8.2,1.6,0.5,2.4,0.0,7.01,6.6,
20241202,6.4,13.0,0.6,0.0,2.2,0.0,5.09,12.4,
20241203,1.3,5.2,-2.4,0.0,2.4,0.0,11.61,7.6,
20241204,3.1,6.9,-0.6,0.0,2.1,0.0,11.12,7.5,
20241205,3.9,8.8,-0.1,1.8,2.3,0.0,9.89,8.9,
20241206,2.1,5.2,-0.4,0.0,2.5,0.0,11.69,5.6000000000000005,
20241207,0.2,4.6,-2.5,0.0,2.5,0.0,10.86,7.1,
20241208,-0.2,4.1,-3.9,0.0,2.2,0.0,11.62,8.0,
20241209,1.0,7.4,-3.8,0.0,1.6,0.0,10.61,11.2,
20241210,2.6,6.9,-1.9,0.0,1.9,0.0,10.52,8.8,
20241211,3.0,8.2,0.2,0.0,1.6,0.0,8.65,7.999999999999999,
20241212,0.5,5.4,-3.2,0.0,2.1,0.0,10.06,8.600000000000001,
20241213,1.0,4.5,-1.5,0.0,2.2,0.0,7.14,6.0,
20241214,-0.8,2.5,-3.6,0.0,2.2,0.0,11.11,6.1,
20241215,1.2,5.4,-2.2,0.0,2.4,0.0,8.76,7.6,
20241216,-0.2,3.9,-3.3,0.0,1.2,0.0,5.61,7.199999999999999,
20241217,-0.8,3.8,-3.5,0.0,2.2,0.0,8.26,7.3,
20241218,-3.4,0.9,-6.2,0.0,2.2,0.0,11.38,7.1000000000000005,
20241219,-1.4,4.9,-6.7,0.0,1.5,0.0,10.53,11.6,
20241220,1.4,5.3,-2.1,0.4,2.0,0.0,4.9,7.4,
20241221,-0.7,1.9,-4.7,2.9,2.8,0.0,4.03,6.6,
20241222,-3.4,1.0,-7.7,0.0,2.1,0.0,11.47,8.7,
20241223,0.3,6.7,-5.0,0.0,2.2,0.0,10.29,11.7,
20241224,-0.4,5.1,-4.3,0.0,1.4,0.0,11.06,9.4,
20241225,2.7,6.5,-1.1,0.1,2.0,0.0,6.46,7.6,
20241226,0.1,4.2,-4.8,0.0,3.4,0.0,11.1,9.0,
20241227,-2.6,1.8,-5.9,0.0,2.7,0.0,9.29,7.7,
20241228,-3.0,1.1,-6.7,0.0,2.5,0.0,11.01,7.800000000000001,
20241229,1.1,6.1,-4.2,0.0,1.5,0.0,9.49,10.3,
20241230,5.5,10.1,1.9,0.0,2.3,0.0,6.29,8.2,
20241231,0.6,4.9,-2.0,0.0,2.6,0.0,11.57,6.9,
20250101,2.6,8.9,-2.5,0.0,2.2,0.0,8.55,11.4,
20250102,0.5,6.0,-2.9,0.0,2.1,0.0,11.03,8.9,
20250103,-1.1,3.2,-5.1,0.0,2.2,0.0,9.9,8.3,
20250104,-0.1,5.7,-5.4,0.0,1.7,0.0,11.03,11.1,
20250105,1.2,2.5,-0.7,6.7,2.5,0.0,1.03,3.2,
20250106,1.0,3.4,-3.0,3.0,2.8,0.0,6.09,6.4,
20250107,-2.6,1.5,-5.7,0.1,2.7,0.0,10.13,7.2,
20250108,-3.4,0.2,-6.1,0.0,2.7,0.0,8.02,6.3,
20250109,-9.7,-6.1,-11.6,0.0,4.2,0.0,12.36,5.5,
20250110,-7.3,-1.7,-12.2,0.0,1.6,0.0,12.17,10.5,
20250111,-5.1,0.4,-9.5,0.0,1.7,0.0,11.74,9.9,
20250112,-3.4,2.5,-8.2,0.0,1.8,0.0,9.9,10.7,
20250113,-0.4,4.1,-5.6,1.3,1.7,0.0,6.1,9.7,
20250114,2.3,5.2,-1.7,0.1,2.3,0.0,6.69,6.9,
20250115,-3.5,-0.5,-5.3,0.0,2.9,0.0,12.74,4.8,
20250116,-0.5,2.8,-4.9,0.0,2.0,0.0,2.91,7.7,
20250117,-0.5,5.6,-4.9,0.0,1.8,0.0,11.84,10.5,
20250118,1.0,7.5,-4.0,0.0,1.6,0.0,10.75,11.5,
20250119,3.8,9.0,-1.2,0.0,1.8,0.0,7.93,10.2,
20250120,3.9,7.5,0.9,0.0,1.7,0.0,7.55,6.6,
20250121,2.4,6.3,-1.0,0.0,1.6,0.0,8.9,7.3,
20250122,3.6,7.7,0.5,0.0,1.9,0.0,9.42,7.2,
20250123,2.0,7.7,-2.4,0.0,1.6,0.0,13.06,10.1,
20250124,3.1,10.6,-2.7,0.0,1.5,0.0,12.68,13.3,
20250125,5.2,11.4,1.2,0.0,3.1,0.0,11.67,10.2,
20250126,4.6,7.5,1.8,0.0,2.8,0.0,6.98,5.7,
20250127,0.2,5.1,-2.7,5.6,3.5,0.0,4.89,7.8,
20250128,-3.9,-2.5,-5.3,0.1,4.0,0.0,5.74,2.8,
20250129,-4.6,-1.3,-6.4,0.2,3.1,0.0,12.35,5.1000000000000005,
20250130,-3.8,-1.0,-7.5,0.0,1.6,0.0,8.01,6.5,
20250131,-0.8,0.7,-2.6,2.4,2.1,0.0,1.83,3.3,
20250201,1.6,7.9,-2.0,0.0,1.6,0.0,11.15,9.9,
20250202,1.5,6.8,-2.5,0.0,2.0,0.0,12.04,9.3,
20250203,-4.1,0.6,-8.2,0.0,4.2,0.0,15.08,8.799999999999999,
20250204,-9.0,-5.3,-11.5,0.0,3.7,0.0,15.63,6.2,
20250205,-8.6,-3.7,-11.8,0.0,3.2,0.0,12.04,8.100000000000001,
20250206,-5.6,-0.2,-11.5,2.3,1.7,0.0,11.43,11.3,
20250207,-8.0,-4.7,-10.7,0.4,3.9,0.0,14.93,5.999999999999999,
20250208,-7.9,-3.4,-11.5,0.0,2.8,0.0,16.12,8.1,
20250209,-4.7,1.7,-9.6,0.0,2.2,0.0,15.96,11.3,
20250210,-2.6,2.6,-7.5,0.0,2.1,0.0,13.55,10.1,
20250211,0.5,7.0,-5.7,0.0,2.0,0.0,14.77,12.7,
20250212,0.5,2.5,-2.9,2.5,2.6,0.0,1.28,5.4,
20250213,0.2,6.1,-5.8,0.0,2.2,0.0,16.5,11.9,
20250214,3.7,10.1,-1.6,0.0,1.9,0.0,14.75,11.7,
20250215,4.1,7.8,0.4,0.0,1.6,0.0,7.95,7.399999999999999,
20250216,4.3,9.7,0.4,0.0,2.5,0.0,9.32,9.3,
20250217,-0.3,3.5,-3.4,0.0,3.6,0.0,17.57,6.9,
20250218,-2.3,2.6,-5.2,0.0,3.4,0.0,17.73,7.800000000000001,
20250219,-3.0,1.2,-5.8,0.0,3.0,0.0,17.9,7.0,
20250220,-2.9,1.9,-6.5,0.0,2.7,0.0,18.07,8.4,
20250221,-2.5,2.6,-6.4,0.0,2.7,0.0,17.73,9.0,
20250222,-2.3,2.7,-5.6,0.0,2.7,0.0,18.11,8.3,
20250223,-3.6,0.5,-6.5,0.0,3.0,0.0,18.35,7.0,
20250224,-1.3,4.7,-6.3,0.0,2.3,0.0,18.74,11.0,
20250225,2.1,6.1,-3.1,0.0,2.9,0.0,11.46,9.2,
20250226,3.7,9.1,0.7,0.0,2.6,0.0,18.43,8.4,
20250227,5.8,14.2,-2.0,0.0,1.9,0.0,18.29,16.2,
20250228,7.8,13.7,3.7,0.0,1.5,0.0,10.43,10.0,
20250301,8.5,13.0,3.4,0.6,2.0,0.0,7.53,9.6,
20250302,8.3,15.6,2.2,11.8,3.7,0.0,5.25,13.4,
20250303,3.1,7.1,1.0,10.4,6.3,0.0,16.28,6.1,
20250304,2.5,3.4,0.9,4.0,4.5,0.0,5.68,2.5,
20250305,4.8,9.2,2.3,0.0,2.2,0.0,9.18,6.9,
20250306,4.8,10.4,-0.4,0.0,2.3,0.0,19.3,10.8,
20250307,5.3,11.1,0.0,0.0,1.8,0.0,15.35,11.1,
20250308,5.8,11.2,2.8,0.0,2.2,0.0,17.83,8.399999999999999,
20250309,6.9,13.5,1.2,0.0,1.7,0.0,19.37,12.3,
20250310,8.0,14.9,2.4,0.0,2.1,0.0,19.27,12.5,
20250311,9.4,16.6,2.9,0.0,1.8,0.0,19.89,13.7,
20250312,8.5,11.8,6.7,0.0,2.1,0.0,5.68,5.1000000000000005,
20250313,8.9,15.0,3.2,0.0,2.4,0.0,18.93,11.8,
20250314,12.4,20.1,5.0,0.0,1.8,0.0,20.11,15.1,
20250315,12.6,17.2,10.0,0.0,2.8,0.0,16.89,7.199999999999999,
20250316,4.9,10.1,1.3,0.8,3.6,0.0,9.76,8.799999999999999,
20250317,2.5,6.8,-1.3,0.4,2.9,0.0,19.33,8.1,
20250318,2.1,5.6,0.3,9.9,2.8,0.0,10.7,5.3,
20250319,2.4,7.3,-1.9,0.0,2.4,0.0,22.71,9.2,
20250320,8.2,15.0,2.2,0.0,2.7,0.0,18.04,12.8,
20250321,11.6,18.7,7.9,0.0,2.9,0.0,20.44,10.8,
20250322,12.8,19.9,6.1,0.0,2.7,0.0,21.44,13.8,
20250323,15.2,24.0,7.1,0.0,1.9,0.0,19.96,16.9,
20250324,15.5,21.3,11.7,0.0,3.0,0.0,18.71,9.6,
20250325,12.7,21.4,8.4,0.0,3.3,0.0,13.63,12.999999999999998,
20250326,15.5,23.9,6.0,0.0,2.2,0.0,20.83,17.9,
20250327,13.7,18.6,7.1,0.3,3.2,0.0,8.16,11.500000000000002,
20250328,6.5,11.8,3.1,0.0,3.7,0.0,21.46,8.700000000000001,
20250329,3.3,6.7,0.6,0.0,3.6,0.0,15.68,6.1000000000000005,
20250330,3.3,7.6,-1.8,0.0,2.8,0.0,14.39,9.4,
20250331,7.7,14.1,1.2,0.0,2.2,0.0,23.15,12.9,
20250401,10.1,17.0,3.9,0.0,1.8,0.0,22.77,13.1,
20250402,8.9,14.4,5.2,0.0,2.4,0.0,12.07,9.2,
20250403,9.8,16.9,3.6,0.0,2.4,0.0,23.81,13.3,
20250404,10.6,16.4,6.0,0.0,2.2,0.0,23.53,10.4,
20250405,8.0,9.5,7.5,22.8,1.9,0.0,2.17,2.0,
20250406,10.3,15.7,6.9,0.0,2.8,0.0,22.7,8.799999999999999,
20250407,13.5,20.1,5.5,0.0,2.7,0.0,23.67,14.6,
20250408,13.8,18.9,10.7,0.0,3.1,0.0,23.34,8.2,
20250409,12.7,18.0,8.4,0.8,2.0,0.0,12.49,9.6,
20250410,13.2,19.1,8.8,0.0,2.2,0.0,22.16,10.3,
20250411,16.2,24.2,8.1,0.0,2.0,0.0,25.16,16.1,
20250412,12.9,22.5,1.4,15.4,3.1,0.0,8.09,21.1,
20250413,5.5,8.2,1.1,4.2,4.2,0.0,12.47,7.1,
20250414,4.4,6.0,2.6,7.4,2.5,0.0,5.6,3.4,
20250415,8.2,14.0,2.3,0.0,2.7,0.0,26.94,11.7,
20250416,14.6,21.9,6.4,0.0,2.5,0.0,22.26,15.499999999999998,
20250417,19.7,24.7,15.8,0.0,2.6,0.0,15.0,8.899999999999999,
20250418,18.6,23.7,15.4,0.0,2.4,0.0,15.19,8.299999999999999,
20250419,15.3,20.0,12.2,9.2,3.0,0.0,2.93,7.800000000000001,
20250420,16.7,24.1,9.5,0.0,1.7,0.0,26.74,14.6,
20250421,20.7,27.1,14.2,0.0,2.2,0.0,22.78,12.900000000000002,
20250422,17.8,20.4,14.2,34.8,1.5,0.0,3.12,6.199999999999999,
20250423,16.8,22.9,10.9,0.0,2.5,0.0,26.28,11.999999999999998,
20250424,14.7,19.6,10.7,0.0,3.1,0.0,27.27,8.900000000000002,
20250425,12.5,17.8,7.7,0.0,3.0,0.0,27.87,10.1,
20250426,13.8,20.0,7.2,0.0,2.8,0.0,27.29,12.8,
20250427,14.9,19.1,10.7,0.0,2.8,0.0,18.58,8.400000000000002,
20250428,15.1,20.2,10.3,0.0,2.7,0.0,27.28,9.9,
20250429,14.8,21.0,8.2,0.0,2.3,0.0,28.09,12.8,
20250430,18.4,25.8,10.0,0.0,2.6,0.0,27.73,15.8,
20250501,14.7,17.6,11.3,21.1,2.2,0.0,2.15,6.300000000000001,
20250502,13.4,18.5,8.2,0.0,3.1,0.0,24.67,10.3,
20250503,11.2,14.0,9.5,7.3,2.3,0.0,7.6,4.5,
20250504,13.7,19.9,8.2,0.0,2.8,0.0,28.63,11.7,
20250505,12.1,15.0,9.3,0.0,2.3,0.0,7.03,5.699999999999999,
20250506,14.4,19.5,8.5,0.0,2.2,0.0,20.0,11.0,
20250507,14.9,21.1,9.9,0.0,2.2,0.0,27.9,11.2,
20250508,17.4,24.9,9.7,0.0,1.8,0.0,26.79,15.2,
20250509,15.1,17.4,14.1,17.6,3.0,0.0,4.38,3.299999999999999,
20250510,12.3,15.3,11.6,14.1,3.5,0.0,2.15,3.700000000000001,
20250511,14.7,20.2,11.4,0.0,1.9,0.0,16.46,8.799999999999999,
20250512,17.0,23.6,9.8,0.0,2.1,0.0,28.93,13.8,
20250513,19.9,25.8,13.3,0.0,2.7,0.0,24.02,12.5,
20250514,21.0,26.7,14.1,0.0,2.4,0.0,26.31,12.6,
20250515,19.5,22.2,16.8,1.1,2.3,0.0,9.9,5.399999999999999,
20250516,19.4,22.0,17.8,51.3,1.8,0.0,3.75,4.199999999999999,
20250517,18.3,24.3,14.7,2.2,2.6,0.0,17.36,9.6,
20250518,15.6,21.0,11.4,0.0,2.6,0.0,27.51,9.6,
20250519,16.1,20.9,10.5,1.6,2.8,0.0,11.93,10.4,
20250520,22.2,27.3,17.4,1.0,2.5,0.0,12.96,9.900000000000002,
20250521,25.5,30.8,22.3,0.0,2.1,0.0,22.19,8.5,
20250522,23.9,28.5,20.0,0.8,2.1,0.0,22.94,8.5,
20250523,19.4,22.2,15.4,1.2,2.8,0.0,9.19,6.799999999999999,
20250524,15.6,19.3,13.0,4.3,3.1,0.0,10.54,6.300000000000001,
20250525,17.4,22.6,11.7,0.0,2.1,0.0,30.47,10.900000000000002,
20250526,19.7,26.2,13.0,0.0,1.7,0.0,26.71,13.2,
20250527,20.8,27.0,14.7,0.0,1.9,0.0,27.07,12.3,
20250528,20.8,26.9,16.3,0.0,1.8,0.0,22.39,10.599999999999998,
20250529,21.2,27.3,15.3,0.0,2.2,0.0,26.56,12.0,
20250530,22.2,28.3,16.7,0.0,1.7,0.0,25.72,11.6,
20250531,21.5,27.0,16.4,0.0,2.0,0.0,21.39,10.6,
20250601,22.6,29.3,17.0,0.0,2.0,0.0,27.08,12.3,
20250602,21.0,23.1,19.2,0.0,1.5,0.0,6.3,3.900000000000002,
20250603,20.9,25.3,17.0,0.0,2.9,0.0,27.24,8.3,
20250604,20.5,25.3,15.2,0.0,3.5,0.0,29.45,10.1,
20250605,21.7,27.1,15.6,0.0,2.3,0.0,28.99,11.500000000000002,
20250606,24.1,30.0,17.7,0.0,3.0,0.0,29.48,12.3,
20250607,23.7,28.2,19.8,0.1,2.6,0.0,17.51,8.399999999999999,
20250608,25.1,30.4,21.4,0.6,1.7,0.0,21.59,9.0,
20250609,24.2,30.2,20.6,0.0,2.6,0.0,25.91,9.599999999999998,
20250610,21.7,25.3,18.8,0.0,2.5,0.0,14.46,6.5,
20250611,22.7,28.5,15.9,0.0,2.4,0.0,31.05,12.6,
20250612,25.5,33.1,17.9,0.0,1.9,0.0,30.36,15.200000000000005,
20250613,24.0,29.4,20.1,1.5,1.9,0.0,15.62,9.299999999999995,
20250614,25.6,32.1,20.3,0.0,2.0,0.0,21.02,11.8,
20250615,26.3,33.2,21.7,11.8,2.5,0.0,22.08,11.500000000000004,
20250616,23.0,25.1,21.8,20.0,2.7,0.0,5.19,3.3000000000000007,
20250617,24.8,29.6,21.1,0.0,2.5,0.0,22.97,8.5,
20250618,25.5,30.9,21.2,0.0,2.0,0.0,26.88,9.7,
20250619,28.1,34.2,21.1,0.8,2.0,0.0,23.77,13.1,
20250620,24.1,28.3,22.2,51.1,3.9,0.0,2.92,6.100000000000001,
20250621,22.0,24.2,20.5,0.2,2.1,0.0,7.0,3.6999999999999993,
20250622,23.3,28.6,18.1,0.0,2.3,0.0,30.56,10.5,
20250623,26.1,31.7,19.4,0.0,1.8,0.0,27.7,12.3,
20250624,25.0,28.0,20.5,2.3,2.6,0.0,10.18,7.5,
20250625,20.9,22.1,19.5,8.0,2.5,0.0,5.11,2.6000000000000014,
20250626,22.2,24.2,19.9,1.1,1.7,0.0,7.23,4.300000000000001,
20250627,25.0,29.3,21.1,0.0,1.4,0.0,12.92,8.2,
20250628,26.2,28.1,24.5,0.6,1.4,0.0,7.13,3.6000000000000014,
20250629,27.1,30.2,24.9,0.0,2.3,0.0,12.41,5.300000000000001,
20250630,28.2,31.2,25.6,0.0,2.4,0.0,15.61,5.599999999999998,
20250701,28.6,31.8,26.2,0.9,3.0,0.0,17.38,5.600000000000001,
20250702,28.6,30.9,26.8,0.0,2.9,0.0,14.4,4.099999999999998,
20250703,28.3,32.0,26.5,0.0,2.8,0.0,13.6,5.5,
20250704,27.2,30.0,25.7,0.0,3.2,0.0,7.72,4.300000000000001,
20250705,28.4,32.3,26.0,0.0,2.8,0.0,14.77,6.299999999999997,
20250706,29.1,32.8,26.3,0.0,2.5,0.0,14.7,6.4999999999999964,
20250707,29.1,33.2,26.7,0.0,1.9,0.0,11.21,6.500000000000004,
20250708,31.3,37.8,26.9,11.8,1.9,0.0,22.64,10.9,
20250709,31.9,36.0,27.4,0.0,2.2,0.0,23.55,8.600000000000001,
20250710,31.4,36.2,27.3,0.0,2.9,0.0,29.95,8.900000000000002,
20250711,30.2,36.1,24.6,0.0,3.3,0.0,30.35,11.5,
20250712,30.3,36.5,24.4,0.0,2.3,0.0,30.02,12.1,
20250713,27.7,31.0,25.6,0.0,1.5,0.0,10.39,5.399999999999999,
20250714,24.2,28.1,21.7,13.6,2.0,0.0,7.19,6.400000000000002,
20250715,23.6,25.9,21.5,4.0,2.3,0.0,10.03,4.399999999999999,
20250716,23.3,24.8,22.2,73.1,2.1,0.0,2.34,2.6000000000000014,
20250717,23.3,24.4,22.0,75.5,2.1,0.0,4.77,2.3999999999999986,
20250718,24.7,27.2,22.9,16.1,1.7,0.0,7.44,4.300000000000001,
20250719,23.9,25.8,21.9,84.0,2.0,0.0,3.79,3.900000000000002,
20250720,27.7,31.3,25.0,14.8,2.8,0.0,16.69,6.300000000000001,
20250721,28.5,31.6,25.6,0.0,2.3,0.0,18.81,6.0,
20250722,28.8,32.2,26.6,0.1,2.7,0.0,20.43,5.600000000000001,
20250723,28.9,33.3,25.5,0.0,1.8,0.0,22.14,7.799999999999997,
20250724,29.8,34.1,25.8,0.0,1.9,0.0,24.91,8.3,
20250725,31.1,36.3,25.6,0.0,1.9,0.0,26.48,10.699999999999996,
20250726,32.3,37.1,27.6,0.0,1.7,0.0,24.32,9.5,
20250727,32.8,38.0,28.3,0.0,2.0,0.0,28.42,9.7,
20250728,32.2,36.4,28.8,0.0,2.0,0.0,27.0,7.599999999999998,
20250729,32.0,36.7,27.6,0.0,2.0,0.0,20.41,9.1,
20250730,32.1,36.3,28.3,0.0,1.7,0.0,19.51,7.9999999999999964,
20250731,30.9,34.6,29.3,0.0,2.0,0.0,13.17,5.300000000000001,
20250801,31.0,35.1,27.8,0.0,1.9,0.0,16.09,7.300000000000001,
20250802,31.2,36.2,27.3,0.0,1.8,0.0,20.88,8.900000000000002,
20250803,28.8,32.5,24.0,1.3,2.0,0.0,8.08,8.5,
20250804,28.1,33.9,23.7,1.9,2.2,0.0,16.35,10.2,
20250805,29.1,33.5,25.4,0.0,2.2,0.0,23.11,8.100000000000001,
20250806,27.1,29.3,25.8,22.0,3.2,0.0,5.57,3.5,
20250807,28.2,32.3,25.4,0.0,2.7,0.0,27.18,6.899999999999999,
20250808,26.6,30.2,23.9,6.3,1.6,0.0,8.76,6.300000000000001,
20250809,24.9,26.4,23.1,3.5,1.4,0.0,5.37,3.299999999999997,
20250810,27.3,33.2,21.0,0.0,1.7,0.0,27.22,12.200000000000005,
20250811,27.0,29.5,25.0,0.0,2.0,0.0,9.84,4.5,
20250812,28.6,34.1,23.3,0.0,2.2,0.0,26.6,10.8,
20250813,25.1,27.1,22.0,126.7,2.6,0.0,1.92,5.100000000000001,
20250814,25.5,26.9,24.2,47.8,2.2,0.0,6.29,2.7,
20250815,27.1,30.9,24.4,0.0,1.7,0.0,14.89,6.5,
20250816,28.2,32.2,25.5,0.0,2.2,0.0,19.22,6.700000000000003,
20250817,28.4,32.0,26.1,0.0,2.3,0.0,16.43,5.899999999999999,
20250818,28.9,32.9,27.0,2.2,3.0,0.0,19.92,5.899999999999999,
20250819,29.1,32.3,26.9,0.0,3.0,0.0,19.48,5.399999999999999,
20250820,29.4,32.8,26.9,0.0,2.6,0.0,18.14,5.899999999999999,
20250821,29.8,34.3,27.4,0.0,2.2,0.0,21.66,6.899999999999999,
20250822,29.4,33.5,26.1,0.0,2.1,0.0,22.41,7.399999999999999,
20250823,29.3,32.2,27.4,0.0,1.9,0.0,11.71,4.800000000000004,
20250824,30.2,34.7,26.9,0.0,1.7,0.0,18.39,7.800000000000004,
20250825,28.7,32.2,26.3,17.1,2.8,0.0,10.8,5.900000000000002,
20250826,27.6,31.8,25.5,5.4,2.8,0.0,15.0,6.300000000000001,
20250827,26.7,30.8,23.6,0.0,1.6,0.0,9.76,7.199999999999999,
20250828,28.3,31.0,24.7,0.0,2.7,0.0,14.35,6.300000000000001,
20250829,29.0,32.8,27.3,32.2,3.5,0.0,17.8,5.4999999999999964,
20250830,28.4,31.8,25.8,23.9,2.0,0.0,16.69,6.0,
20250831,28.5,31.8,25.1,0.0,2.4,0.0,15.74,6.699999999999999,
20250901,26.1,28.2,24.4,20.4,2.5,0.0,7.47,3.8000000000000007,
20250902,26.0,30.6,22.0,0.0,1.6,0.0,20.32,8.600000000000001,
20250903,27.6,32.1,22.6,0.0,1.9,0.0,21.38,9.5,
20250904,25.8,29.8,22.8,44.2,2.6,0.0,13.76,7.0,
20250905,27.9,33.0,23.5,0.0,2.2,0.0,20.45,9.5,
20250906,26.8,30.4,25.4,36.1,2.4,0.0,8.94,5.0,
20250907,25.3,28.3,22.3,0.2,2.1,0.0,12.58,6.0,
20250908,24.4,29.5,20.6,0.0,1.8,0.0,16.17,8.899999999999999,
20250909,23.7,26.9,21.4,0.0,1.6,0.0,9.73,5.5,
20250910,24.8,31.5,18.4,0.0,1.7,0.0,24.56,13.1,
20250911,25.8,31.7,19.9,0.0,2.5,0.0,24.11,11.8,
20250912,23.9,26.3,21.1,6.8,2.7,0.0,7.7,5.199999999999999,
20250913,23.3,27.6,20.4,63.7,2.4,0.0,0.0,7.200000000000003,
20250914,24.8,29.3,21.5,0.0,1.6,0.0,16.74,7.800000000000001,
20250915,25.7,30.7,20.8,0.0,1.5,0.0,18.66,9.9,
20250916,23.7,27.1,22.2,17.5,1.5,0.0,5.11,4.900000000000002,
20250917,22.7,24.0,21.2,52.7,1.7,0.0,3.54,2.8000000000000007,
20250918,22.1,26.0,19.6,0.0,2.6,0.0,17.27,6.399999999999999,
20250919,19.4,21.4,17.9,13.8,2.8,0.0,4.73,3.5,
20250920,20.0,23.6,17.5,35.3,1.8,0.0,8.41,6.100000000000001,
20250921,21.6,27.3,17.2,0.0,2.1,0.0,22.01,10.1,
20250922,21.3,25.1,17.6,0.0,2.5,0.0,14.98,7.5,
20250923,22.7,26.8,19.2,0.0,2.4,0.0,16.89,7.600000000000001,
20250924,22.0,23.7,20.4,35.2,2.1,0.0,2.84,3.3000000000000007,
20250925,22.5,26.4,20.2,0.3,1.4,0.0,13.81,6.199999999999999,
20250926,21.7,27.1,17.8,0.0,1.4,0.0,18.53,9.3,
20250927,22.5,27.2,17.6,0.0,1.9,0.0,16.5,9.599999999999998,
20250928,20.0,21.9,18.4,44.5,1.7,0.0,5.86,3.5,
20250929,19.6,23.9,16.6,0.0,1.5,0.0,11.97,7.299999999999997,
20250930,19.8,24.0,17.3,0.0,1.4,0.0,8.56,6.699999999999999,
20251001,20.5,25.6,16.7,0.0,1.7,0.0,12.23,8.900000000000002,
20251002,21.4,25.8,17.3,0.0,1.5,0.0,13.94,8.5,
20251003,21.2,22.3,19.8,0.8,2.4,0.0,5.64,2.5,
20251004,22.5,25.0,20.9,0.0,1.9,0.0,7.29,4.100000000000001,
20251005,21.4,22.3,20.6,18.1,1.6,0.0,2.85,1.6999999999999993,
20251006,17.6,20.7,15.4,36.8,3.8,0.0,2.17,5.299999999999999,
20251007,18.2,20.0,15.5,7.1,3.1,0.0,4.81,4.5,
20251008,21.9,28.0,17.2,0.0,1.4,0.0,18.97,10.8,
20251009,20.0,22.6,16.9,0.0,3.3,0.0,6.18,5.700000000000003,
20251010,17.0,17.7,16.0,49.3,2.9,0.0,1.42,1.6999999999999993,
20251011,20.3,23.8,17.3,22.5,2.4,0.0,4.31,6.5,
20251012,19.0,21.4,17.6,0.1,2.3,0.0,6.03,3.799999999999997,
20251013,15.7,18.3,13.9,25.1,3.5,0.0,1.83,4.4,
20251014,17.9,20.9,14.4,0.6,3.1,0.0,10.48,6.499999999999998,
20251015,20.2,25.3,16.1,1.5,2.4,0.0,14.07,9.2,
20251016,20.2,24.8,17.0,1.3,2.4,0.0,13.85,7.800000000000001,
20251017,19.9,24.8,15.6,11.3,2.3,0.0,13.45,9.2,
20251018,15.8,18.6,14.2,11.2,2.3,0.0,4.81,4.400000000000002,
20251019,14.5,19.2,8.9,0.0,2.8,0.0,11.43,10.3,
20251020,10.0,16.5,5.3,0.0,2.7,0.0,13.24,11.2,
20251021,9.2,14.1,4.8,0.0,1.6,0.0,11.48,9.3,
20251022,13.1,18.6,6.6,0.0,1.5,0.0,12.99,12.000000000000002,
20251023,14.9,19.6,11.8,0.0,2.0,0.0,9.49,7.800000000000001,
20251024,15.8,21.5,11.3,0.0,2.1,0.0,14.57,10.2,
20251025,14.4,17.7,12.6,0.0,2.1,0.0,8.78,5.1,
20251026,12.2,13.9,10.6,0.5,1.7,0.0,4.55,3.3000000000000007,
20251027,8.1,12.2,3.7,0.0,2.8,0.0,16.01,8.5,
20251028,8.5,14.4,3.0,0.0,1.4,0.0,15.43,11.4,
20251029,11.4,18.3,6.2,0.0,1.7,0.0,13.27,12.1,
20251030,12.8,18.2,7.7,0.0,1.5,0.0,11.38,10.5,
20251031,15.1,20.7,11.3,0.1,2.0,0.0,10.42,9.4,
20251101,12.9,17.7,10.5,2.4,2.3,0.0,14.23,7.199999999999999,
20251102,8.0,11.7,3.7,0.2,3.1,0.0,14.4,7.999999999999999,
20251103,7.2,14.7,0.5,0.0,1.5,0.0,15.16,14.2,
20251104,10.2,16.3,5.5,0.0,1.5,0.0,13.64,10.8,
20251105,11.6,19.0,5.7,0.0,1.4,0.0,13.73,13.3,
20251106,12.5,18.8,7.3,0.0,1.6,0.0,11.64,11.5,
20251107,13.9,19.9,8.3,0.0,1.9,0.0,12.72,11.599999999999998,
20251108,14.5,17.0,12.3,0.0,2.2,0.0,4.54,4.699999999999999,
20251109,13.5,17.6,10.4,0.0,2.6,0.0,12.2,7.200000000000001,
20251110,8.3,12.7,5.4,0.0,2.5,0.0,14.73,7.299999999999999,
20251111,8.9,15.1,3.9,0.0,1.6,0.0,12.67,11.2,
20251112,10.8,17.7,6.0,0.0,1.8,0.0,13.15,11.7,
20251113,11.1,17.6,6.7,0.0,1.7,0.0,10.16,10.900000000000002,
20251114,9.1,15.1,4.5,0.0,1.9,0.0,13.71,10.6,
20251115,9.8,17.5,3.6,0.0,1.3,0.0,12.76,13.9,
20251116,11.6,18.7,5.5,0.3,2.4,0.0,12.32,13.2,
20251117,3.2,9.7,-0.7,0.0,3.7,0.0,10.53,10.4,
20251118,1.6,6.5,-2.0,0.0,2.3,0.0,13.11,8.5,
20251119,3.0,8.6,-1.6,0.0,1.6,0.0,12.53,10.2,
20251120,7.4,14.6,1.6,0.0,2.5,0.0,9.13,13.0,
20251121,7.4,12.5,1.0,0.0,1.9,0.0,11.77,11.5,
20251122,9.6,15.1,5.4,0.0,1.7,0.0,9.4,9.7,
20251123,10.9,14.4,6.6,0.0,2.1,0.0,4.46,7.800000000000001,
20251124,12.4,16.8,9.6,0.0,1.8,0.0,5.64,7.200000000000001,
20251125,7.4,9.6,5.3,7.8,2.5,0.0,2.89,4.3,
20251126,6.4,10.9,3.5,0.0,1.5,0.0,8.77,7.4,
20251127,5.1,8.7,2.5,10.0,3.0,0.0,2.69,6.199999999999999,
20251128,2.3,7.0,-1.3,0.0,2.0,0.0,11.93,8.3,
20251129,5.7,9.3,0.3,0.1,2.3,0.0,5.95,9.0,
20251130,12.4,16.1,9.1,0.0,1.9,0.0,6.97,7.000000000000002,
20251201,5.5,12.2,2.3,0.0,3.1,0.0,11.8,9.9,
20251202,0.1,3.3,-5.4,0.0,3.3,0.0,10.19,8.7,
20251203,-5.9,-2.8,-8.1,0.0,3.2,0.0,11.25,5.3,
20251204,-3.2,3.5,-9.4,4.0,2.3,0.0,11.57,12.9,
20251205,-2.6,2.5,-6.9,0.0,1.8,0.0,10.22,9.4,
20251206,2.1,4.5,-2.0,0.6,2.0,0.0,3.08,6.5,
20251207,8.3,13.4,3.4,0.0,2.1,0.0,8.97,10.0,
20251208,3.4,7.3,0.8,0.0,2.3,0.0,11.63,6.5,
20251209,2.8,8.7,-2.4,0.0,1.7,0.0,8.53,11.1,
20251210,4.9,8.6,0.7,0.0,1.9,0.0,4.54,7.899999999999999,
20251211,4.0,8.4,-1.8,12.9,2.7,0.0,6.37,10.2,
20251212,2.0,7.0,-3.6,0.0,1.9,0.0,9.57,10.6,
20251213,2.6,4.5,-0.8,9.5,2.4,0.0,1.42,5.3,
20251214,-0.1,3.1,-1.5,0.1,2.0,0.0,8.25,4.6,
20251215,0.7,4.5,-3.5,0.0,1.8,0.0,6.82,8.0,
20251216,3.8,5.0,2.1,2.1,2.2,0.0,0.68,2.9,
20251217,4.2,7.6,1.2,0.0,2.1,0.0,9.52,6.4,
20251218,2.3,8.5,-1.9,0.0,1.7,0.0,10.59,10.4,
20251219,4.9,9.9,-0.7,0.0,2.1,0.0,6.14,10.6,
20251220,7.3,10.7,1.0,0.3,2.2,0.0,0.67,9.7,
20251221,-1.1,2.5,-3.4,0.0,2.9,0.0,11.01,5.9,
20251222,-0.7,5.1,-5.9,0.0,1.8,0.0,10.79,11.0,
20251223,2.6,4.3,0.1,10.8,2.4,0.0,1.56,4.2,
20251224,2.8,6.3,-1.0,0.0,2.4,0.0,8.27,7.3,
20251225,-3.6,0.0,-8.9,0.0,3.9,0.0,11.31,8.9,
20251226,-8.2,-4.0,-11.8,0.0,2.8,0.0,11.69,7.800000000000001,
20251227,-2.6,0.5,-8.3,0.0,2.1,0.0,4.71,8.8,
20251228,3.2,6.1,0.0,0.6,2.0,0.0,4.89,6.1,
20251229,4.9,9.1,-0.1,0.3,2.1,0.0,6.42,9.2,
20251230,-0.5,3.8,-3.7,0.0,2.4,0.0,11.29,7.5,
20251231,-5.6,-1.2,-8.9,0.0,3.1,0.0,11.74,7.7,
20260101,-7.4,-2.1,-10.5,0.0,2.8,0.0,11.46,8.4,
20260102,-8.0,-3.8,-11.4,0.0,2.7,0.0,11.39,7.6,
20260103,-4.7,0.0,-9.8,0.0,1.4,0.0,6.94,9.8,
20260104,0.2,5.0,-2.7,0.0,1.9,0.0,10.44,7.7,
20260105,-1.9,1.8,-4.6,0.0,2.3,0.0,11.6,6.4,
20260106,-0.9,3.9,-7.0,0.0,1.7,0.0,8.84,10.9,
20260107,-0.2,3.1,-5.3,0.0,2.9,0.0,11.62,8.4,
20260108,-5.1,-1.1,-8.2,0.0,2.4,0.0,12.14,7.1,
20260109,-0.3,4.6,-6.7,0.0,2.2,0.0,5.58,11.3,
20260110,2.0,7.4,-4.7,1.7,4.9,0.0,6.86,12.1,
20260111,-6.7,-3.6,-9.0,0.0,3.6,0.0,11.93,5.4,
20260112,-3.8,1.2,-10.2,2.7,2.1,0.0,5.07,11.4,
20260113,-3.3,1.9,-8.1,0.0,3.3,0.0,12.22,10.0,
20260114,-3.3,1.5,-9.4,0.0,2.3,0.0,10.36,10.9,
20260115,4.7,10.2,0.8,0.0,2.1,0.0,5.36,9.4,
20260116,3.6,9.4,0.9,0.0,1.9,0.0,9.05,8.5,
20260117,0.2,4.9,-2.8,0.0,2.2,0.0,11.08,7.7,
20260118,0.4,3.0,-3.7,0.0,1.5,0.0,2.46,6.7,
20260119,-3.9,1.5,-9.8,1.0,3.4,0.0,9.66,11.3,
20260120,-8.4,-3.3,-11.8,0.0,2.5,0.0,13.22,8.5,
20260121,-9.7,-5.2,-12.2,0.0,3.0,0.0,13.59,6.999999999999999,
20260122,-9.1,-4.2,-13.2,0.0,3.1,0.0,13.87,9.0,
20260123,-5.0,0.2,-11.4,2.2,1.4,0.0,11.78,11.6,
20260124,-5.3,-1.4,-8.8,0.0,2.8,0.0,13.91,7.4,
20260125,-6.0,-2.0,-9.3,0.0,2.3,0.0,13.75,7.300000000000001,
20260126,-4.2,-0.3,-8.0,0.0,1.8,0.0,7.72,7.7,
20260127,-4.4,-0.1,-7.4,0.0,2.7,0.0,13.71,7.300000000000001,
20260128,-5.4,-0.8,-9.4,0.0,2.5,0.0,14.0,8.6,
20260129,-5.2,-0.3,-8.7,0.0,2.9,0.0,14.46,8.399999999999999,
20260130,-6.4,-1.8,-9.2,0.0,2.3,0.0,12.83,7.399999999999999,
20260131,-4.1,1.7,-9.5,0.0,1.8,0.0,13.92,11.2,
20260201,-2.0,2.1,-7.1,0.0,2.1,0.0,13.94,9.2,
20260202,-2.1,1.0,-4.3,2.4,2.4,0.0,12.27,5.3,
20260203,-0.9,5.6,-7.6,0.0,1.7,0.0,14.27,13.2,
20260204,2.8,5.7,0.9,0.0,1.7,0.0,3.92,4.8,
20260205,3.6,10.1,-2.8,0.0,2.6,0.0,7.6,12.9,
20260206,-6.0,-2.4,-8.3,0.0,3.6,0.0,14.81,5.9,
20260207,-8.1,-4.0,-10.8,0.0,3.3,0.0,16.05,6.800000000000001,
20260208,-8.2,-3.5,-12.4,0.0,3.1,0.0,15.73,8.9,
20260209,-3.1,4.4,-10.1,0.0,1.7,0.0,15.5,14.5,
20260210,1.4,4.8,-2.5,0.8,1.5,0.0,4.19,7.3,
20260211,2.7,6.9,0.0,0.0,1.8,0.0,8.57,6.9,
20260212,2.8,8.5,-2.7,0.0,1.8,0.0,11.11,11.2,
20260213,5.3,7.8,3.5,0.0,1.1,0.0,3.35,4.3,
20260214,7.8,12.8,4.2,0.0,1.6,0.0,8.96,8.600000000000001,
20260215,6.6,11.6,0.6,0.0,2.7,0.0,13.73,11.0,
20260216,2.4,8.4,-1.6,0.0,2.5,0.0,16.57,10.0,
20260217,1.7,8.8,-3.3,0.0,2.4,0.0,17.87,12.1,
20260218,2.4,7.2,-0.7,0.0,2.5,0.0,17.29,7.9,
20260219,2.1,8.4,-3.3,0.0,1.8,0.0,17.46,11.7,
20260220,6.3,13.8,-1.0,0.0,2.3,0.0,15.3,14.8,
20260221,10.7,18.4,3.7,0.0,2.8,0.0,15.95,14.7,
20260222,8.4,12.5,0.9,0.0,3.8,0.0,9.78,11.6,
20260223,1.8,5.7,-1.4,0.0,2.9,0.0,15.43,7.1,
20260224,2.8,5.9,0.5,0.0,1.8,0.0,4.57,5.4,
20260225,7.4,16.1,-1.3,0.0,1.7,0.0,19.0,17.400000000000002,
20260226,8.3,13.7,3.1,0.0,2.0,0.0,13.25,10.6,
20260227,9.6,14.8,6.1,0.0,2.7,0.0,15.21,8.700000000000001,
20260228,9.3,17.2,2.2,0.0,2.0,0.0,18.03,15.0,
20260301,9.1,12.8,5.7,0.0,3.5,0.0,9.1,7.1000000000000005,
20260302,4.9,7.5,2.8,12.2,5.3,0.0,2.93,4.7,
20260303,5.9,11.8,2.0,1.3,2.9,0.0,14.33,9.8,
20260304,6.0,12.0,0.7,0.0,2.3,0.0,18.46,11.3,
20260305,6.0,13.2,1.4,15.5,2.3,0.0,12.74,11.8,
20260306,1.9,3.8,-0.4,0.0,2.9,0.0,5.02,4.2,
20260307,1.0,6.2,-2.9,0.0,2.6,0.0,21.1,9.1,
20260308,2.0,7.4,-3.4,0.0,2.2,0.0,19.07,10.8,
20260309,4.5,8.1,2.0,0.0,2.5,0.0,14.87,6.1,
20260310,3.9,10.0,-0.6,0.0,2.0,0.0,19.91,10.6,
20260311,4.5,10.0,0.1,0.0,2.1,0.0,15.33,9.9,
20260312,7.1,13.8,0.7,0.0,2.3,0.0,16.67,13.1,
20260313,7.6,13.6,2.3,0.0,2.7,0.0,20.97,11.3,
20260314,8.1,13.4,4.9,0.0,2.5,0.0,13.27,8.5,
20260315,7.4,11.4,4.2,0.1,2.0,0.0,9.38,7.2,
20260316,7.4,13.8,1.8,0.0,1.7,0.0,17.58,12.0,
20260317,8.8,15.7,2.3,0.0,1.8,0.0,20.14,13.4,
20260318,6.8,9.4,4.2,4.8,2.0,0.0,6.42,5.2,
20260319,6.1,12.9,1.4,0.0,2.5,0.0,23.03,11.5,
20260320,7.5,13.9,2.5,0.0,2.3,0.0,19.53,11.4,
20260321,8.4,15.7,2.0,0.0,1.9,0.0,22.6,13.7,
20260322,11.0,18.6,5.5,0.0,1.9,0.0,20.2,13.1,
20260323,11.9,20.1,4.5,0.0,1.9,0.0,20.71,15.6,
20260324,12.9,18.7,8.2,0.0,2.3,0.0,19.39,10.5,
20260325,12.8,19.7,8.7,0.0,2.4,0.0,21.87,11.0,
20260326,12.1,19.5,6.6,0.0,2.2,0.0,21.27,12.9,
20260327,11.4,18.2,5.9,0.0,2.7,0.0,14.68,12.3,
20260328,12.2,20.5,6.0,0.0,2.2,0.0,22.53,14.5,
20260329,13.6,20.7,7.5,0.0,2.0,0.0,17.12,13.2,
20260330,16.0,21.2,11.0,1.8,1.8,0.0,9.8,10.2,
20260331,14.2,18.7,10.7,8.2,2.5,0.0,15.01,8.0,
20260401,13.3,18.0,9.3,0.0,2.4,0.0,13.36,8.7,
20260402,11.6,18.1,6.4,0.0,2.5,0.0,24.02,11.7,
20260403,14.7,22.3,7.3,0.0,2.2,0.0,19.27,15.0,
20260404,14.3,21.2,8.5,0.0,3.1,0.0,20.84,12.7,
20260405,11.5,17.2,7.2,2.1,2.5,0.0,19.92,10.0,
20260406,10.2,14.0,5.4,1.2,2.1,0.0,7.78,8.6,
20260407,8.2,14.0,3.3,0.0,3.0,0.0,26.6,10.7,
20260408,10.3,16.6,3.5,0.0,1.9,0.0,25.77,13.1,
20260409,10.6,12.3,8.7,18.9,3.0,0.0,3.07,3.6000000000000014,
20260410,10.3,12.7,8.8,5.1,3.3,0.0,3.76,3.899999999999999,
20260411,10.9,16.1,8.2,0.0,2.8,0.0,16.75,7.900000000000002,
20260412,14.9,23.8,6.1,0.0,2.0,0.0,25.93,17.700000000000003,
20260413,18.7,27.4,9.7,0.0,1.6,0.0,24.33,17.7,
20260414,20.7,28.0,14.3,0.0,2.0,0.0,22.85,13.7,
20260415,19.7,26.4,13.4,0.0,2.2,0.0,25.09,12.999999999999998,
20260416,19.8,27.3,12.8,0.0,2.7,0.0,25.5,14.5,
20260417,17.4,22.3,13.3,0.0,2.5,0.0,16.97,9.0,
20260418,19.2,27.3,11.0,0.0,1.8,0.0,25.92,16.3,
20260419,21.6,29.4,14.5,0.0,2.2,0.0,25.5,14.9,
20260420,13.4,17.8,9.1,0.8,2.9,0.0,7.46,8.700000000000001,
20260421,12.2,17.9,7.1,0.0,2.6,0.0,20.68,10.8,
20260422,14.2,20.1,9.8,0.0,2.1,0.0,17.59,10.3,
20260423,17.0,24.6,10.0,0.0,2.6,0.0,24.99,14.6,
20260424,18.0,26.9,9.5,0.0,2.1,0.0,28.61,17.4,
20260425,18.2,26.3,11.3,0.0,2.1,0.0,27.73,15.0,
20260426,17.8,25.2,11.3,0.0,2.2,0.0,27.96,13.9,
20260427,16.2,23.0,12.6,1.5,1.9,0.0,16.04,10.4,
20260428,13.3,16.6,11.4,0.2,2.8,0.0,10.52,5.200000000000001,
20260429,14.9,21.7,8.6,0.0,2.0,0.0,27.16,13.1,
20260430,17.4,24.4,10.9,0.0,2.4,0.0,28.44,13.499999999999998,
20260501,17.8,24.3,13.6,0.0,3.6,0.0,26.82,10.7,
20260502,17.3,22.4,12.8,1.4,2.1,0.0,13.76,9.599999999999998,
20260503,13.0,15.5,11.7,14.8,2.0,0.0,3.85,3.8000000000000007,
20260504,13.7,19.9,8.1,1.8,3.2,0.0,28.67,11.8,
20260505,14.5,21.2,8.4,0.0,2.4,0.0,30.33,12.8,
20260506,16.9,23.8,9.1,0.0,2.5,0.0,27.91,14.7,
20260507,15.4,20.3,13.0,2.7,2.6,0.0,11.3,7.300000000000001,
20260508,15.2,20.4,9.8,0.0,3.2,0.0,29.43,10.599999999999998,
20260509,15.9,22.7,9.7,0.0,2.2,0.0,28.55,13.0,
20260510,17.1,24.5,10.0,0.0,2.4,0.0,27.64,14.5,
20260511,16.8,20.9,12.9,0.9,2.0,0.0,7.7,7.999999999999998,
20260512,19.1,24.5,15.4,18.1,1.8,0.0,21.17,9.1,
20260513,19.7,26.2,13.4,0.0,2.0,0.0,28.33,12.8,
20260514,23.5,31.5,15.1,0.0,1.7,0.0,28.12,16.4,
20260515,24.2,31.3,18.3,0.0,1.9,0.0,28.34,13.0,
20260516,23.1,29.9,17.5,0.0,2.2,0.0,30.02,12.4,
20260517,22.6,29.4,16.2,0.0,1.9,0.0,29.69,13.2,
20260518,23.0,30.1,15.7,0.0,2.1,0.0,28.31,14.400000000000002,
20260519,22.1,25.5,19.8,0.0,1.9,0.0,10.02,5.699999999999999,
20260520,16.9,21.8,14.8,63.1,3.6,0.0,2.94,7.0,
20260521,17.0,20.2,14.7,14.0,3.4,0.0,7.66,5.5,
20260522,20.6,27.0,15.1,0.0,2.9,0.0,29.5,11.9,
20260523,19.2,24.7,16.0,0.0,2.2,0.0,20.7,8.7,
20260524,22.1,29.2,14.8,0.0,1.8,0.0,29.51,14.4,
20260525,24.4,29.8,17.9,0.0,1.9,0.0,24.64,11.900000000000002,
20260526,24.9,29.0,21.8,0.6,1.9,0.0,11.93,7.199999999999999,
20260527,22.3,25.1,20.1,2.5,2.5,0.0,7.89,5.0,
20260528,20.9,26.5,17.6,3.5,2.4,0.0,16.03,8.899999999999999,
20260529,21.5,26.9,16.6,0.0,2.4,0.0,30.39,10.299999999999995,
20260603,25.5,30.8,20.7,0.0,2.0,0.0,23.85,10.1,3.8
20260604,23.6,28.4,20.0,2.9,2.4,0.0,12.29,8.399999999999999,6.0
20260605,20.6,25.2,17.4,0.0,3.0,0.0,25.16,7.800000000000001,4.7
20260606,22.3,27.5,15.6,0.0,1.9,0.0,24.48,11.9,3.8
20260607,22.1,24.9,19.7,0.0,2.4,0.0,9.17,5.199999999999999,4.0
20260608,21.1,26.4,16.9,0.0,2.6,0.0,22.95,9.5,4.4
20260609,21.6,27.7,16.1,0.1,2.1,0.0,25.89,11.599999999999998,4.2
