날짜,품목명,평균가,1년전가격,2년전가격,3년전가격,표준가격
20210104,대추방울토마토,20981,22000,16555,15622,18651.08
20210105,대추방울토마토,20284,,15129,16692,18651.08
20210106,대추방울토마토,17744,22058,,13162,18651.08
20210107,대추방울토마토,16829,23266,15499,,18651.08
20210108,대추방울토마토,18660,21928,16909,14247,18651.08
20210109,대추방울토마토,16936,20627,19391,20139,18651.08
20210111,대추방울토마토,16188,22656,15942,22680,18838.3
20210112,대추방울토마토,18498,,16906,13658,18838.3
20210113,대추방울토마토,16819,22708,,15191,18838.3
20210114,대추방울토마토,17520,23731,15490,,18838.3
20210115,대추방울토마토,19124,23354,21003,16903,18838.3
20210116,대추방울토마토,19346,22154,19427,14282,18838.3
20210118,대추방울토마토,22142,21955,18397,16975,18838.3
20210119,대추방울토마토,22033,,20371,16358,18838.3
20210120,대추방울토마토,20425,20289,,16736,18838.3
20210121,대추방울토마토,19575,24349,18207,,19195.23
20210122,대추방울토마토,20543,18531,17145,17387,19195.23
20210123,대추방울토마토,19201,16321,16620,15953,19195.23
20210125,대추방울토마토,16959,,15555,21003,19195.23
20210126,대추방울토마토,18733,,18200,14771,19195.23
20210127,대추방울토마토,15989,,,14122,19195.23
20210128,대추방울토마토,17113,19031,16618,,19195.23
20210129,대추방울토마토,16893,17746,20611,14649,19195.23
20210130,대추방울토마토,16046,27330,18255,15511,19195.23
20210201,대추방울토마토,15306,14012,17050,13397,18375.85
20210202,대추방울토마토,17943,,16640,14486,18375.85
20210203,대추방울토마토,15207,14010,,14413,18375.85
20210204,대추방울토마토,14615,25705,21620,,18375.85
20210205,대추방울토마토,15828,15349,,15808,18375.85
20210206,대추방울토마토,15320,15344,,13750,18375.85
20210208,대추방울토마토,15627,18339,19866,13572,18375.85
20210209,대추방울토마토,17559,,16023,13954,18375.85
20210210,대추방울토마토,15483,16133,,14253,18375.85
20210211,대추방울토마토,17000,17268,17489,,19000.09
20210215,대추방울토마토,16334,17600,17894,12734,19000.09
20210216,대추방울토마토,17679,,19616,,19000.09
20210217,대추방울토마토,13599,17475,,,19000.09
20210218,대추방울토마토,13355,18295,15841,,19000.09
20210219,대추방울토마토,17414,17959,17232,13618,19000.09
20210220,대추방울토마토,15192,17643,18402,14144,19000.09
20210222,대추방울토마토,15463,18704,17199,12081,18551.37
20210223,대추방울토마토,18358,,22624,12264,18551.37
20210224,대추방울토마토,15909,18262,,12261,18551.37
20210225,대추방울토마토,14914,22484,18031,,18551.37
20210226,대추방울토마토,16795,22353,19786,12092,18551.37
20210227,대추방울토마토,21108,22539,16943,13151,18551.37
20210301,대추방울토마토,18953,,19537,12968,19014.27
20210302,대추방울토마토,18751,20498,19386,13254,19014.27
20210303,대추방울토마토,18338,19623,,18180,19014.27
20210304,대추방울토마토,18818,19483,19748,,19014.27
20210305,대추방울토마토,22974,19384,23014,14475,19014.27
20210306,대추방울토마토,24074,17956,19390,14004,19014.27
20210308,대추방울토마토,21954,,19031,13876,19014.27
20210309,대추방울토마토,22868,18235,21957,14248,19014.27
20210310,대추방울토마토,21788,18707,,15689,19014.27
20210311,대추방울토마토,23056,17427,19270,,18349.25
20210312,대추방울토마토,25986,17433,21138,14490,18349.25
20210313,대추방울토마토,24227,16743,19689,14866,18349.25
20210315,대추방울토마토,22965,,19416,14775,18349.25
20210316,대추방울토마토,23022,17661,20298,17145,18349.25
20210317,대추방울토마토,21921,18406,,18186,18349.25
20210318,대추방울토마토,20549,18248,19080,,18349.25
20210319,대추방울토마토,21665,16701,19059,14696,18349.25
20210320,대추방울토마토,18515,16344,18939,15043,18349.25
20210322,대추방울토마토,17673,,18431,15834,17957.96
20210323,대추방울토마토,18033,17416,18233,15825,17957.96
20210324,대추방울토마토,17905,17427,,15297,17957.96
20210325,대추방울토마토,15894,18332,18631,,17957.96
20210326,대추방울토마토,19501,17168,17970,15926,17957.96
20210327,대추방울토마토,17514,17790,17441,15393,17957.96
20210329,대추방울토마토,18380,,18531,15354,17957.96
20210330,대추방울토마토,19022,16886,17865,16735,17957.96
20210331,대추방울토마토,19915,18479,,14804,17957.96
20210401,대추방울토마토,19794,18635,17147,,17802.95
20210402,대추방울토마토,24641,16942,17424,15071,17802.95
20210403,대추방울토마토,24953,18863,16993,15136,17802.95
20210405,대추방울토마토,23755,,17053,16050,17802.95
20210406,대추방울토마토,21601,21861,16926,13741,17802.95
20210407,대추방울토마토,23532,21705,,14876,17802.95
20210408,대추방울토마토,19436,20562,18045,,17802.95
20210409,대추방울토마토,24866,19967,19850,15375,17802.95
20210410,대추방울토마토,19213,21162,19350,15967,17802.95
20210412,대추방울토마토,22090,,17880,16419,17672.95
20210413,대추방울토마토,21153,21898,17719,16794,17672.95
20210414,대추방울토마토,22689,21093,,16029,17672.95
20210415,대추방울토마토,20862,22256,18882,,17672.95
20210416,대추방울토마토,21707,18284,18310,15394,17672.95
20210417,대추방울토마토,22690,21142,18703,15546,17672.95
20210419,대추방울토마토,23467,,18547,16500,17672.95
20210420,대추방울토마토,23990,19531,17812,15643,17672.95
20210421,대추방울토마토,23183,18610,,15679,15600.59
20210422,대추방울토마토,16191,18942,18246,,15600.59
20210423,대추방울토마토,19305,16026,17929,16391,15600.59
20210424,대추방울토마토,15711,20753,17182,15774,15600.59
20210426,대추방울토마토,16999,,15700,15546,15600.59
20210427,대추방울토마토,15344,18655,14224,16514,15600.59
20210428,대추방울토마토,21216,17792,,15407,15600.59
20210429,대추방울토마토,15736,20303,15167,,15600.59
20210430,대추방울토마토,18461,17796,15233,15344,15600.59
20210501,대추방울토마토,15935,17691,15202,15135,14319.37
20210503,대추방울토마토,16968,,14836,14413,14319.37
20210504,대추방울토마토,18620,16585,14123,13707,14319.37
20210505,대추방울토마토,19383,16189,,13750,14319.37
20210506,대추방울토마토,16055,15478,13912,,14319.37
20210507,대추방울토마토,17472,14475,14809,14384,14319.37
20210508,대추방울토마토,16758,14080,14673,13530,14319.37
20210510,대추방울토마토,20502,,13783,13553,14319.37
20210511,대추방울토마토,20862,14239,13420,11333,12775.37
20210512,대추방울토마토,19178,12453,,10785,12775.37
20210513,대추방울토마토,18069,13858,13790,,12775.37
20210514,대추방울토마토,20768,15616,14892,13618,12775.37
20210515,대추방울토마토,18140,13994,13193,12507,12775.37
20210517,대추방울토마토,16814,,11451,12033,12775.37
20210518,대추방울토마토,17525,13939,9680,12038,12775.37
20210519,대추방울토마토,16497,14751,,11939,12775.37
20210520,대추방울토마토,16035,15594,11243,,12775.37
20210521,대추방울토마토,14632,14491,13256,12062,13793.64
20210522,대추방울토마토,14552,14988,13310,14534,13793.64
20210524,대추방울토마토,14359,,12916,12611,13793.64
20210525,대추방울토마토,12596,16387,13272,11278,13793.64
20210526,대추방울토마토,13474,15001,,12104,13793.64
20210527,대추방울토마토,13837,16571,13138,,13793.64
20210528,대추방울토마토,14061,15409,15910,11273,13793.64
20210529,대추방울토마토,12668,15652,14637,12117,13793.64
20210531,대추방울토마토,12787,,15152,11429,13793.64
20210601,대추방울토마토,14738,14745,12386,11965,12785.08
20210602,대추방울토마토,13146,16125,,12849,12785.08
20210603,대추방울토마토,13141,13909,15295,,12785.08
20210604,대추방울토마토,12955,15070,15502,11455,12785.08
20210605,대추방울토마토,11543,12806,14759,10756,12785.08
20210607,대추방울토마토,12940,,14207,9532,12785.08
20210608,대추방울토마토,13342,13369,12025,10523,12785.08
20210609,대추방울토마토,14090,14272,,11737,12785.08
20210610,대추방울토마토,15667,12090,15881,,12785.08
20210611,대추방울토마토,13927,12307,13532,11165,12939.69
20210612,대추방울토마토,16124,12695,12559,10848,12939.69
20210614,대추방울토마토,13395,,15554,12469,12939.69
20210615,대추방울토마토,13544,13492,13362,11398,12939.69
20210616,대추방울토마토,15711,13489,,10520,12939.69
20210617,대추방울토마토,13580,12172,12486,,12939.69
20210618,대추방울토마토,13222,13185,12553,10172,12939.69
20210619,대추방울토마토,12766,12581,13717,11074,12939.69
20210621,대추방울토마토,12874,,14472,9676,12336.59
20210622,대추방울토마토,12868,13783,11144,10784,12336.59
20210623,대추방울토마토,12649,10865,,9977,12336.59
20210624,대추방울토마토,11606,12020,12550,,12336.59
20210625,대추방울토마토,13853,11424,15297,10257,12336.59
20210626,대추방울토마토,13416,11277,11526,10232,12336.59
20210628,대추방울토마토,12551,,12674,9962,12336.59
20210629,대추방울토마토,12873,12419,10782,9180,12336.59
20210630,대추방울토마토,13731,12641,,10496,12336.59
20210701,대추방울토마토,12710,11909,11940,,12000.33
20210702,대추방울토마토,14302,12652,14569,11952,12000.33
20210703,대추방울토마토,15473,12852,10992,11076,12000.33
20210705,대추방울토마토,18234,,11942,9615,12000.33
20210706,대추방울토마토,18990,12316,10967,9582,12000.33
20210707,대추방울토마토,17285,11771,,10950,12000.33
20210708,대추방울토마토,17675,13892,10275,,12000.33
20210709,대추방울토마토,18476,13437,13920,11143,12000.33
20210710,대추방울토마토,14744,16064,11947,12070,12000.33
20210712,대추방울토마토,16374,,9825,13314,13542.8
20210713,대추방울토마토,16047,14362,10013,14212,13542.8
20210714,대추방울토마토,14129,15013,,14388,13542.8
20210715,대추방울토마토,15532,18082,11019,,13542.8
20210716,대추방울토마토,14472,20111,10122,14812,13542.8
20210717,대추방울토마토,16018,17021,11378,15829,13542.8
20210719,대추방울토마토,16670,,9461,15419,13542.8
20210720,대추방울토마토,14360,16815,9447,13543,13542.8
20210721,대추방울토마토,15529,17254,,14495,14566.84
20210722,대추방울토마토,14461,15923,12207,,14566.84
20210723,대추방울토마토,13959,17048,13499,14870,14566.84
20210724,대추방울토마토,15637,16794,12487,15568,14566.84
20210726,대추방울토마토,15767,,11558,13658,14566.84
20210727,대추방울토마토,15746,18289,10435,13105,14566.84
20210728,대추방울토마토,13914,18796,,15559,14566.84
20210729,대추방울토마토,14410,21081,12863,,14566.84
20210730,대추방울토마토,13846,18170,11358,16256,14566.84
20210731,대추방울토마토,14623,17741,11050,13889,14566.84
20210802,대추방울토마토,13568,,15836,14406,15342.67
20210803,대추방울토마토,13636,16565,,17774,15342.67
20210804,대추방울토마토,13446,14062,,,15342.67
20210805,대추방울토마토,15367,14064,13266,,15342.67
20210806,대추방울토마토,20546,18853,12976,17552,15342.67
20210809,대추방울토마토,14964,,13069,13328,15342.67
20210810,대추방울토마토,14263,17381,14207,14395,15342.67
20210811,대추방울토마토,13347,14215,,14463,15571.64
20210812,대추방울토마토,14749,12530,15077,,15571.64
20210813,대추방울토마토,15669,15149,12970,13916,15571.64
20210814,대추방울토마토,15803,16223,13808,14012,15571.64
20210816,대추방울토마토,15402,,15511,14256,15571.64
20210817,대추방울토마토,16531,15913,14203,13715,15571.64
20210818,대추방울토마토,15543,16465,,19090,15571.64
20210819,대추방울토마토,16455,16769,12988,,15571.64
20210820,대추방울토마토,16989,17639,14910,17249,15571.64
20210821,대추방울토마토,19740,17339,12345,15951,17360.69
20210823,대추방울토마토,18307,,11640,14282,17360.69
20210824,대추방울토마토,18371,16698,11298,17819,17360.69
20210825,대추방울토마토,19632,19293,,20408,17360.69
20210826,대추방울토마토,23119,17554,12592,,17360.69
20210827,대추방울토마토,26735,18526,13220,16100,17360.69
20210828,대추방울토마토,28197,18250,12160,15320,17360.69
20210830,대추방울토마토,23045,,14032,17693,17360.69
20210831,대추방울토마토,20268,19326,15065,19080,17360.69
20210901,대추방울토마토,22108,18841,,19647,19436.62
20210902,대추방울토마토,25279,18541,16821,,19436.62
20210903,대추방울토마토,24569,19864,17625,21288,19436.62
20210904,대추방울토마토,26099,22666,17416,21186,19436.62
20210906,대추방울토마토,26472,,14949,24015,19436.62
20210907,대추방울토마토,25705,19950,16185,26559,19436.62
20210908,대추방울토마토,24444,19511,,22474,19436.62
20210909,대추방울토마토,23444,17413,20427,,19436.62
20210910,대추방울토마토,22253,18123,18294,21978,19436.62
20210911,대추방울토마토,28167,18950,18825,23237,21084.6
20210913,대추방울토마토,26509,,,29106,21084.6
20210914,대추방울토마토,22770,24901,,26433,21084.6
20210915,대추방울토마토,23323,28410,,25906,21084.6
20210916,대추방울토마토,22104,27863,18577,,21084.6
20210917,대추방울토마토,23730,30257,15287,23459,21084.6
20210918,대추방울토마토,29186,29022,16439,23878,21084.6
20210924,대추방울토마토,22284,26462,22150,,21530.56
20210925,대추방울토마토,20588,23790,19710,,21530.56
20210927,대추방울토마토,20657,,22247,23884,21530.56
20210928,대추방울토마토,20710,24093,28717,25537,21530.56
20210929,대추방울토마토,17884,23758,,24132,21530.56
20210930,대추방울토마토,16979,18660,26597,,21530.56
20211001,대추방울토마토,17252,,24366,22207,22772.75
20211002,대추방울토마토,17529,,24457,24759,22772.75
20211004,대추방울토마토,18568,,27943,24218,22772.75
20211005,대추방울토마토,19230,20503,26465,25103,22772.75
20211006,대추방울토마토,17998,21722,,26754,22772.75
20211007,대추방울토마토,17568,25918,26730,,22772.75
20211008,대추방울토마토,16928,26461,26270,27188,22772.75
20211009,대추방울토마토,16343,28263,23711,25068,22772.75
20211011,대추방울토마토,16369,,21350,23687,22149.27
20211012,대추방울토마토,14525,32648,18623,22583,22149.27
20211013,대추방울토마토,14531,31793,,24994,22149.27
20211014,대추방울토마토,14347,35486,19154,,22149.27
20211015,대추방울토마토,14798,37534,18920,26282,22149.27
20211016,대추방울토마토,13360,32979,17411,26360,22149.27
20211018,대추방울토마토,13629,,17930,28780,22149.27
20211019,대추방울토마토,13083,30576,18725,27588,22149.27
20211020,대추방울토마토,12615,30096,,25391,22149.27
20211021,대추방울토마토,12475,30248,18917,,20282.07
20211022,대추방울토마토,14691,28100,18880,22986,20282.07
20211023,대추방울토마토,15700,31444,17000,20934,20282.07
20211025,대추방울토마토,17254,,17590,20076,20282.07
20211026,대추방울토마토,19419,25262,18975,18366,20282.07
20211027,대추방울토마토,21440,25850,,16667,20282.07
20211028,대추방울토마토,24440,25329,22187,,20282.07
20211029,대추방울토마토,25336,24822,18841,17281,20282.07
20211030,대추방울토마토,24692,25868,17201,17322,20282.07
20211101,대추방울토마토,22616,,14715,16308,18934.72
20211102,대추방울토마토,23562,24721,14529,16035,18934.72
20211103,대추방울토마토,22952,24128,,16291,18934.72
20211104,대추방울토마토,21803,20963,14523,,18934.72
20211105,대추방울토마토,22509,26139,14570,17976,18934.72
20211106,대추방울토마토,22361,23109,14534,19066,18934.72
20211108,대추방울토마토,23441,,17570,17622,18934.72
20211109,대추방울토마토,25357,21854,16019,18115,18934.72
20211110,대추방울토마토,22561,19735,,18282,18934.72
20211111,대추방울토마토,21963,18082,16623,,17882.31
20211112,대추방울토마토,20864,17220,15944,19161,17882.31
20211113,대추방울토마토,20000,16346,16116,20792,17882.31
20211115,대추방울토마토,24778,,18339,22516,17882.31
20211116,대추방울토마토,25585,16410,18543,21372,17882.31
20211117,대추방울토마토,24100,15482,,21878,17882.31
20211118,대추방울토마토,22278,16658,18428,,17882.31
20211119,대추방울토마토,23297,16085,16551,20910,17882.31
20211120,대추방울토마토,22952,15739,17577,20434,17882.31
20211122,대추방울토마토,23111,,18227,17893,16477.1
20211123,대추방울토마토,23648,16917,18241,15891,16477.1
20211124,대추방울토마토,22855,17638,,14052,16477.1
20211125,대추방울토마토,21321,18039,19026,,16477.1
20211126,대추방울토마토,20434,15614,20500,14680,16477.1
20211127,대추방울토마토,19041,14957,22811,14206,16477.1
20211129,대추방울토마토,20426,,22498,12632,16477.1
20211130,대추방울토마토,18709,16218,21169,13230,16477.1
20211201,대추방울토마토,19466,16046,,13102,16872.87
20211202,대추방울토마토,19498,15203,24532,,16872.87
20211203,대추방울토마토,17756,15937,21642,14017,16872.87
20211204,대추방울토마토,16783,15515,20577,15147,16872.87
20211206,대추방울토마토,18480,,18697,13172,16872.87
20211207,대추방울토마토,18706,17058,24342,13572,16872.87
20211208,대추방울토마토,19741,16343,,14975,16872.87
20211209,대추방울토마토,17711,17345,21608,,16872.87
20211210,대추방울토마토,18676,16312,25678,14229,16872.87
20211211,대추방울토마토,19455,16927,20307,13442,16968.36
20211213,대추방울토마토,21213,,19809,16026,16968.36
20211214,대추방울토마토,21377,16516,18587,14819,16968.36
20211215,대추방울토마토,22054,18039,,15733,16968.36
20211216,대추방울토마토,20473,17369,16388,,16968.36
20211217,대추방울토마토,19502,16346,17522,16391,16968.36
20211218,대추방울토마토,21160,18806,16872,18373,16968.36
20211220,대추방울토마토,20310,,19637,17506,16968.36
20211221,대추방울토마토,20865,17294,16009,17110,18262.38
20211222,대추방울토마토,21388,16465,,18771,18262.38
20211223,대추방울토마토,22794,18051,21805,,18262.38
20211224,대추방울토마토,23476,15658,21003,19781,18262.38
20211225,대추방울토마토,24221,16972,17409,19110,18262.38
20211227,대추방울토마토,28282,,18130,17902,18262.38
20211228,대추방울토마토,27225,17689,20738,16115,18262.38
20211229,대추방울토마토,26216,20165,,17627,18262.38
20211230,대추방울토마토,27858,22110,20155,,18262.38
20211231,대추방울토마토,25864,20428,24836,19838,18262.38
20220103,대추방울토마토,27583,,22960,18569,19011.5
20220104,대추방울토마토,29742,20981,22000,16555,19011.5
20220105,대추방울토마토,26052,20284,,15129,19011.5
20220106,대추방울토마토,25726,17744,22058,,19011.5
20220107,대추방울토마토,22824,16829,23266,15499,19011.5
20220108,대추방울토마토,23680,18660,21928,16909,19011.5
20220110,대추방울토마토,24832,,23045,19404,19011.5
20220111,대추방울토마토,25120,16188,22656,15942,18711.43
20220112,대추방울토마토,21788,18498,,16906,18711.43
20220113,대추방울토마토,25981,16819,22708,,18711.43
20220114,대추방울토마토,21359,17520,23731,15490,18711.43
20220115,대추방울토마토,25825,19124,23354,21003,18711.43
20220117,대추방울토마토,24013,,21882,21830,18711.43
20220118,대추방울토마토,24876,22142,21955,18397,18711.43
20220119,대추방울토마토,23434,22033,,20371,18711.43
20220120,대추방울토마토,26175,20425,20289,,18711.43
20220121,대추방울토마토,21591,19575,24349,18207,17624.31
20220122,대추방울토마토,22014,20543,18531,17145,17624.31
20220124,대추방울토마토,21113,,13084,19477,17624.31
20220125,대추방울토마토,22403,16959,,15555,17624.31
20220126,대추방울토마토,21966,18733,,18200,17624.31
20220127,대추방울토마토,21646,15989,,,17624.31
20220128,대추방울토마토,22528,17113,19031,16618,17624.31
20220129,대추방울토마토,23426,16893,17746,20611,17624.31
20220204,대추방울토마토,22968,14615,25705,21620,16579.02
20220205,대추방울토마토,23165,15828,15349,,16579.02
20220207,대추방울토마토,23208,,14375,,16579.02
20220208,대추방울토마토,20164,15627,18339,19866,16579.02
20220209,대추방울토마토,24622,17559,,16023,16579.02
20220210,대추방울토마토,21545,15483,16133,,16579.02
20220211,대추방울토마토,21052,17000,17268,17489,16898.91
20220212,대추방울토마토,24455,,25712,17633,16898.91
20220214,대추방울토마토,25750,,16109,18566,16898.91
20220215,대추방울토마토,27074,16334,17600,17894,16898.91
20220216,대추방울토마토,27289,17679,,19616,16898.91
20220217,대추방울토마토,22495,13599,17475,,16898.91
20220218,대추방울토마토,23977,13355,18295,15841,16898.91
20220219,대추방울토마토,21609,17414,17959,17232,16898.91
20220221,대추방울토마토,22231,,16286,16761,17022.32
20220222,대추방울토마토,23226,15463,18704,17199,17022.32
20220223,대추방울토마토,22859,18358,,22624,17022.32
20220224,대추방울토마토,22227,15909,18262,,17022.32
20220225,대추방울토마토,21578,14914,22484,18031,17022.32
20220226,대추방울토마토,22824,16795,22353,19786,17022.32
20220228,대추방울토마토,24487,,23228,16406,17022.32
20220301,대추방울토마토,25561,18953,,19537,18099.82
20220302,대추방울토마토,23762,18751,20498,19386,18099.82
20220303,대추방울토마토,24395,18338,19623,,18099.82
20220304,대추방울토마토,24685,18818,19483,19748,18099.82
20220305,대추방울토마토,25531,22974,19384,23014,18099.82
20220307,대추방울토마토,23952,,18988,18428,18099.82
20220308,대추방울토마토,24627,21954,,19031,18099.82
20220309,대추방울토마토,22602,22868,18235,21957,18099.82
20220310,대추방울토마토,24227,21788,18707,,18099.82
20220311,대추방울토마토,25122,23056,17427,19270,18187.94
20220312,대추방울토마토,22744,25986,17433,21138,18187.94
20220314,대추방울토마토,25313,,17450,19075,18187.94
20220315,대추방울토마토,28008,22965,,19416,18187.94
20220316,대추방울토마토,25405,23022,17661,20298,18187.94
20220317,대추방울토마토,23705,21921,18406,,18187.94
20220318,대추방울토마토,26683,20549,18248,19080,18187.94
20220319,대추방울토마토,27426,21665,16701,19059,18187.94
20220321,대추방울토마토,27106,,17788,18570,17394.9
20220322,대추방울토마토,33042,17673,,18431,17394.9
20220323,대추방울토마토,29699,18033,17416,18233,17394.9
20220324,대추방울토마토,28044,17905,17427,,17394.9
20220325,대추방울토마토,31266,15894,18332,18631,17394.9
20220326,대추방울토마토,26858,19501,17168,17970,17394.9
20220328,대추방울토마토,27537,,16950,18854,17394.9
20220329,대추방울토마토,29354,18380,,18531,17394.9
20220330,대추방울토마토,27423,19022,16886,17865,17394.9
20220331,대추방울토마토,25041,19915,18479,,17394.9
20220401,대추방울토마토,25737,19794,18635,17147,18677.13
20220402,대추방울토마토,23600,24641,16942,17424,18677.13
20220404,대추방울토마토,24442,,20724,17084,18677.13
20220405,대추방울토마토,22917,23755,,17053,18677.13
20220406,대추방울토마토,22846,21601,21861,16926,18677.13
20220407,대추방울토마토,21207,23532,21705,,18677.13
20220408,대추방울토마토,21132,19436,20562,18045,18677.13
20220409,대추방울토마토,18232,24866,19967,19850,18677.13
20220411,대추방울토마토,20824,,21111,18905,18071.14
20220412,대추방울토마토,21909,22090,,17880,18071.14
20220413,대추방울토마토,19292,21153,21898,17719,18071.14
20220414,대추방울토마토,17202,22689,21093,,18071.14
20220415,대추방울토마토,20175,20862,22256,18882,18071.14
20220416,대추방울토마토,18246,21707,18284,18310,18071.14
20220418,대추방울토마토,20124,,23351,17612,18071.14
20220419,대추방울토마토,22620,23467,,18547,18071.14
20220420,대추방울토마토,21161,23990,19531,17812,18071.14
20220421,대추방울토마토,19199,23183,18610,,16186.39
20220422,대추방울토마토,21541,16191,18942,18246,16186.39
20220423,대추방울토마토,19294,19305,16026,17929,16186.39
20220425,대추방울토마토,21978,,20541,15588,16186.39
20220426,대추방울토마토,21397,16999,,15700,16186.39
20220427,대추방울토마토,19611,15344,18655,14224,16186.39
20220428,대추방울토마토,19004,21216,17792,,16186.39
20220429,대추방울토마토,17033,15736,20303,15167,16186.39
20220430,대추방울토마토,17252,18461,17796,15233,16186.39
20220502,대추방울토마토,19270,,15369,15022,15109.53
20220503,대추방울토마토,19987,16968,,14836,15109.53
20220504,대추방울토마토,17400,18620,16585,14123,15109.53
20220505,대추방울토마토,18769,19383,16189,,15109.53
20220506,대추방울토마토,17348,16055,15478,13912,15109.53
20220507,대추방울토마토,16079,17472,14475,14809,15109.53
20220509,대추방울토마토,18803,,12120,13473,15109.53
20220510,대추방울토마토,18567,20502,,13783,15109.53
20220511,대추방울토마토,19601,20862,14239,13420,14090.3
20220512,대추방울토마토,17053,19178,12453,,14090.3
20220513,대추방울토마토,16301,18069,13858,13790,14090.3
20220514,대추방울토마토,15557,20768,15616,14892,14090.3
20220516,대추방울토마토,20058,,13463,13008,14090.3
20220517,대추방울토마토,15453,16814,,11451,14090.3
20220518,대추방울토마토,16769,17525,13939,9680,14090.3
20220519,대추방울토마토,13788,16497,14751,,14090.3
20220520,대추방울토마토,13251,16035,15594,11243,14090.3
20220521,대추방울토마토,14630,14632,14491,13256,14005.99
20220523,대추방울토마토,16999,,16289,13881,14005.99
20220524,대추방울토마토,17052,14359,,12916,14005.99
20220525,대추방울토마토,15966,12596,16387,13272,14005.99
20220526,대추방울토마토,15232,13474,15001,,14005.99
20220527,대추방울토마토,15764,13837,16571,13138,14005.99
20220528,대추방울토마토,17992,14061,15409,15910,14005.99
20220530,대추방울토마토,16820,,13906,15682,14005.99
20220531,대추방울토마토,16232,12787,,15152,14005.99
20220601,대추방울토마토,14452,14738,14745,12386,13326.01
20220602,대추방울토마토,18486,13146,16125,,13326.01
20220603,대추방울토마토,15065,13141,13909,15295,13326.01
20220604,대추방울토마토,14905,12955,15070,15502,13326.01
20220606,대추방울토마토,15463,,13379,13540,13326.01
20220607,대추방울토마토,17023,12940,,14207,13326.01
20220608,대추방울토마토,14409,13342,13369,12025,13326.01
20220609,대추방울토마토,15047,14090,14272,,13326.01
20220610,대추방울토마토,14014,15667,12090,15881,13326.01
20220611,대추방울토마토,13990,13927,12307,13532,13445.71
20220613,대추방울토마토,15187,,13374,16504,13445.71
20220614,대추방울토마토,14127,13395,,15554,13445.71
20220615,대추방울토마토,13863,13544,13492,13362,13445.71
20220616,대추방울토마토,12836,15711,13489,,13445.71
20220617,대추방울토마토,12849,13580,12172,12486,13445.71
20220618,대추방울토마토,11726,13222,13185,12553,13445.71
20220620,대추방울토마토,12444,,12572,14895,13445.71
20220621,대추방울토마토,12685,12874,,14472,12548.43
20220622,대추방울토마토,11107,12868,13783,11144,12548.43
20220623,대추방울토마토,11147,12649,10865,,12548.43
20220624,대추방울토마토,10988,11606,12020,12550,12548.43
20220625,대추방울토마토,12126,13853,11424,15297,12548.43
20220627,대추방울토마토,12831,,11167,13866,12548.43
20220628,대추방울토마토,11665,12551,,12674,12548.43
20220629,대추방울토마토,10952,12873,12419,10782,12548.43
20220630,대추방울토마토,10752,13731,12641,,12548.43
20220701,대추방울토마토,11281,12710,11909,11940,12758.74
20220702,대추방울토마토,13103,14302,12652,14569,12758.74
20220704,대추방울토마토,14033,,13218,10305,12758.74
20220705,대추방울토마토,14611,18234,,11942,12758.74
20220706,대추방울토마토,14021,18990,12316,10967,12758.74
20220707,대추방울토마토,14737,17285,11771,,12758.74
20220708,대추방울토마토,15551,17675,13892,10275,12758.74
20220709,대추방울토마토,15351,18476,13437,13920,12758.74
20220711,대추방울토마토,15066,,14858,10587,14003.14
20220712,대추방울토마토,16897,16374,,9825,14003.14
20220713,대추방울토마토,15573,16047,14362,10013,14003.14
20220714,대추방울토마토,16292,14129,15013,,14003.14
20220715,대추방울토마토,15458,15532,18082,11019,14003.14
20220716,대추방울토마토,15225,14472,20111,10122,14003.14
20220718,대추방울토마토,19725,,17688,9715,14003.14
20220719,대추방울토마토,19759,16670,,9461,14003.14
20220720,대추방울토마토,18104,14360,16815,9447,14003.14
20220721,대추방울토마토,16334,15529,17254,,14711.16
20220722,대추방울토마토,16858,14461,15923,12207,14711.16
20220723,대추방울토마토,18107,13959,17048,13499,14711.16
20220725,대추방울토마토,19234,,19443,12346,14711.16
20220726,대추방울토마토,22043,15767,,11558,14711.16
20220727,대추방울토마토,19576,15746,18289,10435,14711.16
20220728,대추방울토마토,18715,13914,18796,,14711.16
20220729,대추방울토마토,18207,14410,21081,12863,14711.16
20220730,대추방울토마토,23132,13846,18170,11358,14711.16
20220801,대추방울토마토,23721,,,10547,15355.23
20220802,대추방울토마토,26305,13568,,15836,15355.23
20220803,대추방울토마토,24174,13636,16565,,15355.23
20220804,대추방울토마토,28787,13446,14062,,15355.23
20220805,대추방울토마토,31631,15367,14064,13266,15355.23
20220806,대추방울토마토,31631,20546,18853,12976,15355.23
20220808,대추방울토마토,26381,,21134,12986,15355.23
20220809,대추방울토마토,21267,14964,,13069,15355.23
20220810,대추방울토마토,22160,14263,17381,14207,15355.23
20220811,대추방울토마토,22399,13347,14215,,15757.27
20220812,대추방울토마토,20964,14749,12530,15077,15757.27
20220813,대추방울토마토,20958,15669,15149,12970,15757.27
20220815,대추방울토마토,21057,,17252,11948,15757.27
20220816,대추방울토마토,21227,15402,,15511,15757.27
20220817,대추방울토마토,19232,16531,15913,14203,15757.27
20220818,대추방울토마토,19493,15543,16465,,15757.27
20220819,대추방울토마토,21147,16455,16769,12988,15757.27
20220820,대추방울토마토,23278,16989,17639,14910,15757.27
20220822,대추방울토마토,23201,,17463,11466,18661.65
20220823,대추방울토마토,24598,18307,,11640,18661.65
20220824,대추방울토마토,24259,18371,16698,11298,18661.65
20220825,대추방울토마토,23051,19632,19293,,18661.65
20220826,대추방울토마토,26236,23119,17554,12592,18661.65
20220827,대추방울토마토,24275,26735,18526,13220,18661.65
20220829,대추방울토마토,25459,,19311,13957,18661.65
20220830,대추방울토마토,25175,23045,,14032,18661.65
20220831,대추방울토마토,25476,20268,19326,15065,18661.65
20220901,대추방울토마토,29609,22108,18841,,21176.12
20220902,대추방울토마토,33495,25279,18541,16821,21176.12
20220903,대추방울토마토,35644,24569,19864,17625,21176.12
20220905,대추방울토마토,34540,,19909,16309,21176.12
20220906,대추방울토마토,29623,26472,,14949,21176.12
20220907,대추방울토마토,26861,25705,19950,16185,21176.12
20220908,대추방울토마토,30513,24444,19511,,21176.12
20220909,대추방울토마토,33686,23444,17413,20427,21176.12
20220913,대추방울토마토,27876,26509,,,23016.53
20220914,대추방울토마토,31624,22770,24901,,23016.53
20220915,대추방울토마토,29809,23323,28410,,23016.53
20220916,대추방울토마토,28323,22104,27863,18577,23016.53
20220917,대추방울토마토,30068,23730,30257,15287,23016.53
20220919,대추방울토마토,26457,,29098,17482,23016.53
20220920,대추방울토마토,25085,,,18479,23016.53
20220921,대추방울토마토,24204,,28294,18280,22267.37
20220922,대추방울토마토,25526,,27034,,22267.37
20220923,대추방울토마토,24353,,27212,20115,22267.37
20220924,대추방울토마토,22357,22284,26462,22150,22267.37
20220926,대추방울토마토,25739,,24112,18867,22267.37
20220927,대추방울토마토,24034,20657,,22247,22267.37
20220928,대추방울토마토,23383,20710,24093,28717,22267.37
20220929,대추방울토마토,23332,17884,23758,,22267.37
20220930,대추방울토마토,24076,16979,18660,26597,22267.37
20221001,대추방울토마토,25715,17252,,24366,21325.5
20221003,대추방울토마토,26153,,,26457,21325.5
20221004,대추방울토마토,27442,18568,,27943,21325.5
20221005,대추방울토마토,28443,19230,20503,26465,21325.5
20221006,대추방울토마토,34177,17998,21722,,21325.5
20221007,대추방울토마토,32118,17568,25918,26730,21325.5
20221008,대추방울토마토,29876,16928,26461,26270,21325.5
20221010,대추방울토마토,29732,,31813,18735,21325.5
20221011,대추방울토마토,30915,16369,,21350,19330.37
20221012,대추방울토마토,32902,14525,32648,18623,19330.37
20221013,대추방울토마토,34208,14531,31793,,19330.37
20221014,대추방울토마토,35492,14347,35486,19154,19330.37
20221015,대추방울토마토,35546,14798,37534,18920,19330.37
20221017,대추방울토마토,31828,,29064,17112,19330.37
20221018,대추방울토마토,30836,13629,,17930,19330.37
20221019,대추방울토마토,31326,13083,30576,18725,19330.37
20221020,대추방울토마토,29312,12615,30096,,19330.37
20221021,대추방울토마토,25399,12475,30248,18917,19809.74
20221022,대추방울토마토,24180,14691,28100,18880,19809.74
20221024,대추방울토마토,24333,,27761,18594,19809.74
20221025,대추방울토마토,24067,17254,,17590,19809.74
20221026,대추방울토마토,24099,19419,25262,18975,19809.74
20221027,대추방울토마토,22139,21440,25850,,19809.74
20221028,대추방울토마토,20700,24440,25329,22187,19809.74
20221029,대추방울토마토,17938,25336,24822,18841,19809.74
20221031,대추방울토마토,19018,,26018,15868,19809.74
20221101,대추방울토마토,19017,22616,,14715,18978.48
20221102,대추방울토마토,16877,23562,24721,14529,18978.48
20221103,대추방울토마토,15512,22952,24128,,18978.48
20221104,대추방울토마토,16125,21803,20963,14523,18978.48
20221105,대추방울토마토,16254,22509,26139,14570,18978.48
20221107,대추방울토마토,18223,,21913,16613,18978.48
20221108,대추방울토마토,20011,23441,,17570,18978.48
20221109,대추방울토마토,19817,25357,21854,16019,18978.48
20221110,대추방울토마토,17082,22561,19735,,18978.48
20221111,대추방울토마토,18576,21963,18082,16623,18340.67
20221112,대추방울토마토,18486,20864,17220,15944,18340.67
20221114,대추방울토마토,19007,,16748,18562,18340.67
20221115,대추방울토마토,23547,24778,,18339,18340.67
20221116,대추방울토마토,19968,25585,16410,18543,18340.67
20221117,대추방울토마토,19977,24100,15482,,18340.67
20221118,대추방울토마토,19302,22278,16658,18428,18340.67
20221119,대추방울토마토,16629,23297,16085,16551,18340.67
20221121,대추방울토마토,17397,,17078,18919,17394.55
20221122,대추방울토마토,18430,23111,,18227,17394.55
20221123,대추방울토마토,16742,23648,16917,18241,17394.55
20221124,대추방울토마토,17489,22855,17638,,17394.55
20221125,대추방울토마토,13619,21321,18039,19026,17394.55
20221126,대추방울토마토,12463,20434,15614,20500,17394.55
20221128,대추방울토마토,12433,,15323,23045,17394.55
20221129,대추방울토마토,12468,20426,,22498,17394.55
20221130,대추방울토마토,11819,18709,16218,21169,17394.55
20221201,대추방울토마토,12609,19466,16046,,16633.06
20221202,대추방울토마토,13141,19498,15203,24532,16633.06
20221203,대추방울토마토,12166,17756,15937,21642,16633.06
20221205,대추방울토마토,13441,,16645,19211,16633.06
20221206,대추방울토마토,16513,18480,,18697,16633.06
20221207,대추방울토마토,15604,18706,17058,24342,16633.06
20221208,대추방울토마토,15480,19741,16343,,16633.06
20221209,대추방울토마토,15706,17711,17345,21608,16633.06
20221210,대추방울토마토,15425,18676,16312,25678,16633.06
20221212,대추방울토마토,16990,,17703,23378,17021.01
20221213,대추방울토마토,15961,21213,,19809,17021.01
20221214,대추방울토마토,18461,21377,16516,18587,17021.01
20221215,대추방울토마토,15120,22054,18039,,17021.01
20221216,대추방울토마토,16197,20473,17369,16388,17021.01
20221217,대추방울토마토,14020,19502,16346,17522,17021.01
20221219,대추방울토마토,15369,,19926,17036,17021.01
20221220,대추방울토마토,14182,20310,,19637,17021.01
20221221,대추방울토마토,14467,20865,17294,16009,18777.48
20221222,대추방울토마토,15252,21388,16465,,18777.48
20221223,대추방울토마토,15965,22794,18051,21805,18777.48
20221224,대추방울토마토,16888,23476,15658,21003,18777.48
20221226,대추방울토마토,18729,,20518,18667,18777.48
20221227,대추방울토마토,19595,28282,,18130,18777.48
20221228,대추방울토마토,19103,27225,17689,20738,18777.48
20221229,대추방울토마토,17526,26216,20165,,18777.48
20221230,대추방울토마토,18103,27858,22110,20155,18777.48
20221231,대추방울토마토,20249,25864,20428,24836,18777.48
20230103,대추방울토마토,20849,27583,,22960,19792.83
20230104,대추방울토마토,18150,29742,20981,22000,19792.83
20230105,대추방울토마토,16291,26052,20284,,19792.83
20230106,대추방울토마토,16337,25726,17744,22058,19792.83
20230107,대추방울토마토,15986,22824,16829,23266,19792.83
20230109,대추방울토마토,14359,,16936,20627,19792.83
20230110,대추방울토마토,14725,24832,,23045,19792.83
20230111,대추방울토마토,14414,25120,16188,22656,19916.01
20230112,대추방울토마토,17793,21788,18498,,19916.01
20230113,대추방울토마토,14517,25981,16819,22708,19916.01
20230114,대추방울토마토,14758,21359,17520,23731,19916.01
20230116,대추방울토마토,14070,,19346,22154,19916.01
20230117,대추방울토마토,14888,24013,,21882,19916.01
20230118,대추방울토마토,14461,24876,22142,21955,19916.01
20230119,대추방울토마토,15276,23434,22033,,19916.01
20230120,대추방울토마토,14117,26175,20425,20289,19916.01
20230121,대추방울토마토,17745,21591,19575,24349,18265.35
20230125,대추방울토마토,14412,22403,16959,,18265.35
20230126,대추방울토마토,15057,21966,18733,,18265.35
20230127,대추방울토마토,14875,21646,15989,,18265.35
20230128,대추방울토마토,15720,22528,17113,19031,18265.35
20230130,대추방울토마토,16299,,16046,27330,18265.35
20230131,대추방울토마토,15978,,,15395,18265.35
20230201,대추방울토마토,16054,,15306,14012,17285.96
20230202,대추방울토마토,16073,,17943,,17285.96
20230203,대추방울토마토,18405,,15207,14010,17285.96
20230204,대추방울토마토,17990,22968,14615,25705,17285.96
20230206,대추방울토마토,19098,,15320,15344,17285.96
20230207,대추방울토마토,21819,23208,,14375,17285.96
20230208,대추방울토마토,20731,20164,15627,18339,17285.96
20230209,대추방울토마토,19200,24622,17559,,17285.96
20230210,대추방울토마토,17777,21545,15483,16133,17285.96
20230211,대추방울토마토,19403,21052,17000,17268,17955.47
20230213,대추방울토마토,21211,,,18638,17955.47
20230214,대추방울토마토,22535,25750,,16109,17955.47
20230215,대추방울토마토,22292,27074,16334,17600,17955.47
20230216,대추방울토마토,20918,27289,17679,,17955.47
20230217,대추방울토마토,24897,22495,13599,17475,17955.47
20230218,대추방울토마토,26385,23977,13355,18295,17955.47
20230220,대추방울토마토,25303,,15192,17643,17955.47
20230221,대추방울토마토,25714,22231,,16286,18086.75
20230222,대추방울토마토,26082,23226,15463,18704,18086.75
20230223,대추방울토마토,26173,22859,18358,,18086.75
20230224,대추방울토마토,27188,22227,15909,18262,18086.75
20230225,대추방울토마토,24522,21578,14914,22484,18086.75
20230227,대추방울토마토,24762,,21108,22539,18086.75
20230228,대추방울토마토,24964,24487,,23228,18086.75
20230301,대추방울토마토,26250,25561,18953,,19773.57
20230302,대추방울토마토,25408,23762,18751,20498,19773.57
20230303,대추방울토마토,25088,24395,18338,19623,19773.57
20230304,대추방울토마토,26453,24685,18818,19483,19773.57
20230306,대추방울토마토,25922,,24074,17956,19773.57
20230307,대추방울토마토,26456,23952,,18988,19773.57
20230308,대추방울토마토,24924,24627,21954,,19773.57
20230309,대추방울토마토,22655,22602,22868,18235,19773.57
20230310,대추방울토마토,22984,24227,21788,18707,19773.57
20230311,대추방울토마토,22064,25122,23056,17427,20119.97
20230313,대추방울토마토,23477,,24227,16743,20119.97
20230314,대추방울토마토,24592,25313,,17450,20119.97
20230315,대추방울토마토,25422,28008,22965,,20119.97
20230316,대추방울토마토,24472,25405,23022,17661,20119.97
20230317,대추방울토마토,29634,23705,21921,18406,20119.97
20230318,대추방울토마토,28118,26683,20549,18248,20119.97
20230320,대추방울토마토,29290,,18515,16344,20119.97
20230321,대추방울토마토,28106,27106,,17788,19620.31
20230322,대추방울토마토,26237,33042,17673,,19620.31
20230323,대추방울토마토,26683,29699,18033,17416,19620.31
20230324,대추방울토마토,31931,28044,17905,17427,19620.31
20230325,대추방울토마토,36012,31266,15894,18332,19620.31
20230327,대추방울토마토,32033,,17514,17790,19620.31
20230328,대추방울토마토,31379,27537,,16950,19620.31
20230329,대추방울토마토,31152,29354,18380,,19620.31
20230330,대추방울토마토,35824,27423,19022,16886,19620.31
20230331,대추방울토마토,30808,25041,19915,18479,19620.31
20230401,대추방울토마토,24038,25737,19794,18635,19576.24
20230403,대추방울토마토,27441,,24953,18863,19576.24
20230404,대추방울토마토,21073,24442,,20724,19576.24
20230405,대추방울토마토,18184,22917,23755,,19576.24
20230406,대추방울토마토,17569,22846,21601,21861,19576.24
20230407,대추방울토마토,17296,21207,23532,21705,19576.24
20230408,대추방울토마토,15443,21132,19436,20562,19576.24
20230410,대추방울토마토,17664,,19213,21162,19576.24
20230411,대추방울토마토,16183,20824,,21111,19581.63
20230412,대추방울토마토,17268,21909,22090,,19581.63
20230413,대추방울토마토,16128,19292,21153,21898,19581.63
20230414,대추방울토마토,17442,17202,22689,21093,19581.63
20230415,대추방울토마토,14836,20175,20862,22256,19581.63
20230417,대추방울토마토,15908,,22690,21142,19581.63
20230418,대추방울토마토,15246,20124,,23351,19581.63
20230419,대추방울토마토,17288,22620,23467,,19581.63
20230420,대추방울토마토,15882,21161,23990,19531,19581.63
20230421,대추방울토마토,17045,19199,23183,18610,17732.06
20230422,대추방울토마토,16539,21541,16191,18942,17732.06
20230424,대추방울토마토,16690,,15711,20753,17732.06
20230425,대추방울토마토,15377,21978,,20541,17732.06
20230426,대추방울토마토,16698,21397,16999,,17732.06
20230427,대추방울토마토,16578,19611,15344,18655,17732.06
20230428,대추방울토마토,16300,19004,21216,17792,17732.06
20230429,대추방울토마토,14222,17033,15736,20303,17732.06
20230501,대추방울토마토,14573,,15935,17691,15912.35
20230502,대추방울토마토,13533,19270,,15369,15912.35
20230503,대추방울토마토,14023,19987,16968,,15912.35
20230504,대추방울토마토,13583,17400,18620,16585,15912.35
20230505,대추방울토마토,13454,18769,19383,16189,15912.35
20230506,대추방울토마토,12761,17348,16055,15478,15912.35
20230508,대추방울토마토,14643,,16758,14080,15912.35
20230509,대추방울토마토,13327,18803,,12120,15912.35
20230510,대추방울토마토,14725,18567,20502,,15912.35
20230511,대추방울토마토,13975,19601,20862,14239,14627.57
20230512,대추방울토마토,16397,17053,19178,12453,14627.57
20230513,대추방울토마토,12051,16301,18069,13858,14627.57
20230515,대추방울토마토,13713,,18140,13994,14627.57
20230516,대추방울토마토,15048,20058,,13463,14627.57
20230517,대추방울토마토,12713,15453,16814,,14627.57
20230518,대추방울토마토,12768,16769,17525,13939,14627.57
20230519,대추방울토마토,13155,13788,16497,14751,14627.57
20230520,대추방울토마토,15254,13251,16035,15594,14627.57
20230522,대추방울토마토,15313,,14552,14988,14188.63
20230523,대추방울토마토,13958,16999,,16289,14188.63
20230524,대추방울토마토,13415,17052,14359,,14188.63
20230525,대추방울토마토,11631,15966,12596,16387,14188.63
20230526,대추방울토마토,15650,15232,13474,15001,14188.63
20230527,대추방울토마토,16642,15764,13837,16571,14188.63
20230529,대추방울토마토,11864,,12668,15652,14188.63
20230530,대추방울토마토,15932,16820,,13906,14188.63
20230531,대추방울토마토,11907,16232,12787,,14188.63
20230601,대추방울토마토,12312,14452,14738,14745,13604.29
20230602,대추방울토마토,13017,18486,13146,16125,13604.29
20230603,대추방울토마토,17166,15065,13141,13909,13604.29
20230605,대추방울토마토,15093,,11543,12806,13604.29
20230606,대추방울토마토,15773,15463,,13379,13604.29
20230607,대추방울토마토,14622,17023,12940,,13604.29
20230608,대추방울토마토,14348,14409,13342,13369,13604.29
20230609,대추방울토마토,14246,15047,14090,14272,13604.29
20230610,대추방울토마토,14653,14014,15667,12090,13604.29
20230612,대추방울토마토,15198,,16124,12695,13014.03
20230613,대추방울토마토,16278,15187,,13374,13014.03
20230614,대추방울토마토,14674,14127,13395,,13014.03
20230615,대추방울토마토,12709,13863,13544,13492,13014.03
20230616,대추방울토마토,12596,12836,15711,13489,13014.03
20230617,대추방울토마토,13769,12849,13580,12172,13014.03
20230619,대추방울토마토,14049,,12766,12581,13014.03
20230620,대추방울토마토,15135,12444,,12572,13014.03
20230621,대추방울토마토,14340,12685,12874,,11868.23
20230622,대추방울토마토,15040,11107,12868,13783,11868.23
20230623,대추방울토마토,15460,11147,12649,10865,11868.23
20230624,대추방울토마토,16555,10988,11606,12020,11868.23
20230626,대추방울토마토,15613,,13416,11277,11868.23
20230627,대추방울토마토,15384,12831,,11167,11868.23
20230628,대추방울토마토,17014,11665,12551,,11868.23
20230629,대추방울토마토,15610,10952,12873,12419,11868.23
20230630,대추방울토마토,16601,10752,13731,12641,11868.23
20230701,대추방울토마토,15954,11281,12710,11909,13129.86
20230703,대추방울토마토,16368,,15473,12852,13129.86
20230704,대추방울토마토,17577,14033,,13218,13129.86
20230705,대추방울토마토,17229,14611,18234,,13129.86
20230706,대추방울토마토,17764,14021,18990,12316,13129.86
20230707,대추방울토마토,16348,14737,17285,11771,13129.86
20230708,대추방울토마토,16591,15551,17675,13892,13129.86
20230710,대추방울토마토,16191,,14744,16064,13129.86
20230711,대추방울토마토,15165,15066,,14858,14477.13
20230712,대추방울토마토,14707,16897,16374,,14477.13
20230713,대추방울토마토,13994,15573,16047,14362,14477.13
20230714,대추방울토마토,14133,16292,14129,15013,14477.13
20230715,대추방울토마토,16292,15458,15532,18082,14477.13
20230717,대추방울토마토,18875,,16018,17021,14477.13
20230718,대추방울토마토,23575,19725,,17688,14477.13
20230719,대추방울토마토,24049,19759,16670,,14477.13
20230720,대추방울토마토,23472,18104,14360,16815,14477.13
20230721,대추방울토마토,22323,16334,15529,17254,15486.44
20230722,대추방울토마토,24165,16858,14461,15923,15486.44
20230724,대추방울토마토,23678,,15637,16794,15486.44
20230725,대추방울토마토,22029,19234,,19443,15486.44
20230726,대추방울토마토,20521,22043,15767,,15486.44
20230727,대추방울토마토,20239,19576,15746,18289,15486.44
20230728,대추방울토마토,19508,18715,13914,18796,15486.44
20230729,대추방울토마토,19593,18207,14410,21081,15486.44
20230731,대추방울토마토,21762,,14623,17741,15486.44
20230801,대추방울토마토,19055,23721,,,17036.91
20230802,대추방울토마토,19176,26305,13568,,17036.91
20230803,대추방울토마토,26982,24174,13636,16565,17036.91
20230804,대추방울토마토,35448,28787,13446,14062,17036.91
20230807,대추방울토마토,23423,,,18810,17036.91
20230808,대추방울토마토,25264,26381,,21134,17036.91
20230809,대추방울토마토,27868,21267,14964,,17036.91
20230810,대추방울토마토,28720,22160,14263,17381,17036.91
20230811,대추방울토마토,28083,22399,13347,14215,16255.37
20230812,대추방울토마토,29543,20964,14749,12530,16255.37
20230814,대추방울토마토,25831,,15803,16223,16255.37
20230815,대추방울토마토,25558,21057,,17252,16255.37
20230816,대추방울토마토,23820,21227,15402,,16255.37
20230817,대추방울토마토,23791,19232,16531,15913,16255.37
20230818,대추방울토마토,26101,19493,15543,16465,16255.37
20230819,대추방울토마토,26040,21147,16455,16769,16255.37
20230821,대추방울토마토,29616,,19740,17339,18446.1
20230822,대추방울토마토,30925,23201,,17463,18446.1
20230823,대추방울토마토,28996,24598,18307,,18446.1
20230824,대추방울토마토,25435,24259,18371,16698,18446.1
20230825,대추방울토마토,29232,23051,19632,19293,18446.1
20230826,대추방울토마토,25139,26236,23119,17554,18446.1
20230828,대추방울토마토,23685,,28197,18250,18446.1
20230829,대추방울토마토,24693,25459,,19311,18446.1
20230830,대추방울토마토,24960,25175,23045,,18446.1
20230831,대추방울토마토,24622,25476,20268,19326,18446.1
20230901,대추방울토마토,28155,29609,22108,18841,22946.41
20230902,대추방울토마토,29392,33495,25279,18541,22946.41
20230904,대추방울토마토,30071,,26099,22666,22946.41
20230905,대추방울토마토,33905,34540,,19909,22946.41
20230906,대추방울토마토,37723,29623,26472,,22946.41
20230907,대추방울토마토,40097,26861,25705,19950,22946.41
20230908,대추방울토마토,36283,30513,24444,19511,22946.41
20230909,대추방울토마토,35599,33686,23444,17413,22946.41
20230911,대추방울토마토,38997,,28167,18950,24131.8
20230912,대추방울토마토,43938,,,19653,24131.8
20230913,대추방울토마토,44243,27876,26509,,24131.8
20230914,대추방울토마토,42064,31624,22770,24901,24131.8
20230915,대추방울토마토,37677,29809,23323,28410,24131.8
20230916,대추방울토마토,41297,28323,22104,27863,24131.8
20230918,대추방울토마토,35339,,29186,29022,24131.8
20230919,대추방울토마토,36935,26457,,29098,24131.8
20230920,대추방울토마토,29984,25085,,,24131.8
20230921,대추방울토마토,32391,24204,,28294,23281.93
20230922,대추방울토마토,29875,25526,,27034,23281.93
20230923,대추방울토마토,35241,24353,,27212,23281.93
20230925,대추방울토마토,31077,,20588,23790,23281.93
20230926,대추방울토마토,26760,25739,,24112,23281.93
20230927,대추방울토마토,24307,24034,20657,,23281.93
20230928,대추방울토마토,24047,23383,20710,24093,23281.93
20231002,대추방울토마토,26364,,17529,,23968.96
20231003,대추방울토마토,24762,26153,,,23968.96
20231004,대추방울토마토,24698,27442,18568,,23968.96
20231005,대추방울토마토,23480,28443,19230,20503,23968.96
20231006,대추방울토마토,24570,34177,17998,21722,23968.96
20231007,대추방울토마토,25814,32118,17568,25918,23968.96
20231009,대추방울토마토,26638,,16343,28263,23968.96
20231010,대추방울토마토,25927,29732,,31813,23968.96
20231011,대추방울토마토,28014,30915,16369,,23112.23
20231012,대추방울토마토,29379,32902,14525,32648,23112.23
20231013,대추방울토마토,29892,34208,14531,31793,23112.23
20231014,대추방울토마토,32271,35492,14347,35486,23112.23
20231016,대추방울토마토,30073,,13360,32979,23112.23
20231017,대추방울토마토,29592,31828,,29064,23112.23
20231018,대추방울토마토,29664,30836,13629,,23112.23
20231019,대추방울토마토,29380,31326,13083,30576,23112.23
20231020,대추방울토마토,28779,29312,12615,30096,23112.23
20231021,대추방울토마토,26785,25399,12475,30248,21184.69
20231023,대추방울토마토,28039,,15700,31444,21184.69
20231024,대추방울토마토,30191,24333,,27761,21184.69
20231025,대추방울토마토,32026,24067,17254,,21184.69
20231026,대추방울토마토,30498,24099,19419,25262,21184.69
20231027,대추방울토마토,30000,22139,21440,25850,21184.69
20231028,대추방울토마토,31895,20700,24440,25329,21184.69
20231030,대추방울토마토,30053,,24692,25868,21184.69
20231031,대추방울토마토,30734,19018,,26018,21184.69
20231101,대추방울토마토,30927,19017,22616,,19482.88
20231102,대추방울토마토,30149,16877,23562,24721,19482.88
20231103,대추방울토마토,29768,15512,22952,24128,19482.88
20231106,대추방울토마토,28810,,22361,23109,19482.88
20231107,대추방울토마토,25851,18223,,21913,19482.88
20231108,대추방울토마토,24189,20011,23441,,19482.88
20231109,대추방울토마토,21762,19817,25357,21854,19482.88
20231110,대추방울토마토,23767,17082,22561,19735,19482.88
20231111,대추방울토마토,19267,18576,21963,18082,19324.7
20231113,대추방울토마토,21655,,20000,16346,19324.7
20231114,대추방울토마토,20719,19007,,16748,19324.7
20231115,대추방울토마토,18704,23547,24778,,19324.7
20231116,대추방울토마토,18517,19968,25585,16410,19324.7
20231117,대추방울토마토,19200,19977,24100,15482,19324.7
20231118,대추방울토마토,19779,19302,22278,16658,19324.7
20231120,대추방울토마토,20439,,22952,15739,19324.7
20231121,대추방울토마토,21587,17397,,17078,17262.82
20231122,대추방울토마토,22055,18430,23111,,17262.82
20231123,대추방울토마토,21159,16742,23648,16917,17262.82
20231124,대추방울토마토,23373,17489,22855,17638,17262.82
20231125,대추방울토마토,23000,13619,21321,18039,17262.82
20231127,대추방울토마토,25769,,19041,14957,17262.82
20231128,대추방울토마토,24808,12433,,15323,17262.82
20231129,대추방울토마토,25920,12468,20426,,17262.82
20231130,대추방울토마토,23656,11819,18709,16218,17262.82
20231201,대추방울토마토,24095,12609,19466,16046,16866.96
20231202,대추방울토마토,24095,13141,19498,15203,16866.96
20231204,대추방울토마토,25102,,16783,15515,16866.96
20231205,대추방울토마토,27481,13441,,16645,16866.96
20231206,대추방울토마토,25207,16513,18480,,16866.96
20231207,대추방울토마토,23397,15604,18706,17058,16866.96
20231208,대추방울토마토,25965,15480,19741,16343,16866.96
20231209,대추방울토마토,25000,15706,17711,17345,16866.96
20231211,대추방울토마토,24245,,19455,16927,17725.43
20231212,대추방울토마토,23895,16990,,17703,17725.43
20231213,대추방울토마토,24749,15961,21213,,17725.43
20231214,대추방울토마토,23327,18461,21377,16516,17725.43
20231215,대추방울토마토,24105,15120,22054,18039,17725.43
20231216,대추방울토마토,23558,16197,20473,17369,17725.43
20231218,대추방울토마토,26002,,21160,18806,17725.43
20231219,대추방울토마토,26845,15369,,19926,17725.43
20231220,대추방울토마토,26456,14182,20310,,17725.43
20231221,대추방울토마토,27422,14467,20865,17294,19651.15
20231222,대추방울토마토,26166,15252,21388,16465,19651.15
20231223,대추방울토마토,26501,15965,22794,18051,19651.15
20231225,대추방울토마토,27381,,24221,16972,19651.15
20231226,대추방울토마토,28246,18729,,20518,19651.15
20231227,대추방울토마토,28270,19595,28282,,19651.15
20231228,대추방울토마토,25969,19103,27225,17689,19651.15
20231229,대추방울토마토,27252,17526,26216,20165,19651.15
20231230,대추방울토마토,27410,18103,27858,22110,19651.15
20240103,대추방울토마토,26914,20849,27583,,20182.95
20240104,대추방울토마토,26443,18150,29742,20981,20182.95
20240105,대추방울토마토,25260,16291,26052,20284,20182.95
20240106,대추방울토마토,25378,16337,25726,17744,20182.95
20240108,대추방울토마토,26586,,23680,18660,20182.95
20240109,대추방울토마토,26760,14359,,16936,20182.95
20240110,대추방울토마토,25834,14725,24832,,20182.95
20240111,대추방울토마토,24221,14414,25120,16188,19484.68
20240112,대추방울토마토,22060,17793,21788,18498,19484.68
20240113,대추방울토마토,23764,14517,25981,16819,19484.68
20240115,대추방울토마토,26482,,25825,19124,19484.68
20240116,대추방울토마토,26245,14070,,19346,19484.68
20240117,대추방울토마토,24468,14888,24013,,19484.68
20240118,대추방울토마토,24821,14461,24876,22142,19484.68
20240119,대추방울토마토,23643,15276,23434,22033,19484.68
20240120,대추방울토마토,26617,14117,26175,20425,19484.68
20240122,대추방울토마토,28071,,22014,20543,18318.03
20240123,대추방울토마토,27440,,,19201,18318.03
20240124,대추방울토마토,27343,,21113,,18318.03
20240125,대추방울토마토,30206,14412,22403,16959,18318.03
20240126,대추방울토마토,29376,15057,21966,18733,18318.03
20240127,대추방울토마토,31875,14875,21646,15989,18318.03
20240129,대추방울토마토,31075,,23426,16893,18318.03
20240130,대추방울토마토,31279,16299,,16046,18318.03
20240131,대추방울토마토,32788,15978,,,18318.03
20240201,대추방울토마토,29539,16054,,15306,18232.52
20240202,대추방울토마토,28937,16073,,17943,18232.52
20240203,대추방울토마토,30230,18405,,15207,18232.52
20240205,대추방울토마토,30305,,23165,15828,18232.52
20240206,대추방울토마토,29099,19098,,15320,18232.52
20240207,대추방울토마토,27010,21819,23208,,18232.52
20240208,대추방울토마토,25849,20731,20164,15627,18232.52
20240209,대추방울토마토,26943,19200,24622,17559,18232.52
20240213,대추방울토마토,26890,21211,,,19775.4
20240214,대추방울토마토,24677,22535,25750,,19775.4
20240215,대추방울토마토,26107,22292,27074,16334,19775.4
20240216,대추방울토마토,21882,20918,27289,17679,19775.4
20240217,대추방울토마토,24757,24897,22495,13599,19775.4
20240219,대추방울토마토,23573,,21609,17414,19775.4
20240220,대추방울토마토,27253,25303,,15192,19775.4
20240221,대추방울토마토,26669,25714,22231,,20891.71
20240222,대추방울토마토,24967,26082,23226,15463,20891.71
20240223,대추방울토마토,27285,26173,22859,18358,20891.71
20240224,대추방울토마토,30276,27188,22227,15909,20891.71
20240226,대추방울토마토,30061,,22824,16795,20891.71
20240227,대추방울토마토,35936,24762,,21108,20891.71
20240228,대추방울토마토,34236,24964,24487,,20891.71
20240229,대추방울토마토,36692,,,,20891.71
20240301,대추방울토마토,38354,26250,25561,18953,22090.79
20240302,대추방울토마토,38354,25408,23762,18751,22090.79
20240304,대추방울토마토,37093,26453,24685,18818,22090.79
20240305,대추방울토마토,35883,,25531,22974,22090.79
20240306,대추방울토마토,33729,25922,,24074,22090.79
20240307,대추방울토마토,34128,26456,23952,,22090.79
20240308,대추방울토마토,33183,24924,24627,21954,22090.79
20240309,대추방울토마토,32183,22655,22602,22868,22090.79
20240311,대추방울토마토,30542,22064,25122,23056,22187.57
20240312,대추방울토마토,31716,,22744,25986,22187.57
20240313,대추방울토마토,30791,23477,,24227,22187.57
20240314,대추방울토마토,28088,24592,25313,,22187.57
20240315,대추방울토마토,26550,25422,28008,22965,22187.57
20240316,대추방울토마토,29455,24472,25405,23022,22187.57
20240318,대추방울토마토,30877,28118,26683,20549,22187.57
20240319,대추방울토마토,30442,,27426,21665,22187.57
20240320,대추방울토마토,28831,29290,,18515,22187.57
20240321,대추방울토마토,26782,28106,27106,,22776.93
20240322,대추방울토마토,30701,26237,33042,17673,22776.93
20240323,대추방울토마토,33725,26683,29699,18033,22776.93
20240325,대추방울토마토,29013,36012,31266,15894,22776.93
20240326,대추방울토마토,29396,,26858,19501,22776.93
20240327,대추방울토마토,29848,32033,,17514,22776.93
20240328,대추방울토마토,32057,31379,27537,,22776.93
20240329,대추방울토마토,32818,31152,29354,18380,22776.93
20240330,대추방울토마토,36095,35824,27423,19022,22776.93
20240401,대추방울토마토,36378,24038,25737,19794,20595.29
20240402,대추방울토마토,38129,,23600,24641,20595.29
20240403,대추방울토마토,40391,27441,,24953,20595.29
20240404,대추방울토마토,41748,21073,24442,,20595.29
20240405,대추방울토마토,42728,18184,22917,23755,20595.29
20240406,대추방울토마토,43080,17569,22846,21601,20595.29
20240408,대추방울토마토,43395,15443,21132,19436,20595.29
20240409,대추방울토마토,41352,,18232,24866,20595.29
20240410,대추방울토마토,34061,17664,,19213,20595.29
20240411,대추방울토마토,32104,16183,20824,,19648.97
20240412,대추방울토마토,31867,17268,21909,22090,19648.97
20240413,대추방울토마토,33714,16128,19292,21153,19648.97
20240415,대추방울토마토,26996,14836,20175,20862,19648.97
20240416,대추방울토마토,25751,,18246,21707,19648.97
20240417,대추방울토마토,25042,15908,,22690,19648.97
20240418,대추방울토마토,28562,15246,20124,,19648.97
20240419,대추방울토마토,26760,17288,22620,23467,19648.97
20240420,대추방울토마토,27756,15882,21161,23990,19648.97
20240422,대추방울토마토,26870,16539,21541,16191,17824.69
20240423,대추방울토마토,28177,,19294,19305,17824.69
20240424,대추방울토마토,25462,16690,,15711,17824.69
20240425,대추방울토마토,22445,15377,21978,,17824.69
20240426,대추방울토마토,23607,16698,21397,16999,17824.69
20240427,대추방울토마토,21959,16578,19611,15344,17824.69
20240429,대추방울토마토,23005,14222,17033,15736,17824.69
20240430,대추방울토마토,22850,,17252,18461,17824.69
20240501,대추방울토마토,24551,14573,,15935,15855.85
20240502,대추방울토마토,25395,13533,19270,,15855.85
20240503,대추방울토마토,28369,14023,19987,16968,15855.85
20240504,대추방울토마토,26973,13583,17400,18620,15855.85
20240506,대추방울토마토,25269,12761,17348,16055,15855.85
20240507,대추방울토마토,23669,,16079,17472,15855.85
20240508,대추방울토마토,24588,14643,,16758,15855.85
20240509,대추방울토마토,22667,13327,18803,,15855.85
20240510,대추방울토마토,21674,14725,18567,20502,15855.85
20240511,대추방울토마토,20316,13975,19601,20862,15028.07
20240513,대추방울토마토,22481,12051,16301,18069,15028.07
20240514,대추방울토마토,22943,,15557,20768,15028.07
20240515,대추방울토마토,22400,13713,,18140,15028.07
20240516,대추방울토마토,21545,15048,20058,,15028.07
20240517,대추방울토마토,21077,12713,15453,16814,15028.07
20240518,대추방울토마토,18281,12768,16769,17525,15028.07
20240520,대추방울토마토,20238,15254,13251,16035,15028.07
20240521,대추방울토마토,18479,,14630,14632,14665.09
20240522,대추방울토마토,18023,15313,,14552,14665.09
20240523,대추방울토마토,17516,13958,16999,,14665.09
20240524,대추방울토마토,17715,13415,17052,14359,14665.09
20240525,대추방울토마토,16816,11631,15966,12596,14665.09
20240527,대추방울토마토,16587,16642,15764,13837,14665.09
20240528,대추방울토마토,17094,,17992,14061,14665.09
20240529,대추방울토마토,17606,11864,,12668,14665.09
20240530,대추방울토마토,16407,15932,16820,,14665.09
20240531,대추방울토마토,15187,11907,16232,12787,14665.09
20240601,대추방울토마토,16419,12312,14452,14738,14333.14
20240603,대추방울토마토,17045,17166,15065,13141,14333.14
20240604,대추방울토마토,16565,,14905,12955,14333.14
20240605,대추방울토마토,17209,15093,,11543,14333.14
20240606,대추방울토마토,17175,15773,15463,,14333.14
20240607,대추방울토마토,15890,14622,17023,12940,14333.14
20240608,대추방울토마토,16142,14348,14409,13342,14333.14
20240610,대추방울토마토,17355,14653,14014,15667,14333.14
20240611,대추방울토마토,16491,,13990,13927,13636.42
20240612,대추방울토마토,15201,15198,,16124,13636.42
20240613,대추방울토마토,14307,16278,15187,,13636.42
20240614,대추방울토마토,14518,14674,14127,13395,13636.42
20240615,대추방울토마토,12988,12709,13863,13544,13636.42
20240617,대추방울토마토,15240,13769,12849,13580,13636.42
20240618,대추방울토마토,14635,,11726,13222,13636.42
20240619,대추방울토마토,13525,14049,,12766,13636.42
20240620,대추방울토마토,12665,15135,12444,,13636.42
20240621,대추방울토마토,11796,14340,12685,12874,12970.1
20240622,대추방울토마토,11834,15040,11107,12868,12970.1
20240624,대추방울토마토,11926,16555,10988,11606,12970.1
20240625,대추방울토마토,11825,,12126,13853,12970.1
20240626,대추방울토마토,11314,15613,,13416,12970.1
20240627,대추방울토마토,11429,15384,12831,,12970.1
20240628,대추방울토마토,11489,17014,11665,12551,12970.1
20240629,대추방울토마토,12238,15610,10952,12873,12970.1
20240701,대추방울토마토,12795,15954,11281,12710,14350.97
20240702,대추방울토마토,12927,,13103,14302,14350.97
20240703,대추방울토마토,12593,16368,,15473,14350.97
20240704,대추방울토마토,14404,17577,14033,,14350.97
20240705,대추방울토마토,14324,17229,14611,18234,14350.97
20240706,대추방울토마토,15567,17764,14021,18990,14350.97
20240708,대추방울토마토,15223,16591,15551,17675,14350.97
20240709,대추방울토마토,13850,,15351,18476,14350.97
20240710,대추방울토마토,13673,16191,,14744,14350.97
20240711,대추방울토마토,16003,15165,15066,,15375.05
20240712,대추방울토마토,16095,14707,16897,16374,15375.05
20240713,대추방울토마토,17577,13994,15573,16047,15375.05
20240715,대추방울토마토,18699,16292,15458,15532,15375.05
20240716,대추방울토마토,18831,,15225,14472,15375.05
20240717,대추방울토마토,18624,18875,,16018,15375.05
20240718,대추방울토마토,19040,23575,19725,,15375.05
20240719,대추방울토마토,20420,24049,19759,16670,15375.05
20240720,대추방울토마토,19214,23472,18104,14360,15375.05
20240722,대추방울토마토,20824,24165,16858,14461,16965.88
20240723,대추방울토마토,18765,,18107,13959,16965.88
20240724,대추방울토마토,20035,23678,,15637,16965.88
20240725,대추방울토마토,22200,22029,19234,,16965.88
20240726,대추방울토마토,22733,20521,22043,15767,16965.88
20240727,대추방울토마토,21477,20239,19576,15746,16965.88
20240729,대추방울토마토,23103,19593,18207,14410,16965.88
20240730,대추방울토마토,22579,,23132,13846,16965.88
20240731,대추방울토마토,22501,21762,,14623,16965.88
20240801,대추방울토마토,26508,19055,23721,,19336.38
20240802,대추방울토마토,23934,19176,26305,13568,19336.38
20240805,대추방울토마토,21621,,31631,15367,19336.38
20240806,대추방울토마토,21014,,31631,20546,19336.38
20240807,대추방울토마토,20877,23423,,,19336.38
20240808,대추방울토마토,21121,25264,26381,,19336.38
20240809,대추방울토마토,19447,27868,21267,14964,19336.38
20240810,대추방울토마토,19451,28720,22160,14263,19336.38
20240812,대추방울토마토,21866,29543,20964,14749,18347.21
20240813,대추방울토마토,20858,,20958,15669,18347.21
20240814,대추방울토마토,19038,25831,,15803,18347.21
20240815,대추방울토마토,22221,25558,21057,,18347.21
20240816,대추방울토마토,22679,23820,21227,15402,18347.21
20240817,대추방울토마토,25667,23791,19232,16531,18347.21
20240819,대추방울토마토,22863,26040,21147,16455,18347.21
20240820,대추방울토마토,20511,,23278,16989,18347.21
20240821,대추방울토마토,20167,29616,,19740,20610.3
20240822,대추방울토마토,23021,30925,23201,,20610.3
20240823,대추방울토마토,29563,28996,24598,18307,20610.3
20240824,대추방울토마토,22992,25435,24259,18371,20610.3
20240826,대추방울토마토,28723,25139,26236,23119,20610.3
20240827,대추방울토마토,25095,,24275,26735,20610.3
20240828,대추방울토마토,23949,23685,,28197,20610.3
20240829,대추방울토마토,21185,24693,25459,,20610.3
20240830,대추방울토마토,25395,24960,25175,23045,20610.3
20240831,대추방울토마토,27605,24622,25476,20268,20610.3
20240902,대추방울토마토,33026,29392,33495,25279,25145.41
20240903,대추방울토마토,27685,,35644,24569,25145.41
20240904,대추방울토마토,36781,30071,,26099,25145.41
20240905,대추방울토마토,28887,33905,34540,,25145.41
20240906,대추방울토마토,37773,37723,29623,26472,25145.41
20240907,대추방울토마토,29954,40097,26861,25705,25145.41
20240909,대추방울토마토,32419,35599,33686,23444,25145.41
20240910,대추방울토마토,26081,,,22253,25145.41
20240911,대추방울토마토,29169,38997,,28167,27848.21
20240912,대추방울토마토,28249,43938,,,27848.21
20240913,대추방울토마토,31368,44243,27876,26509,27848.21
20240914,대추방울토마토,30444,42064,31624,22770,27848.21
20240916,대추방울토마토,56638,41297,28323,22104,27848.21
20240920,대추방울토마토,36740,29984,25085,,27848.21
20240921,대추방울토마토,34392,32391,24204,,23891.68
20240923,대추방울토마토,32822,35241,24353,,23891.68
20240924,대추방울토마토,33705,,22357,22284,23891.68
20240925,대추방울토마토,35698,31077,,20588,23891.68
20240926,대추방울토마토,38901,26760,25739,,23891.68
20240927,대추방울토마토,36864,24307,24034,20657,23891.68
20240928,대추방울토마토,36151,24047,23383,20710,23891.68
20240930,대추방울토마토,33053,,24076,16979,23891.68
20241001,대추방울토마토,37554,,25715,17252,24119.83
20241002,대추방울토마토,38913,26364,,17529,24119.83
20241003,대추방울토마토,38524,24762,26153,,24119.83
20241004,대추방울토마토,40196,24698,27442,18568,24119.83
20241005,대추방울토마토,42966,23480,28443,19230,24119.83
20241007,대추방울토마토,42423,25814,32118,17568,24119.83
20241008,대추방울토마토,42617,,29876,16928,24119.83
20241009,대추방울토마토,38943,26638,,16343,24119.83
20241010,대추방울토마토,34028,25927,29732,,24119.83
20241011,대추방울토마토,32883,28014,30915,16369,23879.37
20241012,대추방울토마토,34686,29379,32902,14525,23879.37
20241014,대추방울토마토,40867,32271,35492,14347,23879.37
20241015,대추방울토마토,43439,,35546,14798,23879.37
20241016,대추방울토마토,36136,30073,,13360,23879.37
20241017,대추방울토마토,35439,29592,31828,,23879.37
20241018,대추방울토마토,36242,29664,30836,13629,23879.37
20241019,대추방울토마토,34996,29380,31326,13083,23879.37
20241021,대추방울토마토,32327,26785,25399,12475,23275.75
20241022,대추방울토마토,30353,,24180,14691,23275.75
20241023,대추방울토마토,32897,28039,,15700,23275.75
20241024,대추방울토마토,29484,30191,24333,,23275.75
20241025,대추방울토마토,31176,32026,24067,17254,23275.75
20241026,대추방울토마토,26488,30498,24099,19419,23275.75
20241028,대추방울토마토,26752,31895,20700,24440,23275.75
20241029,대추방울토마토,25240,,17938,25336,23275.75
20241030,대추방울토마토,26135,30053,,24692,23275.75
20241031,대추방울토마토,27983,30734,19018,,23275.75
20241101,대추방울토마토,30716,30927,19017,22616,21458.39
20241102,대추방울토마토,32848,30149,16877,23562,21458.39
20241104,대추방울토마토,30702,,16125,21803,21458.39
20241105,대추방울토마토,30064,,16254,22509,21458.39
20241106,대추방울토마토,31167,28810,,22361,21458.39
20241107,대추방울토마토,30199,25851,18223,,21458.39
20241108,대추방울토마토,29748,24189,20011,23441,21458.39
20241109,대추방울토마토,30832,21762,19817,25357,21458.39
20241111,대추방울토마토,29504,19267,18576,21963,19120.54
20241112,대추방울토마토,31646,,18486,20864,19120.54
20241113,대추방울토마토,27306,21655,,20000,19120.54
20241114,대추방울토마토,28794,20719,19007,,19120.54
20241115,대추방울토마토,26187,18704,23547,24778,19120.54
20241116,대추방울토마토,27299,18517,19968,25585,19120.54
20241118,대추방울토마토,25919,19779,19302,22278,19120.54
20241119,대추방울토마토,25359,,16629,23297,19120.54
20241120,대추방울토마토,26716,20439,,22952,19120.54
20241121,대추방울토마토,28103,21587,17397,,18792.33
20241122,대추방울토마토,28509,22055,18430,23111,18792.33
20241123,대추방울토마토,29437,21159,16742,23648,18792.33
20241125,대추방울토마토,26226,23000,13619,21321,18792.33
20241126,대추방울토마토,28443,,12463,20434,18792.33
20241127,대추방울토마토,26687,25769,,19041,18792.33
20241128,대추방울토마토,30460,24808,12433,,18792.33
20241129,대추방울토마토,28604,25920,12468,20426,18792.33
20241130,대추방울토마토,25770,23656,11819,18709,18792.33
20241202,대추방울토마토,27189,24095,13141,19498,18820.18
20241203,대추방울토마토,28068,,12166,17756,18820.18
20241204,대추방울토마토,29965,25102,,16783,18820.18
20241205,대추방울토마토,34822,27481,13441,,18820.18
20241206,대추방울토마토,31980,25207,16513,18480,18820.18
20241207,대추방울토마토,29713,23397,15604,18706,18820.18
20241209,대추방울토마토,35217,25000,15706,17711,18820.18
20241210,대추방울토마토,32793,,15425,18676,18820.18
20241211,대추방울토마토,34667,24245,,19455,19439.51
20241212,대추방울토마토,33307,23895,16990,,19439.51
20241213,대추방울토마토,34112,24749,15961,21213,19439.51
20241214,대추방울토마토,27497,23327,18461,21377,19439.51
20241216,대추방울토마토,33772,23558,16197,20473,19439.51
20241217,대추방울토마토,33107,,14020,19502,19439.51
20241218,대추방울토마토,34021,26002,,21160,19439.51
20241219,대추방울토마토,30390,26845,15369,,19439.51
20241220,대추방울토마토,33434,26456,14182,20310,19439.51
20241221,대추방울토마토,27642,27422,14467,20865,21531.18
20241223,대추방울토마토,28003,26501,15965,22794,21531.18
20241224,대추방울토마토,30593,,16888,23476,21531.18
20241225,대추방울토마토,28945,27381,,24221,21531.18
20241226,대추방울토마토,27320,28246,18729,,21531.18
20241227,대추방울토마토,28195,28270,19595,28282,21531.18
20241228,대추방울토마토,25676,25969,19103,27225,21531.18
20241230,대추방울토마토,24066,27410,18103,27858,21531.18
20241231,대추방울토마토,22472,,20249,25864,21531.18
20250102,대추방울토마토,22472,,,,22124.48
20250103,대추방울토마토,23868,26914,20849,27583,22124.48
20250104,대추방울토마토,21213,26443,18150,29742,22124.48
20250106,대추방울토마토,18062,25378,16337,25726,22124.48
20250107,대추방울토마토,17064,,15986,22824,22124.48
20250108,대추방울토마토,18266,26586,,23680,22124.48
20250109,대추방울토마토,18182,26760,14359,,22124.48
20250110,대추방울토마토,17426,25834,14725,24832,22124.48
20250111,대추방울토마토,19538,24221,14414,25120,20648.36
20250113,대추방울토마토,18412,23764,14517,25981,20648.36
20250114,대추방울토마토,27944,,14758,21359,20648.36
20250115,대추방울토마토,24754,26482,,25825,20648.36
20250116,대추방울토마토,24597,26245,14070,,20648.36
20250117,대추방울토마토,23005,24468,14888,24013,20648.36
20250118,대추방울토마토,29154,24821,14461,24876,20648.36
20250120,대추방울토마토,23690,26617,14117,26175,20648.36
20250121,대추방울토마토,23219,,17745,21591,20835.2
20250122,대추방울토마토,21722,28071,,22014,20835.2
20250123,대추방울토마토,21398,27440,,,20835.2
20250124,대추방울토마토,18959,27343,,21113,20835.2
20250125,대추방울토마토,18318,30206,14412,22403,20835.2
20250127,대추방울토마토,17324,31875,14875,21646,20835.2
20250128,대추방울토마토,25494,,15720,22528,20835.2
20250201,대추방울토마토,20507,29539,16054,,20037.97
20250203,대추방울토마토,18532,30230,18405,,20037.97
20250204,대추방울토마토,16902,,17990,22968,20037.97
20250205,대추방울토마토,18064,30305,,23165,20037.97
20250206,대추방울토마토,18048,29099,19098,,20037.97
20250207,대추방울토마토,18613,27010,21819,23208,20037.97
20250208,대추방울토마토,21434,25849,20731,20164,20037.97
20250210,대추방울토마토,21747,,17777,21545,20037.97
20250211,대추방울토마토,26805,,19403,21052,21231.41
20250213,대추방울토마토,28454,26890,21211,,21231.41
20250214,대추방울토마토,26554,24677,22535,25750,21231.41
20250215,대추방울토마토,23544,26107,22292,27074,21231.41
20250217,대추방울토마토,25192,24757,24897,22495,21231.41
20250218,대추방울토마토,25648,,26385,23977,21231.41
20250219,대추방울토마토,22440,23573,,21609,21231.41
20250220,대추방울토마토,27114,27253,25303,,21231.41
20250221,대추방울토마토,24045,26669,25714,22231,23204.3
20250222,대추방울토마토,28479,24967,26082,23226,23204.3
20250224,대추방울토마토,30190,30276,27188,22227,23204.3
20250225,대추방울토마토,25546,,24522,21578,23204.3
20250226,대추방울토마토,25080,30061,,22824,23204.3
20250227,대추방울토마토,26097,35936,24762,,23204.3
20250228,대추방울토마토,23175,34236,24964,24487,23204.3
20250301,대추방울토마토,24790,38354,26250,25561,24737.82
20250303,대추방울토마토,25485,,25088,24395,24737.82
20250304,대추방울토마토,26153,37093,26453,24685,24737.82
20250306,대추방울토마토,23370,33729,25922,,24737.82
20250307,대추방울토마토,22589,34128,26456,23952,24737.82
20250308,대추방울토마토,24652,33183,24924,24627,24737.82
20250310,대추방울토마토,26432,,22984,24227,24737.82
20250311,대추방울토마토,26676,30542,22064,25122,24253.2
20250312,대추방울토마토,29013,31716,,22744,24253.2
20250313,대추방울토마토,29703,30791,23477,,24253.2
20250314,대추방울토마토,27172,28088,24592,25313,24253.2
20250315,대추방울토마토,28851,26550,25422,28008,24253.2
20250317,대추방울토마토,26020,,29634,23705,24253.2
20250318,대추방울토마토,26832,30877,28118,26683,24253.2
20250319,대추방울토마토,29081,30442,,27426,24253.2
20250320,대추방울토마토,28776,28831,29290,,24253.2
20250321,대추방울토마토,26606,26782,28106,27106,25067.52
20250322,대추방울토마토,27288,30701,26237,33042,25067.52
20250324,대추방울토마토,24949,,31931,28044,25067.52
20250325,대추방울토마토,27849,29013,36012,31266,25067.52
20250326,대추방울토마토,25247,29396,,26858,25067.52
20250327,대추방울토마토,26192,29848,32033,,25067.52
20250328,대추방울토마토,25902,32057,31379,27537,25067.52
20250329,대추방울토마토,25182,32818,31152,29354,25067.52
20250331,대추방울토마토,25552,,30808,25041,25067.52
20250401,대추방울토마토,27711,36378,24038,25737,24732.61
20250402,대추방울토마토,27366,38129,,23600,24732.61
20250403,대추방울토마토,23670,40391,27441,,24732.61
20250404,대추방울토마토,25761,41748,21073,24442,24732.61
20250405,대추방울토마토,25717,42728,18184,22917,24732.61
20250407,대추방울토마토,27809,,17296,21207,24732.61
20250408,대추방울토마토,25419,43395,15443,21132,24732.61
20250409,대추방울토마토,24162,41352,,18232,24732.61
20250410,대추방울토마토,23016,34061,17664,,24732.61
20250411,대추방울토마토,25953,32104,16183,20824,21636.25
20250412,대추방울토마토,23827,31867,17268,21909,21636.25
20250414,대추방울토마토,27428,,17442,17202,21636.25
20250415,대추방울토마토,26506,26996,14836,20175,21636.25
20250416,대추방울토마토,25078,25751,,18246,21636.25
20250417,대추방울토마토,24127,25042,15908,,21636.25
20250418,대추방울토마토,27528,28562,15246,20124,21636.25
20250419,대추방울토마토,23267,26760,17288,22620,21636.25
20250421,대추방울토마토,26324,,17045,19199,19433.53
20250422,대추방울토마토,22528,26870,16539,21541,19433.53
20250423,대추방울토마토,24020,28177,,19294,19433.53
20250424,대추방울토마토,20038,25462,16690,,19433.53
20250425,대추방울토마토,21588,22445,15377,21978,19433.53
20250426,대추방울토마토,19935,23607,16698,21397,19433.53
20250428,대추방울토마토,19440,,16300,19004,19433.53
20250429,대추방울토마토,18142,23005,14222,17033,19433.53
20250430,대추방울토마토,17503,22850,,17252,19433.53
20250501,대추방울토마토,16425,24551,14573,,17923.57
20250502,대추방울토마토,16305,25395,13533,19270,17923.57
20250503,대추방울토마토,15078,28369,14023,19987,17923.57
20250505,대추방울토마토,17212,,13454,18769,17923.57
20250506,대추방울토마토,14216,25269,12761,17348,17923.57
20250507,대추방울토마토,16971,23669,,16079,17923.57
20250508,대추방울토마토,15178,24588,14643,,17923.57
20250509,대추방울토마토,17310,22667,13327,18803,17923.57
20250510,대추방울토마토,15214,21674,14725,18567,17923.57
20250512,대추방울토마토,16004,,16397,17053,16486.61
20250513,대추방울토마토,15775,22481,12051,16301,16486.61
20250514,대추방울토마토,17177,22943,,15557,16486.61
20250515,대추방울토마토,18631,22400,13713,,16486.61
20250516,대추방울토마토,18972,21545,15048,20058,16486.61
20250517,대추방울토마토,17177,21077,12713,15453,16486.61
20250519,대추방울토마토,16381,,13155,13788,16486.61
20250520,대추방울토마토,17745,20238,15254,13251,16486.61
20250521,대추방울토마토,18498,18479,,14630,15314.25
20250522,대추방울토마토,15192,18023,15313,,15314.25
20250523,대추방울토마토,15847,17516,13958,16999,15314.25
20250524,대추방울토마토,13338,17715,13415,17052,15314.25
20250526,대추방울토마토,14970,,15650,15232,15314.25
20250527,대추방울토마토,13340,16587,16642,15764,15314.25
20250528,대추방울토마토,13921,17094,,17992,15314.25
20250529,대추방울토마토,13564,17606,11864,,15314.25
20250530,대추방울토마토,13621,16407,15932,16820,15314.25
20250531,대추방울토마토,12367,15187,11907,16232,15314.25
20250602,대추방울토마토,13649,,13017,18486,14761.57
20250603,대추방울토마토,15039,17045,17166,15065,14761.57
20250604,대추방울토마토,13452,16565,,14905,14761.57
20250605,대추방울토마토,14668,17209,15093,,14761.57
20250606,대추방울토마토,14167,17175,15773,15463,14761.57
20250607,대추방울토마토,14965,15890,14622,17023,14761.57
20250609,대추방울토마토,16457,,14246,15047,14761.57
20250610,대추방울토마토,15688,17355,14653,14014,14761.57
20250611,대추방울토마토,15408,16491,,13990,13762.39
20250612,대추방울토마토,16773,15201,15198,,13762.39
20250613,대추방울토마토,15199,14307,16278,15187,13762.39
20250614,대추방울토마토,17495,14518,14674,14127,13762.39
20250616,대추방울토마토,17202,,12596,12836,13762.39
20250617,대추방울토마토,15384,15240,13769,12849,13762.39
20250618,대추방울토마토,15068,14635,,11726,13762.39
20250619,대추방울토마토,14359,13525,14049,,13762.39
20250620,대추방울토마토,12949,12665,15135,12444,13762.39
20250621,대추방울토마토,13239,11796,14340,12685,12752.58
20250623,대추방울토마토,13950,,15460,11147,12752.58
20250624,대추방울토마토,13563,11926,16555,10988,12752.58
20250625,대추방울토마토,13151,11825,,12126,12752.58
20250626,대추방울토마토,12649,11314,15613,,12752.58
20250627,대추방울토마토,12605,11429,15384,12831,12752.58
20250628,대추방울토마토,12090,11489,17014,11665,12752.58
20250630,대추방울토마토,14148,,16601,10752,12752.58
20250701,대추방울토마토,12634,12795,15954,11281,14812.68
20250702,대추방울토마토,12439,12927,,13103,14812.68
20250703,대추방울토마토,12653,12593,16368,,14812.68
20250704,대추방울토마토,13680,14404,17577,14033,14812.68
20250705,대추방울토마토,14887,14324,17229,14611,14812.68
20250707,대추방울토마토,16286,,16348,14737,14812.68
20250708,대추방울토마토,16769,15223,16591,15551,14812.68
20250709,대추방울토마토,15726,13850,,15351,14812.68
20250710,대추방울토마토,14840,13673,16191,,14812.68
20250711,대추방울토마토,15274,16003,15165,15066,17167.64
20250712,대추방울토마토,16317,16095,14707,16897,17167.64
20250714,대추방울토마토,15847,,14133,16292,17167.64
20250715,대추방울토마토,15722,18699,16292,15458,17167.64
20250716,대추방울토마토,15569,18831,,15225,17167.64
20250717,대추방울토마토,14212,18624,18875,,17167.64
20250718,대추방울토마토,15066,19040,23575,19725,17167.64
20250719,대추방울토마토,17209,20420,24049,19759,17167.64
20250721,대추방울토마토,16454,,22323,16334,18977.92
20250722,대추방울토마토,17226,20824,24165,16858,18977.92
20250723,대추방울토마토,17106,18765,,18107,18977.92
20250724,대추방울토마토,16830,20035,23678,,18977.92
20250725,대추방울토마토,20239,22200,22029,19234,18977.92
20250726,대추방울토마토,26236,22733,20521,22043,18977.92
20250728,대추방울토마토,24479,,19508,18715,18977.92
20250729,대추방울토마토,23194,23103,19593,18207,18977.92
20250730,대추방울토마토,22856,22579,,23132,18977.92
20250731,대추방울토마토,21044,22501,21762,,18977.92
20250801,대추방울토마토,20518,26508,19055,23721,21179.43
20250804,대추방울토마토,20356,,35448,28787,21179.43
20250805,대추방울토마토,19861,21621,,31631,21179.43
20250806,대추방울토마토,17728,21014,,31631,21179.43
20250807,대추방울토마토,16881,20877,23423,,21179.43
20250808,대추방울토마토,16349,21121,25264,26381,21179.43
20250809,대추방울토마토,18398,19447,27868,21267,21179.43
20250811,대추방울토마토,18338,,28083,22399,19942.86
20250812,대추방울토마토,21574,21866,29543,20964,19942.86
20250813,대추방울토마토,21333,20858,,20958,19942.86
20250814,대추방울토마토,24203,19038,25831,,19942.86
20250815,대추방울토마토,23003,22221,25558,21057,19942.86
20250816,대추방울토마토,22393,22679,23820,21227,19942.86
20250818,대추방울토마토,23596,,26101,19493,19942.86
20250819,대추방울토마토,26102,22863,26040,21147,19942.86
20250820,대추방울토마토,22492,20511,,23278,19942.86
20250821,대추방울토마토,24868,20167,29616,,23400.24
20250822,대추방울토마토,30859,23021,30925,23201,23400.24
20250823,대추방울토마토,30799,29563,28996,24598,23400.24
20250825,대추방울토마토,29821,,29232,23051,23400.24
20250826,대추방울토마토,27856,28723,25139,26236,23400.24
20250827,대추방울토마토,28155,25095,,24275,23400.24
20250828,대추방울토마토,28873,23949,23685,,23400.24
20250829,대추방울토마토,35055,21185,24693,25459,23400.24
20250830,대추방울토마토,27050,25395,24960,25175,23400.24
20250901,대추방울토마토,32153,,28155,29609,27740.75
20250902,대추방울토마토,28863,33026,29392,33495,27740.75
20250903,대추방울토마토,27150,27685,,35644,27740.75
20250904,대추방울토마토,22647,36781,30071,,27740.75
20250905,대추방울토마토,30551,28887,33905,34540,27740.75
20250906,대추방울토마토,30815,37773,37723,29623,27740.75
20250908,대추방울토마토,31941,,36283,30513,27740.75
20250909,대추방울토마토,30105,32419,35599,33686,27740.75
20250910,대추방울토마토,31664,26081,,,27740.75
20250911,대추방울토마토,36988,29169,38997,,31695.89
20250912,대추방울토마토,32324,28249,43938,,31695.89
20250913,대추방울토마토,30840,31368,44243,27876,31695.89
20250915,대추방울토마토,33821,,37677,29809,31695.89
20250916,대추방울토마토,31911,56638,41297,28323,31695.89
20250917,대추방울토마토,33259,,,30068,31695.89
20250918,대추방울토마토,29312,,35339,,31695.89
20250919,대추방울토마토,29961,,36935,26457,31695.89
20250920,대추방울토마토,31478,36740,29984,25085,31695.89
20250922,대추방울토마토,31061,,29875,25526,26826.05
20250923,대추방울토마토,27107,32822,35241,24353,26826.05
20250924,대추방울토마토,27340,33705,,22357,26826.05
20250925,대추방울토마토,24756,35698,31077,,26826.05
20250926,대추방울토마토,26983,38901,26760,25739,26826.05
20250927,대추방울토마토,25332,36864,24307,24034,26826.05
20250929,대추방울토마토,27288,,,23332,26826.05
20250930,대추방울토마토,24195,33053,,24076,26826.05
20251001,대추방울토마토,24723,37554,,25715,26371.35
20251002,대추방울토마토,25158,38913,26364,,26371.35
20251003,대추방울토마토,26009,38524,24762,26153,26371.35
20251004,대추방울토마토,27739,40196,24698,27442,26371.35
20251009,대추방울토마토,24086,38943,26638,,26371.35
20251010,대추방울토마토,21707,34028,25927,29732,26371.35
20251011,대추방울토마토,19946,32883,28014,30915,26968.37
20251013,대추방울토마토,20686,,29892,34208,26968.37
20251014,대추방울토마토,21052,40867,32271,35492,26968.37
20251015,대추방울토마토,26248,43439,,35546,26968.37
20251016,대추방울토마토,28720,36136,30073,,26968.37
20251017,대추방울토마토,27158,35439,29592,31828,26968.37
20251018,대추방울토마토,24397,36242,29664,30836,26968.37
20251020,대추방울토마토,23898,,28779,29312,26968.37
20251021,대추방울토마토,21693,32327,26785,25399,25328.05
20251022,대추방울토마토,21310,30353,,24180,25328.05
20251023,대추방울토마토,22362,32897,28039,,25328.05
20251024,대추방울토마토,21788,29484,30191,24333,25328.05
20251025,대추방울토마토,22419,31176,32026,24067,25328.05
20251027,대추방울토마토,23838,,30000,22139,25328.05
20251028,대추방울토마토,23771,26752,31895,20700,25328.05
20251029,대추방울토마토,23919,25240,,17938,25328.05
20251030,대추방울토마토,25297,26135,30053,,25328.05
20251031,대추방울토마토,25544,27983,30734,19018,25328.05
20251103,대추방울토마토,28251,,29768,15512,23998.8
20251104,대추방울토마토,29253,30702,,16125,23998.8
20251105,대추방울토마토,28131,30064,,16254,23998.8
20251106,대추방울토마토,27902,31167,28810,,23998.8
20251107,대추방울토마토,28012,30199,25851,18223,23998.8
20251108,대추방울토마토,27347,29748,24189,20011,23998.8
20251110,대추방울토마토,28550,,23767,17082,23998.8
20251111,대추방울토마토,29458,29504,19267,18576,20987.62
20251112,대추방울토마토,29039,31646,,18486,20987.62
20251113,대추방울토마토,29352,27306,21655,,20987.62
20251114,대추방울토마토,32011,28794,20719,19007,20987.62
20251115,대추방울토마토,29811,26187,18704,23547,20987.62
20251117,대추방울토마토,35140,,19200,19977,20987.62
20251118,대추방울토마토,34291,25919,19779,19302,20987.62
20251119,대추방울토마토,40919,25359,,16629,20987.62
20251120,대추방울토마토,27681,26716,20439,,20987.62
20251121,대추방울토마토,42085,28103,21587,17397,20195.93
20251122,대추방울토마토,35283,28509,22055,18430,20195.93
20251124,대추방울토마토,46057,,23373,17489,20195.93
20251125,대추방울토마토,40527,26226,23000,13619,20195.93
20251126,대추방울토마토,44238,28443,,12463,20195.93
20251127,대추방울토마토,26771,26687,25769,,20195.93
20251128,대추방울토마토,39243,30460,24808,12433,20195.93
20251129,대추방울토마토,27686,28604,25920,12468,20195.93
20251201,대추방울토마토,32462,,24095,12609,20418.17
20251202,대추방울토마토,31102,27189,24095,13141,20418.17
20251203,대추방울토마토,30695,28068,,12166,20418.17
20251204,대추방울토마토,27939,29965,25102,,20418.17
20251205,대추방울토마토,27229,34822,27481,13441,20418.17
20251206,대추방울토마토,21822,31980,25207,16513,20418.17
20251208,대추방울토마토,32884,,25965,15480,20418.17
20251209,대추방울토마토,28386,35217,25000,15706,20418.17
20251210,대추방울토마토,25922,32793,,15425,20418.17
20251211,대추방울토마토,28373,34667,24245,,22292.51
20251212,대추방울토마토,25093,33307,23895,16990,22292.51
20251215,대추방울토마토,28089,,24105,15120,22292.51
20251216,대추방울토마토,24478,33772,23558,16197,22292.51
20251217,대추방울토마토,29273,33107,,14020,22292.51
20251218,대추방울토마토,28174,34021,26002,,22292.51
20251219,대추방울토마토,30711,30390,26845,15369,22292.51
20251220,대추방울토마토,26449,33434,26456,14182,22292.51
20251222,대추방울토마토,37478,,26166,15252,22780.34
20251223,대추방울토마토,32746,28003,26501,15965,22780.34
20251224,대추방울토마토,31042,30593,,16888,22780.34
20251225,대추방울토마토,34176,28945,27381,,22780.34
20251226,대추방울토마토,31248,27320,28246,18729,22780.34
20251227,대추방울토마토,23003,28195,28270,19595,22780.34
20251229,대추방울토마토,26827,,27252,17526,22780.34
20251230,대추방울토마토,26165,24066,27410,18103,22780.34
20251231,대추방울토마토,24878,22472,,20249,22780.34
20260103,대추방울토마토,23025,23868,26914,20849,21506.07
20260105,대추방울토마토,22416,,25260,16291,21506.07
20260106,대추방울토마토,24241,18062,25378,16337,21506.07
20260107,대추방울토마토,21717,17064,,15986,21506.07
20260108,대추방울토마토,20118,18266,26586,,21506.07
20260109,대추방울토마토,18742,18182,26760,14359,21506.07
20260110,대추방울토마토,22463,17426,25834,14725,21506.07
20260112,대추방울토마토,23439,,22060,17793,20996.07
20260113,대추방울토마토,23904,18412,23764,14517,20996.07
20260114,대추방울토마토,20336,27944,,14758,20996.07
20260115,대추방울토마토,21705,24754,26482,,20996.07
20260116,대추방울토마토,20600,24597,26245,14070,20996.07
20260117,대추방울토마토,22507,23005,24468,14888,20996.07
20260119,대추방울토마토,20904,,23643,15276,20996.07
20260120,대추방울토마토,21943,23690,26617,14117,20996.07
20260121,대추방울토마토,20561,23219,,17745,21100.51
20260122,대추방울토마토,21292,21722,28071,,21100.51
20260123,대추방울토마토,19470,21398,27440,,21100.51
20260124,대추방울토마토,21032,18959,27343,,21100.51
20260126,대추방울토마토,22211,,29376,15057,21100.51
20260127,대추방울토마토,27316,17324,31875,14875,21100.51
20260128,대추방울토마토,23652,25494,,15720,21100.51
20260129,대추방울토마토,28017,,31075,,21100.51
20260130,대추방울토마토,22239,,31279,16299,21100.51
20260131,대추방울토마토,25265,,32788,15978,21100.51
20260202,대추방울토마토,25382,,28937,16073,20436.44
20260203,대추방울토마토,29904,18532,30230,18405,20436.44
20260204,대추방울토마토,26251,16902,,17990,20436.44
20260205,대추방울토마토,22591,18064,30305,,20436.44
20260206,대추방울토마토,23302,18048,29099,19098,20436.44
20260207,대추방울토마토,21231,18613,27010,21819,20436.44
20260209,대추방울토마토,25307,,26943,19200,20436.44
20260210,대추방울토마토,24644,21747,,17777,20436.44
20260211,대추방울토마토,21329,26805,,19403,22790.21
20260212,대추방울토마토,20952,,,,22790.21
20260213,대추방울토마토,22621,28454,26890,21211,22790.21
20260214,대추방울토마토,21304,26554,24677,22535,22790.21
20260216,대추방울토마토,24160,,21882,20918,22790.21
20260220,대추방울토마토,20882,27114,27253,25303,22790.21
20260221,대추방울토마토,18760,24045,26669,25714,24404.31
20260223,대추방울토마토,18694,,27285,26173,24404.31
20260224,대추방울토마토,17118,30190,30276,27188,24404.31
20260225,대추방울토마토,17323,25546,,24522,24404.31
20260226,대추방울토마토,23493,25080,30061,,24404.31
20260227,대추방울토마토,19364,26097,35936,24762,24404.31
20260228,대추방울토마토,23888,23175,34236,24964,24404.31
20260302,대추방울토마토,19614,,38354,25408,25658.91
20260303,대추방울토마토,22144,25485,,25088,25658.91
20260304,대추방울토마토,21591,26153,37093,26453,25658.91
20260305,대추방울토마토,23598,,35883,,25658.91
20260306,대추방울토마토,20568,23370,33729,25922,25658.91
20260309,대추방울토마토,21097,,32183,22655,25658.91
20260310,대추방울토마토,26411,26432,,22984,25658.91
20260311,대추방울토마토,20399,26676,30542,22064,26235.64
20260312,대추방울토마토,21266,29013,31716,,26235.64
20260313,대추방울토마토,18703,29703,30791,23477,26235.64
20260314,대추방울토마토,26524,27172,28088,24592,26235.64
20260316,대추방울토마토,22638,,29455,24472,26235.64
20260317,대추방울토마토,26058,26020,,29634,26235.64
20260318,대추방울토마토,23549,26832,30877,28118,26235.64
20260319,대추방울토마토,21914,29081,30442,,26235.64
20260320,대추방울토마토,22261,28776,28831,29290,26235.64
20260321,대추방울토마토,23296,26606,26782,28106,26615.94
20260323,대추방울토마토,22180,,33725,26683,26615.94
20260324,대추방울토마토,27998,24949,,31931,26615.94
20260325,대추방울토마토,23463,27849,29013,36012,26615.94
20260326,대추방울토마토,24980,25247,29396,,26615.94
20260327,대추방울토마토,22822,26192,29848,32033,26615.94
20260328,대추방울토마토,33381,25902,32057,31379,26615.94
20260330,대추방울토마토,26418,,36095,35824,26615.94
20260331,대추방울토마토,30446,25552,,30808,26615.94
20260401,대추방울토마토,23406,27711,36378,24038,25774.35
20260402,대추방울토마토,23519,27366,38129,,25774.35
20260403,대추방울토마토,21759,23670,40391,27441,25774.35
20260406,대추방울토마토,23977,,43080,17569,25774.35
20260407,대추방울토마토,28894,27809,,17296,25774.35
20260408,대추방울토마토,24622,25419,43395,15443,25774.35
20260409,대추방울토마토,20804,24162,41352,,25774.35
20260410,대추방울토마토,22041,23016,34061,17664,25774.35
20260411,대추방울토마토,20713,25953,32104,16183,22472.91
20260413,대추방울토마토,24799,,33714,16128,22472.91
20260414,대추방울토마토,23253,27428,,17442,22472.91
20260415,대추방울토마토,24665,26506,26996,14836,22472.91
20260416,대추방울토마토,20350,25078,25751,,22472.91
20260417,대추방울토마토,24573,24127,25042,15908,22472.91
20260418,대추방울토마토,20646,27528,28562,15246,22472.91
20260420,대추방울토마토,21018,,27756,15882,22472.91
20260421,대추방울토마토,19150,26324,,17045,19916.08
20260422,대추방울토마토,18552,22528,26870,16539,19916.08
20260423,대추방울토마토,18096,24020,28177,,19916.08
20260424,대추방울토마토,18144,20038,25462,16690,19916.08
20260425,대추방울토마토,15918,21588,22445,15377,19916.08
20260427,대추방울토마토,18554,,21959,16578,19916.08
20260428,대추방울토마토,19109,19440,,16300,19916.08
20260429,대추방울토마토,18441,18142,23005,14222,19916.08
20260430,대추방울토마토,18811,17503,22850,,19916.08
20260501,대추방울토마토,19374,16425,24551,14573,18063.79
20260502,대추방울토마토,17072,16305,25395,13533,18063.79
20260504,대추방울토마토,19250,,26973,13583,18063.79
20260505,대추방울토마토,18419,17212,,13454,18063.79
20260506,대추방울토마토,17453,14216,25269,12761,18063.79
20260507,대추방울토마토,17519,16971,23669,,18063.79
20260508,대추방울토마토,18181,15178,24588,14643,18063.79
20260509,대추방울토마토,19105,17310,22667,13327,18063.79
20260511,대추방울토마토,20680,,20316,13975,17192.32
20260512,대추방울토마토,21729,16004,,16397,17192.32
20260513,대추방울토마토,19487,15775,22481,12051,17192.32
20260514,대추방울토마토,21162,17177,22943,,17192.32
20260515,대추방울토마토,21577,18631,22400,13713,17192.32
20260516,대추방울토마토,19179,18972,21545,15048,17192.32
20260518,대추방울토마토,18756,,18281,12768,17192.32
20260519,대추방울토마토,19772,16381,,13155,17192.32
20260520,대추방울토마토,17072,17745,20238,15254,17192.32
20260521,대추방울토마토,18712,18498,18479,,15089.61
20260522,대추방울토마토,17504,15192,18023,15313,15089.61
20260523,대추방울토마토,18270,15847,17516,13958,15089.61
20260525,대추방울토마토,16532,,16816,11631,15089.61
20260526,대추방울토마토,16009,14970,,15650,15089.61
20260527,대추방울토마토,16735,13340,16587,16642,15089.61
20260528,대추방울토마토,16745,13921,17094,,15089.61
20210104,딸기(일반),38368,38257,25670,28931,29494.27
20210105,딸기(일반),33747,,33383,32076,29494.27
20210106,딸기(일반),39811,36150,,33106,29494.27
20210107,딸기(일반),37443,35187,27861,,29494.27
20210108,딸기(일반),34756,37390,24739,31884,29494.27
20210109,딸기(일반),35006,38511,27035,28777,29494.27
20210111,딸기(일반),37013,42102,27167,34954,29089.69
20210112,딸기(일반),38757,,27563,34861,29089.69
20210113,딸기(일반),48655,38441,,34233,29089.69
20210114,딸기(일반),46021,35498,27187,,29089.69
20210115,딸기(일반),48484,36725,22097,33172,29089.69
20210116,딸기(일반),47454,37837,24931,29532,29089.69
20210118,딸기(일반),40814,41659,26497,33241,29089.69
20210119,딸기(일반),34290,,28163,33301,29089.69
20210120,딸기(일반),37627,41470,,33645,29089.69
20210121,딸기(일반),32134,39717,26951,,31220.83
20210122,딸기(일반),35574,45471,27135,32302,31220.83
20210123,딸기(일반),35723,46834,29560,29552,31220.83
20210125,딸기(일반),37473,,30358,29016,31220.83
20210126,딸기(일반),35783,,30099,31123,31220.83
20210127,딸기(일반),40353,,,31022,31220.83
20210128,딸기(일반),38251,39471,29649,,31220.83
20210129,딸기(일반),37964,30425,27523,29982,31220.83
20210130,딸기(일반),40691,34655,31039,29201,31220.83
20210201,딸기(일반),41719,34088,32469,29475,29908.9
20210202,딸기(일반),40630,,35997,33490,29908.9
20210203,딸기(일반),41716,32450,,32106,29908.9
20210204,딸기(일반),41775,32477,34381,,29908.9
20210205,딸기(일반),44537,34480,,31259,29908.9
20210206,딸기(일반),41129,32296,,29077,29908.9
20210208,딸기(일반),42065,31386,29886,28700,29908.9
20210209,딸기(일반),42396,,24430,30123,29908.9
20210210,딸기(일반),42933,30008,,27989,29908.9
20210211,딸기(일반),42370,35790,24175,,26516.3
20210215,딸기(일반),34361,32314,27389,30399,26516.3
20210216,딸기(일반),28555,,28695,,26516.3
20210217,딸기(일반),27502,29122,,,26516.3
20210218,딸기(일반),31299,26857,26239,,26516.3
20210219,딸기(일반),34033,25323,25527,26493,26516.3
20210220,딸기(일반),36449,26780,26507,24923,26516.3
20210222,딸기(일반),32827,28180,28269,23166,25387.67
20210223,딸기(일반),30656,,27193,25204,25387.67
20210224,딸기(일반),30808,27923,,28872,25387.67
20210225,딸기(일반),32373,28011,24394,,25387.67
20210226,딸기(일반),34629,28642,21468,25332,25387.67
20210227,딸기(일반),42268,30348,20625,23720,25387.67
20210301,딸기(일반),39937,,24287,23199,25077.3
20210302,딸기(일반),36709,29306,26223,25488,25077.3
20210303,딸기(일반),38371,28808,,27459,25077.3
20210304,딸기(일반),40896,28091,22480,,25077.3
20210305,딸기(일반),41327,30124,21647,22786,25077.3
20210306,딸기(일반),37934,28869,22493,21640,25077.3
20210308,딸기(일반),39414,,25524,23549,25077.3
20210309,딸기(일반),31242,28974,27449,26713,25077.3
20210310,딸기(일반),29732,29374,,30934,25077.3
20210311,딸기(일반),30152,29298,24320,,26548.96
20210312,딸기(일반),30820,29661,22787,27003,26548.96
20210313,딸기(일반),31838,32304,24989,26396,26548.96
20210315,딸기(일반),31328,,29258,25855,26548.96
20210316,딸기(일반),31078,29919,31209,28760,26548.96
20210317,딸기(일반),30542,27334,,30040,26548.96
20210318,딸기(일반),28711,26980,25423,,26548.96
20210319,딸기(일반),28694,27262,23868,25626,26548.96
20210320,딸기(일반),31188,26694,22905,25139,26548.96
20210322,딸기(일반),30342,,24710,28650,25275.64
20210323,딸기(일반),30412,26449,28050,33406,25275.64
20210324,딸기(일반),30042,26002,,35897,25275.64
20210325,딸기(일반),30478,25355,25619,,25275.64
20210326,딸기(일반),31722,27027,23624,27531,25275.64
20210327,딸기(일반),33569,29407,23377,25540,25275.64
20210329,딸기(일반),34786,,25279,24976,25275.64
20210330,딸기(일반),29448,31932,25875,26667,25275.64
20210331,딸기(일반),28342,30953,,25194,25275.64
20210401,딸기(일반),27820,28942,22863,,25047.26
20210402,딸기(일반),28814,31913,21027,23577,25047.26
20210403,딸기(일반),30709,32327,21507,20978,25047.26
20210405,딸기(일반),28835,,27004,22899,25047.26
20210406,딸기(일반),28081,31888,28294,24094,25047.26
20210407,딸기(일반),28784,30564,,31367,25047.26
20210408,딸기(일반),30876,27009,26335,,25047.26
20210409,딸기(일반),34065,29450,23396,28830,25047.26
20210410,딸기(일반),40993,28414,23176,28597,25047.26
20210412,딸기(일반),37482,,26496,25914,26553.52
20210413,딸기(일반),33347,28522,30824,26599,26553.52
20210414,딸기(일반),31347,28784,,28937,26553.52
20210415,딸기(일반),35672,32392,24746,,26553.52
20210416,딸기(일반),40188,35716,25685,25130,26553.52
20210417,딸기(일반),42786,33329,28123,26643,26553.52
20210419,딸기(일반),33357,,31397,26377,26553.52
20210420,딸기(일반),32208,29204,30591,27126,26553.52
20210421,딸기(일반),33833,27492,,29551,28747.37
20210422,딸기(일반),34630,30149,23573,,28747.37
20210423,딸기(일반),34252,28391,21052,25125,28747.37
20210424,딸기(일반),39547,30845,21182,22477,28747.37
20210426,딸기(일반),31708,,26302,26875,28747.37
20210427,딸기(일반),28122,34140,33242,29913,28747.37
20210428,딸기(일반),31767,35008,,32044,28747.37
20210429,딸기(일반),35626,37748,30182,,28747.37
20210430,딸기(일반),41821,38309,30340,26902,28747.37
20210501,딸기(일반),52884,39321,34773,27524,29660.89
20210503,딸기(일반),45435,,35607,30464,29660.89
20210504,딸기(일반),42078,28546,32598,32206,29660.89
20210505,딸기(일반),39556,26441,,36164,29660.89
20210506,딸기(일반),44409,29197,25732,,29660.89
20210507,딸기(일반),46077,31459,26196,30922,29660.89
20210508,딸기(일반),40895,38253,28262,28204,29660.89
20210510,딸기(일반),33518,,29332,29254,29660.89
20210511,딸기(일반),29634,31988,31086,25819,25073.34
20210512,딸기(일반),27486,31015,,24037,25073.34
20210513,딸기(일반),28168,34534,24469,,25073.34
20210514,딸기(일반),27176,29357,22492,20029,25073.34
20210515,딸기(일반),26002,29545,21762,20121,25073.34
20210517,딸기(일반),27236,,21129,21276,25073.34
20210518,딸기(일반),22424,25592,25629,19570,25073.34
20210519,딸기(일반),24663,28338,,21200,25073.34
20210520,딸기(일반),25364,21786,21099,,25073.34
20210521,딸기(일반),25304,24478,18451,20244,20856.26
20210522,딸기(일반),25216,26787,18854,20830,20856.26
20210524,딸기(일반),23222,,20936,23920,20856.26
20210525,딸기(일반),24326,24605,21960,23588,20856.26
20210526,딸기(일반),22815,20521,,24550,20856.26
20210527,딸기(일반),23226,21485,20154,,20856.26
20210528,딸기(일반),22703,21442,17663,22214,20856.26
20210529,딸기(일반),23758,21145,19904,22425,20856.26
20210531,딸기(일반),22463,,22404,19851,20856.26
20210601,딸기(일반),23053,18543,22925,22965,17892.04
20210602,딸기(일반),21929,18470,,17682,17892.04
20210603,딸기(일반),22585,15786,18297,,17892.04
20210604,딸기(일반),21727,15560,18106,17125,17892.04
20210605,딸기(일반),24101,15326,19000,15209,17892.04
20210607,딸기(일반),20602,,17231,17000,17892.04
20210608,딸기(일반),21593,15643,19281,20000,17892.04
20210609,딸기(일반),23476,14770,,24435,17892.04
20210610,딸기(일반),20462,14347,20895,,17892.04
20210611,딸기(일반),26000,14000,18000,26000,16631.57
20210612,딸기(일반),24912,14000,17593,26000,16631.57
20210614,딸기(일반),25000,,22333,26000,16631.57
20210615,딸기(일반),23000,17000,22000,26000,16631.57
20210616,딸기(일반),23000,17000,,26000,16631.57
20210617,딸기(일반),23000,17000,24067,,16631.57
20210618,딸기(일반),23000,17000,21692,26000,16631.57
20210619,딸기(일반),24000,17000,20857,26000,16631.57
20210621,딸기(일반),24000,,21000,26000,14498.34
20210622,딸기(일반),24000,17000,24000,26000,14498.34
20210623,딸기(일반),24000,17000,,26000,14498.34
20210624,딸기(일반),24000,17000,27000,,14498.34
20210625,딸기(일반),24000,17000,27000,26000,14498.34
20210626,딸기(일반),24000,17000,27000,26000,14498.34
20210628,딸기(일반),24000,,27000,26000,14498.34
20210629,딸기(일반),24000,17000,27000,26000,14498.34
20210630,딸기(일반),24000,17000,,26000,14498.34
20210701,딸기(일반),24000,17000,27000,,11196.74
20210702,딸기(일반),24000,17000,27000,26000,11196.74
20210703,딸기(일반),24000,17000,27000,26000,11196.74
20211002,딸기(일반),30000,,,,0
20211004,딸기(일반),30000,,,,0
20211005,딸기(일반),30000,,,,0
20211006,딸기(일반),40000,,,,0
20211007,딸기(일반),40000,,,,0
20211008,딸기(일반),30000,,,,0
20211009,딸기(일반),31429,,,,0
20211011,딸기(일반),30000,,,,16221.99
20211012,딸기(일반),45000,,,,16221.99
20211013,딸기(일반),53000,,,,16221.99
20211014,딸기(일반),53333,,,,16221.99
20211015,딸기(일반),77500,,,,16221.99
20211016,딸기(일반),48462,,35000,,16221.99
20211018,딸기(일반),46826,,59667,,16221.99
20211019,딸기(일반),40471,,60000,,16221.99
20211020,딸기(일반),58545,,,,16221.99
20211021,딸기(일반),61000,70000,45000,,55996.07
20211022,딸기(일반),57844,70000,55000,,55996.07
20211023,딸기(일반),60395,71200,30000,,55996.07
20211025,딸기(일반),62810,,54364,,55996.07
20211026,딸기(일반),53157,68867,63556,,55996.07
20211027,딸기(일반),51839,52300,,70000,55996.07
20211028,딸기(일반),54767,77000,38976,,55996.07
20211029,딸기(일반),57255,80000,47814,66000,55996.07
20211030,딸기(일반),56401,84034,45313,61000,55996.07
20211101,딸기(일반),47623,,58964,73727,48164.1
20211102,딸기(일반),50179,68177,58901,75333,48164.1
20211103,딸기(일반),54167,78222,,74294,48164.1
20211104,딸기(일반),58000,68297,41487,,48164.1
20211105,딸기(일반),53928,77581,33267,58393,48164.1
20211106,딸기(일반),53859,75958,46647,64926,48164.1
20211108,딸기(일반),46220,,42835,57327,48164.1
20211109,딸기(일반),40682,72069,45709,55494,48164.1
20211110,딸기(일반),42287,74313,,53253,48164.1
20211111,딸기(일반),53602,71141,37437,,41294.59
20211112,딸기(일반),57013,69455,34307,50866,41294.59
20211113,딸기(일반),60027,69342,39781,46349,41294.59
20211115,딸기(일반),46442,,46697,50955,41294.59
20211116,딸기(일반),48600,64106,48728,50263,41294.59
20211117,딸기(일반),51185,52571,,53643,41294.59
20211118,딸기(일반),50666,55538,36744,,41294.59
20211119,딸기(일반),49339,53770,32692,50298,41294.59
20211120,딸기(일반),38315,52227,36932,46459,41294.59
20211122,딸기(일반),32199,,36608,46232,35027.2
20211123,딸기(일반),35024,44192,33571,47893,35027.2
20211124,딸기(일반),35290,40512,,46273,35027.2
20211125,딸기(일반),35862,42051,28781,,35027.2
20211126,딸기(일반),39567,50467,25586,40854,35027.2
20211127,딸기(일반),38267,53397,30325,40270,35027.2
20211129,딸기(일반),37975,,30119,38605,35027.2
20211130,딸기(일반),37598,48577,34778,38400,35027.2
20211201,딸기(일반),35504,46147,,35314,32513.71
20211202,딸기(일반),38557,49001,31790,,32513.71
20211203,딸기(일반),42712,49144,30789,33993,32513.71
20211204,딸기(일반),49287,47844,31042,28032,32513.71
20211206,딸기(일반),47244,,37148,32193,32513.71
20211207,딸기(일반),43791,42073,35890,28798,32513.71
20211208,딸기(일반),41782,38868,,27107,32513.71
20211209,딸기(일반),43162,39876,32524,,32513.71
20211210,딸기(일반),42724,43031,31218,32598,32513.71
20211211,딸기(일반),42054,41115,30899,24835,30392.11
20211213,딸기(일반),41607,,31939,32013,30392.11
20211214,딸기(일반),42064,35950,31986,32026,30392.11
20211215,딸기(일반),42223,34350,,33098,30392.11
20211216,딸기(일반),43837,35922,30995,,30392.11
20211217,딸기(일반),46517,35147,29253,32044,30392.11
20211218,딸기(일반),51245,37025,29300,30726,30392.11
20211220,딸기(일반),52824,,28395,32122,30392.11
20211221,딸기(일반),57772,38806,30242,33187,32590.11
20211222,딸기(일반),61410,40128,,31493,32590.11
20211223,딸기(일반),64860,46218,30451,,32590.11
20211224,딸기(일반),62193,47094,34294,29741,32590.11
20211225,딸기(일반),66741,44180,36747,26976,32590.11
20211227,딸기(일반),65217,,38428,25785,32590.11
20211228,딸기(일반),59221,39922,39351,24493,32590.11
20211229,딸기(일반),58968,36488,,24555,32590.11
20211230,딸기(일반),58475,38963,38569,,32590.11
20211231,딸기(일반),64946,34669,39893,29886,32590.11
20220103,딸기(일반),60356,,37246,28102,31760.44
20220104,딸기(일반),54344,38368,38257,25670,31760.44
20220105,딸기(일반),55958,33747,,33383,31760.44
20220106,딸기(일반),59268,39811,36150,,31760.44
20220107,딸기(일반),58103,37443,35187,27861,31760.44
20220108,딸기(일반),53231,34756,37390,24739,31760.44
20220110,딸기(일반),53632,,39515,26207,31760.44
20220111,딸기(일반),49913,37013,42102,27167,32794.19
20220112,딸기(일반),51592,38757,,27563,32794.19
20220113,딸기(일반),52001,48655,38441,,32794.19
20220114,딸기(일반),53823,46021,35498,27187,32794.19
20220115,딸기(일반),55318,48484,36725,22097,32794.19
20220117,딸기(일반),53856,,40156,24222,32794.19
20220118,딸기(일반),52126,40814,41659,26497,32794.19
20220119,딸기(일반),55087,34290,,28163,32794.19
20220120,딸기(일반),57600,37627,41470,,32794.19
20220121,딸기(일반),57161,32134,39717,26951,33199.72
20220122,딸기(일반),56969,35574,45471,27135,33199.72
20220124,딸기(일반),58870,,37622,28982,33199.72
20220125,딸기(일반),51721,37473,,30358,33199.72
20220126,딸기(일반),58479,35783,,30099,33199.72
20220127,딸기(일반),57180,40353,,,33199.72
20220128,딸기(일반),68702,38251,39471,29649,33199.72
20220129,딸기(일반),64453,37964,30425,27523,33199.72
20220204,딸기(일반),45066,41775,32477,34381,32145.5
20220205,딸기(일반),44853,44537,34480,,32145.5
20220207,딸기(일반),52329,,32474,,32145.5
20220208,딸기(일반),40926,42065,31386,29886,32145.5
20220209,딸기(일반),53368,42396,,24430,32145.5
20220210,딸기(일반),41020,42933,30008,,32145.5
20220211,딸기(일반),50530,42370,35790,24175,28036.05
20220212,딸기(일반),45038,,30579,22988,28036.05
20220214,딸기(일반),43991,,31843,23872,28036.05
20220215,딸기(일반),39992,34361,32314,27389,28036.05
20220216,딸기(일반),41127,28555,,28695,28036.05
20220217,딸기(일반),39298,27502,29122,,28036.05
20220218,딸기(일반),39704,31299,26857,26239,28036.05
20220219,딸기(일반),42726,34033,25323,25527,28036.05
20220221,딸기(일반),40462,,27769,25423,26431.61
20220222,딸기(일반),39904,32827,28180,28269,26431.61
20220223,딸기(일반),38496,30656,,27193,26431.61
20220224,딸기(일반),39354,30808,27923,,26431.61
20220225,딸기(일반),43162,32373,28011,24394,26431.61
20220226,딸기(일반),40187,34629,28642,21468,26431.61
20220228,딸기(일반),38530,,30708,22226,26431.61
20220301,딸기(일반),36316,39937,,24287,27132.61
20220302,딸기(일반),35036,36709,29306,26223,27132.61
20220303,딸기(일반),33460,38371,28808,,27132.61
20220304,딸기(일반),35845,40896,28091,22480,27132.61
20220305,딸기(일반),36023,41327,30124,21647,27132.61
20220307,딸기(일반),32215,,28965,23120,27132.61
20220308,딸기(일반),32963,39414,,25524,27132.61
20220309,딸기(일반),30731,31242,28974,27449,27132.61
20220310,딸기(일반),31914,29732,29374,,27132.61
20220311,딸기(일반),33600,30152,29298,24320,27087.65
20220312,딸기(일반),37490,30820,29661,22787,27087.65
20220314,딸기(일반),32051,,34221,27293,27087.65
20220315,딸기(일반),32057,31328,,29258,27087.65
20220316,딸기(일반),32467,31078,29919,31209,27087.65
20220317,딸기(일반),38174,30542,27334,,27087.65
20220318,딸기(일반),35089,28711,26980,25423,27087.65
20220319,딸기(일반),38206,28694,27262,23868,27087.65
20220321,딸기(일반),37685,,27800,22385,26589.07
20220322,딸기(일반),47360,30342,,24710,26589.07
20220323,딸기(일반),49084,30412,26449,28050,26589.07
20220324,딸기(일반),42924,30042,26002,,26589.07
20220325,딸기(일반),39358,30478,25355,25619,26589.07
20220326,딸기(일반),44122,31722,27027,23624,26589.07
20220328,딸기(일반),38484,,32425,24271,26589.07
20220329,딸기(일반),36986,34786,,25279,26589.07
20220330,딸기(일반),35970,29448,31932,25875,26589.07
20220331,딸기(일반),34026,28342,30953,,26589.07
20220401,딸기(일반),32526,27820,28942,22863,26000.32
20220402,딸기(일반),34021,28814,31913,21027,26000.32
20220404,딸기(일반),33859,,31919,23630,26000.32
20220405,딸기(일반),32849,28835,,27004,26000.32
20220406,딸기(일반),31516,28081,31888,28294,26000.32
20220407,딸기(일반),30473,28784,30564,,26000.32
20220408,딸기(일반),33125,30876,27009,26335,26000.32
20220409,딸기(일반),35247,34065,29450,23396,26000.32
20220411,딸기(일반),30698,,28845,24093,28318.7
20220412,딸기(일반),29806,37482,,26496,28318.7
20220413,딸기(일반),28887,33347,28522,30824,28318.7
20220414,딸기(일반),28169,31347,28784,,28318.7
20220415,딸기(일반),30751,35672,32392,24746,28318.7
20220416,딸기(일반),41580,40188,35716,25685,28318.7
20220418,딸기(일반),32730,,32860,29097,28318.7
20220419,딸기(일반),32675,33357,,31397,28318.7
20220420,딸기(일반),34796,32208,29204,30591,28318.7
20220421,딸기(일반),39335,33833,27492,,29769.2
20220422,딸기(일반),44182,34630,30149,23573,29769.2
20220423,딸기(일반),50246,34252,28391,21052,29769.2
20220425,딸기(일반),35001,,35247,25078,29769.2
20220426,딸기(일반),32517,31708,,26302,29769.2
20220427,딸기(일반),31325,28122,34140,33242,29769.2
20220428,딸기(일반),33933,31767,35008,,29769.2
20220429,딸기(일반),40847,35626,37748,30182,29769.2
20220430,딸기(일반),48808,41821,38309,30340,29769.2
20220502,딸기(일반),40727,,39809,36022,32309.37
20220503,딸기(일반),38747,45435,,35607,32309.37
20220504,딸기(일반),39464,42078,28546,32598,32309.37
20220505,딸기(일반),43857,39556,26441,,32309.37
20220506,딸기(일반),50219,44409,29197,25732,32309.37
20220507,딸기(일반),47264,46077,31459,26196,32309.37
20220509,딸기(일반),36257,,40265,30678,32309.37
20220510,딸기(일반),31941,33518,,29332,32309.37
20220511,딸기(일반),32159,29634,31988,31086,25560.69
20220512,딸기(일반),32622,27486,31015,,25560.69
20220513,딸기(일반),32105,28168,34534,24469,25560.69
20220514,딸기(일반),29618,27176,29357,22492,25560.69
20220516,딸기(일반),29003,,30073,22376,25560.69
20220517,딸기(일반),31186,27236,,21129,25560.69
20220518,딸기(일반),31883,22424,25592,25629,25560.69
20220519,딸기(일반),35374,24663,28338,,25560.69
20220520,딸기(일반),32018,25364,21786,21099,25560.69
20220521,딸기(일반),33026,25304,24478,18451,21835.61
20220523,딸기(일반),26376,,28744,20528,21835.61
20220524,딸기(일반),25196,23222,,20936,21835.61
20220525,딸기(일반),25711,24326,24605,21960,21835.61
20220526,딸기(일반),26120,22815,20521,,21835.61
20220527,딸기(일반),28680,23226,21485,20154,21835.61
20220528,딸기(일반),28667,22703,21442,17663,21835.61
20220530,딸기(일반),28410,,21389,22750,21835.61
20220531,딸기(일반),27884,22463,,22404,21835.61
20220601,딸기(일반),28440,23053,18543,22925,18586.87
20220602,딸기(일반),24826,21929,18470,,18586.87
20220603,딸기(일반),27250,22585,15786,18297,18586.87
20220604,딸기(일반),33542,21727,15560,18106,18586.87
20220606,딸기(일반),29941,,15751,18000,18586.87
20220607,딸기(일반),30077,20602,,17231,18586.87
20220608,딸기(일반),30276,21593,15643,19281,18586.87
20220609,딸기(일반),23000,23476,14770,,18586.87
20220610,딸기(일반),35952,20462,14347,20895,18586.87
20220611,딸기(일반),31400,26000,14000,18000,21405.56
20220613,딸기(일반),23000,,15000,21000,21405.56
20220614,딸기(일반),15250,25000,,22333,21405.56
20220615,딸기(일반),15250,23000,17000,22000,21405.56
20220616,딸기(일반),15250,23000,17000,,21405.56
20220617,딸기(일반),15250,23000,17000,24067,21405.56
20220618,딸기(일반),15250,23000,17000,21692,21405.56
20220620,딸기(일반),15250,,17000,21857,21405.56
20220621,딸기(일반),15250,24000,,21000,18444.65
20221021,딸기(일반),50000,61000,70000,45000,56109.98
20221022,딸기(일반),100000,57844,70000,55000,56109.98
20221024,딸기(일반),97600,,69333,42600,56109.98
20221025,딸기(일반),100000,62810,,54364,56109.98
20221026,딸기(일반),83000,53157,68867,63556,56109.98
20221027,딸기(일반),80000,51839,52300,,56109.98
20221028,딸기(일반),100000,54767,77000,38976,56109.98
20221029,딸기(일반),89333,57255,80000,47814,56109.98
20221031,딸기(일반),100000,,84579,60836,56109.98
20221101,딸기(일반),77656,47623,,58964,48081.92
20221102,딸기(일반),93214,50179,68177,58901,48081.92
20221103,딸기(일반),110690,54167,78222,,48081.92
20221104,딸기(일반),126944,58000,68297,41487,48081.92
20221105,딸기(일반),104489,53928,77581,33267,48081.92
20221107,딸기(일반),77019,,79157,42176,48081.92
20221108,딸기(일반),68500,46220,,42835,48081.92
20221109,딸기(일반),69769,40682,72069,45709,48081.92
20221110,딸기(일반),74228,42287,74313,,48081.92
20221111,딸기(일반),76466,53602,71141,37437,43756.63
20221112,딸기(일반),76801,57013,69455,34307,43756.63
20221114,딸기(일반),53002,,75650,44310,43756.63
20221115,딸기(일반),46729,46442,,46697,43756.63
20221116,딸기(일반),52223,48600,64106,48728,43756.63
20221117,딸기(일반),52198,51185,52571,,43756.63
20221118,딸기(일반),56542,50666,55538,36744,43756.63
20221119,딸기(일반),64532,49339,53770,32692,43756.63
20221121,딸기(일반),48189,,54649,39397,36030.99
20221122,딸기(일반),44716,32199,,36608,36030.99
20221123,딸기(일반),45040,35024,44192,33571,36030.99
20221124,딸기(일반),49026,35290,40512,,36030.99
20221125,딸기(일반),49637,35862,42051,28781,36030.99
20221126,딸기(일반),41398,39567,50467,25586,36030.99
20221128,딸기(일반),41207,,53414,29924,36030.99
20221129,딸기(일반),39275,37975,,30119,36030.99
20221130,딸기(일반),43872,37598,48577,34778,36030.99
20221201,딸기(일반),42215,35504,46147,,35419.43
20221202,딸기(일반),42336,38557,49001,31790,35419.43
20221203,딸기(일반),43689,42712,49144,30789,35419.43
20221205,딸기(일반),41934,,47637,36315,35419.43
20221206,딸기(일반),39894,47244,,37148,35419.43
20221207,딸기(일반),41825,43791,42073,35890,35419.43
20221208,딸기(일반),41912,41782,38868,,35419.43
20221209,딸기(일반),45537,43162,39876,32524,35419.43
20221210,딸기(일반),45460,42724,43031,31218,35419.43
20221212,딸기(일반),44367,,38008,32316,34233.48
20221213,딸기(일반),41348,41607,,31939,34233.48
20221214,딸기(일반),40092,42064,35950,31986,34233.48
20221215,딸기(일반),43262,42223,34350,,34233.48
20221216,딸기(일반),44839,43837,35922,30995,34233.48
20221217,딸기(일반),41777,46517,35147,29253,34233.48
20221219,딸기(일반),43672,,37448,28301,34233.48
20221220,딸기(일반),41543,52824,,28395,34233.48
20221221,딸기(일반),45035,57772,38806,30242,37932.51
20221222,딸기(일반),49847,61410,40128,,37932.51
20221223,딸기(일반),49201,64860,46218,30451,37932.51
20221224,딸기(일반),48855,62193,47094,34294,37932.51
20221226,딸기(일반),51246,,45662,44506,37932.51
20221227,딸기(일반),49419,65217,,38428,37932.51
20221228,딸기(일반),48503,59221,39922,39351,37932.51
20221229,딸기(일반),47581,58968,36488,,37932.51
20221230,딸기(일반),52238,58475,38963,38569,37932.51
20221231,딸기(일반),46907,64946,34669,39893,37932.51
20230103,딸기(일반),46532,60356,,37246,36205.99
20230104,딸기(일반),42116,54344,38368,38257,36205.99
20230105,딸기(일반),40157,55958,33747,,36205.99
20230106,딸기(일반),46724,59268,39811,36150,36205.99
20230107,딸기(일반),44646,58103,37443,35187,36205.99
20230109,딸기(일반),45459,,35006,38511,36205.99
20230110,딸기(일반),41925,53632,,39515,36205.99
20230111,딸기(일반),44253,49913,37013,42102,37228.94
20230112,딸기(일반),41418,51592,38757,,37228.94
20230113,딸기(일반),47999,52001,48655,38441,37228.94
20230114,딸기(일반),42061,53823,46021,35498,37228.94
20230116,딸기(일반),46232,,47454,37837,37228.94
20230117,딸기(일반),40928,53856,,40156,37228.94
20230118,딸기(일반),44392,52126,40814,41659,37228.94
20230119,딸기(일반),47334,55087,34290,,37228.94
20230120,딸기(일반),57860,57600,37627,41470,37228.94
20230121,딸기(일반),55601,57161,32134,39717,36821.84
20230125,딸기(일반),49179,51721,37473,,36821.84
20230126,딸기(일반),35970,58479,35783,,36821.84
20230127,딸기(일반),47922,57180,40353,,36821.84
20230128,딸기(일반),61433,68702,38251,39471,36821.84
20230130,딸기(일반),55246,,40691,34655,36821.84
20230131,딸기(일반),46753,,,35761,36821.84
20230201,딸기(일반),56664,,41719,34088,36126.55
20230202,딸기(일반),40524,,40630,,36126.55
20230203,딸기(일반),46575,,41716,32450,36126.55
20230204,딸기(일반),42379,45066,41775,32477,36126.55
20230206,딸기(일반),43251,,41129,32296,36126.55
20230207,딸기(일반),33036,52329,,32474,36126.55
20230208,딸기(일반),41484,40926,42065,31386,36126.55
20230209,딸기(일반),35697,53368,42396,,36126.55
20230210,딸기(일반),42012,41020,42933,30008,36126.55
20230211,딸기(일반),45506,50530,42370,35790,31741.37
20230213,딸기(일반),41797,,,30254,31741.37
20230214,딸기(일반),37935,43991,,31843,31741.37
20230215,딸기(일반),46420,39992,34361,32314,31741.37
20230216,딸기(일반),45597,41127,28555,,31741.37
20230217,딸기(일반),45276,39298,27502,29122,31741.37
20230218,딸기(일반),46633,39704,31299,26857,31741.37
20230220,딸기(일반),46128,,36449,26780,31741.37
20230221,딸기(일반),44986,40462,,27769,30140.73
20230222,딸기(일반),42460,39904,32827,28180,30140.73
20230223,딸기(일반),42886,38496,30656,,30140.73
20230224,딸기(일반),44499,39354,30808,27923,30140.73
20230225,딸기(일반),43596,43162,32373,28011,30140.73
20230227,딸기(일반),42056,,42268,30348,30140.73
20230228,딸기(일반),40270,38530,,30708,30140.73
20230301,딸기(일반),39647,36316,39937,,29705.16
20230302,딸기(일반),40410,35036,36709,29306,29705.16
20230303,딸기(일반),43854,33460,38371,28808,29705.16
20230304,딸기(일반),41238,35845,40896,28091,29705.16
20230306,딸기(일반),36844,,37934,28869,29705.16
20230307,딸기(일반),36711,32215,,28965,29705.16
20230308,딸기(일반),33284,32963,39414,,29705.16
20230309,딸기(일반),34303,30731,31242,28974,29705.16
20230310,딸기(일반),35232,31914,29732,29374,29705.16
20230311,딸기(일반),37500,33600,30152,29298,29407.03
20230313,딸기(일반),35111,,31838,32304,29407.03
20230314,딸기(일반),33619,32051,,34221,29407.03
20230315,딸기(일반),35480,32057,31328,,29407.03
20230316,딸기(일반),36499,32467,31078,29919,29407.03
20230317,딸기(일반),39405,38174,30542,27334,29407.03
20230318,딸기(일반),39038,35089,28711,26980,29407.03
20230320,딸기(일반),34867,,31188,26694,29407.03
20230321,딸기(일반),35379,37685,,27800,30255.72
20230322,딸기(일반),32662,47360,30342,,30255.72
20230323,딸기(일반),31904,49084,30412,26449,30255.72
20230324,딸기(일반),33881,42924,30042,26002,30255.72
20230325,딸기(일반),36316,39358,30478,25355,30255.72
20230327,딸기(일반),33583,,33569,29407,30255.72
20230328,딸기(일반),33525,38484,,32425,30255.72
20230329,딸기(일반),31311,36986,34786,,30255.72
20230330,딸기(일반),31167,35970,29448,31932,30255.72
20230331,딸기(일반),34265,34026,28342,30953,30255.72
20230401,딸기(일반),38835,32526,27820,28942,28474.96
20230403,딸기(일반),32957,,30709,32327,28474.96
20230404,딸기(일반),30764,33859,,31919,28474.96
20230405,딸기(일반),28517,32849,28835,,28474.96
20230406,딸기(일반),29346,31516,28081,31888,28474.96
20230407,딸기(일반),33229,30473,28784,30564,28474.96
20230408,딸기(일반),38097,33125,30876,27009,28474.96
20230410,딸기(일반),33184,,40993,28414,28474.96
20230411,딸기(일반),32342,30698,,28845,30360.27
20230412,딸기(일반),32855,29806,37482,,30360.27
20230413,딸기(일반),34810,28887,33347,28522,30360.27
20230414,딸기(일반),36023,28169,31347,28784,30360.27
20230415,딸기(일반),39984,30751,35672,32392,30360.27
20230417,딸기(일반),32430,,42786,33329,30360.27
20230418,딸기(일반),32458,32730,,32860,30360.27
20230419,딸기(일반),31787,32675,33357,,30360.27
20230420,딸기(일반),31358,34796,32208,29204,30360.27
20230421,딸기(일반),31424,39335,33833,27492,31745.85
20230422,딸기(일반),31882,44182,34630,30149,31745.85
20230424,딸기(일반),31505,,39547,30845,31745.85
20230425,딸기(일반),34338,35001,,35247,31745.85
20230426,딸기(일반),37062,32517,31708,,31745.85
20230427,딸기(일반),44734,31325,28122,34140,31745.85
20230428,딸기(일반),51428,33933,31767,35008,31745.85
20230429,딸기(일반),50634,40847,35626,37748,31745.85
20230501,딸기(일반),41957,,52884,39321,35339.58
20230502,딸기(일반),37125,40727,,39809,35339.58
20230503,딸기(일반),38936,38747,45435,,35339.58
20230504,딸기(일반),38669,39464,42078,28546,35339.58
20230505,딸기(일반),35939,43857,39556,26441,35339.58
20230506,딸기(일반),44074,50219,44409,29197,35339.58
20230508,딸기(일반),40273,,40895,38253,35339.58
20230509,딸기(일반),40136,36257,,40265,35339.58
20230510,딸기(일반),35734,31941,33518,,35339.58
20230511,딸기(일반),32784,32159,29634,31988,26704.65
20230512,딸기(일반),34088,32622,27486,31015,26704.65
20230513,딸기(일반),31069,32105,28168,34534,26704.65
20230515,딸기(일반),29865,,26002,29545,26704.65
20230516,딸기(일반),28303,29003,,30073,26704.65
20230517,딸기(일반),25771,31186,27236,,26704.65
20230518,딸기(일반),26718,31883,22424,25592,26704.65
20230519,딸기(일반),28731,35374,24663,28338,26704.65
20230520,딸기(일반),28261,32018,25364,21786,26704.65
20230522,딸기(일반),23413,,25216,26787,23692.66
20230523,딸기(일반),23456,26376,,28744,23692.66
20230524,딸기(일반),23088,25196,23222,,23692.66
20230525,딸기(일반),23233,25711,24326,24605,23692.66
20230526,딸기(일반),23856,26120,22815,20521,23692.66
20230527,딸기(일반),24068,28680,23226,21485,23692.66
20230529,딸기(일반),21765,,23758,21145,23692.66
20230530,딸기(일반),21321,28410,,21389,23692.66
20230531,딸기(일반),21364,27884,22463,,23692.66
20230601,딸기(일반),20821,28440,23053,18543,19894.68
20230602,딸기(일반),19278,24826,21929,18470,19894.68
20230603,딸기(일반),20681,27250,22585,15786,19894.68
20230605,딸기(일반),22881,,24101,15326,19894.68
20230606,딸기(일반),22000,29941,,15751,19894.68
20230607,딸기(일반),23222,30077,20602,,19894.68
20230608,딸기(일반),26000,30276,21593,15643,19894.68
20230609,딸기(일반),33000,23000,23476,14770,19894.68
20230610,딸기(일반),41000,35952,20462,14347,19894.68
20230612,딸기(일반),30000,,24912,14000,21627.77
20230613,딸기(일반),30000,23000,,15000,21627.77
20230614,딸기(일반),30000,15250,25000,,21627.77
20230615,딸기(일반),30000,15250,23000,17000,21627.77
20231021,딸기(일반),100000,50000,61000,70000,60023.53
20231023,딸기(일반),100000,,60395,71200,60023.53
20231024,딸기(일반),102857,97600,,69333,60023.53
20231025,딸기(일반),100000,100000,62810,,60023.53
20231026,딸기(일반),121667,83000,53157,68867,60023.53
20231027,딸기(일반),130000,80000,51839,52300,60023.53
20231028,딸기(일반),107368,100000,54767,77000,60023.53
20231030,딸기(일반),88132,,56401,84034,60023.53
20231031,딸기(일반),92727,100000,,84579,60023.53
20231101,딸기(일반),103500,77656,47623,,54228
20231102,딸기(일반),96714,93214,50179,68177,54228
20231103,딸기(일반),97852,110690,54167,78222,54228
20231106,딸기(일반),75678,,53859,75958,54228
20231107,딸기(일반),80535,77019,,79157,54228
20231108,딸기(일반),80268,68500,46220,,54228
20231109,딸기(일반),81320,69769,40682,72069,54228
20231110,딸기(일반),84914,74228,42287,74313,54228
20231111,딸기(일반),88235,76466,53602,71141,49654.99
20231113,딸기(일반),77057,,60027,69342,49654.99
20231114,딸기(일반),78087,53002,,75650,49654.99
20231115,딸기(일반),90296,46729,46442,,49654.99
20231116,딸기(일반),104125,52223,48600,64106,49654.99
20231117,딸기(일반),90127,52198,51185,52571,49654.99
20231118,딸기(일반),92688,56542,50666,55538,49654.99
20231120,딸기(일반),82247,,38315,52227,49654.99
20231121,딸기(일반),70949,48189,,54649,39403.24
20231122,딸기(일반),72729,44716,32199,,39403.24
20231123,딸기(일반),73506,45040,35024,44192,39403.24
20231124,딸기(일반),67991,49026,35290,40512,39403.24
20231125,딸기(일반),65763,49637,35862,42051,39403.24
20231127,딸기(일반),57500,,38267,53397,39403.24
20231128,딸기(일반),56239,41207,,53414,39403.24
20231129,딸기(일반),63000,39275,37975,,39403.24
20231130,딸기(일반),67434,43872,37598,48577,39403.24
20231201,딸기(일반),68560,42215,35504,46147,38866.28
20231202,딸기(일반),68560,42336,38557,49001,38866.28
20231204,딸기(일반),55196,,49287,47844,38866.28
20231205,딸기(일반),51612,41934,,47637,38866.28
20231206,딸기(일반),53852,39894,47244,,38866.28
20231207,딸기(일반),58035,41825,43791,42073,38866.28
20231208,딸기(일반),56185,41912,41782,38868,38866.28
20231209,딸기(일반),52847,45537,43162,39876,38866.28
20231211,딸기(일반),48747,,42054,41115,36851.99
20231212,딸기(일반),47708,44367,,38008,36851.99
20231213,딸기(일반),45152,41348,41607,,36851.99
20231214,딸기(일반),46375,40092,42064,35950,36851.99
20231215,딸기(일반),45727,43262,42223,34350,36851.99
20231216,딸기(일반),48048,44839,43837,35922,36851.99
20231218,딸기(일반),47898,,51245,37025,36851.99
20231219,딸기(일반),47818,43672,,37448,36851.99
20231220,딸기(일반),52085,41543,52824,,36851.99
20231221,딸기(일반),57640,45035,57772,38806,41595.75
20231222,딸기(일반),56961,49847,61410,40128,41595.75
20231223,딸기(일반),62857,49201,64860,46218,41595.75
20231225,딸기(일반),63487,,66741,44180,41595.75
20231226,딸기(일반),54995,51246,,45662,41595.75
20231227,딸기(일반),54989,49419,65217,,41595.75
20231228,딸기(일반),59099,48503,59221,39922,41595.75
20231229,딸기(일반),59986,47581,58968,36488,41595.75
20231230,딸기(일반),57720,52238,58475,38963,41595.75
20240103,딸기(일반),51760,46532,60356,,38851.48
20240104,딸기(일반),42349,42116,54344,38368,38851.48
20240105,딸기(일반),47076,40157,55958,33747,38851.48
20240106,딸기(일반),47128,46724,59268,39811,38851.48
20240108,딸기(일반),46159,,53231,34756,38851.48
20240109,딸기(일반),39772,45459,,35006,38851.48
20240110,딸기(일반),44546,41925,53632,,38851.48
20240111,딸기(일반),44095,44253,49913,37013,39970.08
20240112,딸기(일반),51937,41418,51592,38757,39970.08
20240113,딸기(일반),56047,47999,52001,48655,39970.08
20240115,딸기(일반),55305,,55318,48484,39970.08
20240116,딸기(일반),50710,46232,,47454,39970.08
20240117,딸기(일반),53457,40928,53856,,39970.08
20240118,딸기(일반),53457,44392,52126,40814,39970.08
20240119,딸기(일반),60779,47334,55087,34290,39970.08
20240120,딸기(일반),55367,57860,57600,37627,39970.08
20240122,딸기(일반),63895,,56969,35574,40232.1
20240123,딸기(일반),58541,,,35723,40232.1
20240124,딸기(일반),61192,,58870,,40232.1
20240125,딸기(일반),58554,49179,51721,37473,40232.1
20240126,딸기(일반),62410,35970,58479,35783,40232.1
20240127,딸기(일반),58499,47922,57180,40353,40232.1
20240129,딸기(일반),66665,,64453,37964,40232.1
20240130,딸기(일반),55291,55246,,40691,40232.1
20240131,딸기(일반),61933,46753,,,40232.1
20240201,딸기(일반),56146,56664,,41719,38627.88
20240202,딸기(일반),65705,40524,,40630,38627.88
20240203,딸기(일반),54568,46575,,41716,38627.88
20240205,딸기(일반),66417,,44853,44537,38627.88
20240206,딸기(일반),50386,43251,,41129,38627.88
20240207,딸기(일반),66644,33036,52329,,38627.88
20240208,딸기(일반),67837,41484,40926,42065,38627.88
20240209,딸기(일반),59417,35697,53368,42396,38627.88
20240213,딸기(일반),51107,41797,,,34523.55
20240214,딸기(일반),39318,37935,43991,,34523.55
20240215,딸기(일반),42758,46420,39992,34361,34523.55
20240216,딸기(일반),44036,45597,41127,28555,34523.55
20240217,딸기(일반),42758,45276,39298,27502,34523.55
20240219,딸기(일반),41958,,42726,34033,34523.55
20240220,딸기(일반),34903,46128,,36449,34523.55
20240221,딸기(일반),36924,44986,40462,,33299.57
20240222,딸기(일반),33316,42460,39904,32827,33299.57
20240223,딸기(일반),49671,42886,38496,30656,33299.57
20240224,딸기(일반),63406,44499,39354,30808,33299.57
20240226,딸기(일반),54756,,40187,34629,33299.57
20240227,딸기(일반),47367,42056,,42268,33299.57
20240228,딸기(일반),47089,40270,38530,,33299.57
20240229,딸기(일반),46846,,,,33299.57
20240301,딸기(일반),49999,39647,36316,39937,32196.5
20240302,딸기(일반),30000,40410,35036,36709,32196.5
20240304,딸기(일반),43644,41238,35845,40896,32196.5
20240305,딸기(일반),40809,,36023,41327,32196.5
20240306,딸기(일반),42652,36844,,37934,32196.5
20240307,딸기(일반),46805,36711,32215,,32196.5
20240308,딸기(일반),48031,33284,32963,39414,32196.5
20240309,딸기(일반),46919,34303,30731,31242,32196.5
20240311,딸기(일반),42449,37500,33600,30152,31147.78
20240312,딸기(일반),37485,,37490,30820,31147.78
20240313,딸기(일반),40915,35111,,31838,31147.78
20240314,딸기(일반),43151,33619,32051,,31147.78
20240315,딸기(일반),45863,35480,32057,31328,31147.78
20240316,딸기(일반),43821,36499,32467,31078,31147.78
20240318,딸기(일반),38552,39038,35089,28711,31147.78
20240319,딸기(일반),35080,,38206,28694,31147.78
20240320,딸기(일반),33576,34867,,31188,31147.78
20240321,딸기(일반),33567,35379,37685,,31462.68
20240322,딸기(일반),35288,32662,47360,30342,31462.68
20240323,딸기(일반),36233,31904,49084,30412,31462.68
20240325,딸기(일반),34145,36316,39358,30478,31462.68
20240326,딸기(일반),33008,,44122,31722,31462.68
20240327,딸기(일반),34219,33583,,33569,31462.68
20240328,딸기(일반),38744,33525,38484,,31462.68
20240329,딸기(일반),40541,31311,36986,34786,31462.68
20240330,딸기(일반),42231,31167,35970,29448,31462.68
20240401,딸기(일반),39399,38835,32526,27820,29915.07
20240402,딸기(일반),38623,,34021,28814,29915.07
20240403,딸기(일반),35112,32957,,30709,29915.07
20240404,딸기(일반),34683,30764,33859,,29915.07
20240405,딸기(일반),34670,28517,32849,28835,29915.07
20240406,딸기(일반),40574,29346,31516,28081,29915.07
20240408,딸기(일반),33947,38097,33125,30876,29915.07
20240409,딸기(일반),32113,,35247,34065,29915.07
20240410,딸기(일반),31798,33184,,40993,29915.07
20240411,딸기(일반),33685,32342,30698,,31688.12
20240412,딸기(일반),36422,32855,29806,37482,31688.12
20240413,딸기(일반),39623,34810,28887,33347,31688.12
20240415,딸기(일반),31130,39984,30751,35672,31688.12
20240416,딸기(일반),34499,,41580,40188,31688.12
20240417,딸기(일반),34574,32430,,42786,31688.12
20240418,딸기(일반),34802,32458,32730,,31688.12
20240419,딸기(일반),37695,31787,32675,33357,31688.12
20240420,딸기(일반),40910,31358,34796,32208,31688.12
20240422,딸기(일반),36350,31882,44182,34630,33528.29
20240423,딸기(일반),37524,,50246,34252,33528.29
20240424,딸기(일반),39346,31505,,39547,33528.29
20240425,딸기(일반),42331,34338,35001,,33528.29
20240426,딸기(일반),45236,37062,32517,31708,33528.29
20240427,딸기(일반),46367,44734,31325,28122,33528.29
20240429,딸기(일반),32482,50634,40847,35626,33528.29
20240430,딸기(일반),31000,,48808,41821,33528.29
20240501,딸기(일반),33975,41957,,52884,37110.44
20240502,딸기(일반),39515,37125,40727,,37110.44
20240503,딸기(일반),38228,38936,38747,45435,37110.44
20240504,딸기(일반),42278,38669,39464,42078,37110.44
20240506,딸기(일반),29792,44074,50219,44409,37110.44
20240507,딸기(일반),29319,,47264,46077,37110.44
20240508,딸기(일반),32304,40273,,40895,37110.44
20240509,딸기(일반),37884,40136,36257,,37110.44
20240510,딸기(일반),38398,35734,31941,33518,37110.44
20240511,딸기(일반),34936,32784,32159,29634,28350.68
20240513,딸기(일반),28392,31069,32105,28168,28350.68
20240514,딸기(일반),27859,,29618,27176,28350.68
20240515,딸기(일반),28474,29865,,26002,28350.68
20240516,딸기(일반),32534,28303,29003,,28350.68
20240517,딸기(일반),34436,25771,31186,27236,28350.68
20240518,딸기(일반),33495,26718,31883,22424,28350.68
20240520,딸기(일반),28161,28261,32018,25364,28350.68
20240521,딸기(일반),28427,,33026,25304,23838.57
20240522,딸기(일반),28014,23413,,25216,23838.57
20240523,딸기(일반),29156,23456,26376,,23838.57
20240524,딸기(일반),25690,23088,25196,23222,23838.57
20240525,딸기(일반),27325,23233,25711,24326,23838.57
20240527,딸기(일반),23734,24068,28680,23226,23838.57
20240528,딸기(일반),24251,,28667,22703,23838.57
20240529,딸기(일반),25717,21765,,23758,23838.57
20240530,딸기(일반),26407,21321,28410,,23838.57
20240531,딸기(일반),27677,21364,27884,22463,23838.57
20240601,딸기(일반),30967,20821,28440,23053,20455.65
20240603,딸기(일반),24863,20681,27250,22585,20455.65
20240604,딸기(일반),23897,,33542,21727,20455.65
20240605,딸기(일반),22330,22881,,24101,20455.65
20240606,딸기(일반),23685,22000,29941,,20455.65
20240607,딸기(일반),25328,23222,30077,20602,20455.65
20240608,딸기(일반),25635,26000,30276,21593,20455.65
20240610,딸기(일반),24574,41000,35952,20462,20455.65
20240611,딸기(일반),27875,,31400,26000,20748.78
20240612,딸기(일반),27000,30000,,24912,20748.78
20240613,딸기(일반),27211,30000,23000,,20748.78
20240614,딸기(일반),32474,30000,15250,25000,20748.78
20240615,딸기(일반),38000,30000,15250,23000,20748.78
20240617,딸기(일반),29450,,15250,23000,20748.78
20240618,딸기(일반),29450,,15250,23000,20748.78
20240715,딸기(일반),8000,,,,501.82
20240716,딸기(일반),8000,,,,501.82
20240717,딸기(일반),8000,,,,501.82
20240718,딸기(일반),8000,,,,501.82
20240719,딸기(일반),8000,,,,501.82
20240720,딸기(일반),8000,,,,501.82
20240722,딸기(일반),8000,,,,705.37
20241025,딸기(일반),80000,100000,100000,62810,64471.25
20241026,딸기(일반),80000,121667,83000,53157,64471.25
20241028,딸기(일반),118571,107368,100000,54767,64471.25
20241029,딸기(일반),66000,,89333,57255,64471.25
20241030,딸기(일반),120000,88132,,56401,64471.25
20241031,딸기(일반),105000,92727,100000,,64471.25
20241101,딸기(일반),90533,103500,77656,47623,56675.81
20241102,딸기(일반),100000,96714,93214,50179,56675.81
20241104,딸기(일반),120889,,126944,58000,56675.81
20241105,딸기(일반),107176,,104489,53928,56675.81
20241106,딸기(일반),102840,75678,,53859,56675.81
20241107,딸기(일반),115357,80535,77019,,56675.81
20241108,딸기(일반),112345,80268,68500,46220,56675.81
20241109,딸기(일반),120417,81320,69769,40682,56675.81
20241111,딸기(일반),98296,88235,76466,53602,53064.45
20241112,딸기(일반),84149,,76801,57013,53064.45
20241113,딸기(일반),111787,77057,,60027,53064.45
20241114,딸기(일반),103219,78087,53002,,53064.45
20241115,딸기(일반),95791,90296,46729,46442,53064.45
20241116,딸기(일반),87375,104125,52223,48600,53064.45
20241118,딸기(일반),77589,92688,56542,50666,53064.45
20241119,딸기(일반),70713,,64532,49339,53064.45
20241120,딸기(일반),87351,82247,,38315,53064.45
20241121,딸기(일반),87223,70949,48189,,42706.02
20241122,딸기(일반),87992,72729,44716,32199,42706.02
20241123,딸기(일반),80958,73506,45040,35024,42706.02
20241125,딸기(일반),72566,65763,49637,35862,42706.02
20241126,딸기(일반),67731,,41398,39567,42706.02
20241127,딸기(일반),72200,57500,,38267,42706.02
20241128,딸기(일반),71005,56239,41207,,42706.02
20241129,딸기(일반),70267,63000,39275,37975,42706.02
20241130,딸기(일반),67305,67434,43872,37598,42706.02
20241202,딸기(일반),69433,68560,42336,38557,43717.81
20241203,딸기(일반),64926,,43689,42712,43717.81
20241204,딸기(일반),64152,55196,,49287,43717.81
20241205,딸기(일반),62636,51612,41934,,43717.81
20241206,딸기(일반),58894,53852,39894,47244,43717.81
20241207,딸기(일반),59025,58035,41825,43791,43717.81
20241209,딸기(일반),61894,52847,45537,43162,43717.81
20241210,딸기(일반),54884,,45460,42724,43717.81
20241211,딸기(일반),55985,48747,,42054,40520.34
20241212,딸기(일반),60415,47708,44367,,40520.34
20241213,딸기(일반),61449,45152,41348,41607,40520.34
20241214,딸기(일반),52998,46375,40092,42064,40520.34
20241216,딸기(일반),57306,48048,44839,43837,40520.34
20241217,딸기(일반),54016,,41777,46517,40520.34
20241218,딸기(일반),58210,47898,,51245,40520.34
20241219,딸기(일반),57258,47818,43672,,40520.34
20241220,딸기(일반),56064,52085,41543,52824,40520.34
20241221,딸기(일반),61830,57640,45035,57772,48901.72
20241223,딸기(일반),66794,62857,49201,64860,48901.72
20241224,딸기(일반),58852,,48855,62193,48901.72
20241225,딸기(일반),58164,63487,,66741,48901.72
20241226,딸기(일반),60617,54995,51246,,48901.72
20241227,딸기(일반),58366,54989,49419,65217,48901.72
20241228,딸기(일반),53985,59099,48503,59221,48901.72
20241230,딸기(일반),54245,57720,52238,58475,48901.72
20241231,딸기(일반),52943,,46907,64946,48901.72
20250102,딸기(일반),52943,,,,43475.68
20250103,딸기(일반),54701,51760,46532,60356,43475.68
20250104,딸기(일반),49587,42349,42116,54344,43475.68
20250106,딸기(일반),46580,47128,46724,59268,43475.68
20250107,딸기(일반),43970,,44646,58103,43475.68
20250108,딸기(일반),49361,46159,,53231,43475.68
20250109,딸기(일반),52832,39772,45459,,43475.68
20250110,딸기(일반),55648,44546,41925,53632,43475.68
20250111,딸기(일반),59093,44095,44253,49913,46647.91
20250113,딸기(일반),55838,56047,47999,52001,46647.91
20250114,딸기(일반),49836,,42061,53823,46647.91
20250115,딸기(일반),52888,55305,,55318,46647.91
20250116,딸기(일반),53055,50710,46232,,46647.91
20250117,딸기(일반),54681,53457,40928,53856,46647.91
20250118,딸기(일반),53521,53457,44392,52126,46647.91
20250120,딸기(일반),53990,55367,57860,57600,46647.91
20250121,딸기(일반),44528,,55601,57161,47448.57
20250122,딸기(일반),50015,63895,,56969,47448.57
20250123,딸기(일반),50587,58541,,,47448.57
20250124,딸기(일반),61572,61192,,58870,47448.57
20250125,딸기(일반),59505,58554,49179,51721,47448.57
20250127,딸기(일반),62237,58499,47922,57180,47448.57
20250128,딸기(일반),45232,,61433,68702,47448.57
20250201,딸기(일반),44859,56146,56664,,43842.51
20250203,딸기(일반),47657,54568,46575,,43842.51
20250204,딸기(일반),42054,,42379,45066,43842.51
20250205,딸기(일반),57327,66417,,44853,43842.51
20250206,딸기(일반),40320,50386,43251,,43842.51
20250207,딸기(일반),50850,66644,33036,52329,43842.51
20250208,딸기(일반),44885,67837,41484,40926,43842.51
20250210,딸기(일반),49858,,42012,41020,43842.51
20250211,딸기(일반),53269,,45506,50530,38149.82
20250213,딸기(일반),44767,51107,41797,,38149.82
20250214,딸기(일반),57886,39318,37935,43991,38149.82
20250215,딸기(일반),48952,42758,46420,39992,38149.82
20250217,딸기(일반),49952,42758,45276,39298,38149.82
20250218,딸기(일반),37894,,46633,39704,38149.82
20250219,딸기(일반),45507,41958,,42726,38149.82
20250220,딸기(일반),33510,34903,46128,,38149.82
20250221,딸기(일반),42258,36924,44986,40462,37542.75
20250222,딸기(일반),38028,33316,42460,39904,37542.75
20250224,딸기(일반),38915,63406,44499,39354,37542.75
20250225,딸기(일반),36412,,43596,43162,37542.75
20250226,딸기(일반),37180,54756,,40187,37542.75
20250227,딸기(일반),34295,47367,42056,,37542.75
20250228,딸기(일반),43350,47089,40270,38530,37542.75
20250301,딸기(일반),39932,49999,39647,36316,35867.61
20250303,딸기(일반),40563,,43854,33460,35867.61
20250304,딸기(일반),39693,43644,41238,35845,35867.61
20250306,딸기(일반),39685,42652,36844,,35867.61
20250307,딸기(일반),39110,46805,36711,32215,35867.61
20250308,딸기(일반),41336,48031,33284,32963,35867.61
20250310,딸기(일반),37412,,35232,31914,35867.61
20250311,딸기(일반),34138,42449,37500,33600,33957.2
20250312,딸기(일반),32942,37485,,37490,33957.2
20250313,딸기(일반),32097,40915,35111,,33957.2
20250314,딸기(일반),36718,43151,33619,32051,33957.2
20250315,딸기(일반),42202,45863,35480,32057,33957.2
20250317,딸기(일반),36583,,39405,38174,33957.2
20250318,딸기(일반),35350,38552,39038,35089,33957.2
20250319,딸기(일반),35058,35080,,38206,33957.2
20250320,딸기(일반),37205,33576,34867,,33957.2
20250321,딸기(일반),42662,33567,35379,37685,33800.39
20250322,딸기(일반),42645,35288,32662,47360,33800.39
20250324,딸기(일반),35266,,33881,42924,33800.39
20250325,딸기(일반),31708,34145,36316,39358,33800.39
20250326,딸기(일반),29862,33008,,44122,33800.39
20250327,딸기(일반),29734,34219,33583,,33800.39
20250328,딸기(일반),33313,38744,33525,38484,33800.39
20250329,딸기(일반),39855,40541,31311,36986,33800.39
20250331,딸기(일반),34364,,34265,34026,33800.39
20250401,딸기(일반),34569,39399,38835,32526,32603.25
20250402,딸기(일반),35990,38623,,34021,32603.25
20250403,딸기(일반),38756,35112,32957,,32603.25
20250404,딸기(일반),46667,34683,30764,33859,32603.25
20250405,딸기(일반),54471,34670,28517,32849,32603.25
20250407,딸기(일반),44204,,33229,30473,32603.25
20250408,딸기(일반),39852,33947,38097,33125,32603.25
20250409,딸기(일반),36729,32113,,35247,32603.25
20250410,딸기(일반),33083,31798,33184,,32603.25
20250411,딸기(일반),37622,33685,32342,30698,33621.87
20250412,딸기(일반),33223,36422,32855,29806,33621.87
20250414,딸기(일반),30328,,36023,28169,33621.87
20250415,딸기(일반),31718,31130,39984,30751,33621.87
20250416,딸기(일반),34969,34499,,41580,33621.87
20250417,딸기(일반),37623,34574,32430,,33621.87
20250418,딸기(일반),39348,34802,32458,32730,33621.87
20250419,딸기(일반),39129,37695,31787,32675,33621.87
20250421,딸기(일반),30535,,31424,39335,36263.5
20250422,딸기(일반),24548,36350,31882,44182,36263.5
20250423,딸기(일반),26130,37524,,50246,36263.5
20250424,딸기(일반),31567,39346,31505,,36263.5
20250425,딸기(일반),35614,42331,34338,35001,36263.5
20250426,딸기(일반),44217,45236,37062,32517,36263.5
20250428,딸기(일반),36619,,51428,33933,36263.5
20250429,딸기(일반),35290,32482,50634,40847,36263.5
20250430,딸기(일반),37772,31000,,48808,36263.5
20250501,딸기(일반),38182,33975,41957,,38179.52
20250502,딸기(일반),39961,39515,37125,40727,38179.52
20250503,딸기(일반),44567,38228,38936,38747,38179.52
20250505,딸기(일반),37871,,35939,43857,38179.52
20250506,딸기(일반),39512,29792,44074,50219,38179.52
20250507,딸기(일반),41812,29319,,47264,38179.52
20250508,딸기(일반),43615,32304,40273,,38179.52
20250509,딸기(일반),45019,37884,40136,36257,38179.52
20250510,딸기(일반),42006,38398,35734,31941,38179.52
20250512,딸기(일반),36098,,34088,32622,29616.11
20250513,딸기(일반),32868,28392,31069,32105,29616.11
20250514,딸기(일반),31372,27859,,29618,29616.11
20250515,딸기(일반),27768,28474,29865,,29616.11
20250516,딸기(일반),29169,32534,28303,29003,29616.11
20250517,딸기(일반),27990,34436,25771,31186,29616.11
20250519,딸기(일반),24831,,28731,35374,29616.11
20250520,딸기(일반),24079,28161,28261,32018,29616.11
20250521,딸기(일반),26071,28427,,33026,24990.55
20250522,딸기(일반),25363,28014,23413,,24990.55
20250523,딸기(일반),23660,29156,23456,26376,24990.55
20250524,딸기(일반),24505,25690,23088,25196,24990.55
20250526,딸기(일반),21889,,23856,26120,24990.55
20250527,딸기(일반),21519,23734,24068,28680,24990.55
20250528,딸기(일반),21853,24251,,28667,24990.55
20250529,딸기(일반),22374,25717,21765,,24990.55
20250530,딸기(일반),22143,26407,21321,28410,24990.55
20250531,딸기(일반),26322,27677,21364,27884,24990.55
20250602,딸기(일반),23438,,19278,24826,21446.17
20250603,딸기(일반),19922,24863,20681,27250,21446.17
20250604,딸기(일반),19679,23897,,33542,21446.17
20250605,딸기(일반),22188,22330,22881,,21446.17
20250606,딸기(일반),24057,23685,22000,29941,21446.17
20250607,딸기(일반),29644,25328,23222,30077,21446.17
20250609,딸기(일반),26981,,33000,23000,21446.17
20250610,딸기(일반),20684,24574,41000,35952,21446.17
20250611,딸기(일반),23600,27875,,31400,22113.29
20250612,딸기(일반),25381,27000,30000,,22113.29
20250613,딸기(일반),26000,27211,30000,23000,22113.29
20250614,딸기(일반),35000,32474,30000,15250,22113.29
20250616,딸기(일반),20556,,,15250,22113.29
20250617,딸기(일반),20556,29450,,15250,22113.29
20250618,딸기(일반),20556,29450,,15250,22113.29
20250619,딸기(일반),20556,,,,22113.29
20250620,딸기(일반),20556,,,15250,22113.29
20250621,딸기(일반),20556,,,15250,6450.21
20250623,딸기(일반),20556,,,,6450.21
20250624,딸기(일반),20556,,,,6450.21
20250625,딸기(일반),20556,,,,6450.21
20250626,딸기(일반),20556,,,,6450.21
20251020,딸기(일반),100000,,,,26759.09
20251021,딸기(일반),80000,,100000,50000,69096.28
20251022,딸기(일반),96667,,,100000,69096.28
20251023,딸기(일반),80000,,100000,,69096.28
20251024,딸기(일반),101667,,102857,97600,69096.28
20251025,딸기(일반),104000,80000,100000,100000,69096.28
20251027,딸기(일반),90333,,130000,80000,69096.28
20251028,딸기(일반),80714,118571,107368,100000,69096.28
20251029,딸기(일반),103733,66000,,89333,69096.28
20251030,딸기(일반),102455,120000,88132,,69096.28
20251031,딸기(일반),118148,105000,92727,100000,69096.28
20251103,딸기(일반),95475,,97852,110690,63567.09
20251104,딸기(일반),92500,120889,,126944,63567.09
20251105,딸기(일반),96033,107176,,104489,63567.09
20251106,딸기(일반),92165,102840,75678,,63567.09
20251107,딸기(일반),80877,115357,80535,77019,63567.09
20251108,딸기(일반),86808,112345,80268,68500,63567.09
20251110,딸기(일반),67623,,84914,74228,63567.09
20251111,딸기(일반),63222,98296,88235,76466,59793.3
20251112,딸기(일반),65300,84149,,76801,59793.3
20251113,딸기(일반),76441,111787,77057,,59793.3
20251114,딸기(일반),75536,103219,78087,53002,59793.3
20251115,딸기(일반),77531,95791,90296,46729,59793.3
20251117,딸기(일반),63341,,90127,52198,59793.3
20251118,딸기(일반),63304,77589,92688,56542,59793.3
20251119,딸기(일반),62603,70713,,64532,59793.3
20251120,딸기(일반),62385,87351,82247,,59793.3
20251121,딸기(일반),67101,87223,70949,48189,49604.37
20251122,딸기(일반),59264,87992,72729,44716,49604.37
20251124,딸기(일반),54610,,67991,49026,49604.37
20251125,딸기(일반),49912,72566,65763,49637,49604.37
20251126,딸기(일반),49598,67731,,41398,49604.37
20251127,딸기(일반),54441,72200,57500,,49604.37
20251128,딸기(일반),50752,71005,56239,41207,49604.37
20251129,딸기(일반),54422,70267,63000,39275,49604.37
20251201,딸기(일반),47582,,68560,42215,48606.58
20251202,딸기(일반),43299,69433,68560,42336,48606.58
20251203,딸기(일반),42629,64926,,43689,48606.58
20251204,딸기(일반),41566,64152,55196,,48606.58
20251205,딸기(일반),44315,62636,51612,41934,48606.58
20251206,딸기(일반),44508,58894,53852,39894,48606.58
20251208,딸기(일반),41925,,56185,41912,48606.58
20251209,딸기(일반),39139,61894,52847,45537,48606.58
20251210,딸기(일반),42797,54884,,45460,48606.58
20251211,딸기(일반),44251,55985,48747,,45766.97
20251212,딸기(일반),53515,60415,47708,44367,45766.97
20251215,딸기(일반),40497,,45727,43262,45766.97
20251216,딸기(일반),37849,57306,48048,44839,45766.97
20251217,딸기(일반),39783,54016,,41777,45766.97
20251218,딸기(일반),44887,58210,47898,,45766.97
20251219,딸기(일반),50169,57258,47818,43672,45766.97
20251220,딸기(일반),53317,56064,52085,41543,45766.97
20251222,딸기(일반),52632,,56961,49847,53208.28
20251223,딸기(일반),50637,66794,62857,49201,53208.28
20251224,딸기(일반),52617,58852,,48855,53208.28
20251225,딸기(일반),53707,58164,63487,,53208.28
20251226,딸기(일반),56748,60617,54995,51246,53208.28
20251227,딸기(일반),58885,58366,54989,49419,53208.28
20251229,딸기(일반),54240,,59986,47581,53208.28
20251230,딸기(일반),55239,54245,57720,52238,53208.28
20251231,딸기(일반),54325,52943,,46907,53208.28
20260103,딸기(일반),52105,54701,51760,46532,45965.7
20260105,딸기(일반),51731,,47076,40157,45965.7
20260106,딸기(일반),47199,46580,47128,46724,45965.7
20260107,딸기(일반),50112,43970,,44646,45965.7
20260108,딸기(일반),46037,49361,46159,,45965.7
20260109,딸기(일반),48507,52832,39772,45459,45965.7
20260110,딸기(일반),46299,55648,44546,41925,45965.7
20260112,딸기(일반),47891,,51937,41418,49204.89
20260113,딸기(일반),40967,55838,56047,47999,49204.89
20260114,딸기(일반),46684,49836,,42061,49204.89
20260115,딸기(일반),45418,52888,55305,,49204.89
20260116,딸기(일반),53016,53055,50710,46232,49204.89
20260117,딸기(일반),49626,54681,53457,40928,49204.89
20260119,딸기(일반),53860,,60779,47334,49204.89
20260120,딸기(일반),42560,53990,55367,57860,49204.89
20260121,딸기(일반),47179,44528,,55601,50428.95
20260122,딸기(일반),42826,50015,63895,,50428.95
20260123,딸기(일반),54322,50587,58541,,50428.95
20260124,딸기(일반),50383,61572,61192,,50428.95
20260126,딸기(일반),55904,,62410,35970,50428.95
20260127,딸기(일반),44835,62237,58499,47922,50428.95
20260128,딸기(일반),58274,45232,,61433,50428.95
20260129,딸기(일반),51688,,66665,,50428.95
20260130,딸기(일반),67323,,55291,55246,50428.95
20260131,딸기(일반),48665,,61933,46753,50428.95
20260202,딸기(일반),61625,,65705,40524,46802.05
20260203,딸기(일반),43131,47657,54568,46575,46802.05
20260204,딸기(일반),59655,42054,,42379,46802.05
20260205,딸기(일반),41446,57327,66417,,46802.05
20260206,딸기(일반),59091,40320,50386,43251,46802.05
20260207,딸기(일반),47581,50850,66644,33036,46802.05
20260209,딸기(일반),49467,,59417,35697,46802.05
20260210,딸기(일반),36385,49858,,42012,46802.05
20260211,딸기(일반),48892,53269,,45506,41596.36
20260212,딸기(일반),36380,,,,41596.36
20260213,딸기(일반),58651,44767,51107,41797,41596.36
20260214,딸기(일반),61108,57886,39318,37935,41596.36
20260216,딸기(일반),36712,,44036,45597,41596.36
20260220,딸기(일반),39031,33510,34903,46128,41596.36
20260221,딸기(일반),33920,42258,36924,44986,40187.22
20260223,딸기(일반),32489,,49671,42886,40187.22
20260224,딸기(일반),29641,38915,63406,44499,40187.22
20260225,딸기(일반),37487,36412,,43596,40187.22
20260226,딸기(일반),27978,37180,54756,,40187.22
20260227,딸기(일반),43130,34295,47367,42056,40187.22
20260228,딸기(일반),40500,43350,47089,40270,40187.22
20260302,딸기(일반),36840,,30000,40410,37978.34
20260303,딸기(일반),33327,40563,,43854,37978.34
20260304,딸기(일반),34384,39693,43644,41238,37978.34
20260305,딸기(일반),35155,,40809,,37978.34
20260306,딸기(일반),41572,39685,42652,36844,37978.34
20260309,딸기(일반),34111,,46919,34303,37978.34
20260310,딸기(일반),33108,37412,,35232,37978.34
20260311,딸기(일반),31484,34138,42449,37500,35253.55
20260312,딸기(일반),35226,32942,37485,,35253.55
20260313,딸기(일반),39804,32097,40915,35111,35253.55
20260314,딸기(일반),37089,36718,43151,33619,35253.55
20260316,딸기(일반),35537,,43821,36499,35253.55
20260317,딸기(일반),34951,36583,,39405,35253.55
20260318,딸기(일반),33325,35350,38552,39038,35253.55
20260319,딸기(일반),33075,35058,35080,,35253.55
20260320,딸기(일반),38940,37205,33576,34867,35253.55
20260321,딸기(일반),37378,42662,33567,35379,35288.64
20260323,딸기(일반),36039,,36233,31904,35288.64
20260324,딸기(일반),32116,35266,,33881,35288.64
20260325,딸기(일반),30197,31708,34145,36316,35288.64
20260326,딸기(일반),29600,29862,33008,,35288.64
20260327,딸기(일반),34841,29734,34219,33583,35288.64
20260328,딸기(일반),38387,33313,38744,33525,35288.64
20260330,딸기(일반),31245,,42231,31167,35288.64
20260331,딸기(일반),29434,34364,,34265,35288.64
20260401,딸기(일반),28127,34569,39399,38835,34562.84
20260402,딸기(일반),32508,35990,38623,,34562.84
20260403,딸기(일반),41466,38756,35112,32957,34562.84
20260406,딸기(일반),32087,,40574,29346,34562.84
20260407,딸기(일반),30126,44204,,33229,34562.84
20260408,딸기(일반),27636,39852,33947,38097,34562.84
20260409,딸기(일반),30766,36729,32113,,34562.84
20260410,딸기(일반),33500,33083,31798,33184,34562.84
20260411,딸기(일반),37380,37622,33685,32342,34509.34
20260413,딸기(일반),33479,,39623,34810,34509.34
20260414,딸기(일반),34612,30328,,36023,34509.34
20260415,딸기(일반),31759,31718,31130,39984,34509.34
20260416,딸기(일반),34076,34969,34499,,34509.34
20260417,딸기(일반),36945,37623,34574,32430,34509.34
20260418,딸기(일반),41170,39348,34802,32458,34509.34
20260420,딸기(일반),31837,,40910,31358,34509.34
20260421,딸기(일반),31429,30535,,31424,36225.36
20260422,딸기(일반),32471,24548,36350,31882,36225.36
20260423,딸기(일반),34695,26130,37524,,36225.36
20260424,딸기(일반),37164,31567,39346,31505,36225.36
20260425,딸기(일반),43181,35614,42331,34338,36225.36
20260427,딸기(일반),33256,,46367,44734,36225.36
20260428,딸기(일반),32367,36619,,51428,36225.36
20260429,딸기(일반),33168,35290,32482,50634,36225.36
20260430,딸기(일반),35700,37772,31000,,36225.36
20260501,딸기(일반),38554,38182,33975,41957,40029.62
20260502,딸기(일반),43521,39961,39515,37125,40029.62
20260504,딸기(일반),35637,,42278,38669,40029.62
20260505,딸기(일반),34360,37871,,35939,40029.62
20260506,딸기(일반),38938,39512,29792,44074,40029.62
20260507,딸기(일반),41916,41812,29319,,40029.62
20260508,딸기(일반),41745,43615,32304,40273,40029.62
20260509,딸기(일반),38334,45019,37884,40136,40029.62
20260511,딸기(일반),32976,,34936,32784,29624.76
20260512,딸기(일반),30565,36098,,34088,29624.76
20260513,딸기(일반),28732,32868,28392,31069,29624.76
20260514,딸기(일반),31193,31372,27859,,29624.76
20260515,딸기(일반),30320,27768,28474,29865,29624.76
20260516,딸기(일반),28058,29169,32534,28303,29624.76
20260518,딸기(일반),25973,,33495,26718,29624.76
20260519,딸기(일반),25819,24831,,28731,29624.76
20260520,딸기(일반),23446,24079,28161,28261,29624.76
20260521,딸기(일반),29170,26071,28427,,25009.15
20260522,딸기(일반),27969,25363,28014,23413,25009.15
20260523,딸기(일반),29251,23660,29156,23456,25009.15
20260525,딸기(일반),25218,,27325,23233,25009.15
20260526,딸기(일반),23424,21889,,23856,25009.15
20260527,딸기(일반),24473,21519,23734,24068,25009.15
20260528,딸기(일반),22605,21853,24251,,25009.15
20210104,방울토마토(일반),23729,28447,22430,14189,22945.58
20210105,방울토마토(일반),22430,,24287,13860,22945.58
20210106,방울토마토(일반),18452,26054,,14682,22945.58
20210107,방울토마토(일반),15868,35171,24451,,22945.58
20210108,방울토마토(일반),15853,29504,24909,14507,22945.58
20210109,방울토마토(일반),22647,32107,22205,15000,22945.58
20210111,방울토마토(일반),19762,29731,23183,15650,20996.89
20210112,방울토마토(일반),24048,,33178,17391,20996.89
20210113,방울토마토(일반),21884,30674,,15710,20996.89
20210114,방울토마토(일반),24935,31937,31905,,20996.89
20210115,방울토마토(일반),26874,23638,30905,16535,20996.89
20210116,방울토마토(일반),39000,20918,32146,17406,20996.89
20210118,방울토마토(일반),22358,26199,29365,16121,20996.89
20210119,방울토마토(일반),24207,,29613,22425,20996.89
20210120,방울토마토(일반),21601,18577,,20614,20996.89
20210121,방울토마토(일반),23288,26701,27952,,24363.82
20210122,방울토마토(일반),22346,19545,34341,21379,24363.82
20210123,방울토마토(일반),30380,18953,36562,25817,24363.82
20210125,방울토마토(일반),21157,,30110,18072,24363.82
20210126,방울토마토(일반),22820,,35263,17123,24363.82
20210127,방울토마토(일반),24711,,,13314,24363.82
20210128,방울토마토(일반),24156,28658,30298,,24363.82
20210129,방울토마토(일반),24057,20006,34140,18825,24363.82
20210130,방울토마토(일반),28588,23463,33375,17826,24363.82
20210201,방울토마토(일반),23825,23518,25722,12412,22200.06
20210202,방울토마토(일반),25859,,31029,21605,22200.06
20210203,방울토마토(일반),21158,20094,,18356,22200.06
20210204,방울토마토(일반),20789,22993,32711,,22200.06
20210205,방울토마토(일반),18912,27000,,19811,22200.06
20210206,방울토마토(일반),22233,27304,,15256,22200.06
20210208,방울토마토(일반),17269,19058,22030,14362,22200.06
20210209,방울토마토(일반),17000,,18257,18799,22200.06
20210210,방울토마토(일반),18526,18692,,18494,22200.06
20210211,방울토마토(일반),17141,21769,21678,,22162.57
20210215,방울토마토(일반),18904,24936,23319,8182,22162.57
20210216,방울토마토(일반),17597,,18415,,22162.57
20210217,방울토마토(일반),18085,24320,,,22162.57
20210218,방울토마토(일반),19335,26358,22565,,22162.57
20210219,방울토마토(일반),19720,30346,19291,18556,22162.57
20210220,방울토마토(일반),21634,30832,27830,19190,22162.57
20210222,방울토마토(일반),22591,32179,23004,17528,25135.11
20210223,방울토마토(일반),25891,,18485,14141,25135.11
20210224,방울토마토(일반),23426,30977,,27517,25135.11
20210225,방울토마토(일반),23796,35126,24696,,25135.11
20210226,방울토마토(일반),31554,41110,19417,21720,25135.11
20210227,방울토마토(일반),29415,42000,31642,16667,25135.11
20210301,방울토마토(일반),30657,,28907,14360,26632.92
20210302,방울토마토(일반),29079,31718,31954,27778,26632.92
20210303,방울토마토(일반),37859,32079,,21677,26632.92
20210304,방울토마토(일반),33816,31795,28444,,26632.92
20210305,방울토마토(일반),45326,24147,24140,22848,26632.92
20210306,방울토마토(일반),36866,30995,32829,21064,26632.92
20210308,방울토마토(일반),41480,,29599,16187,26632.92
20210309,방울토마토(일반),36328,26560,23959,36633,26632.92
20210310,방울토마토(일반),47462,25662,,22618,26632.92
20210311,방울토마토(일반),35881,31244,29870,,28740.3
20210312,방울토마토(일반),41204,27489,23343,28208,28740.3
20210313,방울토마토(일반),35459,24611,37473,19784,28740.3
20210315,방울토마토(일반),36529,,30498,20710,28740.3
20210316,방울토마토(일반),31948,27833,29222,38508,28740.3
20210317,방울토마토(일반),32765,27311,,26948,28740.3
20210318,방울토마토(일반),26615,31636,35031,,28740.3
20210319,방울토마토(일반),31795,24025,33615,30265,28740.3
20210320,방울토마토(일반),23491,28064,40015,25008,28740.3
20210322,방울토마토(일반),25386,,35280,22329,27893.81
20210323,방울토마토(일반),26552,26367,27952,34562,27893.81
20210324,방울토마토(일반),29452,22988,,27911,27893.81
20210325,방울토마토(일반),22254,22254,31028,,27893.81
20210326,방울토마토(일반),27892,34684,29121,30717,27893.81
20210327,방울토마토(일반),25138,27852,40929,30357,27893.81
20210329,방울토마토(일반),28402,,38867,23799,27893.81
20210330,방울토마토(일반),23198,27888,30407,36122,27893.81
20210331,방울토마토(일반),36141,30478,,24792,27893.81
20210401,방울토마토(일반),30025,45190,31544,,26299.19
20210402,방울토마토(일반),34435,22504,27979,25625,26299.19
20210403,방울토마토(일반),37229,31807,38976,23022,26299.19
20210405,방울토마토(일반),34403,,32651,19842,26299.19
20210406,방울토마토(일반),31584,39396,27095,18590,26299.19
20210407,방울토마토(일반),36426,31980,,17389,26299.19
20210408,방울토마토(일반),33170,27590,34231,,26299.19
20210409,방울토마토(일반),33703,44311,28356,19214,26299.19
20210410,방울토마토(일반),26975,26516,34120,20721,26299.19
20210412,방울토마토(일반),30610,,28562,25493,23677.18
20210413,방울토마토(일반),25048,27652,28985,27346,23677.18
20210414,방울토마토(일반),28370,21547,,24413,23677.18
20210415,방울토마토(일반),22375,25275,32665,,23677.18
20210416,방울토마토(일반),23529,18820,28746,25106,23677.18
20210417,방울토마토(일반),21860,26092,39337,24290,23677.18
20210419,방울토마토(일반),20091,,34977,21048,23677.18
20210420,방울토마토(일반),18352,22595,33065,24683,23677.18
20210421,방울토마토(일반),16775,21454,,20817,20884.02
20210422,방울토마토(일반),16427,35173,31300,,20884.02
20210423,방울토마토(일반),21846,27139,24290,22915,20884.02
20210424,방울토마토(일반),19203,25679,28978,20365,20884.02
20210426,방울토마토(일반),19462,,17848,22608,20884.02
20210427,방울토마토(일반),16523,22101,18487,24164,20884.02
20210428,방울토마토(일반),20751,21647,,23730,20884.02
20210429,방울토마토(일반),18697,20800,21989,,20884.02
20210430,방울토마토(일반),18155,19594,22797,24945,20884.02
20210501,방울토마토(일반),17534,18631,23088,20533,16686.28
20210503,방울토마토(일반),18184,,25923,19180,16686.28
20210504,방울토마토(일반),20471,15375,22188,22208,16686.28
20210505,방울토마토(일반),20492,12421,,17299,16686.28
20210506,방울토마토(일반),25696,8945,20536,,16686.28
20210507,방울토마토(일반),27935,8040,17256,18415,16686.28
20210508,방울토마토(일반),24508,18720,22030,15679,16686.28
20210510,방울토마토(일반),23786,,17725,16325,16686.28
20210511,방울토마토(일반),26220,12052,16408,20472,14854.86
20210512,방울토마토(일반),19304,12421,,14614,14854.86
20210513,방울토마토(일반),20569,13698,15178,,14854.86
20210514,방울토마토(일반),19918,19531,16336,14514,14854.86
20210515,방울토마토(일반),20158,18871,17812,13413,14854.86
20210517,방울토마토(일반),17703,,15753,11069,14854.86
20210518,방울토마토(일반),17303,17142,15368,14498,14854.86
20210519,방울토마토(일반),18212,15858,,12390,14854.86
20210520,방울토마토(일반),19074,13500,15296,,14854.86
20210521,방울토마토(일반),17252,16548,16899,16542,16221.17
20210522,방울토마토(일반),16841,16641,24276,13352,16221.17
20210524,방울토마토(일반),15851,,17156,14091,16221.17
20210525,방울토마토(일반),20065,14202,20534,16097,16221.17
20210526,방울토마토(일반),20835,16716,,16244,16221.17
20210527,방울토마토(일반),27520,18019,17592,,16221.17
20210528,방울토마토(일반),24094,21486,25071,15435,16221.17
20210529,방울토마토(일반),17460,16194,20572,14378,16221.17
20210531,방울토마토(일반),16938,,18662,11478,16221.17
20210601,방울토마토(일반),17330,15476,17596,11335,14824.98
20210602,방울토마토(일반),20777,16520,,9013,14824.98
20210603,방울토마토(일반),21722,16765,14740,,14824.98
20210604,방울토마토(일반),15947,14626,20757,10372,14824.98
20210605,방울토마토(일반),12247,15050,19771,12172,14824.98
20210607,방울토마토(일반),19576,,22270,10302,14824.98
20210608,방울토마토(일반),18863,13552,25382,11981,14824.98
20210609,방울토마토(일반),16186,16359,,10903,14824.98
20210610,방울토마토(일반),15150,9000,24255,,14824.98
20210611,방울토마토(일반),16444,8000,22921,12127,12270.18
20210612,방울토마토(일반),17568,8000,21616,12620,12270.18
20210614,방울토마토(일반),14961,,13688,13000,12270.18
20210615,방울토마토(일반),15704,8500,13854,14160,12270.18
20210616,방울토마토(일반),17121,6500,,15374,12270.18
20210617,방울토마토(일반),17398,4500,12839,,12270.18
20210618,방울토마토(일반),16000,4500,14000,13785,12270.18
20210619,방울토마토(일반),18879,5500,14079,13111,12270.18
20210621,방울토마토(일반),15965,,11696,12224,11894.07
20210622,방울토마토(일반),16877,13357,9411,13074,11894.07
20210623,방울토마토(일반),16387,13850,,13482,11894.07
20210624,방울토마토(일반),15217,14236,10661,,11894.07
20210625,방울토마토(일반),17611,14815,9173,15283,11894.07
20210626,방울토마토(일반),20580,14445,9767,11125,11894.07
20210628,방울토마토(일반),21796,,14699,11343,11894.07
20210629,방울토마토(일반),23930,14731,16777,10019,11894.07
20210630,방울토마토(일반),29822,13286,,7334,11894.07
20210701,방울토마토(일반),41219,13346,19040,,13553.22
20210702,방울토마토(일반),43009,14737,15949,7836,13553.22
20210703,방울토마토(일반),38653,17331,14797,8098,13553.22
20210705,방울토마토(일반),34437,,12649,8948,13553.22
20210706,방울토마토(일반),33637,20897,13773,10154,13553.22
20210707,방울토마토(일반),33920,25092,,12133,13553.22
20210708,방울토마토(일반),34478,25663,14338,,13553.22
20210709,방울토마토(일반),28405,25000,15927,11484,13553.22
20210710,방울토마토(일반),29395,20159,17000,10027,13553.22
20210712,방울토마토(일반),24942,,14157,11079,17128.36
20210713,방울토마토(일반),27073,17713,15251,11063,17128.36
20210714,방울토마토(일반),31204,19158,,11633,17128.36
20210715,방울토마토(일반),24147,19386,13685,,17128.36
20210716,방울토마토(일반),24350,26179,13503,17568,17128.36
20210717,방울토마토(일반),35212,22160,15570,26383,17128.36
20210719,방울토마토(일반),27444,,19973,33217,17128.36
20210720,방울토마토(일반),31050,24350,19321,23081,17128.36
20210721,방울토마토(일반),29165,27806,,12119,14865.69
20210722,방울토마토(일반),30912,30184,18076,,14865.69
20210723,방울토마토(일반),22442,29322,16281,10040,14865.69
20210724,방울토마토(일반),25520,26284,14449,10580,14865.69
20210726,방울토마토(일반),21633,,9810,11110,14865.69
20210727,방울토마토(일반),21206,17960,10325,12171,14865.69
20210728,방울토마토(일반),19774,13666,,10735,14865.69
20210729,방울토마토(일반),17350,14082,11862,,14865.69
20210730,방울토마토(일반),21214,13554,11871,9390,14865.69
20210731,방울토마토(일반),21139,18030,11956,10246,14865.69
20210802,방울토마토(일반),16255,,13417,15543,16870.99
20210803,방울토마토(일반),15641,12993,,32216,16870.99
20210804,방울토마토(일반),14851,12641,,,16870.99
20210805,방울토마토(일반),19708,18000,10510,,16870.99
20210806,방울토마토(일반),25885,19642,11688,19503,16870.99
20210809,방울토마토(일반),21527,,13912,11352,16870.99
20210810,방울토마토(일반),22564,17350,10146,12009,16870.99
20210811,방울토마토(일반),20737,14455,,10531,20307.11
20210812,방울토마토(일반),22916,20600,10737,,20307.11
20210813,방울토마토(일반),20787,22739,9631,10266,20307.11
20210814,방울토마토(일반),19711,31400,10094,13270,20307.11
20210816,방울토마토(일반),19613,,13181,19775,20307.11
20210817,방울토마토(일반),27209,28260,14548,23492,20307.11
20210818,방울토마토(일반),35803,32000,,25677,20307.11
20210819,방울토마토(일반),48000,29319,11863,,20307.11
20210820,방울토마토(일반),49523,33097,12195,22550,20307.11
20210821,방울토마토(일반),40887,38644,9983,23211,26044.81
20210823,방울토마토(일반),28423,,12734,23177,26044.81
20210824,방울토마토(일반),37488,31414,11092,23729,26044.81
20210825,방울토마토(일반),43310,33651,,28914,26044.81
20210826,방울토마토(일반),43180,26000,13973,,26044.81
20210827,방울토마토(일반),39429,28000,15366,24739,26044.81
20210828,방울토마토(일반),38070,30570,29882,22316,26044.81
20210830,방울토마토(일반),34162,,36321,32313,26044.81
20210831,방울토마토(일반),28093,23304,19117,36897,26044.81
20210901,방울토마토(일반),36000,18938,,27446,23693.27
20210902,방울토마토(일반),45000,19740,15089,,23693.27
20210903,방울토마토(일반),43250,22124,13624,32961,23693.27
20210904,방울토마토(일반),40813,35729,11961,32241,23693.27
20210906,방울토마토(일반),27731,,11755,35733,23693.27
20210907,방울토마토(일반),23801,18244,8043,36451,23693.27
20210908,방울토마토(일반),20842,15088,,28761,23693.27
20210909,방울토마토(일반),17914,15880,10553,,23693.27
20210910,방울토마토(일반),16782,15133,10538,28192,23693.27
20210911,방울토마토(일반),20263,16448,15647,25299,23600.28
20210913,방울토마토(일반),21228,,,33120,23600.28
20210914,방울토마토(일반),18189,20000,,34372,23600.28
20210915,방울토마토(일반),25493,28059,,39183,23600.28
20210916,방울토마토(일반),34399,45730,13918,,23600.28
20210917,방울토마토(일반),54716,68714,11347,30321,23600.28
20210918,방울토마토(일반),41719,75816,12529,28565,23600.28
20210924,방울토마토(일반),22477,34098,19502,,21146.58
20210925,방울토마토(일반),15144,27475,19134,,21146.58
20210927,방울토마토(일반),17743,,27705,22066,21146.58
20210928,방울토마토(일반),30595,27235,28173,21050,21146.58
20210929,방울토마토(일반),26556,26930,,19995,21146.58
20210930,방울토마토(일반),31180,19046,24156,,21146.58
20211001,방울토마토(일반),31078,,23601,23379,27222.45
20211002,방울토마토(일반),26351,,28377,28035,27222.45
20211004,방울토마토(일반),30004,,34865,78897,27222.45
20211005,방울토마토(일반),25488,16150,34945,35097,27222.45
20211006,방울토마토(일반),22779,16000,,35054,27222.45
20211007,방울토마토(일반),21601,22688,31631,,27222.45
20211008,방울토마토(일반),19674,34271,32480,41124,27222.45
20211009,방울토마토(일반),13585,38000,30267,39000,27222.45
20211011,방울토마토(일반),13030,,28242,42462,25700.35
20211012,방울토마토(일반),10953,49969,26087,42114,25700.35
20211013,방울토마토(일반),10997,52000,,35100,25700.35
20211014,방울토마토(일반),11734,59737,24486,,25700.35
20211015,방울토마토(일반),11255,70218,18209,38923,25700.35
20211016,방울토마토(일반),12035,67029,16118,33174,25700.35
20211018,방울토마토(일반),11627,,16489,24345,25700.35
20211019,방울토마토(일반),11453,52091,13506,24995,25700.35
20211020,방울토마토(일반),12537,45629,,21163,25700.35
20211021,방울토마토(일반),13465,35617,15720,,19186.54
20211022,방울토마토(일반),13685,29767,15699,18247,19186.54
20211023,방울토마토(일반),13957,31742,14959,16960,19186.54
20211025,방울토마토(일반),15023,,15000,14643,19186.54
20211026,방울토마토(일반),15127,21788,13095,14364,19186.54
20211027,방울토마토(일반),17475,20745,,14938,19186.54
20211028,방울토마토(일반),18553,22557,13448,,19186.54
20211029,방울토마토(일반),19612,19599,13301,15316,19186.54
20211030,방울토마토(일반),23113,18987,13142,16698,19186.54
20211101,방울토마토(일반),24504,,13599,17625,16001.86
20211102,방울토마토(일반),24467,18000,12876,17014,16001.86
20211103,방울토마토(일반),25604,16610,,16176,16001.86
20211104,방울토마토(일반),23609,17264,13806,,16001.86
20211105,방울토마토(일반),26267,15776,14675,16355,16001.86
20211106,방울토마토(일반),26342,14575,13360,16550,16001.86
20211108,방울토마토(일반),28113,,16564,16224,16001.86
20211109,방울토마토(일반),36840,16141,15275,15257,16001.86
20211110,방울토마토(일반),37404,15286,,14845,16001.86
20211111,방울토마토(일반),41749,14799,16075,,18687.29
20211112,방울토마토(일반),45763,14901,19051,14836,18687.29
20211113,방울토마토(일반),40663,16162,21000,18440,18687.29
20211115,방울토마토(일반),45818,,26177,18991,18687.29
20211116,방울토마토(일반),52050,15330,25234,18298,18687.29
20211117,방울토마토(일반),54344,18249,,18464,18687.29
20211118,방울토마토(일반),45530,18917,28176,,18687.29
20211119,방울토마토(일반),43755,18829,33622,19000,18687.29
20211120,방울토마토(일반),31094,19333,28293,21594,18687.29
20211122,방울토마토(일반),29168,,33728,20847,18563.78
20211123,방울토마토(일반),31123,17291,34742,21618,18563.78
20211124,방울토마토(일반),35687,16138,,16177,18563.78
20211125,방울토마토(일반),35043,14749,38009,,18563.78
20211126,방울토마토(일반),31330,14724,30521,18069,18563.78
20211127,방울토마토(일반),23060,13468,30179,21108,18563.78
20211129,방울토마토(일반),29000,,24512,28615,18563.78
20211130,방울토마토(일반),20239,16292,17365,25498,18563.78
20211201,방울토마토(일반),19898,15768,,23697,18842.89
20211202,방울토마토(일반),19453,13875,18168,,18842.89
20211203,방울토마토(일반),18544,16161,16153,25145,18842.89
20211204,방울토마토(일반),21878,17070,17604,26228,18842.89
20211206,방울토마토(일반),24458,,18133,28204,18842.89
20211207,방울토마토(일반),23534,19038,16473,18608,18842.89
20211208,방울토마토(일반),22586,17996,,19934,18842.89
20211209,방울토마토(일반),23597,16622,20290,,18842.89
20211210,방울토마토(일반),24791,18972,22278,21285,18842.89
20211211,방울토마토(일반),22100,16835,24756,22157,24094.9
20211213,방울토마토(일반),26254,,26928,21898,24094.9
20211214,방울토마토(일반),35395,18000,29807,23877,24094.9
20211215,방울토마토(일반),31834,22199,,31000,24094.9
20211216,방울토마토(일반),28786,18000,31464,,24094.9
20211217,방울토마토(일반),27355,17456,39368,32012,24094.9
20211218,방울토마토(일반),28785,19958,37148,32386,24094.9
20211220,방울토마토(일반),29132,,36566,30343,24094.9
20211221,방울토마토(일반),30669,16000,32680,30095,26108.64
20211222,방울토마토(일반),32726,22083,,25520,26108.64
20211223,방울토마토(일반),41780,19639,35206,,26108.64
20211224,방울토마토(일반),37215,19810,45173,23150,26108.64
20211225,방울토마토(일반),41545,19364,40617,23073,26108.64
20211227,방울토마토(일반),41068,,38221,21609,26108.64
20211228,방울토마토(일반),44291,31324,37633,16503,26108.64
20211229,방울토마토(일반),37707,28856,,21075,26108.64
20211230,방울토마토(일반),40889,26107,34236,,26108.64
20211231,방울토마토(일반),39208,28256,34798,26105,26108.64
20220103,방울토마토(일반),40660,,31121,25956,23177.48
20220104,방울토마토(일반),38119,23729,28447,22430,23177.48
20220105,방울토마토(일반),36543,22430,,24287,23177.48
20220106,방울토마토(일반),38583,18452,26054,,23177.48
20220107,방울토마토(일반),38859,15868,35171,24451,23177.48
20220108,방울토마토(일반),41123,15853,29504,24909,23177.48
20220110,방울토마토(일반),35443,,30147,27089,23177.48
20220111,방울토마토(일반),43794,19762,29731,23183,22824.07
20220112,방울토마토(일반),38367,24048,,33178,22824.07
20220113,방울토마토(일반),43222,21884,30674,,22824.07
20220114,방울토마토(일반),44540,24935,31937,31905,22824.07
20220115,방울토마토(일반),41671,26874,23638,30905,22824.07
20220117,방울토마토(일반),38323,,22866,27246,22824.07
20220118,방울토마토(일반),40254,22358,26199,29365,22824.07
20220119,방울토마토(일반),38555,24207,,29613,22824.07
20220120,방울토마토(일반),41333,21601,18577,,22824.07
20220121,방울토마토(일반),36806,23288,26701,27952,24643.91
20220122,방울토마토(일반),42272,22346,19545,34341,24643.91
20220124,방울토마토(일반),31199,,14337,28115,24643.91
20220125,방울토마토(일반),41120,21157,,30110,24643.91
20220126,방울토마토(일반),37466,22820,,35263,24643.91
20220127,방울토마토(일반),40026,24711,,,24643.91
20220128,방울토마토(일반),41678,24156,28658,30298,24643.91
20220129,방울토마토(일반),50763,24057,20006,34140,24643.91
20220204,방울토마토(일반),29225,20789,22993,32711,21403.22
20220205,방울토마토(일반),23025,18912,27000,,21403.22
20220207,방울토마토(일반),25244,,22451,,21403.22
20220208,방울토마토(일반),18757,17269,19058,22030,21403.22
20220209,방울토마토(일반),33351,17000,,18257,21403.22
20220210,방울토마토(일반),22011,18526,18692,,21403.22
20220211,방울토마토(일반),22937,17141,21769,21678,22163.74
20220212,방울토마토(일반),23031,,19529,23340,22163.74
20220214,방울토마토(일반),24605,,22835,20230,22163.74
20220215,방울토마토(일반),20486,18904,24936,23319,22163.74
20220216,방울토마토(일반),28509,17597,,18415,22163.74
20220217,방울토마토(일반),17535,18085,24320,,22163.74
20220218,방울토마토(일반),23900,19335,26358,22565,22163.74
20220219,방울토마토(일반),22866,19720,30346,19291,22163.74
20220221,방울토마토(일반),21465,,31362,18685,25644.27
20220222,방울토마토(일반),20019,22591,32179,23004,25644.27
20220223,방울토마토(일반),28104,25891,,18485,25644.27
20220224,방울토마토(일반),26420,23426,30977,,25644.27
20220225,방울토마토(일반),20392,23796,35126,24696,25644.27
20220226,방울토마토(일반),31185,31554,41110,19417,25644.27
20220228,방울토마토(일반),27700,,38702,26635,25644.27
20220301,방울토마토(일반),31810,30657,,28907,28418.33
20220302,방울토마토(일반),39101,29079,31718,31954,28418.33
20220303,방울토마토(일반),42289,37859,32079,,28418.33
20220304,방울토마토(일반),46255,33816,31795,28444,28418.33
20220305,방울토마토(일반),49000,45326,24147,24140,28418.33
20220307,방울토마토(일반),41575,,24939,23848,28418.33
20220308,방울토마토(일반),32458,41480,,29599,28418.33
20220309,방울토마토(일반),30588,36328,26560,23959,28418.33
20220310,방울토마토(일반),25917,47462,25662,,28418.33
20220311,방울토마토(일반),25291,35881,31244,29870,29441.7
20220312,방울토마토(일반),24479,41204,27489,23343,29441.7
20220314,방울토마토(일반),23595,,30103,23573,29441.7
20220315,방울토마토(일반),21364,36529,,30498,29441.7
20220316,방울토마토(일반),24297,31948,27833,29222,29441.7
20220317,방울토마토(일반),27577,32765,27311,,29441.7
20220318,방울토마토(일반),26472,26615,31636,35031,29441.7
20220319,방울토마토(일반),31095,31795,24025,33615,29441.7
20220321,방울토마토(일반),30598,,25190,27258,29152.76
20220322,방울토마토(일반),25460,25386,,35280,29152.76
20220323,방울토마토(일반),31734,26552,26367,27952,29152.76
20220324,방울토마토(일반),31745,29452,22988,,29152.76
20220325,방울토마토(일반),37142,22254,22254,31028,29152.76
20220326,방울토마토(일반),35645,27892,34684,29121,29152.76
20220328,방울토마토(일반),30927,,29160,24094,29152.76
20220329,방울토마토(일반),29713,28402,,38867,29152.76
20220330,방울토마토(일반),28357,23198,27888,30407,29152.76
20220331,방울토마토(일반),25288,36141,30478,,29152.76
20220401,방울토마토(일반),28532,30025,45190,31544,28975.84
20220402,방울토마토(일반),26490,34435,22504,27979,28975.84
20220404,방울토마토(일반),24870,,30442,22538,28975.84
20220405,방울토마토(일반),23208,34403,,32651,28975.84
20220406,방울토마토(일반),24359,31584,39396,27095,28975.84
20220407,방울토마토(일반),23254,36426,31980,,28975.84
20220408,방울토마토(일반),28858,33170,27590,34231,28975.84
20220409,방울토마토(일반),24410,33703,44311,28356,28975.84
20220411,방울토마토(일반),24846,,40005,21673,24156.2
20220412,방울토마토(일반),24729,30610,,28562,24156.2
20220413,방울토마토(일반),24995,25048,27652,28985,24156.2
20220414,방울토마토(일반),25640,28370,21547,,24156.2
20220415,방울토마토(일반),25057,22375,25275,32665,24156.2
20220416,방울토마토(일반),26472,23529,18820,28746,24156.2
20220418,방울토마토(일반),25437,,21223,29421,24156.2
20220419,방울토마토(일반),26436,20091,,34977,24156.2
20220420,방울토마토(일반),24344,18352,22595,33065,24156.2
20220421,방울토마토(일반),21669,16775,21454,,21733.39
20220422,방울토마토(일반),27185,16427,35173,31300,21733.39
20220423,방울토마토(일반),23005,21846,27139,24290,21733.39
20220425,방울토마토(일반),22115,,24995,19798,21733.39
20220426,방울토마토(일반),23691,19462,,17848,21733.39
20220427,방울토마토(일반),21603,16523,22101,18487,21733.39
20220428,방울토마토(일반),20479,20751,21647,,21733.39
20220429,방울토마토(일반),25135,18697,20800,21989,21733.39
20220430,방울토마토(일반),19000,18155,19594,22797,21733.39
20220502,방울토마토(일반),22005,,14064,17632,18665.51
20220503,방울토마토(일반),23042,18184,,25923,18665.51
20220504,방울토마토(일반),21339,20471,15375,22188,18665.51
20220505,방울토마토(일반),22293,20492,12421,,18665.51
20220506,방울토마토(일반),22435,25696,8945,20536,18665.51
20220507,방울토마토(일반),20281,27935,8040,17256,18665.51
20220509,방울토마토(일반),24475,,14049,14283,18665.51
20220510,방울토마토(일반),22972,23786,,17725,18665.51
20220511,방울토마토(일반),19238,26220,12052,16408,16810.82
20220512,방울토마토(일반),18601,19304,12421,,16810.82
20220513,방울토마토(일반),18602,20569,13698,15178,16810.82
20220514,방울토마토(일반),17756,19918,19531,16336,16810.82
20220516,방울토마토(일반),19904,,17020,15821,16810.82
20220517,방울토마토(일반),22330,17703,,15753,16810.82
20220518,방울토마토(일반),20749,17303,17142,15368,16810.82
20220519,방울토마토(일반),22446,18212,15858,,16810.82
20220520,방울토마토(일반),20828,19074,13500,15296,16810.82
20220521,방울토마토(일반),15011,17252,16548,16899,17610.52
20220523,방울토마토(일반),17867,,14138,16642,17610.52
20220524,방울토마토(일반),23790,15851,,17156,17610.52
20220525,방울토마토(일반),18863,20065,14202,20534,17610.52
20220526,방울토마토(일반),32409,20835,16716,,17610.52
20220527,방울토마토(일반),20837,27520,18019,17592,17610.52
20220528,방울토마토(일반),23166,24094,21486,25071,17610.52
20220530,방울토마토(일반),19952,,16210,19290,17610.52
20220531,방울토마토(일반),20927,16938,,18662,17610.52
20220601,방울토마토(일반),19878,17330,15476,17596,16028.65
20220602,방울토마토(일반),20809,20777,16520,,16028.65
20220603,방울토마토(일반),17195,21722,16765,14740,16028.65
20220604,방울토마토(일반),17930,15947,14626,20757,16028.65
20220606,방울토마토(일반),19693,,15222,22322,16028.65
20220607,방울토마토(일반),17761,19576,,22270,16028.65
20220608,방울토마토(일반),14620,18863,13552,25382,16028.65
20220609,방울토마토(일반),15364,16186,16359,,16028.65
20220610,방울토마토(일반),15232,15150,9000,24255,16028.65
20220611,방울토마토(일반),13165,16444,8000,22921,13454.59
20220613,방울토마토(일반),13650,,8500,13155,13454.59
20220614,방울토마토(일반),11655,14961,,13688,13454.59
20220615,방울토마토(일반),13199,15704,8500,13854,13454.59
20220616,방울토마토(일반),14557,17121,6500,,13454.59
20220617,방울토마토(일반),15442,17398,4500,12839,13454.59
20220618,방울토마토(일반),14637,16000,4500,14000,13454.59
20220620,방울토마토(일반),15755,,5000,12997,13454.59
20220621,방울토마토(일반),16620,15965,,11696,13659.52
20220622,방울토마토(일반),15631,16877,13357,9411,13659.52
20220623,방울토마토(일반),18486,16387,13850,,13659.52
20220624,방울토마토(일반),20314,15217,14236,10661,13659.52
20220625,방울토마토(일반),18460,17611,14815,9173,13659.52
20220627,방울토마토(일반),16803,,14658,14000,13659.52
20220628,방울토마토(일반),15202,21796,,14699,13659.52
20220629,방울토마토(일반),14333,23930,14731,16777,13659.52
20220630,방울토마토(일반),15123,29822,13286,,13659.52
20220701,방울토마토(일반),15716,41219,13346,19040,17660.47
20220702,방울토마토(일반),16075,43009,14737,15949,17660.47
20220704,방울토마토(일반),18749,,18870,11897,17660.47
20220705,방울토마토(일반),34691,34437,,12649,17660.47
20220706,방울토마토(일반),39414,33637,20897,13773,17660.47
20220707,방울토마토(일반),35538,33920,25092,,17660.47
20220708,방울토마토(일반),28784,34478,25663,14338,17660.47
20220709,방울토마토(일반),17328,28405,25000,15927,17660.47
20220711,방울토마토(일반),16874,,19354,17000,19197.28
20220712,방울토마토(일반),19088,24942,,14157,19197.28
20220713,방울토마토(일반),24800,27073,17713,15251,19197.28
20220714,방울토마토(일반),36793,31204,19158,,19197.28
20220715,방울토마토(일반),37500,24147,19386,13685,19197.28
20220716,방울토마토(일반),40276,24350,26179,13503,19197.28
20220718,방울토마토(일반),36603,,22448,22285,19197.28
20220719,방울토마토(일반),36965,27444,,19973,19197.28
20220720,방울토마토(일반),38891,31050,24350,19321,19197.28
20220721,방울토마토(일반),39887,29165,27806,,17055.97
20220722,방울토마토(일반),39603,30912,30184,18076,17055.97
20220723,방울토마토(일반),39479,22442,29322,16281,17055.97
20220725,방울토마토(일반),30058,,22481,12668,17055.97
20220726,방울토마토(일반),35158,21633,,9810,17055.97
20220727,방울토마토(일반),32241,21206,17960,10325,17055.97
20220728,방울토마토(일반),36277,19774,13666,,17055.97
20220729,방울토마토(일반),35348,17350,14082,11862,17055.97
20220730,방울토마토(일반),42789,21214,13554,11871,17055.97
20220801,방울토마토(일반),49250,,,13708,17909.83
20220802,방울토마토(일반),53508,16255,,13417,17909.83
20220803,방울토마토(일반),38035,15641,12993,,17909.83
20220804,방울토마토(일반),34077,14851,12641,,17909.83
20220805,방울토마토(일반),23837,19708,18000,10510,17909.83
20220806,방울토마토(일반),23837,25885,19642,11688,17909.83
20220808,방울토마토(일반),21082,,19418,15000,17909.83
20220809,방울토마토(일반),18443,21527,,13912,17909.83
20220810,방울토마토(일반),27690,22564,17350,10146,17909.83
20220811,방울토마토(일반),34190,20737,14455,,22324.29
20220812,방울토마토(일반),37205,22916,20600,10737,22324.29
20220813,방울토마토(일반),42475,20787,22739,9631,22324.29
20220815,방울토마토(일반),30924,,30793,10163,22324.29
20220816,방울토마토(일반),36163,19613,,13181,22324.29
20220817,방울토마토(일반),37725,27209,28260,14548,22324.29
20220818,방울토마토(일반),48610,35803,32000,,22324.29
20220819,방울토마토(일반),48739,48000,29319,11863,22324.29
20220820,방울토마토(일반),54380,49523,33097,12195,22324.29
20220822,방울토마토(일반),54529,,39464,8910,29127.49
20220823,방울토마토(일반),65135,28423,,12734,29127.49
20220824,방울토마토(일반),63552,37488,31414,11092,29127.49
20220825,방울토마토(일반),66029,43310,33651,,29127.49
20220826,방울토마토(일반),65770,43180,26000,13973,29127.49
20220827,방울토마토(일반),60902,39429,28000,15366,29127.49
20220829,방울토마토(일반),45769,,28746,37715,29127.49
20220830,방울토마토(일반),34699,34162,,36321,29127.49
20220831,방울토마토(일반),49057,28093,23304,19117,29127.49
20220901,방울토마토(일반),62639,36000,18938,,25296.89
20220902,방울토마토(일반),61761,45000,19740,15089,25296.89
20220903,방울토마토(일반),69042,43250,22124,13624,25296.89
20220905,방울토마토(일반),43856,,25481,15350,25296.89
20220906,방울토마토(일반),38129,27731,,11755,25296.89
20220907,방울토마토(일반),53706,23801,18244,8043,25296.89
20220908,방울토마토(일반),48569,20842,15088,,25296.89
20220909,방울토마토(일반),18567,17914,15880,10553,25296.89
20220913,방울토마토(일반),23030,21228,,,26490.1
20220914,방울토마토(일반),26401,18189,20000,,26490.1
20220915,방울토마토(일반),24776,25493,28059,,26490.1
20220916,방울토마토(일반),16361,34399,45730,13918,26490.1
20220917,방울토마토(일반),14116,54716,68714,11347,26490.1
20220919,방울토마토(일반),15324,,52429,15967,26490.1
20220920,방울토마토(일반),17309,,,16677,26490.1
20220921,방울토마토(일반),17394,,37393,13129,22838.18
20220922,방울토마토(일반),23038,,37098,,22838.18
20220923,방울토마토(일반),23052,,37863,17657,22838.18
20220924,방울토마토(일반),22712,22477,34098,19502,22838.18
20220926,방울토마토(일반),22460,,26112,20366,22838.18
20220927,방울토마토(일반),28752,17743,,27705,22838.18
20220928,방울토마토(일반),43000,30595,27235,28173,22838.18
20220929,방울토마토(일반),53779,26556,26930,,22838.18
20220930,방울토마토(일반),48572,31180,19046,24156,22838.18
20221001,방울토마토(일반),41431,31078,,23601,26830.2
20221003,방울토마토(일반),45095,,,33000,26830.2
20221004,방울토마토(일반),43130,30004,,34865,26830.2
20221005,방울토마토(일반),50771,25488,16150,34945,26830.2
20221006,방울토마토(일반),61071,22779,16000,,26830.2
20221007,방울토마토(일반),46307,21601,22688,31631,26830.2
20221008,방울토마토(일반),36786,19674,34271,32480,26830.2
20221010,방울토마토(일반),36832,,51721,27157,26830.2
20221011,방울토마토(일반),35181,13030,,28242,22111.4
20221012,방울토마토(일반),45242,10953,49969,26087,22111.4
20221013,방울토마토(일반),48281,10997,52000,,22111.4
20221014,방울토마토(일반),50549,11734,59737,24486,22111.4
20221015,방울토마토(일반),50000,11255,70218,18209,22111.4
20221017,방울토마토(일반),39801,,51516,15000,22111.4
20221018,방울토마토(일반),36505,11627,,16489,22111.4
20221019,방울토마토(일반),38538,11453,52091,13506,22111.4
20221020,방울토마토(일반),38306,12537,45629,,22111.4
20221021,방울토마토(일반),32562,13465,35617,15720,17709.81
20221022,방울토마토(일반),22447,13685,29767,15699,17709.81
20221024,방울토마토(일반),22355,,28028,13892,17709.81
20221025,방울토마토(일반),18963,15023,,15000,17709.81
20221026,방울토마토(일반),18396,15127,21788,13095,17709.81
20221027,방울토마토(일반),20557,17475,20745,,17709.81
20221028,방울토마토(일반),17594,18553,22557,13448,17709.81
20221029,방울토마토(일반),15378,19612,19599,13301,17709.81
20221031,방울토마토(일반),12407,,19189,13468,17709.81
20221101,방울토마토(일반),11401,24504,,13599,18729.2
20221102,방울토마토(일반),12232,24467,18000,12876,18729.2
20221103,방울토마토(일반),11332,25604,16610,,18729.2
20221104,방울토마토(일반),13197,23609,17264,13806,18729.2
20221105,방울토마토(일반),11657,26267,15776,14675,18729.2
20221107,방울토마토(일반),12951,,16686,15047,18729.2
20221108,방울토마토(일반),14678,28113,,16564,18729.2
20221109,방울토마토(일반),15597,36840,16141,15275,18729.2
20221110,방울토마토(일반),15487,37404,15286,,18729.2
20221111,방울토마토(일반),13326,41749,14799,16075,23209.59
20221112,방울토마토(일반),15376,45763,14901,19051,23209.59
20221114,방울토마토(일반),16566,,15385,25039,23209.59
20221115,방울토마토(일반),19675,45818,,26177,23209.59
20221116,방울토마토(일반),20086,52050,15330,25234,23209.59
20221117,방울토마토(일반),22763,54344,18249,,23209.59
20221118,방울토마토(일반),24172,45530,18917,28176,23209.59
20221119,방울토마토(일반),22657,43755,18829,33622,23209.59
20221121,방울토마토(일반),25795,,18367,31043,21227.65
20221122,방울토마토(일반),22615,29168,,33728,21227.65
20221123,방울토마토(일반),19332,31123,17291,34742,21227.65
20221124,방울토마토(일반),18580,35687,16138,,21227.65
20221125,방울토마토(일반),17439,35043,14749,38009,21227.65
20221126,방울토마토(일반),19109,31330,14724,30521,21227.65
20221128,방울토마토(일반),15691,,14675,26384,21227.65
20221129,방울토마토(일반),19766,29000,,24512,21227.65
20221130,방울토마토(일반),19749,20239,16292,17365,21227.65
20221201,방울토마토(일반),18434,19898,15768,,18665.03
20221202,방울토마토(일반),19544,19453,13875,18168,18665.03
20221203,방울토마토(일반),21506,18544,16161,16153,18665.03
20221205,방울토마토(일반),13763,,19183,18867,18665.03
20221206,방울토마토(일반),20952,24458,,18133,18665.03
20221207,방울토마토(일반),15095,23534,19038,16473,18665.03
20221208,방울토마토(일반),16604,22586,17996,,18665.03
20221209,방울토마토(일반),23517,23597,16622,20290,18665.03
20221210,방울토마토(일반),14036,24791,18972,22278,18665.03
20221212,방울토마토(일반),23702,,17701,30562,23913.15
20221213,방울토마토(일반),20527,26254,,26928,23913.15
20221214,방울토마토(일반),23065,35395,18000,29807,23913.15
20221215,방울토마토(일반),21009,31834,22199,,23913.15
20221216,방울토마토(일반),24714,28786,18000,31464,23913.15
20221217,방울토마토(일반),25495,27355,17456,39368,23913.15
20221219,방울토마토(일반),25443,,16000,40658,23913.15
20221220,방울토마토(일반),21307,29132,,36566,23913.15
20221221,방울토마토(일반),22052,30669,16000,32680,27267.31
20221222,방울토마토(일반),25019,32726,22083,,27267.31
20221223,방울토마토(일반),26416,41780,19639,35206,27267.31
20221224,방울토마토(일반),24360,37215,19810,45173,27267.31
20221226,방울토마토(일반),26833,,30381,45000,27267.31
20221227,방울토마토(일반),25188,41068,,38221,27267.31
20221228,방울토마토(일반),27575,44291,31324,37633,27267.31
20221229,방울토마토(일반),28594,37707,28856,,27267.31
20221230,방울토마토(일반),25313,40889,26107,34236,27267.31
20221231,방울토마토(일반),29742,39208,28256,34798,27267.31
20230103,방울토마토(일반),34026,40660,,31121,25340.16
20230104,방울토마토(일반),29619,38119,23729,28447,25340.16
20230105,방울토마토(일반),27639,36543,22430,,25340.16
20230106,방울토마토(일반),25115,38583,18452,26054,25340.16
20230107,방울토마토(일반),25635,38859,15868,35171,25340.16
20230109,방울토마토(일반),21230,,22647,32107,25340.16
20230110,방울토마토(일반),25103,35443,,30147,25340.16
20230111,방울토마토(일반),22417,43794,19762,29731,27210.36
20230112,방울토마토(일반),25478,38367,24048,,27210.36
20230113,방울토마토(일반),22284,43222,21884,30674,27210.36
20230114,방울토마토(일반),25667,44540,24935,31937,27210.36
20230116,방울토마토(일반),20564,,39000,20918,27210.36
20230117,방울토마토(일반),27793,38323,,22866,27210.36
20230118,방울토마토(일반),28730,40254,22358,26199,27210.36
20230119,방울토마토(일반),27411,38555,24207,,27210.36
20230120,방울토마토(일반),24864,41333,21601,18577,27210.36
20230121,방울토마토(일반),20611,36806,23288,26701,26895.37
20230125,방울토마토(일반),26032,41120,21157,,26895.37
20230126,방울토마토(일반),23815,37466,22820,,26895.37
20230127,방울토마토(일반),25508,40026,24711,,26895.37
20230128,방울토마토(일반),24588,41678,24156,28658,26895.37
20230130,방울토마토(일반),25058,,28588,23463,26895.37
20230131,방울토마토(일반),24169,,,19562,26895.37
20230201,방울토마토(일반),26205,,23825,23518,21693.64
20230202,방울토마토(일반),32623,,25859,,21693.64
20230203,방울토마토(일반),26348,,21158,20094,21693.64
20230204,방울토마토(일반),35253,29225,20789,22993,21693.64
20230206,방울토마토(일반),27946,,22233,27304,21693.64
20230207,방울토마토(일반),34576,25244,,22451,21693.64
20230208,방울토마토(일반),32564,18757,17269,19058,21693.64
20230209,방울토마토(일반),33636,33351,17000,,21693.64
20230210,방울토마토(일반),27403,22011,18526,18692,21693.64
20230211,방울토마토(일반),29183,22937,17141,21769,21628.08
20230213,방울토마토(일반),26130,,,20323,21628.08
20230214,방울토마토(일반),29058,24605,,22835,21628.08
20230215,방울토마토(일반),26878,20486,18904,24936,21628.08
20230216,방울토마토(일반),27208,28509,17597,,21628.08
20230217,방울토마토(일반),36456,17535,18085,24320,21628.08
20230218,방울토마토(일반),42714,23900,19335,26358,21628.08
20230220,방울토마토(일반),39589,,21634,30832,21628.08
20230221,방울토마토(일반),41291,21465,,31362,25645.65
20230222,방울토마토(일반),46950,20019,22591,32179,25645.65
20230223,방울토마토(일반),43183,28104,25891,,25645.65
20230224,방울토마토(일반),38393,26420,23426,30977,25645.65
20230225,방울토마토(일반),44000,20392,23796,35126,25645.65
20230227,방울토마토(일반),38689,,29415,42000,25645.65
20230228,방울토마토(일반),40653,27700,,38702,25645.65
20230301,방울토마토(일반),29974,31810,30657,,31346.74
20230302,방울토마토(일반),29178,39101,29079,31718,31346.74
20230303,방울토마토(일반),34009,42289,37859,32079,31346.74
20230304,방울토마토(일반),41557,46255,33816,31795,31346.74
20230306,방울토마토(일반),29865,,36866,30995,31346.74
20230307,방울토마토(일반),28451,41575,,24939,31346.74
20230308,방울토마토(일반),32930,32458,41480,,31346.74
20230309,방울토마토(일반),25396,30588,36328,26560,31346.74
20230310,방울토마토(일반),28727,25917,47462,25662,31346.74
20230311,방울토마토(일반),21671,25291,35881,31244,29350.26
20230313,방울토마토(일반),27752,,35459,24611,29350.26
20230314,방울토마토(일반),27844,23595,,30103,29350.26
20230315,방울토마토(일반),32328,21364,36529,,29350.26
20230316,방울토마토(일반),34000,24297,31948,27833,29350.26
20230317,방울토마토(일반),36451,27577,32765,27311,29350.26
20230318,방울토마토(일반),43924,26472,26615,31636,29350.26
20230320,방울토마토(일반),35940,,23491,28064,29350.26
20230321,방울토마토(일반),39043,30598,,25190,29613.83
20230322,방울토마토(일반),40840,25460,25386,,29613.83
20230323,방울토마토(일반),46844,31734,26552,26367,29613.83
20230324,방울토마토(일반),44680,31745,29452,22988,29613.83
20230325,방울토마토(일반),45418,37142,22254,22254,29613.83
20230327,방울토마토(일반),42685,,25138,27852,29613.83
20230328,방울토마토(일반),41294,30927,,29160,29613.83
20230329,방울토마토(일반),56456,29713,28402,,29613.83
20230330,방울토마토(일반),60109,28357,23198,27888,29613.83
20230331,방울토마토(일반),50484,25288,36141,30478,29613.83
20230401,방울토마토(일반),48163,28532,30025,45190,28918.5
20230403,방울토마토(일반),40556,,37229,31807,28918.5
20230404,방울토마토(일반),24231,24870,,30442,28918.5
20230405,방울토마토(일반),28130,23208,34403,,28918.5
20230406,방울토마토(일반),25725,24359,31584,39396,28918.5
20230407,방울토마토(일반),18509,23254,36426,31980,28918.5
20230408,방울토마토(일반),19614,28858,33170,27590,28918.5
20230410,방울토마토(일반),19591,,26975,26516,28918.5
20230411,방울토마토(일반),23848,24846,,40005,26222.62
20230412,방울토마토(일반),20342,24729,30610,,26222.62
20230413,방울토마토(일반),23012,24995,25048,27652,26222.62
20230414,방울토마토(일반),20579,25640,28370,21547,26222.62
20230415,방울토마토(일반),25867,25057,22375,25275,26222.62
20230417,방울토마토(일반),19531,,21860,26092,26222.62
20230418,방울토마토(일반),19877,25437,,21223,26222.62
20230419,방울토마토(일반),22472,26436,20091,,26222.62
20230420,방울토마토(일반),28883,24344,18352,22595,26222.62
20230421,방울토마토(일반),30946,21669,16775,21454,22385.31
20230422,방울토마토(일반),21746,27185,16427,35173,22385.31
20230424,방울토마토(일반),20142,,19203,25679,22385.31
20230425,방울토마토(일반),18150,22115,,24995,22385.31
20230426,방울토마토(일반),19581,23691,19462,,22385.31
20230427,방울토마토(일반),23114,21603,16523,22101,22385.31
20230428,방울토마토(일반),24507,20479,20751,21647,22385.31
20230429,방울토마토(일반),21245,25135,18697,20800,22385.31
20230501,방울토마토(일반),20447,,17534,18631,19325.46
20230502,방울토마토(일반),22273,22005,,14064,19325.46
20230503,방울토마토(일반),23570,23042,18184,,19325.46
20230504,방울토마토(일반),25269,21339,20471,15375,19325.46
20230505,방울토마토(일반),17557,22293,20492,12421,19325.46
20230506,방울토마토(일반),16011,22435,25696,8945,19325.46
20230508,방울토마토(일반),19621,,24508,18720,19325.46
20230509,방울토마토(일반),18275,24475,,14049,19325.46
20230510,방울토마토(일반),22017,22972,23786,,19325.46
20230511,방울토마토(일반),19909,19238,26220,12052,17149.12
20230512,방울토마토(일반),16833,18601,19304,12421,17149.12
20230513,방울토마토(일반),18327,18602,20569,13698,17149.12
20230515,방울토마토(일반),22882,,20158,18871,17149.12
20230516,방울토마토(일반),22218,19904,,17020,17149.12
20230517,방울토마토(일반),23916,22330,17703,,17149.12
20230518,방울토마토(일반),27122,20749,17303,17142,17149.12
20230519,방울토마토(일반),21395,22446,18212,15858,17149.12
20230520,방울토마토(일반),19744,20828,19074,13500,17149.12
20230522,방울토마토(일반),19842,,16841,16641,18091.77
20230523,방울토마토(일반),20165,17867,,14138,18091.77
20230524,방울토마토(일반),19152,23790,15851,,18091.77
20230525,방울토마토(일반),26068,18863,20065,14202,18091.77
20230526,방울토마토(일반),20607,32409,20835,16716,18091.77
20230527,방울토마토(일반),23845,20837,27520,18019,18091.77
20230529,방울토마토(일반),18982,,17460,16194,18091.77
20230530,방울토마토(일반),21532,19952,,16210,18091.77
20230531,방울토마토(일반),20562,20927,16938,,18091.77
20230601,방울토마토(일반),23110,19878,17330,15476,16033.87
20230602,방울토마토(일반),22606,20809,20777,16520,16033.87
20230603,방울토마토(일반),22101,17195,21722,16765,16033.87
20230605,방울토마토(일반),16801,,12247,15050,16033.87
20230606,방울토마토(일반),17169,19693,,15222,16033.87
20230607,방울토마토(일반),15126,17761,19576,,16033.87
20230608,방울토마토(일반),17665,14620,18863,13552,16033.87
20230609,방울토마토(일반),16261,15364,16186,16359,16033.87
20230610,방울토마토(일반),13438,15232,15150,9000,16033.87
20230612,방울토마토(일반),13282,,17568,8000,12990.54
20230613,방울토마토(일반),12360,13650,,8500,12990.54
20230614,방울토마토(일반),12379,11655,14961,,12990.54
20230615,방울토마토(일반),15098,13199,15704,8500,12990.54
20230616,방울토마토(일반),16097,14557,17121,6500,12990.54
20230617,방울토마토(일반),17879,15442,17398,4500,12990.54
20230619,방울토마토(일반),16948,,18879,5500,12990.54
20230620,방울토마토(일반),19059,15755,,5000,12990.54
20230621,방울토마토(일반),23378,16620,15965,,14893.64
20230622,방울토마토(일반),23483,15631,16877,13357,14893.64
20230623,방울토마토(일반),17977,18486,16387,13850,14893.64
20230624,방울토마토(일반),14602,20314,15217,14236,14893.64
20230626,방울토마토(일반),14900,,20580,14445,14893.64
20230627,방울토마토(일반),15112,16803,,14658,14893.64
20230628,방울토마토(일반),15500,15202,21796,,14893.64
20230629,방울토마토(일반),16561,14333,23930,14731,14893.64
20230630,방울토마토(일반),17688,15123,29822,13286,14893.64
20230701,방울토마토(일반),16437,15716,41219,13346,20516.75
20230703,방울토마토(일반),16502,,38653,17331,20516.75
20230704,방울토마토(일반),18388,18749,,18870,20516.75
20230705,방울토마토(일반),24758,34691,34437,,20516.75
20230706,방울토마토(일반),36679,39414,33637,20897,20516.75
20230707,방울토마토(일반),29858,35538,33920,25092,20516.75
20230708,방울토마토(일반),20958,28784,34478,25663,20516.75
20230710,방울토마토(일반),17016,,29395,20159,20516.75
20230711,방울토마토(일반),15814,16874,,19354,22977.39
20230712,방울토마토(일반),16000,19088,24942,,22977.39
20230713,방울토마토(일반),18433,24800,27073,17713,22977.39
20230714,방울토마토(일반),22979,36793,31204,19158,22977.39
20230715,방울토마토(일반),24667,37500,24147,19386,22977.39
20230717,방울토마토(일반),24911,,35212,22160,22977.39
20230718,방울토마토(일반),34191,36603,,22448,22977.39
20230719,방울토마토(일반),33082,36965,27444,,22977.39
20230720,방울토마토(일반),28531,38891,31050,24350,22977.39
20230721,방울토마토(일반),31400,39887,29165,27806,19683.52
20230722,방울토마토(일반),35074,39603,30912,30184,19683.52
20230724,방울토마토(일반),35081,,25520,26284,19683.52
20230725,방울토마토(일반),36783,30058,,22481,19683.52
20230726,방울토마토(일반),30415,35158,21633,,19683.52
20230727,방울토마토(일반),22509,32241,21206,17960,19683.52
20230728,방울토마토(일반),24462,36277,19774,13666,19683.52
20230729,방울토마토(일반),19980,35348,17350,14082,19683.52
20230731,방울토마토(일반),24402,,21139,18030,19683.52
20230801,방울토마토(일반),29465,49250,,,19475.87
20230802,방울토마토(일반),34371,53508,16255,,19475.87
20230803,방울토마토(일반),53955,38035,15641,12993,19475.87
20230804,방울토마토(일반),95924,34077,14851,12641,19475.87
20230807,방울토마토(일반),45325,,,19752,19475.87
20230808,방울토마토(일반),32471,21082,,19418,19475.87
20230809,방울토마토(일반),26398,18443,21527,,19475.87
20230810,방울토마토(일반),29831,27690,22564,17350,19475.87
20230811,방울토마토(일반),42061,34190,20737,14455,24701.26
20230812,방울토마토(일반),29817,37205,22916,20600,24701.26
20230814,방울토마토(일반),28315,,19711,31400,24701.26
20230815,방울토마토(일반),33632,30924,,30793,24701.26
20230816,방울토마토(일반),35850,36163,19613,,24701.26
20230817,방울토마토(일반),49225,37725,27209,28260,24701.26
20230818,방울토마토(일반),98691,48610,35803,32000,24701.26
20230819,방울토마토(일반),90718,48739,48000,29319,24701.26
20230821,방울토마토(일반),41548,,40887,38644,32320.81
20230822,방울토마토(일반),35597,54529,,39464,32320.81
20230823,방울토마토(일반),34393,65135,28423,,32320.81
20230824,방울토마토(일반),37973,63552,37488,31414,32320.81
20230825,방울토마토(일반),34554,66029,43310,33651,32320.81
20230826,방울토마토(일반),26380,65770,43180,26000,32320.81
20230828,방울토마토(일반),24181,,38070,30570,32320.81
20230829,방울토마토(일반),24825,45769,,28746,32320.81
20230830,방울토마토(일반),32119,34699,34162,,32320.81
20230831,방울토마토(일반),47032,49057,28093,23304,32320.81
20230901,방울토마토(일반),47122,62639,36000,18938,28007.41
20230902,방울토마토(일반),39855,61761,45000,19740,28007.41
20230904,방울토마토(일반),45689,,40813,35729,28007.41
20230905,방울토마토(일반),35599,43856,,25481,28007.41
20230906,방울토마토(일반),37390,38129,27731,,28007.41
20230907,방울토마토(일반),48642,53706,23801,18244,28007.41
20230908,방울토마토(일반),51918,48569,20842,15088,28007.41
20230909,방울토마토(일반),49614,18567,17914,15880,28007.41
20230911,방울토마토(일반),68312,,20263,16448,25156.42
20230912,방울토마토(일반),75982,,,18069,25156.42
20230913,방울토마토(일반),50764,23030,21228,,25156.42
20230914,방울토마토(일반),51228,26401,18189,20000,25156.42
20230915,방울토마토(일반),37254,24776,25493,28059,25156.42
20230916,방울토마토(일반),31194,16361,34399,45730,25156.42
20230918,방울토마토(일반),26279,,41719,75816,25156.42
20230919,방울토마토(일반),24098,15324,,52429,25156.42
20230920,방울토마토(일반),25091,17309,,,25156.42
20230921,방울토마토(일반),27789,17394,,37393,25395.83
20230922,방울토마토(일반),28353,23038,,37098,25395.83
20230923,방울토마토(일반),26420,23052,,37863,25395.83
20230925,방울토마토(일반),27399,,15144,27475,25395.83
20230926,방울토마토(일반),29375,22460,,26112,25395.83
20230927,방울토마토(일반),19905,28752,17743,,25395.83
20230928,방울토마토(일반),18185,43000,30595,27235,25395.83
20231002,방울토마토(일반),21261,,26351,,32889.31
20231003,방울토마토(일반),24238,45095,,,32889.31
20231004,방울토마토(일반),30218,43130,30004,,32889.31
20231005,방울토마토(일반),34881,50771,25488,16150,32889.31
20231006,방울토마토(일반),42859,61071,22779,16000,32889.31
20231007,방울토마토(일반),54671,46307,21601,22688,32889.31
20231009,방울토마토(일반),68414,,13585,38000,32889.31
20231010,방울토마토(일반),65441,36832,,51721,32889.31
20231011,방울토마토(일반),50822,35181,13030,,29020.2
20231012,방울토마토(일반),51532,45242,10953,49969,29020.2
20231013,방울토마토(일반),46063,48281,10997,52000,29020.2
20231014,방울토마토(일반),46472,50549,11734,59737,29020.2
20231016,방울토마토(일반),45973,,12035,67029,29020.2
20231017,방울토마토(일반),49953,39801,,51516,29020.2
20231018,방울토마토(일반),49424,36505,11627,,29020.2
20231019,방울토마토(일반),47817,38538,11453,52091,29020.2
20231020,방울토마토(일반),45430,38306,12537,45629,29020.2
20231021,방울토마토(일반),43566,32562,13465,35617,18170.27
20231023,방울토마토(일반),42834,,13957,31742,18170.27
20231024,방울토마토(일반),37981,22355,,28028,18170.27
20231025,방울토마토(일반),38553,18963,15023,,18170.27
20231026,방울토마토(일반),46460,18396,15127,21788,18170.27
20231027,방울토마토(일반),44519,20557,17475,20745,18170.27
20231028,방울토마토(일반),38157,17594,18553,22557,18170.27
20231030,방울토마토(일반),33498,,23113,18987,18170.27
20231031,방울토마토(일반),34011,12407,,19189,18170.27
20231101,방울토마토(일반),30259,11401,24504,,17883.63
20231102,방울토마토(일반),27779,12232,24467,18000,17883.63
20231103,방울토마토(일반),22650,11332,25604,16610,17883.63
20231106,방울토마토(일반),23280,,26342,14575,17883.63
20231107,방울토마토(일반),19419,12951,,16686,17883.63
20231108,방울토마토(일반),19981,14678,28113,,17883.63
20231109,방울토마토(일반),19877,15597,36840,16141,17883.63
20231110,방울토마토(일반),18821,15487,37404,15286,17883.63
20231111,방울토마토(일반),22971,13326,41749,14799,24460.81
20231113,방울토마토(일반),23900,,40663,16162,24460.81
20231114,방울토마토(일반),24599,16566,,15385,24460.81
20231115,방울토마토(일반),28370,19675,45818,,24460.81
20231116,방울토마토(일반),34858,20086,52050,15330,24460.81
20231117,방울토마토(일반),35211,22763,54344,18249,24460.81
20231118,방울토마토(일반),39736,24172,45530,18917,24460.81
20231120,방울토마토(일반),37180,,31094,19333,24460.81
20231121,방울토마토(일반),38592,25795,,18367,22568.84
20231122,방울토마토(일반),35724,22615,29168,,22568.84
20231123,방울토마토(일반),35769,19332,31123,17291,22568.84
20231124,방울토마토(일반),31752,18580,35687,16138,22568.84
20231125,방울토마토(일반),31919,17439,35043,14749,22568.84
20231127,방울토마토(일반),29442,,23060,13468,22568.84
20231128,방울토마토(일반),26908,15691,,14675,22568.84
20231129,방울토마토(일반),25330,19766,29000,,22568.84
20231130,방울토마토(일반),24095,19749,20239,16292,22568.84
20231201,방울토마토(일반),25822,18434,19898,15768,19765.61
20231202,방울토마토(일반),25822,19544,19453,13875,19765.61
20231204,방울토마토(일반),25858,,21878,17070,19765.61
20231205,방울토마토(일반),27548,13763,,19183,19765.61
20231206,방울토마토(일반),25307,20952,24458,,19765.61
20231207,방울토마토(일반),24000,15095,23534,19038,19765.61
20231208,방울토마토(일반),26456,16604,22586,17996,19765.61
20231209,방울토마토(일반),25715,23517,23597,16622,19765.61
20231211,방울토마토(일반),26038,,22100,16835,25820.08
20231212,방울토마토(일반),27229,23702,,17701,25820.08
20231213,방울토마토(일반),26000,20527,26254,,25820.08
20231214,방울토마토(일반),27577,23065,35395,18000,25820.08
20231215,방울토마토(일반),32179,21009,31834,22199,25820.08
20231216,방울토마토(일반),36912,24714,28786,18000,25820.08
20231218,방울토마토(일반),39436,,28785,19958,25820.08
20231219,방울토마토(일반),39769,25443,,16000,25820.08
20231220,방울토마토(일반),40613,21307,29132,,25820.08
20231221,방울토마토(일반),42131,22052,30669,16000,29392.36
20231222,방울토마토(일반),42311,25019,32726,22083,29392.36
20231223,방울토마토(일반),46430,26416,41780,19639,29392.36
20231225,방울토마토(일반),45262,,41545,19364,29392.36
20231226,방울토마토(일반),49522,26833,,30381,29392.36
20231227,방울토마토(일반),48679,25188,41068,,29392.36
20231228,방울토마토(일반),47000,27575,44291,31324,29392.36
20231229,방울토마토(일반),45831,28594,37707,28856,29392.36
20231230,방울토마토(일반),50333,25313,40889,26107,29392.36
20240103,방울토마토(일반),45318,34026,40660,,28106.81
20240104,방울토마토(일반),43496,29619,38119,23729,28106.81
20240105,방울토마토(일반),35836,27639,36543,22430,28106.81
20240106,방울토마토(일반),37729,25115,38583,18452,28106.81
20240108,방울토마토(일반),38252,,41123,15853,28106.81
20240109,방울토마토(일반),42837,21230,,22647,28106.81
20240110,방울토마토(일반),37176,25103,35443,,28106.81
20240111,방울토마토(일반),41250,22417,43794,19762,28553.68
20240112,방울토마토(일반),38723,25478,38367,24048,28553.68
20240113,방울토마토(일반),43299,22284,43222,21884,28553.68
20240115,방울토마토(일반),45072,,41671,26874,28553.68
20240116,방울토마토(일반),48789,20564,,39000,28553.68
20240117,방울토마토(일반),48124,27793,38323,,28553.68
20240118,방울토마토(일반),48753,28730,40254,22358,28553.68
20240119,방울토마토(일반),49276,27411,38555,24207,28553.68
20240120,방울토마토(일반),52167,24864,41333,21601,28553.68
20240122,방울토마토(일반),49382,,42272,22346,28341.08
20240123,방울토마토(일반),47831,,,30380,28341.08
20240124,방울토마토(일반),48853,,31199,,28341.08
20240125,방울토마토(일반),45943,26032,41120,21157,28341.08
20240126,방울토마토(일반),53137,23815,37466,22820,28341.08
20240127,방울토마토(일반),58324,25508,40026,24711,28341.08
20240129,방울토마토(일반),55396,,50763,24057,28341.08
20240130,방울토마토(일반),52361,25058,,28588,28341.08
20240131,방울토마토(일반),55000,24169,,,28341.08
20240201,방울토마토(일반),57929,26205,,23825,24553.66
20240202,방울토마토(일반),56394,32623,,25859,24553.66
20240203,방울토마토(일반),53105,26348,,21158,24553.66
20240205,방울토마토(일반),49292,,23025,18912,24553.66
20240206,방울토마토(일반),47019,27946,,22233,24553.66
20240207,방울토마토(일반),40206,34576,25244,,24553.66
20240208,방울토마토(일반),36197,32564,18757,17269,24553.66
20240209,방울토마토(일반),26274,33636,33351,17000,24553.66
20240213,방울토마토(일반),31478,26130,,,24225.49
20240214,방울토마토(일반),31000,29058,24605,,24225.49
20240215,방울토마토(일반),30541,26878,20486,18904,24225.49
20240216,방울토마토(일반),29265,27208,28509,17597,24225.49
20240217,방울토마토(일반),38333,36456,17535,18085,24225.49
20240219,방울토마토(일반),38851,,22866,19720,24225.49
20240220,방울토마토(일반),34337,39589,,21634,24225.49
20240221,방울토마토(일반),33488,41291,21465,,30426.81
20240222,방울토마토(일반),40740,46950,20019,22591,30426.81
20240223,방울토마토(일반),38663,43183,28104,25891,30426.81
20240224,방울토마토(일반),40158,38393,26420,23426,30426.81
20240226,방울토마토(일반),49527,,31185,31554,30426.81
20240227,방울토마토(일반),55606,38689,,29415,30426.81
20240228,방울토마토(일반),65280,40653,27700,,30426.81
20240229,방울토마토(일반),73614,,,,30426.81
20240301,방울토마토(일반),63383,29974,31810,30657,32917.99
20240302,방울토마토(일반),63383,29178,39101,29079,32917.99
20240304,방울토마토(일반),54693,41557,46255,33816,32917.99
20240305,방울토마토(일반),60605,,49000,45326,32917.99
20240306,방울토마토(일반),52931,29865,,36866,32917.99
20240307,방울토마토(일반),62330,28451,41575,,32917.99
20240308,방울토마토(일반),59522,32930,32458,41480,32917.99
20240309,방울토마토(일반),50562,25396,30588,36328,32917.99
20240311,방울토마토(일반),51974,21671,25291,35881,30181.47
20240312,방울토마토(일반),48130,,24479,41204,30181.47
20240313,방울토마토(일반),39404,27752,,35459,30181.47
20240314,방울토마토(일반),45792,27844,23595,,30181.47
20240315,방울토마토(일반),44025,32328,21364,36529,30181.47
20240316,방울토마토(일반),42434,34000,24297,31948,30181.47
20240318,방울토마토(일반),40568,43924,26472,26615,30181.47
20240319,방울토마토(일반),44240,,31095,31795,30181.47
20240320,방울토마토(일반),37367,35940,,23491,30181.47
20240321,방울토마토(일반),42427,39043,30598,,32807.14
20240322,방울토마토(일반),51537,40840,25460,25386,32807.14
20240323,방울토마토(일반),49245,46844,31734,26552,32807.14
20240325,방울토마토(일반),47545,45418,37142,22254,32807.14
20240326,방울토마토(일반),43961,,35645,27892,32807.14
20240327,방울토마토(일반),43910,42685,,25138,32807.14
20240328,방울토마토(일반),48345,41294,30927,,32807.14
20240329,방울토마토(일반),53559,56456,29713,28402,32807.14
20240330,방울토마토(일반),80000,60109,28357,23198,32807.14
20240401,방울토마토(일반),63359,48163,28532,30025,30164.36
20240402,방울토마토(일반),59648,,26490,34435,30164.36
20240403,방울토마토(일반),60075,40556,,37229,30164.36
20240404,방울토마토(일반),69369,24231,24870,,30164.36
20240405,방울토마토(일반),59763,28130,23208,34403,30164.36
20240406,방울토마토(일반),55373,25725,24359,31584,30164.36
20240408,방울토마토(일반),51374,19614,28858,33170,30164.36
20240409,방울토마토(일반),49710,,24410,33703,30164.36
20240410,방울토마토(일반),41208,19591,,26975,30164.36
20240411,방울토마토(일반),39621,23848,24846,,25738.94
20240412,방울토마토(일반),36736,20342,24729,30610,25738.94
20240413,방울토마토(일반),31222,23012,24995,25048,25738.94
20240415,방울토마토(일반),29844,25867,25057,22375,25738.94
20240416,방울토마토(일반),32182,,26472,23529,25738.94
20240417,방울토마토(일반),29119,19531,,21860,25738.94
20240418,방울토마토(일반),34151,19877,25437,,25738.94
20240419,방울토마토(일반),35217,22472,26436,20091,25738.94
20240420,방울토마토(일반),37210,28883,24344,18352,25738.94
20240422,방울토마토(일반),37668,21746,27185,16427,22172.35
20240423,방울토마토(일반),38246,,23005,21846,22172.35
20240424,방울토마토(일반),37773,20142,,19203,22172.35
20240425,방울토마토(일반),35298,18150,22115,,22172.35
20240426,방울토마토(일반),31855,19581,23691,19462,22172.35
20240427,방울토마토(일반),40277,23114,21603,16523,22172.35
20240429,방울토마토(일반),33819,21245,25135,18697,22172.35
20240430,방울토마토(일반),29694,,19000,18155,22172.35
20240501,방울토마토(일반),34700,20447,,17534,19779.43
20240502,방울토마토(일반),38543,22273,22005,,19779.43
20240503,방울토마토(일반),47603,23570,23042,18184,19779.43
20240504,방울토마토(일반),47696,25269,21339,20471,19779.43
20240506,방울토마토(일반),36927,16011,22435,25696,19779.43
20240507,방울토마토(일반),35115,,20281,27935,19779.43
20240508,방울토마토(일반),32189,19621,,24508,19779.43
20240509,방울토마토(일반),37014,18275,24475,,19779.43
20240510,방울토마토(일반),33645,22017,22972,23786,19779.43
20240511,방울토마토(일반),31067,19909,19238,26220,18382.1
20240513,방울토마토(일반),31365,18327,18602,20569,18382.1
20240514,방울토마토(일반),37854,,17756,19918,18382.1
20240515,방울토마토(일반),39319,22882,,20158,18382.1
20240516,방울토마토(일반),33994,22218,19904,,18382.1
20240517,방울토마토(일반),28766,23916,22330,17703,18382.1
20240518,방울토마토(일반),24854,27122,20749,17303,18382.1
20240520,방울토마토(일반),32597,19744,20828,19074,18382.1
20240521,방울토마토(일반),25763,,15011,17252,19495.07
20240522,방울토마토(일반),21159,19842,,16841,19495.07
20240523,방울토마토(일반),19580,20165,17867,,19495.07
20240524,방울토마토(일반),24007,19152,23790,15851,19495.07
20240525,방울토마토(일반),18358,26068,18863,20065,19495.07
20240527,방울토마토(일반),20708,23845,20837,27520,19495.07
20240528,방울토마토(일반),23776,,23166,24094,19495.07
20240529,방울토마토(일반),26475,18982,,17460,19495.07
20240530,방울토마토(일반),30705,21532,19952,,19495.07
20240531,방울토마토(일반),22450,20562,20927,16938,19495.07
20240601,방울토마토(일반),22031,23110,19878,17330,17552.51
20240603,방울토마토(일반),23693,22101,17195,21722,17552.51
20240604,방울토마토(일반),21000,,17930,15947,17552.51
20240605,방울토마토(일반),25529,16801,,12247,17552.51
20240606,방울토마토(일반),22935,17169,19693,,17552.51
20240607,방울토마토(일반),20896,15126,17761,19576,17552.51
20240608,방울토마토(일반),19044,17665,14620,18863,17552.51
20240610,방울토마토(일반),18725,13438,15232,15150,17552.51
20240611,방울토마토(일반),19432,,13165,16444,13347.78
20240612,방울토마토(일반),18807,13282,,17568,13347.78
20240613,방울토마토(일반),19201,12360,13650,,13347.78
20240614,방울토마토(일반),19915,12379,11655,14961,13347.78
20240615,방울토마토(일반),19526,15098,13199,15704,13347.78
20240617,방울토마토(일반),18625,17879,15442,17398,13347.78
20240618,방울토마토(일반),17142,,14637,16000,13347.78
20240619,방울토마토(일반),15641,16948,,18879,13347.78
20240620,방울토마토(일반),14802,19059,15755,,13347.78
20240621,방울토마토(일반),12394,23378,16620,15965,16037.36
20240622,방울토마토(일반),11027,23483,15631,16877,16037.36
20240624,방울토마토(일반),10488,14602,20314,15217,16037.36
20240625,방울토마토(일반),9087,,18460,17611,16037.36
20240626,방울토마토(일반),11108,14900,,20580,16037.36
20240627,방울토마토(일반),12644,15112,16803,,16037.36
20240628,방울토마토(일반),12167,15500,15202,21796,16037.36
20240629,방울토마토(일반),17562,16561,14333,23930,16037.36
20240701,방울토마토(일반),17762,16437,15716,41219,23461.58
20240702,방울토마토(일반),22353,,16075,43009,23461.58
20240703,방울토마토(일반),23760,16502,,38653,23461.58
20240704,방울토마토(일반),26442,18388,18749,,23461.58
20240705,방울토마토(일반),23855,24758,34691,34437,23461.58
20240706,방울토마토(일반),22912,36679,39414,33637,23461.58
20240708,방울토마토(일반),17787,20958,28784,34478,23461.58
20240709,방울토마토(일반),19125,,17328,28405,23461.58
20240710,방울토마토(일반),19321,17016,,29395,23461.58
20240711,방울토마토(일반),20969,15814,16874,,24154.96
20240712,방울토마토(일반),24922,16000,19088,24942,24154.96
20240713,방울토마토(일반),24153,18433,24800,27073,24154.96
20240715,방울토마토(일반),23124,24667,37500,24147,24154.96
20240716,방울토마토(일반),24673,,40276,24350,24154.96
20240717,방울토마토(일반),23938,24911,,35212,24154.96
20240718,방울토마토(일반),24017,34191,36603,,24154.96
20240719,방울토마토(일반),23770,33082,36965,27444,24154.96
20240720,방울토마토(일반),22482,28531,38891,31050,24154.96
20240722,방울토마토(일반),23335,35074,39603,30912,23922.14
20240723,방울토마토(일반),22794,,39479,22442,23922.14
20240724,방울토마토(일반),27054,35081,,25520,23922.14
20240725,방울토마토(일반),28736,36783,30058,,23922.14
20240726,방울토마토(일반),30583,30415,35158,21633,23922.14
20240727,방울토마토(일반),31988,22509,32241,21206,23922.14
20240729,방울토마토(일반),28880,19980,35348,17350,23922.14
20240730,방울토마토(일반),28823,,42789,21214,23922.14
20240731,방울토마토(일반),32950,24402,,21139,23922.14
20240801,방울토마토(일반),33031,29465,49250,,25343.37
20240802,방울토마토(일반),38906,34371,53508,16255,25343.37
20240805,방울토마토(일반),24300,,23837,19708,25343.37
20240806,방울토마토(일반),28053,,23837,25885,25343.37
20240807,방울토마토(일반),27661,45325,,,25343.37
20240808,방울토마토(일반),30773,32471,21082,,25343.37
20240809,방울토마토(일반),32858,26398,18443,21527,25343.37
20240810,방울토마토(일반),30745,29831,27690,22564,25343.37
20240812,방울토마토(일반),27547,29817,37205,22916,30451.27
20240813,방울토마토(일반),26630,,42475,20787,30451.27
20240814,방울토마토(일반),27055,28315,,19711,30451.27
20240815,방울토마토(일반),29418,33632,30924,,30451.27
20240816,방울토마토(일반),34497,35850,36163,19613,30451.27
20240817,방울토마토(일반),33204,49225,37725,27209,30451.27
20240819,방울토마토(일반),28315,90718,48739,48000,30451.27
20240820,방울토마토(일반),25808,,54380,49523,30451.27
20240821,방울토마토(일반),31090,41548,,40887,33834.17
20240822,방울토마토(일반),26929,35597,54529,,33834.17
20240823,방울토마토(일반),24963,34393,65135,28423,33834.17
20240824,방울토마토(일반),24180,37973,63552,37488,33834.17
20240826,방울토마토(일반),24505,26380,65770,43180,33834.17
20240827,방울토마토(일반),26725,,60902,39429,33834.17
20240828,방울토마토(일반),27786,24181,,38070,33834.17
20240829,방울토마토(일반),32086,24825,45769,,33834.17
20240830,방울토마토(일반),35890,32119,34699,34162,33834.17
20240831,방울토마토(일반),29520,47032,49057,28093,33834.17
20240902,방울토마토(일반),29905,39855,61761,45000,30602.96
20240903,방울토마토(일반),30766,,69042,43250,30602.96
20240904,방울토마토(일반),35109,45689,,40813,30602.96
20240905,방울토마토(일반),46670,35599,43856,,30602.96
20240906,방울토마토(일반),45156,37390,38129,27731,30602.96
20240907,방울토마토(일반),35366,48642,53706,23801,30602.96
20240909,방울토마토(일반),37849,49614,18567,17914,30602.96
20240910,방울토마토(일반),36561,,,16782,30602.96
20240911,방울토마토(일반),37283,68312,,20263,29058.93
20240912,방울토마토(일반),41043,75982,,,29058.93
20240913,방울토마토(일반),40311,50764,23030,21228,29058.93
20240914,방울토마토(일반),32949,51228,26401,18189,29058.93
20240916,방울토마토(일반),19297,31194,16361,34399,29058.93
20240920,방울토마토(일반),18946,25091,17309,,29058.93
20240921,방울토마토(일반),20136,27789,17394,,25769.04
20240923,방울토마토(일반),26419,26420,23052,,25769.04
20240924,방울토마토(일반),31745,,22712,22477,25769.04
20240925,방울토마토(일반),36965,27399,,15144,25769.04
20240926,방울토마토(일반),38349,29375,22460,,25769.04
20240927,방울토마토(일반),32650,19905,28752,17743,25769.04
20240928,방울토마토(일반),33186,18185,43000,30595,25769.04
20240930,방울토마토(일반),33132,,48572,31180,25769.04
20241001,방울토마토(일반),34133,,41431,31078,33260.71
20241002,방울토마토(일반),32332,21261,,26351,33260.71
20241003,방울토마토(일반),32438,24238,45095,,33260.71
20241004,방울토마토(일반),37980,30218,43130,30004,33260.71
20241005,방울토마토(일반),40872,34881,50771,25488,33260.71
20241007,방울토마토(일반),51723,54671,46307,21601,33260.71
20241008,방울토마토(일반),63131,,36786,19674,33260.71
20241009,방울토마토(일반),59242,68414,,13585,33260.71
20241010,방울토마토(일반),59929,65441,36832,,33260.71
20241011,방울토마토(일반),72698,50822,35181,13030,31771.07
20241012,방울토마토(일반),68308,51532,45242,10953,31771.07
20241014,방울토마토(일반),72000,46472,50549,11734,31771.07
20241015,방울토마토(일반),74432,,50000,11255,31771.07
20241016,방울토마토(일반),72126,45973,,12035,31771.07
20241017,방울토마토(일반),81136,49953,39801,,31771.07
20241018,방울토마토(일반),93048,49424,36505,11627,31771.07
20241019,방울토마토(일반),91932,47817,38538,11453,31771.07
20241021,방울토마토(일반),75888,43566,32562,13465,22778.76
20241022,방울토마토(일반),45681,,22447,13685,22778.76
20241023,방울토마토(일반),55105,42834,,13957,22778.76
20241024,방울토마토(일반),59708,37981,22355,,22778.76
20241025,방울토마토(일반),59687,38553,18963,15023,22778.76
20241026,방울토마토(일반),55981,46460,18396,15127,22778.76
20241028,방울토마토(일반),45054,38157,17594,18553,22778.76
20241029,방울토마토(일반),31796,,15378,19612,22778.76
20241030,방울토마토(일반),31416,33498,,23113,22778.76
20241031,방울토마토(일반),37073,34011,12407,,22778.76
20241101,방울토마토(일반),35836,30259,11401,24504,19187.35
20241102,방울토마토(일반),35577,27779,12232,24467,19187.35
20241104,방울토마토(일반),31000,,13197,23609,19187.35
20241105,방울토마토(일반),26856,,11657,26267,19187.35
20241106,방울토마토(일반),25737,23280,,26342,19187.35
20241107,방울토마토(일반),26420,19419,12951,,19187.35
20241108,방울토마토(일반),23404,19981,14678,28113,19187.35
20241109,방울토마토(일반),23707,19877,15597,36840,19187.35
20241111,방울토마토(일반),24274,22971,13326,41749,26510.08
20241112,방울토마토(일반),33535,,15376,45763,26510.08
20241113,방울토마토(일반),25643,23900,,40663,26510.08
20241114,방울토마토(일반),29506,24599,16566,,26510.08
20241115,방울토마토(일반),30146,28370,19675,45818,26510.08
20241116,방울토마토(일반),36000,34858,20086,52050,26510.08
20241118,방울토마토(일반),34980,39736,24172,45530,26510.08
20241119,방울토마토(일반),35766,,22657,43755,26510.08
20241120,방울토마토(일반),32584,37180,,31094,26510.08
20241121,방울토마토(일반),34428,38592,25795,,24160.32
20241122,방울토마토(일반),33679,35724,22615,29168,24160.32
20241123,방울토마토(일반),33040,35769,19332,31123,24160.32
20241125,방울토마토(일반),31618,31919,17439,35043,24160.32
20241126,방울토마토(일반),33084,,19109,31330,24160.32
20241127,방울토마토(일반),33954,29442,,23060,24160.32
20241128,방울토마토(일반),39121,26908,15691,,24160.32
20241129,방울토마토(일반),34246,25330,19766,29000,24160.32
20241130,방울토마토(일반),37000,24095,19749,20239,24160.32
20241202,방울토마토(일반),39553,25822,19544,19453,20238.67
20241203,방울토마토(일반),47107,,21506,18544,20238.67
20241204,방울토마토(일반),54701,25858,,21878,20238.67
20241205,방울토마토(일반),64047,27548,13763,,20238.67
20241206,방울토마토(일반),57814,25307,20952,24458,20238.67
20241207,방울토마토(일반),55146,24000,15095,23534,20238.67
20241209,방울토마토(일반),52639,25715,23517,23597,20238.67
20241210,방울토마토(일반),47319,,14036,24791,20238.67
20241211,방울토마토(일반),49092,26038,,22100,26927.55
20241212,방울토마토(일반),48122,27229,23702,,26927.55
20241213,방울토마토(일반),45549,26000,20527,26254,26927.55
20241214,방울토마토(일반),44140,27577,23065,35395,26927.55
20241216,방울토마토(일반),45000,36912,24714,28786,26927.55
20241217,방울토마토(일반),46299,,25495,27355,26927.55
20241218,방울토마토(일반),43037,39436,,28785,26927.55
20241219,방울토마토(일반),45960,39769,25443,,26927.55
20241220,방울토마토(일반),45404,40613,21307,29132,26927.55
20241221,방울토마토(일반),47280,42131,22052,30669,33991.67
20241223,방울토마토(일반),45155,46430,26416,41780,33991.67
20241224,방울토마토(일반),46080,,24360,37215,33991.67
20241225,방울토마토(일반),46218,45262,,41545,33991.67
20241226,방울토마토(일반),46243,49522,26833,,33991.67
20241227,방울토마토(일반),45333,48679,25188,41068,33991.67
20241228,방울토마토(일반),46019,47000,27575,44291,33991.67
20241230,방울토마토(일반),35382,50333,25313,40889,33991.67
20241231,방울토마토(일반),38649,,29742,39208,33991.67
20250102,방울토마토(일반),38649,,,,31645.13
20250103,방울토마토(일반),33188,45318,34026,40660,31645.13
20250104,방울토마토(일반),29792,43496,29619,38119,31645.13
20250106,방울토마토(일반),23992,37729,25115,38583,31645.13
20250107,방울토마토(일반),23912,,25635,38859,31645.13
20250108,방울토마토(일반),22381,38252,,41123,31645.13
20250109,방울토마토(일반),29535,42837,21230,,31645.13
20250110,방울토마토(일반),23333,37176,25103,35443,31645.13
20250111,방울토마토(일반),25203,41250,22417,43794,31837.16
20250113,방울토마토(일반),26062,43299,22284,43222,31837.16
20250114,방울토마토(일반),24462,,25667,44540,31837.16
20250115,방울토마토(일반),27624,45072,,41671,31837.16
20250116,방울토마토(일반),37435,48789,20564,,31837.16
20250117,방울토마토(일반),37479,48124,27793,38323,31837.16
20250118,방울토마토(일반),47038,48753,28730,40254,31837.16
20250120,방울토마토(일반),43597,52167,24864,41333,31837.16
20250121,방울토마토(일반),37614,,20611,36806,32346.63
20250122,방울토마토(일반),43382,49382,,42272,32346.63
20250123,방울토마토(일반),48195,47831,,,32346.63
20250124,방울토마토(일반),41429,48853,,31199,32346.63
20250125,방울토마토(일반),44421,45943,26032,41120,32346.63
20250127,방울토마토(일반),26957,58324,25508,40026,32346.63
20250128,방울토마토(일반),28537,,24588,41678,32346.63
20250201,방울토마토(일반),29637,57929,26205,,28342.92
20250203,방울토마토(일반),30452,53105,26348,,28342.92
20250204,방울토마토(일반),32854,,35253,29225,28342.92
20250205,방울토마토(일반),36213,49292,,23025,28342.92
20250206,방울토마토(일반),38629,47019,27946,,28342.92
20250207,방울토마토(일반),39360,40206,34576,25244,28342.92
20250208,방울토마토(일반),35954,36197,32564,18757,28342.92
20250210,방울토마토(일반),37229,,27403,22011,28342.92
20250211,방울토마토(일반),41922,,29183,22937,26353.1
20250213,방울토마토(일반),42458,31478,26130,,26353.1
20250214,방울토마토(일반),39114,31000,29058,24605,26353.1
20250215,방울토마토(일반),37949,30541,26878,20486,26353.1
20250217,방울토마토(일반),36374,38333,36456,17535,26353.1
20250218,방울토마토(일반),42689,,42714,23900,26353.1
20250219,방울토마토(일반),33970,38851,,22866,26353.1
20250220,방울토마토(일반),36343,34337,39589,,26353.1
20250221,방울토마토(일반),34088,33488,41291,21465,35272.31
20250222,방울토마토(일반),27148,40740,46950,20019,35272.31
20250224,방울토마토(일반),28948,40158,38393,26420,35272.31
20250225,방울토마토(일반),29709,,44000,20392,35272.31
20250226,방울토마토(일반),26562,49527,,31185,35272.31
20250227,방울토마토(일반),29833,55606,38689,,35272.31
20250228,방울토마토(일반),29119,65280,40653,27700,35272.31
20250301,방울토마토(일반),26870,63383,29974,31810,38070.66
20250303,방울토마토(일반),27592,,34009,42289,38070.66
20250304,방울토마토(일반),32045,54693,41557,46255,38070.66
20250306,방울토마토(일반),30500,52931,29865,,38070.66
20250307,방울토마토(일반),31623,62330,28451,41575,38070.66
20250308,방울토마토(일반),28873,59522,32930,32458,38070.66
20250310,방울토마토(일반),33910,,28727,25917,38070.66
20250311,방울토마토(일반),39497,51974,21671,25291,32584.92
20250312,방울토마토(일반),34860,48130,,24479,32584.92
20250313,방울토마토(일반),35668,39404,27752,,32584.92
20250314,방울토마토(일반),36134,45792,27844,23595,32584.92
20250315,방울토마토(일반),35293,44025,32328,21364,32584.92
20250317,방울토마토(일반),34532,,36451,27577,32584.92
20250318,방울토마토(일반),34580,40568,43924,26472,32584.92
20250319,방울토마토(일반),32037,44240,,31095,32584.92
20250320,방울토마토(일반),32080,37367,35940,,32584.92
20250321,방울토마토(일반),32029,42427,39043,30598,35925.93
20250322,방울토마토(일반),28673,51537,40840,25460,35925.93
20250324,방울토마토(일반),35603,,44680,31745,35925.93
20250325,방울토마토(일반),35785,47545,45418,37142,35925.93
20250326,방울토마토(일반),31316,43961,,35645,35925.93
20250327,방울토마토(일반),38214,43910,42685,,35925.93
20250328,방울토마토(일반),29673,48345,41294,30927,35925.93
20250329,방울토마토(일반),29421,53559,56456,29713,35925.93
20250331,방울토마토(일반),31362,,50484,25288,35925.93
20250401,방울토마토(일반),35835,63359,48163,28532,34615.15
20250402,방울토마토(일반),26466,59648,,26490,34615.15
20250403,방울토마토(일반),35105,60075,40556,,34615.15
20250404,방울토마토(일반),30109,69369,24231,24870,34615.15
20250405,방울토마토(일반),29069,59763,28130,23208,34615.15
20250407,방울토마토(일반),34996,,18509,23254,34615.15
20250408,방울토마토(일반),39816,51374,19614,28858,34615.15
20250409,방울토마토(일반),28337,49710,,24410,34615.15
20250410,방울토마토(일반),37660,41208,19591,,34615.15
20250411,방울토마토(일반),31630,39621,23848,24846,26086.68
20250412,방울토마토(일반),28384,36736,20342,24729,26086.68
20250414,방울토마토(일반),29280,,20579,25640,26086.68
20250415,방울토마토(일반),34872,29844,25867,25057,26086.68
20250416,방울토마토(일반),28137,32182,,26472,26086.68
20250417,방울토마토(일반),32436,29119,19531,,26086.68
20250418,방울토마토(일반),29950,34151,19877,25437,26086.68
20250419,방울토마토(일반),29360,35217,22472,26436,26086.68
20250421,방울토마토(일반),27286,,30946,21669,24529.45
20250422,방울토마토(일반),29055,37668,21746,27185,24529.45
20250423,방울토마토(일반),26071,38246,,23005,24529.45
20250424,방울토마토(일반),27480,37773,20142,,24529.45
20250425,방울토마토(일반),25909,35298,18150,22115,24529.45
20250426,방울토마토(일반),19785,31855,19581,23691,24529.45
20250428,방울토마토(일반),23272,,24507,20479,24529.45
20250429,방울토마토(일반),23712,33819,21245,25135,24529.45
20250430,방울토마토(일반),19610,29694,,19000,24529.45
20250501,방울토마토(일반),23428,34700,20447,,23197.56
20250502,방울토마토(일반),20326,38543,22273,22005,23197.56
20250503,방울토마토(일반),20493,47603,23570,23042,23197.56
20250505,방울토마토(일반),19625,,17557,22293,23197.56
20250506,방울토마토(일반),21409,36927,16011,22435,23197.56
20250507,방울토마토(일반),17815,35115,,20281,23197.56
20250508,방울토마토(일반),20224,32189,19621,,23197.56
20250509,방울토마토(일반),24347,37014,18275,24475,23197.56
20250510,방울토마토(일반),21404,33645,22017,22972,23197.56
20250512,방울토마토(일반),25098,,16833,18601,21010.66
20250513,방울토마토(일반),24761,31365,18327,18602,21010.66
20250514,방울토마토(일반),25644,37854,,17756,21010.66
20250515,방울토마토(일반),32980,39319,22882,,21010.66
20250516,방울토마토(일반),31422,33994,22218,19904,21010.66
20250517,방울토마토(일반),31816,28766,23916,22330,21010.66
20250519,방울토마토(일반),28543,,21395,22446,21010.66
20250520,방울토마토(일반),30836,32597,19744,20828,21010.66
20250521,방울토마토(일반),30350,25763,,15011,20342.95
20250522,방울토마토(일반),27953,21159,19842,,20342.95
20250523,방울토마토(일반),24299,19580,20165,17867,20342.95
20250524,방울토마토(일반),23970,24007,19152,23790,20342.95
20250526,방울토마토(일반),22937,,20607,32409,20342.95
20250527,방울토마토(일반),22062,20708,23845,20837,20342.95
20250528,방울토마토(일반),20000,23776,,23166,20342.95
20250529,방울토마토(일반),20773,26475,18982,,20342.95
20250530,방울토마토(일반),19496,30705,21532,19952,20342.95
20250531,방울토마토(일반),18902,22450,20562,20927,20342.95
20250602,방울토마토(일반),23304,,22606,20809,17751.38
20250603,방울토마토(일반),20994,23693,22101,17195,17751.38
20250604,방울토마토(일반),23336,21000,,17930,17751.38
20250605,방울토마토(일반),23485,25529,16801,,17751.38
20250606,방울토마토(일반),28420,22935,17169,19693,17751.38
20250607,방울토마토(일반),22743,20896,15126,17761,17751.38
20250609,방울토마토(일반),24214,,16261,15364,17751.38
20250610,방울토마토(일반),28843,18725,13438,15232,17751.38
20250611,방울토마토(일반),18732,19432,,13165,13885.04
20250612,방울토마토(일반),21671,18807,13282,,13885.04
20250613,방울토마토(일반),17772,19201,12360,13650,13885.04
20250614,방울토마토(일반),18607,19915,12379,11655,13885.04
20250616,방울토마토(일반),16744,,16097,14557,13885.04
20250617,방울토마토(일반),18355,18625,17879,15442,13885.04
20250618,방울토마토(일반),17589,17142,,14637,13885.04
20250619,방울토마토(일반),16367,15641,16948,,13885.04
20250620,방울토마토(일반),14876,14802,19059,15755,13885.04
20250621,방울토마토(일반),13455,12394,23378,16620,16063.25
20250623,방울토마토(일반),14649,,17977,18486,16063.25
20250624,방울토마토(일반),16536,10488,14602,20314,16063.25
20250625,방울토마토(일반),18941,9087,,18460,16063.25
20250626,방울토마토(일반),25673,11108,14900,,16063.25
20250627,방울토마토(일반),29927,12644,15112,16803,16063.25
20250628,방울토마토(일반),35064,12167,15500,15202,16063.25
20250630,방울토마토(일반),29438,,17688,15123,16063.25
20250701,방울토마토(일반),29299,17762,16437,15716,24818.1
20250702,방울토마토(일반),32154,22353,,16075,24818.1
20250703,방울토마토(일반),30530,23760,16502,,24818.1
20250704,방울토마토(일반),27985,26442,18388,18749,24818.1
20250705,방울토마토(일반),24909,23855,24758,34691,24818.1
20250707,방울토마토(일반),19258,,29858,35538,24818.1
20250708,방울토마토(일반),17667,17787,20958,28784,24818.1
20250709,방울토마토(일반),17983,19125,,17328,24818.1
20250710,방울토마토(일반),25853,19321,17016,,24818.1
20250711,방울토마토(일반),31335,20969,15814,16874,25697.3
20250712,방울토마토(일반),35759,24922,16000,19088,25697.3
20250714,방울토마토(일반),32474,,22979,36793,25697.3
20250715,방울토마토(일반),33197,23124,24667,37500,25697.3
20250716,방울토마토(일반),31333,24673,,40276,25697.3
20250717,방울토마토(일반),30418,23938,24911,,25697.3
20250718,방울토마토(일반),28753,24017,34191,36603,25697.3
20250719,방울토마토(일반),21278,23770,33082,36965,25697.3
20250721,방울토마토(일반),23404,,31400,39887,27107.75
20250722,방울토마토(일반),27554,23335,35074,39603,27107.75
20250723,방울토마토(일반),41977,22794,,39479,27107.75
20250724,방울토마토(일반),56479,27054,35081,,27107.75
20250725,방울토마토(일반),54295,28736,36783,30058,27107.75
20250726,방울토마토(일반),37963,30583,30415,35158,27107.75
20250728,방울토마토(일반),32806,,24462,36277,27107.75
20250729,방울토마토(일반),26291,28880,19980,35348,27107.75
20250730,방울토마토(일반),27755,28823,,42789,27107.75
20250731,방울토마토(일반),26355,32950,24402,,27107.75
20250801,방울토마토(일반),23272,33031,29465,49250,29364.66
20250804,방울토마토(일반),20925,,95924,34077,29364.66
20250805,방울토마토(일반),23069,24300,,23837,29364.66
20250806,방울토마토(일반),25000,28053,,23837,29364.66
20250807,방울토마토(일반),35268,27661,45325,,29364.66
20250808,방울토마토(일반),42365,30773,32471,21082,29364.66
20250809,방울토마토(일반),53720,32858,26398,18443,29364.66
20250811,방울토마토(일반),46309,,42061,34190,34202.9
20250812,방울토마토(일반),47716,27547,29817,37205,34202.9
20250813,방울토마토(일반),44474,26630,,42475,34202.9
20250814,방울토마토(일반),51481,27055,28315,,34202.9
20250815,방울토마토(일반),48429,29418,33632,30924,34202.9
20250816,방울토마토(일반),44190,34497,35850,36163,34202.9
20250818,방울토마토(일반),42822,,98691,48610,34202.9
20250819,방울토마토(일반),49188,28315,90718,48739,34202.9
20250820,방울토마토(일반),58660,25808,,54380,34202.9
20250821,방울토마토(일반),82371,31090,41548,,35854.18
20250822,방울토마토(일반),76303,26929,35597,54529,35854.18
20250823,방울토마토(일반),57102,24963,34393,65135,35854.18
20250825,방울토마토(일반),49841,,34554,66029,35854.18
20250826,방울토마토(일반),44193,24505,26380,65770,35854.18
20250827,방울토마토(일반),42934,26725,,60902,35854.18
20250828,방울토마토(일반),42300,27786,24181,,35854.18
20250829,방울토마토(일반),38907,32086,24825,45769,35854.18
20250830,방울토마토(일반),33145,35890,32119,34699,35854.18
20250901,방울토마토(일반),40242,,47122,62639,35149.28
20250902,방울토마토(일반),29048,29905,39855,61761,35149.28
20250903,방울토마토(일반),30162,30766,,69042,35149.28
20250904,방울토마토(일반),31725,35109,45689,,35149.28
20250905,방울토마토(일반),30327,46670,35599,43856,35149.28
20250906,방울토마토(일반),24953,45156,37390,38129,35149.28
20250908,방울토마토(일반),20859,,51918,48569,35149.28
20250909,방울토마토(일반),17747,37849,49614,18567,35149.28
20250910,방울토마토(일반),21747,36561,,,35149.28
20250911,방울토마토(일반),20854,37283,68312,,32367.13
20250912,방울토마토(일반),26020,41043,75982,,32367.13
20250913,방울토마토(일반),28250,40311,50764,23030,32367.13
20250915,방울토마토(일반),28619,,37254,24776,32367.13
20250916,방울토마토(일반),30232,19297,31194,16361,32367.13
20250917,방울토마토(일반),31502,,,14116,32367.13
20250918,방울토마토(일반),32122,,26279,,32367.13
20250919,방울토마토(일반),30914,,24098,15324,32367.13
20250920,방울토마토(일반),33789,18946,25091,17309,32367.13
20250922,방울토마토(일반),33377,,28353,23038,27728.83
20250923,방울토마토(일반),30339,26419,26420,23052,27728.83
20250924,방울토마토(일반),31251,31745,,22712,27728.83
20250925,방울토마토(일반),32000,36965,27399,,27728.83
20250926,방울토마토(일반),32455,38349,29375,22460,27728.83
20250927,방울토마토(일반),28579,32650,19905,28752,27728.83
20250929,방울토마토(일반),28584,,,53779,27728.83
20250930,방울토마토(일반),24250,33132,,48572,27728.83
20251001,방울토마토(일반),21267,34133,,41431,35762.07
20251002,방울토마토(일반),18219,32332,21261,,35762.07
20251003,방울토마토(일반),20595,32438,24238,45095,35762.07
20251004,방울토마토(일반),22644,37980,30218,43130,35762.07
20251009,방울토마토(일반),18629,59242,68414,,35762.07
20251010,방울토마토(일반),16920,59929,65441,36832,35762.07
20251011,방울토마토(일반),21803,72698,50822,35181,41372.8
20251013,방울토마토(일반),19814,,46063,48281,41372.8
20251014,방울토마토(일반),22959,72000,46472,50549,41372.8
20251015,방울토마토(일반),27988,74432,,50000,41372.8
20251016,방울토마토(일반),31770,72126,45973,,41372.8
20251017,방울토마토(일반),32221,81136,49953,39801,41372.8
20251018,방울토마토(일반),31582,93048,49424,36505,41372.8
20251020,방울토마토(일반),29513,,45430,38306,41372.8
20251021,방울토마토(일반),32280,75888,43566,32562,29954.51
20251022,방울토마토(일반),34859,45681,,22447,29954.51
20251023,방울토마토(일반),34558,55105,42834,,29954.51
20251024,방울토마토(일반),33727,59708,37981,22355,29954.51
20251025,방울토마토(일반),34191,59687,38553,18963,29954.51
20251027,방울토마토(일반),32787,,44519,20557,29954.51
20251028,방울토마토(일반),33928,45054,38157,17594,29954.51
20251029,방울토마토(일반),33726,31796,,15378,29954.51
20251030,방울토마토(일반),34095,31416,33498,,29954.51
20251031,방울토마토(일반),36622,37073,34011,12407,29954.51
20251103,방울토마토(일반),36459,,22650,11332,21571.4
20251104,방울토마토(일반),36719,31000,,13197,21571.4
20251105,방울토마토(일반),40713,26856,,11657,21571.4
20251106,방울토마토(일반),41136,25737,23280,,21571.4
20251107,방울토마토(일반),43654,26420,19419,12951,21571.4
20251108,방울토마토(일반),47104,23404,19981,14678,21571.4
20251110,방울토마토(일반),49590,,18821,15487,21571.4
20251111,방울토마토(일반),48774,24274,22971,13326,27848.58
20251112,방울토마토(일반),51893,33535,,15376,27848.58
20251113,방울토마토(일반),52453,25643,23900,,27848.58
20251114,방울토마토(일반),48643,29506,24599,16566,27848.58
20251115,방울토마토(일반),44882,30146,28370,19675,27848.58
20251117,방울토마토(일반),49907,,35211,22763,27848.58
20251118,방울토마토(일반),47795,34980,39736,24172,27848.58
20251119,방울토마토(일반),45282,35766,,22657,27848.58
20251120,방울토마토(일반),43771,32584,37180,,27848.58
20251121,방울토마토(일반),34995,34428,38592,25795,25089.23
20251122,방울토마토(일반),34373,33679,35724,22615,25089.23
20251124,방울토마토(일반),31416,,31752,18580,25089.23
20251125,방울토마토(일반),30551,31618,31919,17439,25089.23
20251126,방울토마토(일반),27541,33084,,19109,25089.23
20251127,방울토마토(일반),27172,33954,29442,,25089.23
20251128,방울토마토(일반),26782,39121,26908,15691,25089.23
20251129,방울토마토(일반),27693,34246,25330,19766,25089.23
20251201,방울토마토(일반),27679,,25822,18434,25928.46
20251202,방울토마토(일반),28171,39553,25822,19544,25928.46
20251203,방울토마토(일반),26288,47107,,21506,25928.46
20251204,방울토마토(일반),28140,54701,25858,,25928.46
20251205,방울토마토(일반),23510,64047,27548,13763,25928.46
20251206,방울토마토(일반),26924,57814,25307,20952,25928.46
20251208,방울토마토(일반),27193,,26456,16604,25928.46
20251209,방울토마토(일반),33436,52639,25715,23517,25928.46
20251210,방울토마토(일반),31633,47319,,14036,25928.46
20251211,방울토마토(일반),37150,49092,26038,,29549.68
20251212,방울토마토(일반),33830,48122,27229,23702,29549.68
20251215,방울토마토(일반),38005,,32179,21009,29549.68
20251216,방울토마토(일반),39145,45000,36912,24714,29549.68
20251217,방울토마토(일반),34656,46299,,25495,29549.68
20251218,방울토마토(일반),35752,43037,39436,,29549.68
20251219,방울토마토(일반),39534,45960,39769,25443,29549.68
20251220,방울토마토(일반),36392,45404,40613,21307,29549.68
20251222,방울토마토(일반),39352,,42311,25019,35219.35
20251223,방울토마토(일반),44976,45155,46430,26416,35219.35
20251224,방울토마토(일반),41359,46080,,24360,35219.35
20251225,방울토마토(일반),44895,46218,45262,,35219.35
20251226,방울토마토(일반),39014,46243,49522,26833,35219.35
20251227,방울토마토(일반),42511,45333,48679,25188,35219.35
20251229,방울토마토(일반),38988,,45831,28594,35219.35
20251230,방울토마토(일반),38291,35382,50333,25313,35219.35
20251231,방울토마토(일반),38539,38649,,29742,35219.35
20260103,방울토마토(일반),34920,33188,45318,34026,30828.39
20260105,방울토마토(일반),28367,,35836,27639,30828.39
20260106,방울토마토(일반),34838,23992,37729,25115,30828.39
20260107,방울토마토(일반),24885,23912,,25635,30828.39
20260108,방울토마토(일반),23056,22381,38252,,30828.39
20260109,방울토마토(일반),24564,29535,42837,21230,30828.39
20260110,방울토마토(일반),22222,23333,37176,25103,30828.39
20260112,방울토마토(일반),21937,,38723,25478,33409.85
20260113,방울토마토(일반),25575,26062,43299,22284,33409.85
20260114,방울토마토(일반),28103,24462,,25667,33409.85
20260115,방울토마토(일반),25000,27624,45072,,33409.85
20260116,방울토마토(일반),29694,37435,48789,20564,33409.85
20260117,방울토마토(일반),24391,37479,48124,27793,33409.85
20260119,방울토마토(일반),22862,,49276,27411,33409.85
20260120,방울토마토(일반),34493,43597,52167,24864,33409.85
20260121,방울토마토(일반),30784,37614,,20611,35488.98
20260122,방울토마토(일반),29234,43382,49382,,35488.98
20260123,방울토마토(일반),32000,48195,47831,,35488.98
20260124,방울토마토(일반),36888,41429,48853,,35488.98
20260126,방울토마토(일반),31026,,53137,23815,35488.98
20260127,방울토마토(일반),31412,26957,58324,25508,35488.98
20260128,방울토마토(일반),40585,28537,,24588,35488.98
20260129,방울토마토(일반),32670,,55396,,35488.98
20260130,방울토마토(일반),36484,,52361,25058,35488.98
20260131,방울토마토(일반),40687,,55000,24169,35488.98
20260202,방울토마토(일반),34557,,56394,32623,30537.64
20260203,방울토마토(일반),40203,30452,53105,26348,30537.64
20260204,방울토마토(일반),42932,32854,,35253,30537.64
20260205,방울토마토(일반),39880,36213,49292,,30537.64
20260206,방울토마토(일반),36005,38629,47019,27946,30537.64
20260207,방울토마토(일반),36426,39360,40206,34576,30537.64
20260209,방울토마토(일반),35353,,26274,33636,30537.64
20260210,방울토마토(일반),40409,37229,,27403,30537.64
20260211,방울토마토(일반),38373,41922,,29183,29498.12
20260212,방울토마토(일반),35500,,,,29498.12
20260213,방울토마토(일반),32498,42458,31478,26130,29498.12
20260214,방울토마토(일반),32880,39114,31000,29058,29498.12
20260216,방울토마토(일반),19307,,29265,27208,29498.12
20260220,방울토마토(일반),30031,36343,34337,39589,29498.12
20260221,방울토마토(일반),22580,34088,33488,41291,33809.18
20260223,방울토마토(일반),22148,,38663,43183,33809.18
20260224,방울토마토(일반),34987,28948,40158,38393,33809.18
20260225,방울토마토(일반),18336,29709,,44000,33809.18
20260226,방울토마토(일반),38786,26562,49527,,33809.18
20260227,방울토마토(일반),28088,29833,55606,38689,33809.18
20260228,방울토마토(일반),43926,29119,65280,40653,33809.18
20260302,방울토마토(일반),41794,,63383,29178,38045.02
20260303,방울토마토(일반),34892,27592,,34009,38045.02
20260304,방울토마토(일반),41355,32045,54693,41557,38045.02
20260305,방울토마토(일반),44203,,60605,,38045.02
20260306,방울토마토(일반),39979,30500,52931,29865,38045.02
20260309,방울토마토(일반),34821,,50562,25396,38045.02
20260310,방울토마토(일반),35983,33910,,28727,38045.02
20260311,방울토마토(일반),37158,39497,51974,21671,33901.31
20260312,방울토마토(일반),54167,34860,48130,,33901.31
20260313,방울토마토(일반),27566,35668,39404,27752,33901.31
20260314,방울토마토(일반),32286,36134,45792,27844,33901.31
20260316,방울토마토(일반),33388,,42434,34000,33901.31
20260317,방울토마토(일반),36548,34532,,36451,33901.31
20260318,방울토마토(일반),39378,34580,40568,43924,33901.31
20260319,방울토마토(일반),35506,32037,44240,,33901.31
20260320,방울토마토(일반),36655,32080,37367,35940,33901.31
20260321,방울토마토(일반),31972,32029,42427,39043,36610.59
20260323,방울토마토(일반),37908,,49245,46844,36610.59
20260324,방울토마토(일반),33453,35603,,44680,36610.59
20260325,방울토마토(일반),38354,35785,47545,45418,36610.59
20260326,방울토마토(일반),44757,31316,43961,,36610.59
20260327,방울토마토(일반),39709,38214,43910,42685,36610.59
20260328,방울토마토(일반),40590,29673,48345,41294,36610.59
20260330,방울토마토(일반),46273,,80000,60109,36610.59
20260331,방울토마토(일반),36723,31362,,50484,36610.59
20260401,방울토마토(일반),37890,35835,63359,48163,34518.15
20260402,방울토마토(일반),34812,26466,59648,,34518.15
20260403,방울토마토(일반),28177,35105,60075,40556,34518.15
20260406,방울토마토(일반),36618,,55373,25725,34518.15
20260407,방울토마토(일반),29443,34996,,18509,34518.15
20260408,방울토마토(일반),31695,39816,51374,19614,34518.15
20260409,방울토마토(일반),35477,28337,49710,,34518.15
20260410,방울토마토(일반),27500,37660,41208,19591,34518.15
20260411,방울토마토(일반),19645,31630,39621,23848,27009.84
20260413,방울토마토(일반),33695,,31222,23012,27009.84
20260414,방울토마토(일반),35225,29280,,20579,27009.84
20260415,방울토마토(일반),25592,34872,29844,25867,27009.84
20260416,방울토마토(일반),32247,28137,32182,,27009.84
20260417,방울토마토(일반),25691,32436,29119,19531,27009.84
20260418,방울토마토(일반),25057,29950,34151,19877,27009.84
20260420,방울토마토(일반),27048,,37210,28883,27009.84
20260421,방울토마토(일반),24317,27286,,30946,24658.52
20260422,방울토마토(일반),21345,29055,37668,21746,24658.52
20260423,방울토마토(일반),24923,26071,38246,,24658.52
20260424,방울토마토(일반),24443,27480,37773,20142,24658.52
20260425,방울토마토(일반),23968,25909,35298,18150,24658.52
20260427,방울토마토(일반),27057,,40277,23114,24658.52
20260428,방울토마토(일반),29977,23272,,24507,24658.52
20260429,방울토마토(일반),24221,23712,33819,21245,24658.52
20260430,방울토마토(일반),28937,19610,29694,,24658.52
20260501,방울토마토(일반),26737,23428,34700,20447,24663.1
20260502,방울토마토(일반),26123,20326,38543,22273,24663.1
20260504,방울토마토(일반),22924,,47696,25269,24663.1
20260505,방울토마토(일반),27081,19625,,17557,24663.1
20260506,방울토마토(일반),26512,21409,36927,16011,24663.1
20260507,방울토마토(일반),27519,17815,35115,,24663.1
20260508,방울토마토(일반),19234,20224,32189,19621,24663.1
20260509,방울토마토(일반),20520,24347,37014,18275,24663.1
20260511,방울토마토(일반),28792,,31067,19909,23928
20260512,방울토마토(일반),27813,25098,,16833,23928
20260513,방울토마토(일반),29436,24761,31365,18327,23928
20260514,방울토마토(일반),30164,25644,37854,,23928
20260515,방울토마토(일반),24408,32980,39319,22882,23928
20260516,방울토마토(일반),19625,31422,33994,22218,23928
20260518,방울토마토(일반),31549,,24854,27122,23928
20260519,방울토마토(일반),32607,28543,,21395,23928
20260520,방울토마토(일반),28144,30836,32597,19744,23928
20260521,방울토마토(일반),30329,30350,25763,,21639.12
20260522,방울토마토(일반),28520,27953,21159,19842,21639.12
20260523,방울토마토(일반),20995,24299,19580,20165,21639.12
20260525,방울토마토(일반),27097,,18358,26068,21639.12
20260526,방울토마토(일반),28793,22937,,20607,21639.12
20260527,방울토마토(일반),23147,22062,20708,23845,21639.12
20260528,방울토마토(일반),17932,20000,23776,,21639.12
20210104,토마토,43000,36348,24848,,27246.97
20210105,토마토,51000,,25773,,27246.97
20210106,토마토,55000,22500,,,27246.97
20210107,토마토,55000,22500,24258,,27246.97
20210108,토마토,51500,29720,25000,,27246.97
20210109,토마토,42625,29720,24702,,27246.97
20210111,토마토,46000,43000,24935,,30419.82
20210112,토마토,37800,,23780,,30419.82
20210113,토마토,36000,48000,,,30419.82
20210114,토마토,29000,20000,27000,,30419.82
20210115,토마토,32000,49368,27895,,30419.82
20210116,토마토,26400,49368,31591,,30419.82
20210118,토마토,34257,41636,28281,,30419.82
20210119,토마토,26857,,31757,,30419.82
20210120,토마토,36000,43000,,,30419.82
20210121,토마토,36000,43000,29540,,28245.36
20210122,토마토,41727,35463,30000,,28245.36
20210123,토마토,28000,33000,24633,,28245.36
20210125,토마토,35160,,32917,,28245.36
20210126,토마토,30000,,24371,,28245.36
20210127,토마토,32000,,,,28245.36
20210128,토마토,26571,17000,30586,,28245.36
20210129,토마토,33714,26000,30586,,28245.36
20210130,토마토,26000,26000,33450,,28245.36
20210201,토마토,33000,27061,33500,,30679.97
20210202,토마토,20000,,33500,,30679.97
20210203,토마토,28000,31000,,,30679.97
20210204,토마토,28000,20000,38000,,30679.97
20210205,토마토,29500,36000,,,30679.97
20210206,토마토,14000,36000,,,30679.97
20210208,토마토,30686,34941,36111,,30679.97
20210209,토마토,30686,,21773,,30679.97
20210210,토마토,34643,35700,,,30679.97
20210211,토마토,34643,35700,29583,,32570.06
20210215,토마토,29609,51000,46000,,32570.06
20210216,토마토,20000,,46000,,32570.06
20210217,토마토,33895,58000,,,32570.06
20210218,토마토,33895,26000,39128,,32570.06
20210219,토마토,31829,48520,28000,,32570.06
20210220,토마토,21000,20000,38769,,32570.06
20210222,토마토,33786,21429,38000,,30838.33
20210223,토마토,18000,,25000,,30838.33
20210224,토마토,36189,39441,,,30838.33
20210225,토마토,36189,39441,31921,,30838.33
20210226,토마토,35000,39800,31921,,30838.33
20210227,토마토,35000,39800,33359,,30838.33
20210301,토마토,30659,,35000,,33009.66
20210302,토마토,30659,46455,24000,,33009.66
20210303,토마토,31512,46455,,,33009.66
20210304,토마토,31512,47722,30213,,33009.66
20210305,토마토,34000,47722,30213,,33009.66
20210306,토마토,21000,53273,33568,,33009.66
20210308,토마토,36000,,33068,,33009.66
20210309,토마토,36000,58069,24000,,33009.66
20210310,토마토,45875,58069,,,33009.66
20210311,토마토,45875,52619,33265,,34851.48
20210312,토마토,55000,52619,33265,,34851.48
20210313,토마토,55000,55450,34026,,34851.48
20210315,토마토,64389,,40000,,34851.48
20210316,토마토,64389,60000,23240,,34851.48
20210317,토마토,65433,60000,,,34851.48
20210318,토마토,35000,47205,47100,,34851.48
20210319,토마토,53636,47205,47100,,34851.48
20210320,토마토,53636,46217,47000,,34851.48
20210322,토마토,38857,,40083,,32785.35
20210323,토마토,38857,40313,40083,,32785.35
20210324,토마토,41750,40313,,,32785.35
20210325,토마토,41750,44118,36923,,32785.35
20210326,토마토,43385,44118,36923,,32785.35
20210327,토마토,29467,45435,35000,,32785.35
20210329,토마토,35571,,41688,,32785.35
20210330,토마토,35571,48300,32000,,32785.35
20210331,토마토,37421,48300,,,32785.35
20210401,토마토,37421,41855,34477,,29614.63
20210402,토마토,38500,25000,34477,,29614.63
20210403,토마토,28000,46935,30561,,29614.63
20210405,토마토,38724,,26969,,29614.63
20210406,토마토,38724,48000,26000,,29614.63
20210407,토마토,40800,28000,,,29614.63
20210408,토마토,40800,41854,31778,,29614.63
20210409,토마토,36077,31000,33000,,29614.63
20210410,토마토,28182,43348,33645,,29614.63
20210412,토마토,33106,,29000,,26913.94
20210413,토마토,33106,40806,29000,,26913.94
20210414,토마토,32605,40806,,,26913.94
20210415,토마토,30200,40024,30138,,26913.94
20210416,토마토,36303,35000,26000,,26913.94
20210417,토마토,35722,38593,27157,,26913.94
20210419,토마토,35636,,27887,,26913.94
20210420,토마토,32273,35000,23000,,26913.94
20210421,토마토,37382,33000,,,24340.32
20210422,토마토,32769,32848,25379,,24340.32
20210423,토마토,35810,31421,24000,,24340.32
20210424,토마토,29632,31172,22161,,24340.32
20210426,토마토,30774,,22460,,24340.32
20210427,토마토,32175,32408,21167,,24340.32
20210428,토마토,28800,28000,,,24340.32
20210429,토마토,28426,30780,19216,,24340.32
20210430,토마토,27682,27000,20750,,24340.32
20210501,토마토,26378,27808,20883,,20575.62
20210503,토마토,25798,,21952,,20575.62
20210504,토마토,23000,23211,22880,,20575.62
20210505,토마토,26882,20071,,,20575.62
20210506,토마토,25254,19435,20265,,20575.62
20210507,토마토,25699,17314,21652,,20575.62
20210508,토마토,25115,16085,20714,,20575.62
20210510,토마토,25014,,30000,,20575.62
20210511,토마토,23573,14828,19338,,18148.6
20210512,토마토,24979,13066,,,18148.6
20210513,토마토,23424,14970,17966,,18148.6
20210514,토마토,22839,15391,16939,,18148.6
20210515,토마토,22928,15642,17067,,18148.6
20210517,토마토,22466,,16232,,18148.6
20210518,토마토,21028,17074,15213,,18148.6
20210519,토마토,20876,17641,,,18148.6
20210520,토마토,20703,18414,16774,,18148.6
20210521,토마토,18691,19697,15667,,18027.25
20210522,토마토,17441,22747,17332,,18027.25
20210524,토마토,16752,,15867,,18027.25
20210525,토마토,16284,23281,20000,,18027.25
20210526,토마토,16431,23658,,,18027.25
20210527,토마토,18824,22793,15258,,18027.25
20210528,토마토,19289,23928,15381,,18027.25
20210529,토마토,21639,22803,16763,,18027.25
20210531,토마토,19042,,17000,,18027.25
20210601,토마토,19243,20297,16222,14566,14840.64
20210602,토마토,18375,20142,,15000,14840.64
20210603,토마토,18755,18822,16048,,14840.64
20210604,토마토,20260,17612,16305,13605,14840.64
20210605,토마토,19382,16399,16943,13036,14840.64
20210607,토마토,19340,,16077,12910,14840.64
20210608,토마토,18859,15596,15151,14265,14840.64
20210609,토마토,18600,14737,,15015,14840.64
20210610,토마토,19242,15448,14824,,14840.64
20210611,토마토,17764,15569,14851,12564,14036.23
20210612,토마토,18384,13426,16022,12102,14036.23
20210614,토마토,18335,,15873,12317,14036.23
20210615,토마토,19138,15211,15268,15000,14036.23
20210616,토마토,19053,12930,,14832,14036.23
20210617,토마토,19116,13131,15382,,14036.23
20210618,토마토,18327,14151,15219,14398,14036.23
20210619,토마토,16875,15449,14696,15222,14036.23
20210621,토마토,16574,,14071,16549,14425.19
20210622,토마토,16877,15558,13496,16108,14425.19
20210623,토마토,17265,16784,,15610,14425.19
20210624,토마토,16136,21892,12623,,14425.19
20210625,토마토,16354,23272,12380,14559,14425.19
20210626,토마토,16617,21953,15000,15000,14425.19
20210628,토마토,17455,,14237,13813,14425.19
20210629,토마토,18650,20616,12990,13342,14425.19
20210630,토마토,21081,19185,,10898,14425.19
20210701,토마토,26000,19179,13637,,13669.57
20210702,토마토,26427,20102,13741,11796,13669.57
20210703,토마토,31827,19809,13819,10468,13669.57
20210705,토마토,33939,,15553,12270,13669.57
20210706,토마토,31162,19422,15000,12005,13669.57
20210707,토마토,29187,20094,,12879,13669.57
20210708,토마토,27763,20400,14663,,13669.57
20210709,토마토,28297,19832,14311,11333,13669.57
20210710,토마토,27051,21609,15308,11185,13669.57
20210712,토마토,23062,,17289,15094,18335.83
20210713,토마토,20978,21626,17156,18612,18335.83
20210714,토마토,17901,24020,,20500,18335.83
20210715,토마토,15541,24369,16811,,18335.83
20210716,토마토,17513,27366,17987,20123,18335.83
20210717,토마토,18095,30333,19000,28348,18335.83
20210719,토마토,16527,,20338,25927,18335.83
20210720,토마토,18210,30555,17025,26681,18335.83
20210721,토마토,18770,31113,,20779,20175.14
20210722,토마토,19173,32472,17807,,20175.14
20210723,토마토,21597,32627,18336,20715,20175.14
20210724,토마토,20586,34757,17837,21046,20175.14
20210726,토마토,19800,,15845,16764,20175.14
20210727,토마토,17746,32460,15316,16114,20175.14
20210728,토마토,18630,31627,,12943,20175.14
20210729,토마토,20771,29915,15537,,20175.14
20210730,토마토,18273,30986,18194,12652,20175.14
20210731,토마토,16407,36750,16618,9732,20175.14
20210802,토마토,19484,,16567,11798,22301.37
20210803,토마토,19942,29304,,16000,22301.37
20210804,토마토,18024,24126,,,22301.37
20210805,토마토,17593,27818,16232,,22301.37
20210806,토마토,20190,28246,20000,21186,22301.37
20210809,토마토,19061,,21890,19529,22301.37
20210810,토마토,21443,30488,19614,21971,22301.37
20210811,토마토,21245,30126,,22438,25522.48
20210812,토마토,25389,31155,20742,,25522.48
20210813,토마토,25939,29577,21158,22031,25522.48
20210814,토마토,29424,30805,21716,22150,25522.48
20210816,토마토,28406,,22051,20857,25522.48
20210817,토마토,35000,32792,21091,22228,25522.48
20210818,토마토,34765,33973,,21477,25522.48
20210819,토마토,31696,35145,20658,,25522.48
20210820,토마토,35686,39323,20693,18766,25522.48
20210821,토마토,30127,43939,20826,20641,30044.02
20210823,토마토,27882,,21905,24889,30044.02
20210824,토마토,30133,33731,21252,25948,30044.02
20210825,토마토,34925,34283,,25945,30044.02
20210826,토마토,33238,37529,21559,,30044.02
20210827,토마토,35026,43778,20336,24440,30044.02
20210828,토마토,29142,56200,22380,28176,30044.02
20210830,토마토,28557,,25329,32400,30044.02
20210831,토마토,27215,44274,24092,37274,30044.02
20210901,토마토,30059,42863,,39016,40661.58
20210902,토마토,34000,38938,22585,,40661.58
20210903,토마토,34033,37935,24364,42674,40661.58
20210904,토마토,32973,36961,24289,48364,40661.58
20210906,토마토,36037,,34000,53435,40661.58
20210907,토마토,40639,36589,31520,54933,40661.58
20210908,토마토,38771,39067,,55864,40661.58
20210909,토마토,35000,42247,30714,,40661.58
20210910,토마토,34132,45739,40000,52265,40661.58
20210911,토마토,33294,46538,24543,53000,38583.34
20210913,토마토,28734,,,59343,38583.34
20210914,토마토,29909,52453,,58388,38583.34
20210915,토마토,34625,58417,,55735,38583.34
20210916,토마토,35594,66130,16077,,38583.34
20210917,토마토,35704,73976,18746,56457,38583.34
20210918,토마토,42967,72408,17745,52690,38583.34
20210924,토마토,33189,60000,35367,,39858.15
20210925,토마토,28625,61447,39943,,39858.15
20210927,토마토,28890,,44083,40830,39858.15
20210928,토마토,32750,66086,44263,46553,39858.15
20210929,토마토,32566,60000,,44840,39858.15
20210930,토마토,28020,49297,36256,,39858.15
20211001,토마토,28321,,41000,43470,40460.23
20211002,토마토,28492,,37219,49821,40460.23
20211004,토마토,28545,,38493,57677,40460.23
20211005,토마토,26866,44034,36333,52397,40460.23
20211006,토마토,31222,50377,,49075,40460.23
20211007,토마토,30154,58518,33690,,40460.23
20211008,토마토,32125,55705,31845,45538,40460.23
20211009,토마토,30902,54571,30023,45137,40460.23
20211011,토마토,30531,,26320,44210,37038.24
20211012,토마토,31565,49338,25517,45230,37038.24
20211013,토마토,32429,46795,,42463,37038.24
20211014,토마토,31656,43517,26128,,37038.24
20211015,토마토,34864,47953,23833,46327,37038.24
20211016,토마토,32663,46500,25517,44780,37038.24
20211018,토마토,33023,,27734,45282,37038.24
20211019,토마토,27750,47024,26793,46500,37038.24
20211020,토마토,31516,50000,,44139,37038.24
20211021,토마토,32109,52458,27359,,33945.71
20211022,토마토,30125,52897,26000,44106,33945.71
20211023,토마토,34261,51979,25387,42299,33945.71
20211025,토마토,33963,,29765,41600,33945.71
20211026,토마토,30143,55542,28426,42510,33945.71
20211027,토마토,36900,54959,,33920,33945.71
20211028,토마토,46138,61156,29012,,33945.71
20211029,토마토,42000,50683,30644,35826,33945.71
20211030,토마토,43102,58810,30500,32421,33945.71
20211101,토마토,41129,,34930,33640,32598.98
20211102,토마토,37419,48000,38194,34925,32598.98
20211103,토마토,43000,41755,,33506,32598.98
20211104,토마토,35588,38529,38925,,32598.98
20211105,토마토,43000,38313,38150,33240,32598.98
20211106,토마토,40938,33500,37192,29905,32598.98
20211108,토마토,39392,,37500,28558,32598.98
20211109,토마토,35939,30882,38284,30899,32598.98
20211110,토마토,36435,28732,,26755,32598.98
20211111,토마토,37481,29512,37232,,31869.57
20211112,토마토,42000,28136,39500,30937,31869.57
20211113,토마토,41400,30134,33135,28096,31869.57
20211115,토마토,39947,,32636,32440,31869.57
20211116,토마토,42486,30147,35492,34886,31869.57
20211117,토마토,42000,29083,,31234,31869.57
20211118,토마토,38538,31056,32667,,31869.57
20211119,토마토,39704,29342,34610,32304,31869.57
20211120,토마토,40706,35680,29692,30690,31869.57
20211122,토마토,34100,,32500,31000,30931.61
20211123,토마토,40706,31574,26074,31392,30931.61
20211124,토마토,40000,28833,,32214,30931.61
20211125,토마토,38706,31935,32176,,30931.61
20211126,토마토,39459,29068,34604,30614,30931.61
20211127,토마토,33933,27740,27122,29581,30931.61
20211129,토마토,41125,,27333,31258,30931.61
20211130,토마토,37933,27683,29737,32117,30931.61
20211201,토마토,46000,31607,,32281,30924.63
20211202,토마토,37692,30590,29907,,30924.63
20211203,토마토,43444,30882,27788,31750,30924.63
20211204,토마토,48824,31189,30683,31283,30924.63
20211206,토마토,44059,,23250,32469,30924.63
20211207,토마토,44154,32538,26500,33028,30924.63
20211208,토마토,49500,32516,,25063,30924.63
20211209,토마토,45000,37750,28000,,30924.63
20211210,토마토,50526,38684,32583,31000,30924.63
20211211,토마토,45529,43103,36960,27169,30867.15
20211213,토마토,50000,,27000,23333,30867.15
20211214,토마토,46050,42000,27214,26412,30867.15
20211215,토마토,50273,36000,,22596,30867.15
20211216,토마토,39500,40000,38000,,30867.15
20211217,토마토,45308,25200,31083,26000,30867.15
20211218,토마토,45471,36483,23000,27412,30867.15
20211220,토마토,42556,,30375,25854,30867.15
20211221,토마토,38000,32579,33692,29762,31788.39
20211222,토마토,38522,33000,,28027,31788.39
20211223,토마토,44692,35000,22125,,31788.39
20211224,토마토,41273,27500,31500,28347,31788.39
20211225,토마토,44000,38227,31500,28765,31788.39
20211227,토마토,45000,,30500,24176,31788.39
20211228,토마토,42474,38278,31000,26172,31788.39
20211229,토마토,49000,41714,,23200,31788.39
20211230,토마토,45889,40933,20613,,31788.39
20211231,토마토,48000,51826,33000,21000,31788.39
20220103,토마토,54368,,20143,25951,31495.1
20220104,토마토,45889,43000,36348,24848,31495.1
20220105,토마토,52414,51000,,25773,31495.1
20220106,토마토,52414,55000,22500,,31495.1
20220107,토마토,56583,55000,22500,24258,31495.1
20220108,토마토,45000,51500,29720,25000,31495.1
20220110,토마토,53480,,43000,27551,31495.1
20220111,토마토,36000,46000,43000,24935,31606.27
20220112,토마토,53000,37800,,23780,31606.27
20220113,토마토,53000,36000,48000,,31606.27
20220114,토마토,57609,29000,20000,27000,31606.27
20220115,토마토,57609,32000,49368,27895,31606.27
20220117,토마토,50667,,41636,26613,31606.27
20220118,토마토,50667,34257,41636,28281,31606.27
20220119,토마토,52611,26857,,31757,31606.27
20220120,토마토,50273,36000,43000,,31606.27
20220121,토마토,51933,36000,43000,29540,28504.88
20220122,토마토,51933,41727,35463,30000,28504.88
20220124,토마토,45788,,21000,30105,28504.88
20220125,토마토,45788,35160,,32917,28504.88
20220126,토마토,53048,30000,,24371,28504.88
20220127,토마토,35000,32000,,,28504.88
20220128,토마토,59000,26571,17000,30586,28504.88
20220129,토마토,42846,33714,26000,30586,28504.88
20220204,토마토,37699,28000,20000,38000,28802.87
20220205,토마토,37699,29500,36000,,28802.87
20220207,토마토,38941,,34941,,28802.87
20220208,토마토,14000,30686,34941,36111,28802.87
20220209,토마토,41483,30686,,21773,28802.87
20220210,토마토,41483,34643,35700,,28802.87
20220211,토마토,44487,34643,35700,29583,31309.78
20220212,토마토,44487,,39333,21475,31309.78
20220214,토마토,43516,,51000,33898,31309.78
20220215,토마토,43516,29609,51000,46000,31309.78
20220216,토마토,46000,20000,,46000,31309.78
20220217,토마토,22000,33895,58000,,31309.78
20220218,토마토,43857,33895,26000,39128,31309.78
20220219,토마토,24600,31829,48520,28000,31309.78
20220221,토마토,43000,,41917,28353,30438.98
20220222,토마토,43000,33786,21429,38000,30438.98
20220223,토마토,42680,18000,,25000,30438.98
20220224,토마토,18000,36189,39441,,30438.98
20220225,토마토,41455,36189,39441,31921,30438.98
20220226,토마토,41455,35000,39800,31921,30438.98
20220228,토마토,42976,,42818,33359,30438.98
20220301,토마토,42976,30659,,35000,32072.26
20220302,토마토,39500,30659,46455,24000,32072.26
20220303,토마토,39500,31512,46455,,32072.26
20220304,토마토,43069,31512,47722,30213,32072.26
20220305,토마토,43069,34000,47722,30213,32072.26
20220307,토마토,41379,,53273,26000,32072.26
20220308,토마토,41379,36000,,33068,32072.26
20220309,토마토,40435,36000,58069,24000,32072.26
20220310,토마토,41379,45875,58069,,32072.26
20220311,토마토,40955,45875,52619,33265,38645.95
20220312,토마토,40955,55000,52619,33265,38645.95
20220314,토마토,42000,,55450,25000,38645.95
20220315,토마토,28000,64389,,40000,38645.95
20220316,토마토,41774,64389,60000,23240,38645.95
20220317,토마토,28400,65433,60000,,38645.95
20220318,토마토,39963,35000,47205,47100,38645.95
20220319,토마토,39963,53636,47205,47100,38645.95
20220321,토마토,40077,,46217,47000,33483.39
20220322,토마토,29000,38857,,40083,33483.39
20220323,토마토,41900,38857,40313,40083,33483.39
20220324,토마토,41900,41750,40313,,33483.39
20220325,토마토,46333,41750,44118,36923,33483.39
20220326,토마토,46333,43385,44118,36923,33483.39
20220328,토마토,43556,,45435,31458,33483.39
20220329,토마토,43556,35571,,41688,33483.39
20220330,토마토,44556,35571,48300,32000,33483.39
20220331,토마토,44556,37421,48300,,33483.39
20220401,토마토,44879,37421,41855,34477,30457.41
20220402,토마토,38000,38500,25000,34477,30457.41
20220404,토마토,44786,,29474,30561,30457.41
20220405,토마토,44786,38724,,26969,30457.41
20220406,토마토,39783,38724,48000,26000,30457.41
20220407,토마토,35714,40800,28000,,30457.41
20220408,토마토,36973,40800,41854,31778,30457.41
20220409,토마토,34000,36077,31000,33000,30457.41
20220411,토마토,33758,,29000,33000,27931.41
20220412,토마토,33758,33106,,29000,27931.41
20220413,토마토,31444,33106,40806,29000,27931.41
20220414,토마토,26000,32605,40806,,27931.41
20220415,토마토,29040,30200,40024,30138,27931.41
20220416,토마토,32000,36303,35000,26000,27931.41
20220418,토마토,27709,,33000,26905,27931.41
20220419,토마토,21000,35636,,27887,27931.41
20220420,토마토,25708,32273,35000,23000,27931.41
20220421,토마토,22667,37382,33000,,26026.53
20220422,토마토,25458,32769,32848,25379,26026.53
20220423,토마토,25119,35810,31421,24000,26026.53
20220425,토마토,24605,,29155,23233,26026.53
20220426,토마토,20738,30774,,22460,26026.53
20220427,토마토,24444,32175,32408,21167,26026.53
20220428,토마토,22220,28800,28000,,26026.53
20220429,토마토,24463,28426,30780,19216,26026.53
20220430,토마토,22167,27682,27000,20750,26026.53
20220502,토마토,23962,,23495,21259,21835.83
20220503,토마토,24639,25798,,21952,21835.83
20220504,토마토,26188,23000,23211,22880,21835.83
20220505,토마토,26429,26882,20071,,21835.83
20220506,토마토,29973,25254,19435,20265,21835.83
20220507,토마토,29071,25699,17314,21652,21835.83
20220509,토마토,26773,,13962,20232,21835.83
20220510,토마토,28000,25014,,30000,21835.83
20220511,토마토,27923,23573,14828,19338,18971.09
20220512,토마토,26417,24979,13066,,18971.09
20220513,토마토,27282,23424,14970,17966,18971.09
20220514,토마토,25600,22839,15391,16939,18971.09
20220516,토마토,26149,,16292,20000,18971.09
20220517,토마토,23085,22466,,16232,18971.09
20220518,토마토,22360,21028,17074,15213,18971.09
20220519,토마토,20159,20876,17641,,18971.09
20220520,토마토,21010,20703,18414,16774,18971.09
20220521,토마토,18736,18691,19697,15667,18566.29
20220523,토마토,16970,,23679,15254,18566.29
20220524,토마토,16083,16752,,15867,18566.29
20220525,토마토,16283,16284,23281,20000,18566.29
20220526,토마토,16863,16431,23658,,18566.29
20220527,토마토,16647,18824,22793,15258,18566.29
20220528,토마토,15448,19289,23928,15381,18566.29
20220530,토마토,14457,,22252,16972,18566.29
20220531,토마토,14436,19042,,17000,18566.29
20220601,토마토,14892,19243,20297,16222,16181.32
20220602,토마토,14789,18375,20142,,16181.32
20220603,토마토,15935,18755,18822,16048,16181.32
20220604,토마토,16088,20260,17612,16305,16181.32
20220606,토마토,16034,,15429,16029,16181.32
20220607,토마토,15993,19340,,16077,16181.32
20220608,토마토,14662,18859,15596,15151,16181.32
20220609,토마토,15422,18600,14737,,16181.32
20220610,토마토,15060,19242,15448,14824,16181.32
20220611,토마토,15024,17764,15569,14851,15354.75
20220613,토마토,16763,,11699,15673,15354.75
20220614,토마토,16576,18335,,15873,15354.75
20220615,토마토,17000,19138,15211,15268,15354.75
20220616,토마토,16541,19053,12930,,15354.75
20220617,토마토,16283,19116,13131,15382,15354.75
20220618,토마토,16511,18327,14151,15219,15354.75
20220620,토마토,15394,,15370,14648,15354.75
20220621,토마토,14949,16574,,14071,15790.03
20220622,토마토,14606,16877,15558,13496,15790.03
20220623,토마토,13952,17265,16784,,15790.03
20220624,토마토,14262,16136,21892,12623,15790.03
20220625,토마토,12512,16354,23272,12380,15790.03
20220627,토마토,12377,,21691,14066,15790.03
20220628,토마토,10711,17455,,14237,15790.03
20220629,토마토,9024,18650,20616,12990,15790.03
20220630,토마토,9275,21081,19185,,15790.03
20220701,토마토,9113,26000,19179,13637,16890.32
20220702,토마토,8887,26427,20102,13741,16890.32
20220704,토마토,11731,,21303,14172,16890.32
20220705,토마토,16660,33939,,15553,16890.32
20220706,토마토,18258,31162,19422,15000,16890.32
20220707,토마토,18820,29187,20094,,16890.32
20220708,토마토,19174,27763,20400,14663,16890.32
20220709,토마토,18895,28297,19832,14311,16890.32
20220711,토마토,20079,,21500,16566,18992.74
20220712,토마토,22750,23062,,17289,18992.74
20220713,토마토,24971,20978,21626,17156,18992.74
20220714,토마토,24093,17901,24020,,18992.74
20220715,토마토,25973,15541,24369,16811,18992.74
20220716,토마토,26632,17513,27366,17987,18992.74
20220718,토마토,28463,,32370,20707,18992.74
20220719,토마토,31372,16527,,20338,18992.74
20220720,토마토,35409,18210,30555,17025,18992.74
20220721,토마토,44459,18770,31113,,20196.07
20220722,토마토,44800,19173,32472,17807,20196.07
20220723,토마토,39124,21597,32627,18336,20196.07
20220725,토마토,35920,,38146,16010,20196.07
20220726,토마토,30808,19800,,15845,20196.07
20220727,토마토,32218,17746,32460,15316,20196.07
20220728,토마토,33758,18630,31627,,20196.07
20220729,토마토,38093,20771,29915,15537,20196.07
20220730,토마토,34561,18273,30986,18194,20196.07
20220801,토마토,33737,,,15253,22503.45
20220802,토마토,31156,19484,,16567,22503.45
20220803,토마토,27734,19942,29304,,22503.45
20220804,토마토,31255,18024,24126,,22503.45
20220805,토마토,36333,17593,27818,16232,22503.45
20220806,토마토,36333,20190,28246,20000,22503.45
20220808,토마토,34368,,31540,23861,22503.45
20220809,토마토,29931,19061,,21890,22503.45
20220810,토마토,26720,21443,30488,19614,22503.45
20220811,토마토,24752,21245,30126,,27587.66
20220812,토마토,29516,25389,31155,20742,27587.66
20220813,토마토,25519,25939,29577,21158,27587.66
20220815,토마토,27247,,31278,24157,27587.66
20220816,토마토,29321,28406,,22051,27587.66
20220817,토마토,33576,35000,32792,21091,27587.66
20220818,토마토,46613,34765,33973,,27587.66
20220819,토마토,44486,31696,35145,20658,27587.66
20220820,토마토,37821,35686,39323,20693,27587.66
20220822,토마토,37983,,39805,20067,30948.12
20220823,토마토,37219,27882,,21905,30948.12
20220824,토마토,40558,30133,33731,21252,30948.12
20220825,토마토,37425,34925,34283,,30948.12
20220826,토마토,38044,33238,37529,21559,30948.12
20220827,토마토,37909,35026,43778,20336,30948.12
20220829,토마토,36457,,49163,23519,30948.12
20220830,토마토,34132,28557,,25329,30948.12
20220831,토마토,34606,27215,44274,24092,30948.12
20220901,토마토,39818,30059,42863,,39238.14
20220902,토마토,41594,34000,38938,22585,39238.14
20220903,토마토,44436,34033,37935,24364,39238.14
20220905,토마토,44423,,37431,35000,39238.14
20220906,토마토,35259,36037,,34000,39238.14
20220907,토마토,35783,40639,36589,31520,39238.14
20220908,토마토,32444,38771,39067,,39238.14
20220909,토마토,13237,35000,42247,30714,39238.14
20220913,토마토,29805,28734,,,39593.47
20220914,토마토,28966,29909,52453,,39593.47
20220915,토마토,31672,34625,58417,,39593.47
20220916,토마토,32815,35594,66130,16077,39593.47
20220917,토마토,41483,35704,73976,18746,39593.47
20220919,토마토,39488,,68315,20522,39593.47
20220920,토마토,41553,,,34247,39593.47
20220921,토마토,44451,,65816,27865,39588
20220922,토마토,50000,,65800,,39588
20220923,토마토,46873,,59186,32852,39588
20220924,토마토,36671,33189,60000,35367,39588
20220926,토마토,33880,,66293,46333,39588
20220927,토마토,40186,28890,,44083,39588
20220928,토마토,45364,32750,66086,44263,39588
20220929,토마토,51577,32566,60000,,39588
20220930,토마토,56386,28020,49297,36256,39588
20221001,토마토,56391,28321,,41000,35973.68
20221003,토마토,55267,,,39783,35973.68
20221004,토마토,56000,28545,,38493,35973.68
20221005,토마토,56000,26866,44034,36333,35973.68
20221006,토마토,59057,31222,50377,,35973.68
20221007,토마토,57271,30154,58518,33690,35973.68
20221008,토마토,45690,32125,55705,31845,35973.68
20221010,토마토,40964,,47255,30989,35973.68
20221011,토마토,33000,30531,,26320,33284.56
20221012,토마토,37314,31565,49338,25517,33284.56
20221013,토마토,44000,32429,46795,,33284.56
20221014,토마토,44000,31656,43517,26128,33284.56
20221015,토마토,40421,34864,47953,23833,33284.56
20221017,토마토,37027,,45712,24000,33284.56
20221018,토마토,36313,33023,,27734,33284.56
20221019,토마토,38000,27750,47024,26793,33284.56
20221020,토마토,38552,31516,50000,,33284.56
20221021,토마토,34286,32109,52458,27359,35314.45
20221022,토마토,32468,30125,52897,26000,35314.45
20221024,토마토,33955,,58000,29222,35314.45
20221025,토마토,35096,33963,,29765,35314.45
20221026,토마토,34682,30143,55542,28426,35314.45
20221027,토마토,35045,36900,54959,,35314.45
20221028,토마토,36176,46138,61156,29012,35314.45
20221029,토마토,33551,42000,50683,30644,35314.45
20221031,토마토,34257,,49308,30000,35314.45
20221101,토마토,30000,41129,,34930,33654.94
20221102,토마토,26630,37419,48000,38194,33654.94
20221103,토마토,30116,43000,41755,,33654.94
20221104,토마토,28282,35588,38529,38925,33654.94
20221105,토마토,26643,43000,38313,38150,33654.94
20221107,토마토,30984,,31268,43364,33654.94
20221108,토마토,25829,39392,,37500,33654.94
20221109,토마토,30182,35939,30882,38284,33654.94
20221110,토마토,30093,36435,28732,,33654.94
20221111,토마토,38708,37481,29512,37232,32949.6
20221112,토마토,29229,42000,28136,39500,32949.6
20221114,토마토,33529,,29714,36373,32949.6
20221115,토마토,26649,39947,,32636,32949.6
20221116,토마토,33950,42486,30147,35492,32949.6
20221117,토마토,23000,42000,29083,,32949.6
20221118,토마토,36755,38538,31056,32667,32949.6
20221119,토마토,23411,39704,29342,34610,32949.6
20221121,토마토,37833,,29091,32474,31476.52
20221122,토마토,32326,34100,,32500,31476.52
20221123,토마토,27353,40706,31574,26074,31476.52
20221124,토마토,26500,40000,28833,,31476.52
20221125,토마토,32861,38706,31935,32176,31476.52
20221126,토마토,23953,39459,29068,34604,31476.52
20221128,토마토,31586,,29892,29970,31476.52
20221129,토마토,19959,41125,,27333,31476.52
20221130,토마토,22000,37933,27683,29737,31476.52
20221201,토마토,29250,46000,31607,,32424.91
20221202,토마토,28833,37692,30590,29907,32424.91
20221203,토마토,25465,43444,30882,27788,32424.91
20221205,토마토,27667,,30647,31524,32424.91
20221206,토마토,25000,44059,,23250,32424.91
20221207,토마토,25970,44154,32538,26500,32424.91
20221208,토마토,27000,49500,32516,,32424.91
20221209,토마토,25000,45000,37750,28000,32424.91
20221210,토마토,27091,50526,38684,32583,32424.91
20221212,토마토,24000,,38783,43000,31499.84
20221213,토마토,23286,50000,,27000,31499.84
20221214,토마토,27000,46050,42000,27214,31499.84
20221215,토마토,28600,50273,36000,,31499.84
20221216,토마토,25000,39500,40000,38000,31499.84
20221217,토마토,29364,45308,25200,31083,31499.84
20221219,토마토,25261,,27000,34000,31499.84
20221220,토마토,30333,42556,,30375,31499.84
20221221,토마토,24556,38000,32579,33692,31151.3
20221222,토마토,25000,38522,33000,,31151.3
20221223,토마토,27657,44692,35000,22125,31151.3
20221224,토마토,27657,41273,27500,31500,31151.3
20221226,토마토,29964,,38227,30500,31151.3
20221227,토마토,29964,45000,,30500,31151.3
20221228,토마토,29680,42474,38278,31000,31151.3
20221229,토마토,29680,49000,41714,,31151.3
20221230,토마토,28000,45889,40933,20613,31151.3
20221231,토마토,28000,48000,51826,33000,31151.3
20230103,토마토,25341,54368,,20143,35028.93
20230104,토마토,29798,45889,43000,36348,35028.93
20230105,토마토,29798,52414,51000,,35028.93
20230106,토마토,31586,52414,55000,22500,35028.93
20230107,토마토,17000,56583,55000,22500,35028.93
20230109,토마토,29419,,42625,29720,35028.93
20230110,토마토,29419,53480,,43000,35028.93
20230111,토마토,31000,36000,46000,43000,35120.52
20230112,토마토,31000,53000,37800,,35120.52
20230113,토마토,32400,53000,36000,48000,35120.52
20230114,토마토,32400,57609,29000,20000,35120.52
20230116,토마토,32108,,26400,49368,35120.52
20230117,토마토,32108,50667,,41636,35120.52
20230118,토마토,34130,50667,34257,41636,35120.52
20230119,토마토,34130,52611,26857,,35120.52
20230120,토마토,36447,50273,36000,43000,35120.52
20230121,토마토,5500,51933,36000,43000,31612.1
20230125,토마토,34944,45788,35160,,31612.1
20230126,토마토,14000,53048,30000,,31612.1
20230127,토마토,36875,35000,32000,,31612.1
20230128,토마토,36875,59000,26571,17000,31612.1
20230130,토마토,37000,,26000,26000,31612.1
20230131,토마토,37000,,,27061,31612.1
20230201,토마토,38250,,33000,27061,28510.32
20230202,토마토,38250,,20000,,28510.32
20230203,토마토,41625,,28000,31000,28510.32
20230204,토마토,41625,37699,28000,20000,28510.32
20230206,토마토,45931,,14000,36000,28510.32
20230207,토마토,45931,38941,,34941,28510.32
20230208,토마토,53000,14000,30686,34941,28510.32
20230209,토마토,53000,41483,30686,,28510.32
20230210,토마토,51476,41483,34643,35700,28510.32
20230211,토마토,51476,44487,34643,35700,32472
20230213,토마토,46000,,,26000,32472
20230214,토마토,46000,43516,,51000,32472
20230215,토마토,45818,43516,29609,51000,32472
20230216,토마토,45818,46000,20000,,32472
20230217,토마토,47071,22000,33895,58000,32472
20230218,토마토,47071,43857,33895,26000,32472
20230220,토마토,48000,,21000,20000,32472
20230221,토마토,48000,43000,,41917,31713.79
20230222,토마토,49455,43000,33786,21429,31713.79
20230223,토마토,49455,42680,18000,,31713.79
20230224,토마토,51867,18000,36189,39441,31713.79
20230225,토마토,51867,41455,36189,39441,31713.79
20230227,토마토,48550,,35000,39800,31713.79
20230228,토마토,48550,42976,,42818,31713.79
20230301,토마토,47813,42976,30659,,34042.85
20230302,토마토,48550,39500,30659,46455,34042.85
20230303,토마토,49541,39500,31512,46455,34042.85
20230304,토마토,49541,43069,31512,47722,34042.85
20230306,토마토,48750,,21000,53273,34042.85
20230307,토마토,48750,41379,,53273,34042.85
20230308,토마토,49727,41379,36000,,34042.85
20230309,토마토,49727,40435,36000,58069,34042.85
20230310,토마토,52375,41379,45875,58069,34042.85
20230311,토마토,52375,40955,45875,52619,40023.39
20230313,토마토,52625,,55000,55450,40023.39
20230314,토마토,52625,42000,,55450,40023.39
20230315,토마토,54313,28000,64389,,40023.39
20230316,토마토,54313,41774,64389,60000,40023.39
20230317,토마토,57971,28400,65433,60000,40023.39
20230318,토마토,57971,39963,35000,47205,40023.39
20230320,토마토,54451,,53636,46217,40023.39
20230321,토마토,54451,40077,,46217,36475.95
20230322,토마토,49900,29000,38857,,36475.95
20230323,토마토,49900,41900,38857,40313,36475.95
20230324,토마토,43000,41900,41750,40313,36475.95
20230325,토마토,43000,46333,41750,44118,36475.95
20230327,토마토,46139,,29467,45435,36475.95
20230328,토마토,46139,43556,,45435,36475.95
20230329,토마토,45063,43556,35571,,36475.95
20230330,토마토,45063,44556,35571,48300,36475.95
20230331,토마토,43120,44556,37421,48300,36475.95
20230401,토마토,43120,44879,37421,41855,32283.24
20230403,토마토,38286,,28000,46935,32283.24
20230404,토마토,38286,44786,,29474,32283.24
20230405,토마토,39242,44786,38724,,32283.24
20230406,토마토,39242,39783,38724,48000,32283.24
20230407,토마토,38212,35714,40800,28000,32283.24
20230408,토마토,38212,36973,40800,41854,32283.24
20230410,토마토,38483,,28182,43348,32283.24
20230411,토마토,38483,33758,,29000,30206.86
20230412,토마토,38667,33758,33106,,30206.86
20230413,토마토,32125,31444,33106,40806,30206.86
20230414,토마토,42586,26000,32605,40806,30206.86
20230415,토마토,33938,29040,30200,40024,30206.86
20230417,토마토,39818,,35722,38593,30206.86
20230418,토마토,31231,27709,,33000,30206.86
20230419,토마토,38304,21000,35636,,30206.86
20230420,토마토,38304,25708,32273,35000,30206.86
20230421,토마토,35545,22667,37382,33000,27417.15
20230422,토마토,26333,25458,32769,32848,27417.15
20230424,토마토,26063,,29632,31172,27417.15
20230425,토마토,26063,24605,,29155,27417.15
20230426,토마토,26229,20738,30774,,27417.15
20230427,토마토,22267,24444,32175,32408,27417.15
20230428,토마토,27972,22220,28800,28000,27417.15
20230429,토마토,26400,24463,28426,30780,27417.15
20230501,토마토,32656,,26378,27808,23404.51
20230502,토마토,27333,23962,,23495,23404.51
20230503,토마토,35000,24639,25798,,23404.51
20230504,토마토,32405,26188,23000,23211,23404.51
20230505,토마토,32000,26429,26882,20071,23404.51
20230506,토마토,29500,29973,25254,19435,23404.51
20230508,토마토,28343,,25115,16085,23404.51
20230509,토마토,28516,26773,,13962,23404.51
20230510,토마토,26069,28000,25014,,23404.51
20230511,토마토,25857,27923,23573,14828,19637.81
20230512,토마토,26113,26417,24979,13066,19637.81
20230513,토마토,23878,27282,23424,14970,19637.81
20230515,토마토,24823,,22928,15642,19637.81
20230516,토마토,24238,26149,,16292,19637.81
20230517,토마토,24835,23085,22466,,19637.81
20230518,토마토,25204,22360,21028,17074,19637.81
20230519,토마토,25377,20159,20876,17641,19637.81
20230520,토마토,26375,21010,20703,18414,19637.81
20230522,토마토,24342,,17441,22747,18168.88
20230523,토마토,24587,16970,,23679,18168.88
20230524,토마토,23423,16083,16752,,18168.88
20230525,토마토,24387,16283,16284,23281,18168.88
20230526,토마토,25209,16863,16431,23658,18168.88
20230527,토마토,22443,16647,18824,22793,18168.88
20230529,토마토,21612,,21639,22803,18168.88
20230530,토마토,22447,14457,,22252,18168.88
20230531,토마토,22594,14436,19042,,18168.88
20230601,토마토,22468,14892,19243,20297,16380.87
20230602,토마토,23929,14789,18375,20142,16380.87
20230603,토마토,23792,15935,18755,18822,16380.87
20230605,토마토,24790,,19382,16399,16380.87
20230606,토마토,23581,16034,,15429,16380.87
20230607,토마토,23817,15993,19340,,16380.87
20230608,토마토,23609,14662,18859,15596,16380.87
20230609,토마토,23667,15422,18600,14737,16380.87
20230610,토마토,22380,15060,19242,15448,16380.87
20230612,토마토,23070,,18384,13426,15438.29
20230613,토마토,23143,16763,,11699,15438.29
20230614,토마토,23627,16576,18335,,15438.29
20230615,토마토,24612,17000,19138,15211,15438.29
20230616,토마토,26663,16541,19053,12930,15438.29
20230617,토마토,25141,16283,19116,13131,15438.29
20230619,토마토,26302,,16875,15449,15438.29
20230620,토마토,24023,15394,,15370,15438.29
20230621,토마토,26740,14949,16574,,15351.79
20230622,토마토,25000,14606,16877,15558,15351.79
20230623,토마토,23561,13952,17265,16784,15351.79
20230624,토마토,21394,14262,16136,21892,15351.79
20230626,토마토,21000,,16617,21953,15351.79
20230627,토마토,23321,12377,,21691,15351.79
20230628,토마토,23631,10711,17455,,15351.79
20230629,토마토,22519,9024,18650,20616,15351.79
20230630,토마토,20537,9275,21081,19185,15351.79
20230701,토마토,21000,9113,26000,19179,17882.78
20230703,토마토,19635,,31827,19809,17882.78
20230704,토마토,22036,11731,,21303,17882.78
20230705,토마토,22733,16660,33939,,17882.78
20230706,토마토,22962,18258,31162,19422,17882.78
20230707,토마토,25202,18820,29187,20094,17882.78
20230708,토마토,24938,19174,27763,20400,17882.78
20230710,토마토,24667,,27051,21609,17882.78
20230711,토마토,25212,20079,,21500,21817.3
20230712,토마토,24805,22750,23062,,21817.3
20230713,토마토,24213,24971,20978,21626,21817.3
20230714,토마토,23302,24093,17901,24020,21817.3
20230715,토마토,23458,25973,15541,24369,21817.3
20230717,토마토,23942,,18095,30333,21817.3
20230718,토마토,24247,28463,,32370,21817.3
20230719,토마토,24337,31372,16527,,21817.3
20230720,토마토,25492,35409,18210,30555,21817.3
20230721,토마토,29471,44459,18770,31113,23183.08
20230722,토마토,37778,44800,19173,32472,23183.08
20230724,토마토,35750,,20586,34757,23183.08
20230725,토마토,33964,35920,,38146,23183.08
20230726,토마토,28894,30808,19800,,23183.08
20230727,토마토,29123,32218,17746,32460,23183.08
20230728,토마토,30328,33758,18630,31627,23183.08
20230729,토마토,37132,38093,20771,29915,23183.08
20230731,토마토,34867,,16407,36750,23183.08
20230801,토마토,38070,33737,,,22609.37
20230802,토마토,42814,31156,19484,,22609.37
20230803,토마토,42622,27734,19942,29304,22609.37
20230804,토마토,45235,31255,18024,24126,22609.37
20230807,토마토,41528,,,31656,22609.37
20230808,토마토,40820,34368,,31540,22609.37
20230809,토마토,38517,29931,19061,,22609.37
20230810,토마토,34961,26720,21443,30488,22609.37
20230811,토마토,35818,24752,21245,30126,27298.76
20230812,토마토,34409,29516,25389,31155,27298.76
20230814,토마토,34853,,29424,30805,27298.76
20230815,토마토,38296,27247,,31278,27298.76
20230816,토마토,47105,29321,28406,,27298.76
20230817,토마토,50963,33576,35000,32792,27298.76
20230818,토마토,56471,46613,34765,33973,27298.76
20230819,토마토,55932,44486,31696,35145,27298.76
20230821,토마토,55547,,30127,43939,30986.82
20230822,토마토,57353,37983,,39805,30986.82
20230823,토마토,56147,37219,27882,,30986.82
20230824,토마토,56326,40558,30133,33731,30986.82
20230825,토마토,50906,37425,34925,34283,30986.82
20230826,토마토,47184,38044,33238,37529,30986.82
20230828,토마토,44179,,29142,56200,30986.82
20230829,토마토,43974,36457,,49163,30986.82
20230830,토마토,46432,34132,28557,,30986.82
20230831,토마토,54375,34606,27215,44274,30986.82
20230901,토마토,59735,39818,30059,42863,37569.54
20230902,토마토,65061,41594,34000,38938,37569.54
20230904,토마토,64825,,32973,36961,37569.54
20230905,토마토,68385,44423,,37431,37569.54
20230906,토마토,73638,35259,36037,,37569.54
20230907,토마토,62231,35783,40639,36589,37569.54
20230908,토마토,69872,32444,38771,39067,37569.54
20230909,토마토,70529,13237,35000,42247,37569.54
20230911,토마토,68961,,33294,46538,38975.66
20230912,토마토,57894,,,48250,38975.66
20230913,토마토,52449,29805,28734,,38975.66
20230914,토마토,55452,28966,29909,52453,38975.66
20230915,토마토,58237,31672,34625,58417,38975.66
20230916,토마토,54061,32815,35594,66130,38975.66
20230918,토마토,63122,,42967,72408,38975.66
20230919,토마토,65238,39488,,68315,38975.66
20230920,토마토,71514,41553,,,38975.66
20230921,토마토,77444,44451,,65816,43218.24
20230922,토마토,78939,50000,,65800,43218.24
20230923,토마토,59070,46873,,59186,43218.24
20230925,토마토,57014,,28625,61447,43218.24
20230926,토마토,54404,33880,,66293,43218.24
20230927,토마토,51447,40186,28890,,43218.24
20230928,토마토,25646,45364,32750,66086,43218.24
20231002,토마토,37311,,28492,,41743.03
20231003,토마토,41108,55267,,,41743.03
20231004,토마토,35695,56000,28545,,41743.03
20231005,토마토,36550,56000,26866,44034,41743.03
20231006,토마토,42390,59057,31222,50377,41743.03
20231007,토마토,48815,57271,30154,58518,41743.03
20231009,토마토,58879,,30902,54571,41743.03
20231010,토마토,68000,40964,,47255,41743.03
20231011,토마토,69643,33000,30531,,36230.41
20231012,토마토,84923,37314,31565,49338,36230.41
20231013,토마토,92241,44000,32429,46795,36230.41
20231014,토마토,91000,44000,31656,43517,36230.41
20231016,토마토,87407,,32663,46500,36230.41
20231017,토마토,80406,37027,,45712,36230.41
20231018,토마토,89789,36313,33023,,36230.41
20231019,토마토,75000,38000,27750,47024,36230.41
20231020,토마토,71769,38552,31516,50000,36230.41
20231021,토마토,64303,34286,32109,52458,38111.87
20231023,토마토,60188,,34261,51979,38111.87
20231024,토마토,55692,33955,,58000,38111.87
20231025,토마토,60093,35096,33963,,38111.87
20231026,토마토,44172,34682,30143,55542,38111.87
20231027,토마토,63308,35045,36900,54959,38111.87
20231028,토마토,57712,36176,46138,61156,38111.87
20231030,토마토,56302,,43102,58810,38111.87
20231031,토마토,47722,34257,,49308,38111.87
20231101,토마토,40405,30000,41129,,34794.67
20231102,토마토,47163,26630,37419,48000,34794.67
20231103,토마토,53750,30116,43000,41755,34794.67
20231106,토마토,53129,,40938,33500,34794.67
20231107,토마토,46103,30984,,31268,34794.67
20231108,토마토,54630,25829,39392,,34794.67
20231109,토마토,44650,30182,35939,30882,34794.67
20231110,토마토,48844,30093,36435,28732,34794.67
20231111,토마토,38808,38708,37481,29512,33415.12
20231113,토마토,44000,,41400,30134,33415.12
20231114,토마토,36522,33529,,29714,33415.12
20231115,토마토,40591,26649,39947,,33415.12
20231116,토마토,46800,33950,42486,30147,33415.12
20231117,토마토,48000,23000,42000,29083,33415.12
20231118,토마토,50500,36755,38538,31056,33415.12
20231120,토마토,51778,,40706,35680,33415.12
20231121,토마토,63273,37833,,29091,31294.71
20231122,토마토,60000,32326,34100,,31294.71
20231123,토마토,68000,27353,40706,31574,31294.71
20231124,토마토,65000,26500,40000,28833,31294.71
20231125,토마토,53548,32861,38706,31935,31294.71
20231127,토마토,45000,,33933,27740,31294.71
20231128,토마토,48000,31586,,29892,31294.71
20231129,토마토,38000,19959,41125,,31294.71
20231130,토마토,43500,22000,37933,27683,31294.71
20231201,토마토,51000,29250,46000,31607,33062.81
20231202,토마토,51000,28833,37692,30590,33062.81
20231204,토마토,48750,,48824,31189,33062.81
20231205,토마토,50294,27667,,30647,33062.81
20231206,토마토,50294,25000,44059,,33062.81
20231207,토마토,54071,25970,44154,32538,33062.81
20231208,토마토,70000,27000,49500,32516,33062.81
20231209,토마토,52000,25000,45000,37750,33062.81
20231211,토마토,63611,,45529,43103,33010.07
20231212,토마토,64211,24000,,38783,33010.07
20231213,토마토,55727,23286,50000,,33010.07
20231214,토마토,55000,27000,46050,42000,33010.07
20231215,토마토,63250,28600,50273,36000,33010.07
20231216,토마토,46591,25000,39500,40000,33010.07
20231218,토마토,61000,,45471,36483,33010.07
20231219,토마토,54333,25261,,27000,33010.07
20231220,토마토,58000,30333,42556,,33010.07
20231221,토마토,46333,24556,38000,32579,32540.91
20231222,토마토,60000,25000,38522,33000,32540.91
20231223,토마토,60000,27657,44692,35000,32540.91
20231225,토마토,61000,,44000,38227,32540.91
20231226,토마토,51000,29964,,38227,32540.91
20231227,토마토,63500,29964,45000,,32540.91
20231228,토마토,63500,29680,42474,38278,32540.91
20231229,토마토,64538,29680,49000,41714,32540.91
20231230,토마토,59000,28000,45889,40933,32540.91
20240103,토마토,54129,25341,54368,,36444.32
20240104,토마토,54129,29798,45889,43000,36444.32
20240105,토마토,56269,29798,52414,51000,36444.32
20240106,토마토,56269,31586,52414,55000,36444.32
20240108,토마토,53083,,45000,51500,36444.32
20240109,토마토,53083,29419,,42625,36444.32
20240110,토마토,56000,29419,53480,,36444.32
20240111,토마토,56000,31000,36000,46000,37544.17
20240112,토마토,56389,31000,53000,37800,37544.17
20240113,토마토,56389,32400,53000,36000,37544.17
20240115,토마토,57435,,57609,32000,37544.17
20240116,토마토,57435,32108,,26400,37544.17
20240117,토마토,60136,32108,50667,,37544.17
20240118,토마토,60136,34130,50667,34257,37544.17
20240119,토마토,62000,34130,52611,26857,37544.17
20240120,토마토,62000,36447,50273,36000,37544.17
20240122,토마토,59385,,51933,41727,33681.87
20240123,토마토,59385,,,28000,33681.87
20240124,토마토,62286,,45788,,33681.87
20240125,토마토,62286,34944,45788,35160,33681.87
20240126,토마토,58964,14000,53048,30000,33681.87
20240127,토마토,46000,36875,35000,32000,33681.87
20240129,토마토,59774,,42846,33714,33681.87
20240130,토마토,59774,37000,,26000,33681.87
20240131,토마토,58769,37000,,,33681.87
20240201,토마토,58769,38250,,33000,35055.76
20240202,토마토,61000,38250,,20000,35055.76
20240203,토마토,61000,41625,,28000,35055.76
20240205,토마토,61912,,37699,29500,35055.76
20240206,토마토,61912,45931,,14000,35055.76
20240207,토마토,62821,45931,38941,,35055.76
20240208,토마토,52833,53000,14000,30686,35055.76
20240209,토마토,52833,53000,41483,30686,35055.76
20240214,토마토,48979,46000,43516,,38364.1
20240215,토마토,48979,45818,43516,29609,38364.1
20240216,토마토,52000,45818,46000,20000,38364.1
20240217,토마토,52000,47071,22000,33895,38364.1
20240219,토마토,52182,,24600,31829,38364.1
20240220,토마토,52182,48000,,21000,38364.1
20240221,토마토,54429,48000,43000,,38525.75
20240222,토마토,54429,49455,43000,33786,38525.75
20240223,토마토,58000,49455,42680,18000,38525.75
20240224,토마토,58000,51867,18000,36189,38525.75
20240226,토마토,65400,,41455,35000,38525.75
20240227,토마토,65400,48550,,35000,38525.75
20240228,토마토,75167,48550,42976,,38525.75
20240229,토마토,45000,,,,38525.75
20240301,토마토,77600,47813,42976,30659,40938.32
20240302,토마토,77600,48550,39500,30659,40938.32
20240304,토마토,75000,49541,43069,31512,40938.32
20240305,토마토,75000,,43069,34000,40938.32
20240306,토마토,76606,48750,,21000,40938.32
20240307,토마토,76606,48750,41379,,40938.32
20240308,토마토,67806,49727,41379,36000,40938.32
20240309,토마토,67806,49727,40435,36000,40938.32
20240311,토마토,66750,52375,40955,45875,47682.61
20240312,토마토,66750,,40955,55000,47682.61
20240313,토마토,66875,52625,,55000,47682.61
20240314,토마토,66875,52625,42000,,47682.61
20240315,토마토,70767,54313,28000,64389,47682.61
20240316,토마토,50000,54313,41774,64389,47682.61
20240318,토마토,63033,57971,39963,35000,47682.61
20240319,토마토,63033,,39963,53636,47682.61
20240320,토마토,65295,54451,,53636,47682.61
20240321,토마토,65295,54451,40077,,41748.43
20240322,토마토,66756,49900,29000,38857,41748.43
20240323,토마토,42400,49900,41900,38857,41748.43
20240325,토마토,66857,43000,46333,41750,41748.43
20240326,토마토,66857,,46333,43385,41748.43
20240327,토마토,68500,46139,,29467,41748.43
20240328,토마토,48000,46139,43556,,41748.43
20240329,토마토,69906,45063,43556,35571,41748.43
20240330,토마토,46000,45063,44556,35571,41748.43
20240401,토마토,71281,43120,44879,37421,36900.48
20240402,토마토,47000,,38000,38500,36900.48
20240403,토마토,72453,38286,,28000,36900.48
20240404,토마토,50000,38286,44786,,36900.48
20240405,토마토,70000,39242,44786,38724,36900.48
20240406,토마토,48000,39242,39783,38724,36900.48
20240408,토마토,72370,38212,36973,40800,36900.48
20240410,토마토,70090,38483,,28182,36900.48
20240411,토마토,50000,38483,33758,,32621.38
20240412,토마토,66566,38667,33758,33106,32621.38
20240413,토마토,48000,32125,31444,33106,32621.38
20240415,토마토,61631,33938,29040,30200,32621.38
20240416,토마토,45000,,32000,36303,32621.38
20240417,토마토,61878,39818,,35722,32621.38
20240418,토마토,42000,31231,27709,,32621.38
20240419,토마토,56600,38304,21000,35636,32621.38
20240420,토마토,37571,38304,25708,32273,32621.38
20240422,토마토,50736,26333,25458,32769,27031.37
20240423,토마토,39000,,25119,35810,27031.37
20240424,토마토,42186,26063,,29632,27031.37
20240425,토마토,40000,26063,24605,,27031.37
20240426,토마토,42368,26229,20738,30774,27031.37
20240427,토마토,38577,22267,24444,32175,27031.37
20240429,토마토,39060,26400,24463,28426,27031.37
20240430,토마토,38000,,22167,27682,27031.37
20240501,토마토,39667,32656,,26378,24816.1
20240502,토마토,40000,27333,23962,,24816.1
20240503,토마토,44871,35000,24639,25798,24816.1
20240504,토마토,37795,32405,26188,23000,24816.1
20240506,토마토,40985,29500,29973,25254,24816.1
20240507,토마토,45676,,29071,25699,24816.1
20240508,토마토,43615,28343,,25115,24816.1
20240509,토마토,42000,28516,26773,,24816.1
20240510,토마토,43481,26069,28000,25014,24816.1
20240511,토마토,35178,25857,27923,23573,20824.92
20240513,토마토,38933,23878,27282,23424,20824.92
20240514,토마토,43364,,25600,22839,20824.92
20240515,토마토,45178,24823,,22928,20824.92
20240516,토마토,39886,24238,26149,,20824.92
20240517,토마토,41729,24835,23085,22466,20824.92
20240518,토마토,39863,25204,22360,21028,20824.92
20240520,토마토,39116,26375,21010,20703,20824.92
20240521,토마토,37708,,18736,18691,19339.8
20240522,토마토,38419,24342,,17441,19339.8
20240523,토마토,37262,24587,16970,,19339.8
20240524,토마토,35750,23423,16083,16752,19339.8
20240525,토마토,34071,24387,16283,16284,19339.8
20240527,토마토,31901,22443,16647,18824,19339.8
20240528,토마토,27179,,15448,19289,19339.8
20240529,토마토,29182,21612,,21639,19339.8
20240530,토마토,25236,22447,14457,,19339.8
20240531,토마토,22000,22594,14436,19042,19339.8
20240601,토마토,21451,22468,14892,19243,18110.14
20240603,토마토,24176,23792,15935,18755,18110.14
20240604,토마토,23137,,16088,20260,18110.14
20240605,토마토,22934,24790,,19382,18110.14
20240606,토마토,26000,23581,16034,,18110.14
20240607,토마토,26286,23817,15993,19340,18110.14
20240608,토마토,25369,23609,14662,18859,18110.14
20240610,토마토,24139,22380,15060,19242,18110.14
20240611,토마토,23120,,15024,17764,17348.17
20240612,토마토,23703,23070,,18384,17348.17
20240613,토마토,24645,23143,16763,,17348.17
20240614,토마토,24506,23627,16576,18335,17348.17
20240615,토마토,23347,24612,17000,19138,17348.17
20240617,토마토,22553,25141,16283,19116,17348.17
20240618,토마토,21202,,16511,18327,17348.17
20240619,토마토,20914,26302,,16875,17348.17
20240620,토마토,21093,24023,15394,,17348.17
20240621,토마토,23240,26740,14949,16574,16918.67
20240622,토마토,25603,25000,14606,16877,16918.67
20240624,토마토,22459,21394,14262,16136,16918.67
20240625,토마토,18818,,12512,16354,16918.67
20240626,토마토,18000,21000,,16617,16918.67
20240627,토마토,16675,23321,12377,,16918.67
20240628,토마토,16873,23631,10711,17455,16918.67
20240629,토마토,18000,22519,9024,18650,16918.67
20240701,토마토,17377,21000,9113,26000,20301.16
20240702,토마토,22042,,8887,26427,20301.16
20240703,토마토,22370,19635,,31827,20301.16
20240704,토마토,21700,22036,11731,,20301.16
20240705,토마토,20690,22733,16660,33939,20301.16
20240706,토마토,24163,22962,18258,31162,20301.16
20240708,토마토,20888,24938,19174,27763,20301.16
20240709,토마토,20602,,18895,28297,20301.16
20240710,토마토,20274,24667,,27051,20301.16
20240711,토마토,21452,25212,20079,,22447.33
20240712,토마토,23382,24805,22750,23062,22447.33
20240713,토마토,23841,24213,24971,20978,22447.33
20240715,토마토,24942,23458,25973,15541,22447.33
20240716,토마토,23623,,26632,17513,22447.33
20240717,토마토,22000,23942,,18095,22447.33
20240718,토마토,19796,24247,28463,,22447.33
20240719,토마토,21143,24337,31372,16527,22447.33
20240720,토마토,20024,25492,35409,18210,22447.33
20240722,토마토,19826,37778,44800,19173,27052.94
20240723,토마토,22377,,39124,21597,27052.94
20240724,토마토,23000,35750,,20586,27052.94
20240725,토마토,26671,33964,35920,,27052.94
20240726,토마토,30784,28894,30808,19800,27052.94
20240727,토마토,32260,29123,32218,17746,27052.94
20240729,토마토,32937,37132,38093,20771,27052.94
20240730,토마토,31788,,34561,18273,27052.94
20240731,토마토,30923,34867,,16407,27052.94
20240801,토마토,33696,38070,33737,,27788.68
20240802,토마토,41622,42814,31156,19484,27788.68
20240805,토마토,33968,,36333,17593,27788.68
20240806,토마토,42833,,36333,20190,27788.68
20240807,토마토,43683,41528,,,27788.68
20240808,토마토,43909,40820,34368,,27788.68
20240809,토마토,42829,38517,29931,19061,27788.68
20240810,토마토,36184,34961,26720,21443,27788.68
20240812,토마토,41780,34409,29516,25389,31567.89
20240813,토마토,42000,,25519,25939,31567.89
20240814,토마토,47952,34853,,29424,31567.89
20240815,토마토,43974,38296,27247,,31567.89
20240816,토마토,45453,47105,29321,28406,31567.89
20240817,토마토,35639,50963,33576,35000,31567.89
20240819,토마토,33991,55932,44486,31696,31567.89
20240820,토마토,35227,,37821,35686,31567.89
20240821,토마토,36322,55547,,30127,36367.74
20240822,토마토,33800,57353,37983,,36367.74
20240823,토마토,34776,56147,37219,27882,36367.74
20240824,토마토,36255,56326,40558,30133,36367.74
20240826,토마토,31923,47184,38044,33238,36367.74
20240827,토마토,33594,,37909,35026,36367.74
20240828,토마토,36548,44179,,29142,36367.74
20240829,토마토,42379,43974,36457,,36367.74
20240830,토마토,49880,46432,34132,28557,36367.74
20240831,토마토,49161,54375,34606,27215,36367.74
20240902,토마토,47608,65061,41594,34000,41408.07
20240903,토마토,49524,,44436,34033,41408.07
20240904,토마토,50350,64825,,32973,41408.07
20240905,토마토,58000,68385,44423,,41408.07
20240906,토마토,63452,73638,35259,36037,41408.07
20240907,토마토,65645,62231,35783,40639,41408.07
20240909,토마토,68765,70529,13237,35000,41408.07
20240910,토마토,68968,,,34132,41408.07
20240911,토마토,68500,68961,,33294,42062.46
20240912,토마토,75286,57894,,,42062.46
20240913,토마토,74676,52449,29805,28734,42062.46
20240914,토마토,71109,55452,28966,29909,42062.46
20240916,토마토,24309,54061,32815,35594,42062.46
20240920,토마토,32697,71514,41553,,42062.46
20240921,토마토,50827,77444,44451,,45679.92
20240923,토마토,53068,59070,46873,,45679.92
20240924,토마토,69424,,36671,33189,45679.92
20240925,토마토,75588,57014,,28625,45679.92
20240926,토마토,70692,54404,33880,,45679.92
20240927,토마토,69083,51447,40186,28890,45679.92
20240928,토마토,64806,25646,45364,32750,45679.92
20240930,토마토,69875,,56386,28020,45679.92
20241001,토마토,69524,,56391,28321,41314.62
20241002,토마토,78222,37311,,28492,41314.62
20241003,토마토,91833,41108,55267,,41314.62
20241004,토마토,93565,35695,56000,28545,41314.62
20241005,토마토,91957,36550,56000,26866,41314.62
20241007,토마토,90353,48815,57271,30154,41314.62
20241008,토마토,89556,,45690,32125,41314.62
20241009,토마토,97217,58879,,30902,41314.62
20241010,토마토,97850,68000,40964,,41314.62
20241011,토마토,99587,69643,33000,30531,43096.16
20241012,토마토,96500,84923,37314,31565,43096.16
20241014,토마토,97726,91000,44000,31656,43096.16
20241015,토마토,73978,,40421,34864,43096.16
20241016,토마토,69880,87407,,32663,43096.16
20241017,토마토,79429,80406,37027,,43096.16
20241018,토마토,67226,89789,36313,33023,43096.16
20241019,토마토,65595,75000,38000,27750,43096.16
20241021,토마토,74622,64303,34286,32109,41594.67
20241022,토마토,53769,,32468,30125,41594.67
20241023,토마토,55465,60188,,34261,41594.67
20241024,토마토,62571,55692,33955,,41594.67
20241025,토마토,72593,60093,35096,33963,41594.67
20241026,토마토,63524,44172,34682,30143,41594.67
20241028,토마토,56931,57712,36176,46138,41594.67
20241029,토마토,47111,,33551,42000,41594.67
20241030,토마토,52174,56302,,43102,41594.67
20241031,토마토,58966,47722,34257,,41594.67
20241101,토마토,65000,40405,30000,41129,38484.93
20241102,토마토,62563,47163,26630,37419,38484.93
20241104,토마토,69196,,28282,35588,38484.93
20241105,토마토,66552,,26643,43000,38484.93
20241106,토마토,63824,53129,,40938,38484.93
20241107,토마토,53000,46103,30984,,38484.93
20241108,토마토,71824,54630,25829,39392,38484.93
20241109,토마토,68179,44650,30182,35939,38484.93
20241111,토마토,64000,38808,38708,37481,35835.56
20241112,토마토,82545,,29229,42000,35835.56
20241113,토마토,67788,44000,,41400,35835.56
20241114,토마토,78000,36522,33529,,35835.56
20241115,토마토,79556,40591,26649,39947,35835.56
20241116,토마토,77903,46800,33950,42486,35835.56
20241118,토마토,77774,50500,36755,38538,35835.56
20241119,토마토,74967,,23411,39704,35835.56
20241120,토마토,72000,51778,,40706,35835.56
20241121,토마토,77200,63273,37833,,35365.85
20241122,토마토,69696,60000,32326,34100,35365.85
20241123,토마토,65105,68000,27353,40706,35365.85
20241125,토마토,63733,53548,32861,38706,35365.85
20241126,토마토,67759,,23953,39459,35365.85
20241127,토마토,64706,45000,,33933,35365.85
20241128,토마토,68333,48000,31586,,35365.85
20241129,토마토,69353,38000,19959,41125,35365.85
20241130,토마토,57227,43500,22000,37933,35365.85
20241202,토마토,63476,51000,28833,37692,37236.22
20241203,토마토,54897,,25465,43444,37236.22
20241204,토마토,64500,48750,,48824,37236.22
20241205,토마토,46500,50294,27667,,37236.22
20241206,토마토,48833,50294,25000,44059,37236.22
20241207,토마토,43500,54071,25970,44154,37236.22
20241209,토마토,46447,52000,25000,45000,37236.22
20241210,토마토,34944,,27091,50526,37236.22
20241211,토마토,44957,63611,,45529,39393.93
20241212,토마토,38571,64211,24000,,39393.93
20241213,토마토,44000,55727,23286,50000,39393.93
20241214,토마토,30286,55000,27000,46050,39393.93
20241216,토마토,48333,46591,25000,39500,39393.93
20241217,토마토,45000,,29364,45308,39393.93
20241218,토마토,49600,61000,,45471,39393.93
20241219,토마토,45000,54333,25261,,39393.93
20241220,토마토,48000,58000,30333,42556,39393.93
20241221,토마토,28545,46333,24556,38000,39261.47
20241223,토마토,46333,60000,27657,44692,39261.47
20241224,토마토,30000,,27657,41273,39261.47
20241225,토마토,50333,61000,,44000,39261.47
20241226,토마토,46000,51000,29964,,39261.47
20241227,토마토,52697,63500,29964,45000,39261.47
20241228,토마토,42429,63500,29680,42474,39261.47
20241230,토마토,36612,59000,28000,45889,39261.47
20241231,토마토,36612,,28000,48000,39261.47
20250102,토마토,36612,,,,42703.13
20250103,토마토,43220,54129,25341,54368,42703.13
20250104,토마토,37455,54129,29798,45889,42703.13
20250106,토마토,42600,56269,31586,52414,42703.13
20250107,토마토,42600,,17000,56583,42703.13
20250108,토마토,45000,53083,,45000,42703.13
20250109,토마토,45000,53083,29419,,42703.13
20250110,토마토,45923,56000,29419,53480,42703.13
20250111,토마토,45923,56000,31000,36000,43256.91
20250113,토마토,42750,56389,32400,53000,43256.91
20250114,토마토,42750,,32400,57609,43256.91
20250115,토마토,42182,57435,,57609,43256.91
20250116,토마토,42182,57435,32108,,43256.91
20250117,토마토,42447,60136,32108,50667,43256.91
20250118,토마토,31667,60136,34130,50667,43256.91
20250120,토마토,39569,62000,36447,50273,43256.91
20250121,토마토,39569,,5500,51933,39658.9
20250122,토마토,34286,59385,,51933,39658.9
20250123,토마토,34286,59385,,,39658.9
20250124,토마토,32233,62286,,45788,39658.9
20250125,토마토,21750,62286,34944,45788,39658.9
20250127,토마토,33532,46000,36875,35000,39658.9
20250128,토마토,20182,,36875,59000,39658.9
20250201,토마토,31935,58769,38250,,39664.5
20250203,토마토,29571,61000,41625,,39664.5
20250204,토마토,29571,,41625,37699,39664.5
20250205,토마토,41136,61912,,37699,39664.5
20250206,토마토,22000,61912,45931,,39664.5
20250207,토마토,43526,62821,45931,38941,39664.5
20250208,토마토,43526,52833,53000,14000,39664.5
20250210,토마토,42442,,51476,41483,39664.5
20250211,토마토,42442,,51476,44487,39627.28
20250213,토마토,42442,,46000,,39627.28
20250214,토마토,46809,48979,46000,43516,39627.28
20250215,토마토,46809,48979,45818,43516,39627.28
20250217,토마토,54395,52000,47071,22000,39627.28
20250218,토마토,54395,,47071,43857,39627.28
20250219,토마토,50167,52182,,24600,39627.28
20250220,토마토,50167,52182,48000,,39627.28
20250221,토마토,50250,54429,48000,43000,43619.06
20250222,토마토,50250,54429,49455,43000,43619.06
20250224,토마토,43000,58000,51867,18000,43619.06
20250225,토마토,43000,,51867,41455,43619.06
20250226,토마토,40000,65400,,41455,43619.06
20250227,토마토,40000,65400,48550,,43619.06
20250228,토마토,39600,75167,48550,42976,43619.06
20250301,토마토,39600,77600,47813,42976,48692.97
20250303,토마토,36452,,49541,39500,48692.97
20250304,토마토,36000,75000,49541,43069,48692.97
20250306,토마토,35286,76606,48750,,48692.97
20250307,토마토,42641,76606,48750,41379,48692.97
20250308,토마토,40000,67806,49727,41379,48692.97
20250310,토마토,46815,,52375,41379,48692.97
20250311,토마토,40000,66750,52375,40955,53233.26
20250312,토마토,52903,66750,,40955,53233.26
20250313,토마토,40000,66875,52625,,53233.26
20250314,토마토,54083,66875,52625,42000,53233.26
20250315,토마토,38000,70767,54313,28000,53233.26
20250317,토마토,51755,,57971,28400,53233.26
20250318,토마토,36000,63033,57971,39963,53233.26
20250319,토마토,48286,63033,,39963,53233.26
20250320,토마토,33286,65295,54451,,53233.26
20250321,토마토,43886,65295,54451,40077,45749.51
20250322,토마토,36667,66756,49900,29000,45749.51
20250324,토마토,43078,,43000,41900,45749.51
20250325,토마토,30000,66857,43000,46333,45749.51
20250326,토마토,48593,66857,,46333,45749.51
20250327,토마토,38556,68500,46139,,45749.51
20250328,토마토,47686,48000,46139,43556,45749.51
20250329,토마토,44455,69906,45063,43556,45749.51
20250331,토마토,45667,,43120,44556,45749.51
20250401,토마토,32000,71281,43120,44879,41879.46
20250402,토마토,45976,47000,,38000,41879.46
20250403,토마토,31000,72453,38286,,41879.46
20250404,토마토,51915,50000,38286,44786,41879.46
20250405,토마토,37750,70000,39242,44786,41879.46
20250407,토마토,46170,,38212,35714,41879.46
20250408,토마토,30000,72370,38212,36973,41879.46
20250409,토마토,42978,,,34000,41879.46
20250410,토마토,32000,70090,38483,,41879.46
20250411,토마토,40264,50000,38483,33758,37556.87
20250412,토마토,34800,66566,38667,33758,37556.87
20250414,토마토,34205,,42586,26000,37556.87
20250415,토마토,34205,61631,33938,29040,37556.87
20250416,토마토,37069,45000,,32000,37556.87
20250417,토마토,27000,61878,39818,,37556.87
20250418,토마토,36207,42000,31231,27709,37556.87
20250419,토마토,32773,56600,38304,21000,37556.87
20250421,토마토,31765,,35545,22667,30842.28
20250422,토마토,29333,50736,26333,25458,30842.28
20250423,토마토,31808,39000,,25119,30842.28
20250424,토마토,26000,42186,26063,,30842.28
20250425,토마토,30780,40000,26063,24605,30842.28
20250426,토마토,27630,42368,26229,20738,30842.28
20250428,토마토,28761,,27972,22220,30842.28
20250429,토마토,26568,39060,26400,24463,30842.28
20250430,토마토,32508,38000,,22167,30842.28
20250501,토마토,29783,39667,32656,,28679.78
20250502,토마토,29758,40000,27333,23962,28679.78
20250503,토마토,33658,44871,35000,24639,28679.78
20250505,토마토,29646,,32000,26429,28679.78
20250506,토마토,28520,40985,29500,29973,28679.78
20250507,토마토,24736,45676,,29071,28679.78
20250508,토마토,24000,43615,28343,,28679.78
20250509,토마토,24864,42000,28516,26773,28679.78
20250510,토마토,23750,43481,26069,28000,28679.78
20250512,토마토,25900,,26113,26417,24487.63
20250513,토마토,27000,38933,23878,27282,24487.63
20250514,토마토,25613,43364,,25600,24487.63
20250515,토마토,25250,45178,24823,,24487.63
20250516,토마토,26000,39886,24238,26149,24487.63
20250517,토마토,23976,41729,24835,23085,24487.63
20250519,토마토,23972,,25377,20159,24487.63
20250520,토마토,24065,39116,26375,21010,24487.63
20250521,토마토,22853,37708,,18736,22424.07
20250522,토마토,23627,38419,24342,,22424.07
20250523,토마토,23355,37262,24587,16970,22424.07
20250524,토마토,22072,35750,23423,16083,22424.07
20250526,토마토,21245,,25209,16863,22424.07
20250527,토마토,21316,31901,22443,16647,22424.07
20250528,토마토,22813,27179,,15448,22424.07
20250529,토마토,23614,29182,21612,,22424.07
20250530,토마토,21031,25236,22447,14457,22424.07
20250531,토마토,21990,22000,22594,14436,22424.07
20250602,토마토,19310,,23929,14789,19599.29
20250603,토마토,20268,24176,23792,15935,19599.29
20250604,토마토,20835,23137,,16088,19599.29
20250605,토마토,20162,22934,24790,,19599.29
20250606,토마토,20022,26000,23581,16034,19599.29
20250607,토마토,20587,26286,23817,15993,19599.29
20250609,토마토,23235,,23667,15422,19599.29
20250610,토마토,22512,24139,22380,15060,19599.29
20250611,토마토,22500,23120,,15024,18905.01
20250612,토마토,23000,23703,23070,,18905.01
20250613,토마토,21813,24645,23143,16763,18905.01
20250614,토마토,20719,24506,23627,16576,18905.01
20250616,토마토,20094,,26663,16541,18905.01
20250617,토마토,19653,22553,25141,16283,18905.01
20250618,토마토,19556,21202,,16511,18905.01
20250619,토마토,19038,20914,26302,,18905.01
20250620,토마토,18955,21093,24023,15394,18905.01
20250621,토마토,16438,23240,26740,14949,18159.99
20250623,토마토,16171,,23561,13952,18159.99
20250624,토마토,16829,22459,21394,14262,18159.99
20250625,토마토,19765,18818,,12512,18159.99
20250626,토마토,20532,18000,21000,,18159.99
20250627,토마토,18609,16675,23321,12377,18159.99
20250628,토마토,20913,16873,23631,10711,18159.99
20250630,토마토,21481,,20537,9275,18159.99
20250701,토마토,26719,17377,21000,9113,21787.73
20250702,토마토,29375,22042,,8887,21787.73
20250703,토마토,27578,22370,19635,,21787.73
20250704,토마토,27455,21700,22036,11731,21787.73
20250705,토마토,23744,20690,22733,16660,21787.73
20250707,토마토,21663,,25202,18820,21787.73
20250708,토마토,18235,20888,24938,19174,21787.73
20250709,토마토,20444,20602,,18895,21787.73
20250710,토마토,18240,20274,24667,,21787.73
20250711,토마토,18794,21452,25212,20079,23387.09
20250712,토마토,19444,23382,24805,22750,23387.09
20250714,토마토,20268,,23302,24093,23387.09
20250715,토마토,18966,24942,23458,25973,23387.09
20250716,토마토,19872,23623,,26632,23387.09
20250717,토마토,18918,22000,23942,,23387.09
20250718,토마토,21032,19796,24247,28463,23387.09
20250719,토마토,22563,21143,24337,31372,23387.09
20250721,토마토,23738,,29471,44459,29332.84
20250722,토마토,26128,19826,37778,44800,29332.84
20250723,토마토,36532,22377,,39124,29332.84
20250724,토마토,42371,23000,35750,,29332.84
20250725,토마토,44970,26671,33964,35920,29332.84
20250726,토마토,42232,30784,28894,30808,29332.84
20250728,토마토,41429,,30328,33758,29332.84
20250729,토마토,41411,32937,37132,38093,29332.84
20250730,토마토,42833,31788,,34561,29332.84
20250731,토마토,39786,30923,34867,,29332.84
20250801,토마토,36723,33696,38070,33737,32383.16
20250804,토마토,34288,,45235,31255,32383.16
20250805,토마토,33986,33968,,36333,32383.16
20250806,토마토,32182,42833,,36333,32383.16
20250807,토마토,27170,43683,41528,,32383.16
20250808,토마토,27444,43909,40820,34368,32383.16
20250809,토마토,26762,42829,38517,29931,32383.16
20250811,토마토,29552,,35818,24752,35291.34
20250812,토마토,28471,41780,34409,29516,35291.34
20250813,토마토,27188,42000,,25519,35291.34
20250814,토마토,32121,47952,34853,,35291.34
20250815,토마토,40582,43974,38296,27247,35291.34
20250816,토마토,35049,45453,47105,29321,35291.34
20250818,토마토,35630,,56471,46613,35291.34
20250819,토마토,38526,33991,55932,44486,35291.34
20250820,토마토,41189,35227,,37821,35291.34
20250821,토마토,40763,36322,55547,,39936.03
20250822,토마토,42253,33800,57353,37983,39936.03
20250823,토마토,42791,34776,56147,37219,39936.03
20250825,토마토,38950,,50906,37425,39936.03
20250826,토마토,36860,31923,47184,38044,39936.03
20250827,토마토,39121,33594,,37909,39936.03
20250828,토마토,43000,36548,44179,,39936.03
20250829,토마토,41463,42379,43974,36457,39936.03
20250830,토마토,45000,49880,46432,34132,39936.03
20250901,토마토,36579,,59735,39818,46669.07
20250902,토마토,39378,47608,65061,41594,46669.07
20250903,토마토,36863,49524,,44436,46669.07
20250904,토마토,35369,50350,64825,,46669.07
20250905,토마토,35578,58000,68385,44423,46669.07
20250906,토마토,37582,63452,73638,35259,46669.07
20250908,토마토,33950,,69872,32444,46669.07
20250909,토마토,40271,68765,70529,13237,46669.07
20250910,토마토,43190,68968,,,46669.07
20250911,토마토,45359,68500,68961,,48548.16
20250912,토마토,50677,75286,57894,,48548.16
20250913,토마토,64667,74676,52449,29805,48548.16
20250915,토마토,58131,,58237,31672,48548.16
20250916,토마토,68143,24309,54061,32815,48548.16
20250917,토마토,67171,,,41483,48548.16
20250918,토마토,79290,,63122,,48548.16
20250919,토마토,68543,,65238,39488,48548.16
20250920,토마토,65078,32697,71514,41553,48548.16
20250922,토마토,58152,,78939,50000,51386.57
20250923,토마토,54735,53068,59070,46873,51386.57
20250924,토마토,53683,69424,,36671,51386.57
20250925,토마토,50022,75588,57014,,51386.57
20250926,토마토,55978,70692,54404,33880,51386.57
20250927,토마토,54818,69083,51447,40186,51386.57
20250929,토마토,54554,,,51577,51386.57
20250930,토마토,39625,69875,,56386,51386.57
20251001,토마토,38605,69524,,56391,50139.14
20251002,토마토,28426,78222,37311,,50139.14
20251003,토마토,28369,91833,41108,55267,50139.14
20251004,토마토,37667,93565,35695,56000,50139.14
20251009,토마토,28927,97217,58879,,50139.14
20251010,토마토,34621,97850,68000,40964,50139.14
20251011,토마토,34593,99587,69643,33000,52488.29
20251013,토마토,40036,,92241,44000,52488.29
20251014,토마토,48029,97726,91000,44000,52488.29
20251015,토마토,48488,73978,,40421,52488.29
20251016,토마토,53473,69880,87407,,52488.29
20251017,토마토,57778,79429,80406,37027,52488.29
20251018,토마토,65477,67226,89789,36313,52488.29
20251020,토마토,62100,,71769,38552,52488.29
20251021,토마토,56444,74622,64303,34286,47846.04
20251022,토마토,63239,53769,,32468,47846.04
20251023,토마토,45760,55465,60188,,47846.04
20251024,토마토,56791,62571,55692,33955,47846.04
20251025,토마토,56839,72593,60093,35096,47846.04
20251027,토마토,54745,,63308,35045,47846.04
20251028,토마토,56556,56931,57712,36176,47846.04
20251029,토마토,62586,47111,,33551,47846.04
20251030,토마토,68412,52174,56302,,47846.04
20251031,토마토,63586,58966,47722,34257,47846.04
20251103,토마토,62653,,53750,30116,42930.06
20251104,토마토,60238,69196,,28282,42930.06
20251105,토마토,65250,66552,,26643,42930.06
20251106,토마토,62160,63824,53129,,42930.06
20251107,토마토,72536,53000,46103,30984,42930.06
20251108,토마토,68000,71824,54630,25829,42930.06
20251110,토마토,69683,,48844,30093,42930.06
20251111,토마토,68441,64000,38808,38708,43378.74
20251112,토마토,70692,82545,,29229,43378.74
20251113,토마토,72586,67788,44000,,43378.74
20251114,토마토,66435,78000,36522,33529,43378.74
20251115,토마토,67563,79556,40591,26649,43378.74
20251117,토마토,73400,,48000,23000,43378.74
20251118,토마토,68258,77774,50500,36755,43378.74
20251119,토마토,71867,74967,,23411,43378.74
20251120,토마토,70200,72000,51778,,43378.74
20251121,토마토,69000,77200,63273,37833,41908.12
20251122,토마토,63814,69696,60000,32326,41908.12
20251124,토마토,65640,,65000,26500,41908.12
20251125,토마토,61167,63733,53548,32861,41908.12
20251126,토마토,71652,67759,,23953,41908.12
20251127,토마토,58140,64706,45000,,41908.12
20251128,토마토,65000,68333,48000,31586,41908.12
20251129,토마토,53207,69353,38000,19959,41908.12
20251201,토마토,62524,,51000,29250,40789.8
20251202,토마토,55231,63476,51000,28833,40789.8
20251203,토마토,64313,54897,,25465,40789.8
20251204,토마토,61176,64500,48750,,40789.8
20251205,토마토,65786,46500,50294,27667,40789.8
20251206,토마토,33333,48833,50294,25000,40789.8
20251208,토마토,64789,,70000,27000,40789.8
20251209,토마토,46650,46447,52000,25000,40789.8
20251210,토마토,63471,34944,,27091,40789.8
20251211,토마토,60533,44957,63611,,41845.04
20251212,토마토,72900,38571,64211,24000,41845.04
20251215,토마토,63529,,63250,28600,41845.04
20251216,토마토,47333,48333,46591,25000,41845.04
20251217,토마토,63000,45000,,29364,41845.04
20251218,토마토,47000,49600,61000,,41845.04
20251219,토마토,55889,45000,54333,25261,41845.04
20251220,토마토,61000,48000,58000,30333,41845.04
20251222,토마토,65000,,60000,25000,41240.36
20251223,토마토,55563,46333,60000,27657,41240.36
20251224,토마토,68000,30000,,27657,41240.36
20251225,토마토,68000,50333,61000,,41240.36
20251226,토마토,68400,46000,51000,29964,41240.36
20251227,토마토,52000,52697,63500,29964,41240.36
20251229,토마토,70667,,64538,29680,41240.36
20251230,토마토,70667,36612,59000,28000,41240.36
20251231,토마토,67769,36612,,28000,41240.36
20260103,토마토,55400,43220,54129,25341,45026.53
20260105,토마토,55275,,56269,29798,45026.53
20260106,토마토,55275,42600,56269,31586,45026.53
20260107,토마토,48357,42600,,17000,45026.53
20260108,토마토,48357,45000,53083,,45026.53
20260109,토마토,45593,45000,53083,29419,45026.53
20260110,토마토,38000,45923,56000,29419,45026.53
20260112,토마토,49107,,56389,31000,43068.1
20260113,토마토,49107,42750,56389,32400,43068.1
20260114,토마토,47467,42750,,32400,43068.1
20260115,토마토,34000,42182,57435,,43068.1
20260116,토마토,47000,42182,57435,32108,43068.1
20260117,토마토,30000,42447,60136,32108,43068.1
20260119,토마토,47615,,62000,34130,43068.1
20260120,토마토,31200,39569,62000,36447,43068.1
20260121,토마토,46880,39569,,5500,40226.2
20260122,토마토,46880,34286,59385,,40226.2
20260123,토마토,52333,34286,59385,,40226.2
20260124,토마토,28000,32233,62286,,40226.2
20260126,토마토,50519,,58964,14000,40226.2
20260127,토마토,35000,33532,46000,36875,40226.2
20260128,토마토,51045,20182,,36875,40226.2
20260129,토마토,51045,,59774,,40226.2
20260130,토마토,47154,,59774,37000,40226.2
20260131,토마토,27000,,58769,37000,40226.2
20260202,토마토,47643,,61000,38250,39853.34
20260203,토마토,47643,29571,61000,41625,39853.34
20260204,토마토,49526,29571,,41625,39853.34
20260205,토마토,49526,41136,61912,,39853.34
20260206,토마토,55000,22000,61912,45931,39853.34
20260207,토마토,55000,43526,62821,45931,39853.34
20260209,토마토,54000,,52833,53000,39853.34
20260210,토마토,21000,42442,,51476,39853.34
20260211,토마토,43759,42442,,51476,41282.76
20260212,토마토,43759,,,,41282.76
20260213,토마토,46595,42442,,46000,41282.76
20260214,토마토,23000,46809,48979,46000,41282.76
20260216,토마토,29488,,52000,45818,41282.76
20260220,토마토,26022,50167,52182,48000,41282.76
20260221,토마토,15000,50250,54429,48000,44630.75
20260223,토마토,34789,,58000,49455,44630.75
20260224,토마토,34789,43000,58000,51867,44630.75
20260225,토마토,44061,43000,,51867,44630.75
20260226,토마토,44061,40000,65400,,44630.75
20260227,토마토,43000,40000,65400,48550,44630.75
20260228,토마토,33000,39600,75167,48550,44630.75
20260302,토마토,45000,,77600,48550,46422.34
20260303,토마토,45000,36452,,49541,46422.34
20260304,토마토,46000,36000,75000,49541,46422.34
20260305,토마토,46000,,75000,,46422.34
20260306,토마토,46750,35286,76606,48750,46422.34
20260309,토마토,46000,,67806,49727,46422.34
20260310,토마토,32333,46815,,52375,46422.34
20260311,토마토,49000,40000,66750,52375,51397.6
20260312,토마토,35000,52903,66750,,51397.6
20260313,토마토,46000,40000,66875,52625,51397.6
20260314,토마토,35000,54083,66875,52625,51397.6
20260316,토마토,46000,,50000,54313,51397.6
20260317,토마토,30300,51755,,57971,51397.6
20260318,토마토,46605,36000,63033,57971,51397.6
20260319,토마토,28667,48286,63033,,51397.6
20260320,토마토,46128,33286,65295,54451,51397.6
20260321,토마토,28000,43886,65295,54451,45183.86
20260323,토마토,43721,,42400,49900,45183.86
20260324,토마토,27429,43078,,43000,45183.86
20260325,토마토,53474,30000,66857,43000,45183.86
20260326,토마토,36000,48593,66857,,45183.86
20260327,토마토,61143,38556,68500,46139,45183.86
20260328,토마토,38000,47686,48000,46139,45183.86
20260330,토마토,65571,,46000,45063,45183.86
20260331,토마토,38545,45667,,43120,45183.86
20260401,토마토,48057,32000,71281,43120,42039.41
20260402,토마토,30000,45976,47000,,42039.41
20260403,토마토,58000,31000,72453,38286,42039.41
20260406,토마토,52143,,48000,39242,42039.41
20260407,토마토,27000,46170,,38212,42039.41
20260408,토마토,49762,30000,72370,38212,42039.41
20260409,토마토,23500,42978,,,42039.41
20260410,토마토,48273,32000,70090,38483,42039.41
20260411,토마토,25000,40264,50000,38483,37126
20260413,토마토,45522,,48000,32125,37126
20260414,토마토,23000,34205,,42586,37126
20260415,토마토,39267,34205,61631,33938,37126
20260416,토마토,28600,37069,45000,,37126
20260417,토마토,44725,27000,61878,39818,37126
20260418,토마토,42538,36207,42000,31231,37126
20260420,토마토,34938,,37571,38304,37126
20260421,토마토,32368,31765,,35545,30562
20260422,토마토,34596,29333,50736,26333,30562
20260423,토마토,36611,31808,39000,,30562
20260424,토마토,35440,26000,42186,26063,30562
20260425,토마토,33000,30780,40000,26063,30562
20260427,토마토,34113,,38577,22267,30562
20260428,토마토,34571,28761,,27972,30562
20260429,토마토,35674,26568,39060,26400,30562
20260430,토마토,34741,32508,38000,,30562
20260501,토마토,34143,29783,39667,32656,30303.05
20260502,토마토,34532,29758,40000,27333,30303.05
20260504,토마토,33181,,37795,32405,30303.05
20260505,토마토,34818,29646,,32000,30303.05
20260506,토마토,31966,28520,40985,29500,30303.05
20260507,토마토,25343,24736,45676,,30303.05
20260508,토마토,30000,24000,43615,28343,30303.05
20260509,토마토,26068,24864,42000,28516,30303.05
20260511,토마토,28472,,35178,25857,26749.11
20260512,토마토,27711,25900,,26113,26749.11
20260513,토마토,26365,27000,38933,23878,26749.11
20260514,토마토,27686,25613,43364,,26749.11
20260515,토마토,26300,25250,45178,24823,26749.11
20260516,토마토,27689,26000,39886,24238,26749.11
20260518,토마토,27885,,39863,25204,26749.11
20260519,토마토,28328,23972,,25377,26749.11
20260520,토마토,26661,24065,39116,26375,26749.11
20260521,토마토,26082,22853,37708,,22327.1
20260522,토마토,28485,23627,38419,24342,22327.1
20260523,토마토,24876,23355,37262,24587,22327.1
20260525,토마토,23315,,34071,24387,22327.1
20260526,토마토,23442,21245,,25209,22327.1
20260527,토마토,24951,21316,31901,22443,22327.1
20260528,토마토,19402,22813,27179,,22327.1
