날짜,품목명,평균가
20210104,대추방울토마토,20981
20210105,대추방울토마토,20284
20210106,대추방울토마토,17744
20210107,대추방울토마토,16829
20210108,대추방울토마토,18660
20210109,대추방울토마토,16936
20210111,대추방울토마토,16188
20210112,대추방울토마토,18498
20210113,대추방울토마토,16819
20210114,대추방울토마토,17520
20210115,대추방울토마토,19124
20210116,대추방울토마토,19346
20210118,대추방울토마토,22142
20210119,대추방울토마토,22033
20210120,대추방울토마토,20425
20210121,대추방울토마토,19575
20210122,대추방울토마토,20543
20210123,대추방울토마토,19201
20210125,대추방울토마토,16959
20210126,대추방울토마토,18733
20210127,대추방울토마토,15989
20210128,대추방울토마토,17113
20210129,대추방울토마토,16893
20210130,대추방울토마토,16046
20210201,대추방울토마토,15306
20210202,대추방울토마토,17943
20210203,대추방울토마토,15207
20210204,대추방울토마토,14615
20210205,대추방울토마토,15828
20210206,대추방울토마토,15320
20210208,대추방울토마토,15627
20210209,대추방울토마토,17559
20210210,대추방울토마토,15483
20210211,대추방울토마토,17000
20210215,대추방울토마토,16334
20210216,대추방울토마토,17679
20210217,대추방울토마토,13599
20210218,대추방울토마토,13355
20210219,대추방울토마토,17414
20210220,대추방울토마토,15192
20210222,대추방울토마토,15463
20210223,대추방울토마토,18358
20210224,대추방울토마토,15909
20210225,대추방울토마토,14914
20210226,대추방울토마토,16795
20210227,대추방울토마토,21108
20210301,대추방울토마토,18953
20210302,대추방울토마토,18751
20210303,대추방울토마토,18338
20210304,대추방울토마토,18818
20210305,대추방울토마토,22974
20210306,대추방울토마토,24074
20210308,대추방울토마토,21954
20210309,대추방울토마토,22868
20210310,대추방울토마토,21788
20210311,대추방울토마토,23056
20210312,대추방울토마토,25986
20210313,대추방울토마토,24227
20210315,대추방울토마토,22965
20210316,대추방울토마토,23022
20210317,대추방울토마토,21921
20210318,대추방울토마토,20549
20210319,대추방울토마토,21665
20210320,대추방울토마토,18515
20210322,대추방울토마토,17673
20210323,대추방울토마토,18033
20210324,대추방울토마토,17905
20210325,대추방울토마토,15894
20210326,대추방울토마토,19501
20210327,대추방울토마토,17514
20210329,대추방울토마토,18380
20210330,대추방울토마토,19022
20210331,대추방울토마토,19915
20210401,대추방울토마토,19794
20210402,대추방울토마토,24641
20210403,대추방울토마토,24953
20210405,대추방울토마토,23755
20210406,대추방울토마토,21601
20210407,대추방울토마토,23532
20210408,대추방울토마토,19436
20210409,대추방울토마토,24866
20210410,대추방울토마토,19213
20210412,대추방울토마토,22090
20210413,대추방울토마토,21153
20210414,대추방울토마토,22689
20210415,대추방울토마토,20862
20210416,대추방울토마토,21707
20210417,대추방울토마토,22690
20210419,대추방울토마토,23467
20210420,대추방울토마토,23990
20210421,대추방울토마토,23183
20210422,대추방울토마토,16191
20210423,대추방울토마토,19305
20210424,대추방울토마토,15711
20210426,대추방울토마토,16999
20210427,대추방울토마토,15344
20210428,대추방울토마토,21216
20210429,대추방울토마토,15736
20210430,대추방울토마토,18461
20210501,대추방울토마토,15935
20210503,대추방울토마토,16968
20210504,대추방울토마토,18620
20210505,대추방울토마토,19383
20210506,대추방울토마토,16055
20210507,대추방울토마토,17472
20210508,대추방울토마토,16758
20210510,대추방울토마토,20502
20210511,대추방울토마토,20862
20210512,대추방울토마토,19178
20210513,대추방울토마토,18069
20210514,대추방울토마토,20768
20210515,대추방울토마토,18140
20210517,대추방울토마토,16814
20210518,대추방울토마토,17525
20210519,대추방울토마토,16497
20210520,대추방울토마토,16035
20210521,대추방울토마토,14632
20210522,대추방울토마토,14552
20210524,대추방울토마토,14359
20210525,대추방울토마토,12596
20210526,대추방울토마토,13474
20210527,대추방울토마토,13837
20210528,대추방울토마토,14061
20210529,대추방울토마토,12668
20210531,대추방울토마토,12787
20210601,대추방울토마토,14738
20210602,대추방울토마토,13146
20210603,대추방울토마토,13141
20210604,대추방울토마토,12955
20210605,대추방울토마토,11543
20210607,대추방울토마토,12940
20210608,대추방울토마토,13342
20210609,대추방울토마토,14090
20210610,대추방울토마토,15667
20210611,대추방울토마토,13927
20210612,대추방울토마토,16124
20210614,대추방울토마토,13395
20210615,대추방울토마토,13544
20210616,대추방울토마토,15711
20210617,대추방울토마토,13580
20210618,대추방울토마토,13222
20210619,대추방울토마토,12766
20210621,대추방울토마토,12874
20210622,대추방울토마토,12868
20210623,대추방울토마토,12649
20210624,대추방울토마토,11606
20210625,대추방울토마토,13853
20210626,대추방울토마토,13416
20210628,대추방울토마토,12551
20210629,대추방울토마토,12873
20210630,대추방울토마토,13731
20210701,대추방울토마토,12710
20210702,대추방울토마토,14302
20210703,대추방울토마토,15473
20210705,대추방울토마토,18234
20210706,대추방울토마토,18990
20210707,대추방울토마토,17285
20210708,대추방울토마토,17675
20210709,대추방울토마토,18476
20210710,대추방울토마토,14744
20210712,대추방울토마토,16374
20210713,대추방울토마토,16047
20210714,대추방울토마토,14129
20210715,대추방울토마토,15532
20210716,대추방울토마토,14472
20210717,대추방울토마토,16018
20210719,대추방울토마토,16670
20210720,대추방울토마토,14360
20210721,대추방울토마토,15529
20210722,대추방울토마토,14461
20210723,대추방울토마토,13959
20210724,대추방울토마토,15637
20210726,대추방울토마토,15767
20210727,대추방울토마토,15746
20210728,대추방울토마토,13914
20210729,대추방울토마토,14410
20210730,대추방울토마토,13846
20210731,대추방울토마토,14623
20210802,대추방울토마토,13568
20210803,대추방울토마토,13636
20210804,대추방울토마토,13446
20210805,대추방울토마토,15367
20210806,대추방울토마토,20546
20210809,대추방울토마토,14964
20210810,대추방울토마토,14263
20210811,대추방울토마토,13347
20210812,대추방울토마토,14749
20210813,대추방울토마토,15669
20210814,대추방울토마토,15803
20210816,대추방울토마토,15402
20210817,대추방울토마토,16531
20210818,대추방울토마토,15543
20210819,대추방울토마토,16455
20210820,대추방울토마토,16989
20210821,대추방울토마토,19740
20210823,대추방울토마토,18307
20210824,대추방울토마토,18371
20210825,대추방울토마토,19632
20210826,대추방울토마토,23119
20210827,대추방울토마토,26735
20210828,대추방울토마토,28197
20210830,대추방울토마토,23045
20210831,대추방울토마토,20268
20210901,대추방울토마토,22108
20210902,대추방울토마토,25279
20210903,대추방울토마토,24569
20210904,대추방울토마토,26099
20210906,대추방울토마토,26472
20210907,대추방울토마토,25705
20210908,대추방울토마토,24444
20210909,대추방울토마토,23444
20210910,대추방울토마토,22253
20210911,대추방울토마토,28167
20210913,대추방울토마토,26509
20210914,대추방울토마토,22770
20210915,대추방울토마토,23323
20210916,대추방울토마토,22104
20210917,대추방울토마토,23730
20210918,대추방울토마토,29186
20210924,대추방울토마토,22284
20210925,대추방울토마토,20588
20210927,대추방울토마토,20657
20210928,대추방울토마토,20710
20210929,대추방울토마토,17884
20210930,대추방울토마토,16979
20211001,대추방울토마토,17252
20211002,대추방울토마토,17529
20211004,대추방울토마토,18568
20211005,대추방울토마토,19230
20211006,대추방울토마토,17998
20211007,대추방울토마토,17568
20211008,대추방울토마토,16928
20211009,대추방울토마토,16343
20211011,대추방울토마토,16369
20211012,대추방울토마토,14525
20211013,대추방울토마토,14531
20211014,대추방울토마토,14347
20211015,대추방울토마토,14798
20211016,대추방울토마토,13360
20211018,대추방울토마토,13629
20211019,대추방울토마토,13083
20211020,대추방울토마토,12615
20211021,대추방울토마토,12475
20211022,대추방울토마토,14691
20211023,대추방울토마토,15700
20211025,대추방울토마토,17254
20211026,대추방울토마토,19419
20211027,대추방울토마토,21440
20211028,대추방울토마토,24440
20211029,대추방울토마토,25336
20211030,대추방울토마토,24692
20211101,대추방울토마토,22616
20211102,대추방울토마토,23562
20211103,대추방울토마토,22952
20211104,대추방울토마토,21803
20211105,대추방울토마토,22509
20211106,대추방울토마토,22361
20211108,대추방울토마토,23441
20211109,대추방울토마토,25357
20211110,대추방울토마토,22561
20211111,대추방울토마토,21963
20211112,대추방울토마토,20864
20211113,대추방울토마토,20000
20211115,대추방울토마토,24778
20211116,대추방울토마토,25585
20211117,대추방울토마토,24100
20211118,대추방울토마토,22278
20211119,대추방울토마토,23297
20211120,대추방울토마토,22952
20211122,대추방울토마토,23111
20211123,대추방울토마토,23648
20211124,대추방울토마토,22855
20211125,대추방울토마토,21321
20211126,대추방울토마토,20434
20211127,대추방울토마토,19041
20211129,대추방울토마토,20426
20211130,대추방울토마토,18709
20211201,대추방울토마토,19466
20211202,대추방울토마토,19498
20211203,대추방울토마토,17756
20211204,대추방울토마토,16783
20211206,대추방울토마토,18480
20211207,대추방울토마토,18706
20211208,대추방울토마토,19741
20211209,대추방울토마토,17711
20211210,대추방울토마토,18676
20211211,대추방울토마토,19455
20211213,대추방울토마토,21213
20211214,대추방울토마토,21377
20211215,대추방울토마토,22054
20211216,대추방울토마토,20473
20211217,대추방울토마토,19502
20211218,대추방울토마토,21160
20211220,대추방울토마토,20310
20211221,대추방울토마토,20865
20211222,대추방울토마토,21388
20211223,대추방울토마토,22794
20211224,대추방울토마토,23476
20211225,대추방울토마토,24221
20211227,대추방울토마토,28282
20211228,대추방울토마토,27225
20211229,대추방울토마토,26216
20211230,대추방울토마토,27858
20211231,대추방울토마토,25864
20220103,대추방울토마토,27583
20220104,대추방울토마토,29742
20220105,대추방울토마토,26052
20220106,대추방울토마토,25726
20220107,대추방울토마토,22824
20220108,대추방울토마토,23680
20220110,대추방울토마토,24832
20220111,대추방울토마토,25120
20220112,대추방울토마토,21788
20220113,대추방울토마토,25981
20220114,대추방울토마토,21359
20220115,대추방울토마토,25825
20220117,대추방울토마토,24013
20220118,대추방울토마토,24876
20220119,대추방울토마토,23434
20220120,대추방울토마토,26175
20220121,대추방울토마토,21591
20220122,대추방울토마토,22014
20220124,대추방울토마토,21113
20220125,대추방울토마토,22403
20220126,대추방울토마토,21966
20220127,대추방울토마토,21646
20220128,대추방울토마토,22528
20220129,대추방울토마토,23426
20220204,대추방울토마토,22968
20220205,대추방울토마토,23165
20220207,대추방울토마토,23208
20220208,대추방울토마토,20164
20220209,대추방울토마토,24622
20220210,대추방울토마토,21545
20220211,대추방울토마토,21052
20220212,대추방울토마토,24455
20220214,대추방울토마토,25750
20220215,대추방울토마토,27074
20220216,대추방울토마토,27289
20220217,대추방울토마토,22495
20220218,대추방울토마토,23977
20220219,대추방울토마토,21609
20220221,대추방울토마토,22231
20220222,대추방울토마토,23226
20220223,대추방울토마토,22859
20220224,대추방울토마토,22227
20220225,대추방울토마토,21578
20220226,대추방울토마토,22824
20220228,대추방울토마토,24487
20220301,대추방울토마토,25561
20220302,대추방울토마토,23762
20220303,대추방울토마토,24395
20220304,대추방울토마토,24685
20220305,대추방울토마토,25531
20220307,대추방울토마토,23952
20220308,대추방울토마토,24627
20220309,대추방울토마토,22602
20220310,대추방울토마토,24227
20220311,대추방울토마토,25122
20220312,대추방울토마토,22744
20220314,대추방울토마토,25313
20220315,대추방울토마토,28008
20220316,대추방울토마토,25405
20220317,대추방울토마토,23705
20220318,대추방울토마토,26683
20220319,대추방울토마토,27426
20220321,대추방울토마토,27106
20220322,대추방울토마토,33042
20220323,대추방울토마토,29699
20220324,대추방울토마토,28044
20220325,대추방울토마토,31266
20220326,대추방울토마토,26858
20220328,대추방울토마토,27537
20220329,대추방울토마토,29354
20220330,대추방울토마토,27423
20220331,대추방울토마토,25041
20220401,대추방울토마토,25737
20220402,대추방울토마토,23600
20220404,대추방울토마토,24442
20220405,대추방울토마토,22917
20220406,대추방울토마토,22846
20220407,대추방울토마토,21207
20220408,대추방울토마토,21132
20220409,대추방울토마토,18232
20220411,대추방울토마토,20824
20220412,대추방울토마토,21909
20220413,대추방울토마토,19292
20220414,대추방울토마토,17202
20220415,대추방울토마토,20175
20220416,대추방울토마토,18246
20220418,대추방울토마토,20124
20220419,대추방울토마토,22620
20220420,대추방울토마토,21161
20220421,대추방울토마토,19199
20220422,대추방울토마토,21541
20220423,대추방울토마토,19294
20220425,대추방울토마토,21978
20220426,대추방울토마토,21397
20220427,대추방울토마토,19611
20220428,대추방울토마토,19004
20220429,대추방울토마토,17033
20220430,대추방울토마토,17252
20220502,대추방울토마토,19270
20220503,대추방울토마토,19987
20220504,대추방울토마토,17400
20220505,대추방울토마토,18769
20220506,대추방울토마토,17348
20220507,대추방울토마토,16079
20220509,대추방울토마토,18803
20220510,대추방울토마토,18567
20220511,대추방울토마토,19601
20220512,대추방울토마토,17053
20220513,대추방울토마토,16301
20220514,대추방울토마토,15557
20220516,대추방울토마토,20058
20220517,대추방울토마토,15453
20220518,대추방울토마토,16769
20220519,대추방울토마토,13788
20220520,대추방울토마토,13251
20220521,대추방울토마토,14630
20220523,대추방울토마토,16999
20220524,대추방울토마토,17052
20220525,대추방울토마토,15966
20220526,대추방울토마토,15232
20220527,대추방울토마토,15764
20220528,대추방울토마토,17992
20220530,대추방울토마토,16820
20220531,대추방울토마토,16232
20220601,대추방울토마토,14452
20220602,대추방울토마토,18486
20220603,대추방울토마토,15065
20220604,대추방울토마토,14905
20220606,대추방울토마토,15463
20220607,대추방울토마토,17023
20220608,대추방울토마토,14409
20220609,대추방울토마토,15047
20220610,대추방울토마토,14014
20220611,대추방울토마토,13990
20220613,대추방울토마토,15187
20220614,대추방울토마토,14127
20220615,대추방울토마토,13863
20220616,대추방울토마토,12836
20220617,대추방울토마토,12849
20220618,대추방울토마토,11726
20220620,대추방울토마토,12444
20220621,대추방울토마토,12685
20220622,대추방울토마토,11107
20220623,대추방울토마토,11147
20220624,대추방울토마토,10988
20220625,대추방울토마토,12126
20220627,대추방울토마토,12831
20220628,대추방울토마토,11665
20220629,대추방울토마토,10952
20220630,대추방울토마토,10752
20220701,대추방울토마토,11281
20220702,대추방울토마토,13103
20220704,대추방울토마토,14033
20220705,대추방울토마토,14611
20220706,대추방울토마토,14021
20220707,대추방울토마토,14737
20220708,대추방울토마토,15551
20220709,대추방울토마토,15351
20220711,대추방울토마토,15066
20220712,대추방울토마토,16897
20220713,대추방울토마토,15573
20220714,대추방울토마토,16292
20220715,대추방울토마토,15458
20220716,대추방울토마토,15225
20220718,대추방울토마토,19725
20220719,대추방울토마토,19759
20220720,대추방울토마토,18104
20220721,대추방울토마토,16334
20220722,대추방울토마토,16858
20220723,대추방울토마토,18107
20220725,대추방울토마토,19234
20220726,대추방울토마토,22043
20220727,대추방울토마토,19576
20220728,대추방울토마토,18715
20220729,대추방울토마토,18207
20220730,대추방울토마토,23132
20220801,대추방울토마토,23721
20220802,대추방울토마토,26305
20220803,대추방울토마토,24174
20220804,대추방울토마토,28787
20220805,대추방울토마토,31631
20220806,대추방울토마토,31631
20220808,대추방울토마토,26381
20220809,대추방울토마토,21267
20220810,대추방울토마토,22160
20220811,대추방울토마토,22399
20220812,대추방울토마토,20964
20220813,대추방울토마토,20958
20220815,대추방울토마토,21057
20220816,대추방울토마토,21227
20220817,대추방울토마토,19232
20220818,대추방울토마토,19493
20220819,대추방울토마토,21147
20220820,대추방울토마토,23278
20220822,대추방울토마토,23201
20220823,대추방울토마토,24598
20220824,대추방울토마토,24259
20220825,대추방울토마토,23051
20220826,대추방울토마토,26236
20220827,대추방울토마토,24275
20220829,대추방울토마토,25459
20220830,대추방울토마토,25175
20220831,대추방울토마토,25476
20220901,대추방울토마토,29609
20220902,대추방울토마토,33495
20220903,대추방울토마토,35644
20220905,대추방울토마토,34540
20220906,대추방울토마토,29623
20220907,대추방울토마토,26861
20220908,대추방울토마토,30513
20220909,대추방울토마토,33686
20220913,대추방울토마토,27876
20220914,대추방울토마토,31624
20220915,대추방울토마토,29809
20220916,대추방울토마토,28323
20220917,대추방울토마토,30068
20220919,대추방울토마토,26457
20220920,대추방울토마토,25085
20220921,대추방울토마토,24204
20220922,대추방울토마토,25526
20220923,대추방울토마토,24353
20220924,대추방울토마토,22357
20220926,대추방울토마토,25739
20220927,대추방울토마토,24034
20220928,대추방울토마토,23383
20220929,대추방울토마토,23332
20220930,대추방울토마토,24076
20221001,대추방울토마토,25715
20221003,대추방울토마토,26153
20221004,대추방울토마토,27442
20221005,대추방울토마토,28443
20221006,대추방울토마토,34177
20221007,대추방울토마토,32118
20221008,대추방울토마토,29876
20221010,대추방울토마토,29732
20221011,대추방울토마토,30915
20221012,대추방울토마토,32902
20221013,대추방울토마토,34208
20221014,대추방울토마토,35492
20221015,대추방울토마토,35546
20221017,대추방울토마토,31828
20221018,대추방울토마토,30836
20221019,대추방울토마토,31326
20221020,대추방울토마토,29312
20221021,대추방울토마토,25399
20221022,대추방울토마토,24180
20221024,대추방울토마토,24333
20221025,대추방울토마토,24067
20221026,대추방울토마토,24099
20221027,대추방울토마토,22139
20221028,대추방울토마토,20700
20221029,대추방울토마토,17938
20221031,대추방울토마토,19018
20221101,대추방울토마토,19017
20221102,대추방울토마토,16877
20221103,대추방울토마토,15512
20221104,대추방울토마토,16125
20221105,대추방울토마토,16254
20221107,대추방울토마토,18223
20221108,대추방울토마토,20011
20221109,대추방울토마토,19817
20221110,대추방울토마토,17082
20221111,대추방울토마토,18576
20221112,대추방울토마토,18486
20221114,대추방울토마토,19007
20221115,대추방울토마토,23547
20221116,대추방울토마토,19968
20221117,대추방울토마토,19977
20221118,대추방울토마토,19302
20221119,대추방울토마토,16629
20221121,대추방울토마토,17397
20221122,대추방울토마토,18430
20221123,대추방울토마토,16742
20221124,대추방울토마토,17489
20221125,대추방울토마토,13619
20221126,대추방울토마토,12463
20221128,대추방울토마토,12433
20221129,대추방울토마토,12468
20221130,대추방울토마토,11819
20221201,대추방울토마토,12609
20221202,대추방울토마토,13141
20221203,대추방울토마토,12166
20221205,대추방울토마토,13441
20221206,대추방울토마토,16513
20221207,대추방울토마토,15604
20221208,대추방울토마토,15480
20221209,대추방울토마토,15706
20221210,대추방울토마토,15425
20221212,대추방울토마토,16990
20221213,대추방울토마토,15961
20221214,대추방울토마토,18461
20221215,대추방울토마토,15120
20221216,대추방울토마토,16197
20221217,대추방울토마토,14020
20221219,대추방울토마토,15369
20221220,대추방울토마토,14182
20221221,대추방울토마토,14467
20221222,대추방울토마토,15252
20221223,대추방울토마토,15965
20221224,대추방울토마토,16888
20221226,대추방울토마토,18729
20221227,대추방울토마토,19595
20221228,대추방울토마토,19103
20221229,대추방울토마토,17526
20221230,대추방울토마토,18103
20221231,대추방울토마토,20249
20230103,대추방울토마토,20849
20230104,대추방울토마토,18150
20230105,대추방울토마토,16291
20230106,대추방울토마토,16337
20230107,대추방울토마토,15986
20230109,대추방울토마토,14359
20230110,대추방울토마토,14725
20230111,대추방울토마토,14414
20230112,대추방울토마토,17793
20230113,대추방울토마토,14517
20230114,대추방울토마토,14758
20230116,대추방울토마토,14070
20230117,대추방울토마토,14888
20230118,대추방울토마토,14461
20230119,대추방울토마토,15276
20230120,대추방울토마토,14117
20230121,대추방울토마토,17745
20230125,대추방울토마토,14412
20230126,대추방울토마토,15057
20230127,대추방울토마토,14875
20230128,대추방울토마토,15720
20230130,대추방울토마토,16299
20230131,대추방울토마토,15978
20230201,대추방울토마토,16054
20230202,대추방울토마토,16073
20230203,대추방울토마토,18405
20230204,대추방울토마토,17990
20230206,대추방울토마토,19098
20230207,대추방울토마토,21819
20230208,대추방울토마토,20731
20230209,대추방울토마토,19200
20230210,대추방울토마토,17777
20230211,대추방울토마토,19403
20230213,대추방울토마토,21211
20230214,대추방울토마토,22535
20230215,대추방울토마토,22292
20230216,대추방울토마토,20918
20230217,대추방울토마토,24897
20230218,대추방울토마토,26385
20230220,대추방울토마토,25303
20230221,대추방울토마토,25714
20230222,대추방울토마토,26082
20230223,대추방울토마토,26173
20230224,대추방울토마토,27188
20230225,대추방울토마토,24522
20230227,대추방울토마토,24762
20230228,대추방울토마토,24964
20230301,대추방울토마토,26250
20230302,대추방울토마토,25408
20230303,대추방울토마토,25088
20230304,대추방울토마토,26453
20230306,대추방울토마토,25922
20230307,대추방울토마토,26456
20230308,대추방울토마토,24924
20230309,대추방울토마토,22655
20230310,대추방울토마토,22984
20230311,대추방울토마토,22064
20230313,대추방울토마토,23477
20230314,대추방울토마토,24592
20230315,대추방울토마토,25422
20230316,대추방울토마토,24472
20230317,대추방울토마토,29634
20230318,대추방울토마토,28118
20230320,대추방울토마토,29290
20230321,대추방울토마토,28106
20230322,대추방울토마토,26237
20230323,대추방울토마토,26683
20230324,대추방울토마토,31931
20230325,대추방울토마토,36012
20230327,대추방울토마토,32033
20230328,대추방울토마토,31379
20230329,대추방울토마토,31152
20230330,대추방울토마토,35824
20230331,대추방울토마토,30808
20230401,대추방울토마토,24038
20230403,대추방울토마토,27441
20230404,대추방울토마토,21073
20230405,대추방울토마토,18184
20230406,대추방울토마토,17569
20230407,대추방울토마토,17296
20230408,대추방울토마토,15443
20230410,대추방울토마토,17664
20230411,대추방울토마토,16183
20230412,대추방울토마토,17268
20230413,대추방울토마토,16128
20230414,대추방울토마토,17442
20230415,대추방울토마토,14836
20230417,대추방울토마토,15908
20230418,대추방울토마토,15246
20230419,대추방울토마토,17288
20230420,대추방울토마토,15882
20230421,대추방울토마토,17045
20230422,대추방울토마토,16539
20230424,대추방울토마토,16690
20230425,대추방울토마토,15377
20230426,대추방울토마토,16698
20230427,대추방울토마토,16578
20230428,대추방울토마토,16300
20230429,대추방울토마토,14222
20230501,대추방울토마토,14573
20230502,대추방울토마토,13533
20230503,대추방울토마토,14023
20230504,대추방울토마토,13583
20230505,대추방울토마토,13454
20230506,대추방울토마토,12761
20230508,대추방울토마토,14643
20230509,대추방울토마토,13327
20230510,대추방울토마토,14725
20230511,대추방울토마토,13975
20230512,대추방울토마토,16397
20230513,대추방울토마토,12051
20230515,대추방울토마토,13713
20230516,대추방울토마토,15048
20230517,대추방울토마토,12713
20230518,대추방울토마토,12768
20230519,대추방울토마토,13155
20230520,대추방울토마토,15254
20230522,대추방울토마토,15313
20230523,대추방울토마토,13958
20230524,대추방울토마토,13415
20230525,대추방울토마토,11631
20230526,대추방울토마토,15650
20230527,대추방울토마토,16642
20230529,대추방울토마토,11864
20230530,대추방울토마토,15932
20230531,대추방울토마토,11907
20230601,대추방울토마토,12312
20230602,대추방울토마토,13017
20230603,대추방울토마토,17166
20230605,대추방울토마토,15093
20230606,대추방울토마토,15773
20230607,대추방울토마토,14622
20230608,대추방울토마토,14348
20230609,대추방울토마토,14246
20230610,대추방울토마토,14653
20230612,대추방울토마토,15198
20230613,대추방울토마토,16278
20230614,대추방울토마토,14674
20230615,대추방울토마토,12709
20230616,대추방울토마토,12596
20230617,대추방울토마토,13769
20230619,대추방울토마토,14049
20230620,대추방울토마토,15135
20230621,대추방울토마토,14340
20230622,대추방울토마토,15040
20230623,대추방울토마토,15460
20230624,대추방울토마토,16555
20230626,대추방울토마토,15613
20230627,대추방울토마토,15384
20230628,대추방울토마토,17014
20230629,대추방울토마토,15610
20230630,대추방울토마토,16601
20230701,대추방울토마토,15954
20230703,대추방울토마토,16368
20230704,대추방울토마토,17577
20230705,대추방울토마토,17229
20230706,대추방울토마토,17764
20230707,대추방울토마토,16348
20230708,대추방울토마토,16591
20230710,대추방울토마토,16191
20230711,대추방울토마토,15165
20230712,대추방울토마토,14707
20230713,대추방울토마토,13994
20230714,대추방울토마토,14133
20230715,대추방울토마토,16292
20230717,대추방울토마토,18875
20230718,대추방울토마토,23575
20230719,대추방울토마토,24049
20230720,대추방울토마토,23472
20230721,대추방울토마토,22323
20230722,대추방울토마토,24165
20230724,대추방울토마토,23678
20230725,대추방울토마토,22029
20230726,대추방울토마토,20521
20230727,대추방울토마토,20239
20230728,대추방울토마토,19508
20230729,대추방울토마토,19593
20230731,대추방울토마토,21762
20230801,대추방울토마토,19055
20230802,대추방울토마토,19176
20230803,대추방울토마토,26982
20230804,대추방울토마토,35448
20230807,대추방울토마토,23423
20230808,대추방울토마토,25264
20230809,대추방울토마토,27868
20230810,대추방울토마토,28720
20230811,대추방울토마토,28083
20230812,대추방울토마토,29543
20230814,대추방울토마토,25831
20230815,대추방울토마토,25558
20230816,대추방울토마토,23820
20230817,대추방울토마토,23791
20230818,대추방울토마토,26101
20230819,대추방울토마토,26040
20230821,대추방울토마토,29616
20230822,대추방울토마토,30925
20230823,대추방울토마토,28996
20230824,대추방울토마토,25435
20230825,대추방울토마토,29232
20230826,대추방울토마토,25139
20230828,대추방울토마토,23685
20230829,대추방울토마토,24693
20230830,대추방울토마토,24960
20230831,대추방울토마토,24622
20230901,대추방울토마토,28155
20230902,대추방울토마토,29392
20230904,대추방울토마토,30071
20230905,대추방울토마토,33905
20230906,대추방울토마토,37723
20230907,대추방울토마토,40097
20230908,대추방울토마토,36283
20230909,대추방울토마토,35599
20230911,대추방울토마토,38997
20230912,대추방울토마토,43938
20230913,대추방울토마토,44243
20230914,대추방울토마토,42064
20230915,대추방울토마토,37677
20230916,대추방울토마토,41297
20230918,대추방울토마토,35339
20230919,대추방울토마토,36935
20230920,대추방울토마토,29984
20230921,대추방울토마토,32391
20230922,대추방울토마토,29875
20230923,대추방울토마토,35241
20230925,대추방울토마토,31077
20230926,대추방울토마토,26760
20230927,대추방울토마토,24307
20230928,대추방울토마토,24047
20231002,대추방울토마토,26364
20231003,대추방울토마토,24762
20231004,대추방울토마토,24698
20231005,대추방울토마토,23480
20231006,대추방울토마토,24570
20231007,대추방울토마토,25814
20231009,대추방울토마토,26638
20231010,대추방울토마토,25927
20231011,대추방울토마토,28014
20231012,대추방울토마토,29379
20231013,대추방울토마토,29892
20231014,대추방울토마토,32271
20231016,대추방울토마토,30073
20231017,대추방울토마토,29592
20231018,대추방울토마토,29664
20231019,대추방울토마토,29380
20231020,대추방울토마토,28779
20231021,대추방울토마토,26785
20231023,대추방울토마토,28039
20231024,대추방울토마토,30191
20231025,대추방울토마토,32026
20231026,대추방울토마토,30498
20231027,대추방울토마토,30000
20231028,대추방울토마토,31895
20231030,대추방울토마토,30053
20231031,대추방울토마토,30734
20231101,대추방울토마토,30927
20231102,대추방울토마토,30149
20231103,대추방울토마토,29768
20231106,대추방울토마토,28810
20231107,대추방울토마토,25851
20231108,대추방울토마토,24189
20231109,대추방울토마토,21762
20231110,대추방울토마토,23767
20231111,대추방울토마토,19267
20231113,대추방울토마토,21655
20231114,대추방울토마토,20719
20231115,대추방울토마토,18704
20231116,대추방울토마토,18517
20231117,대추방울토마토,19200
20231118,대추방울토마토,19779
20231120,대추방울토마토,20439
20231121,대추방울토마토,21587
20231122,대추방울토마토,22055
20231123,대추방울토마토,21159
20231124,대추방울토마토,23373
20231125,대추방울토마토,23000
20231127,대추방울토마토,25769
20231128,대추방울토마토,24808
20231129,대추방울토마토,25920
20231130,대추방울토마토,23656
20231201,대추방울토마토,24095
20231202,대추방울토마토,24095
20231204,대추방울토마토,25102
20231205,대추방울토마토,27481
20231206,대추방울토마토,25207
20231207,대추방울토마토,23397
20231208,대추방울토마토,25965
20231209,대추방울토마토,25000
20231211,대추방울토마토,24245
20231212,대추방울토마토,23895
20231213,대추방울토마토,24749
20231214,대추방울토마토,23327
20231215,대추방울토마토,24105
20231216,대추방울토마토,23558
20231218,대추방울토마토,26002
20231219,대추방울토마토,26845
20231220,대추방울토마토,26456
20231221,대추방울토마토,27422
20231222,대추방울토마토,26166
20231223,대추방울토마토,26501
20231225,대추방울토마토,27381
20231226,대추방울토마토,28246
20231227,대추방울토마토,28270
20231228,대추방울토마토,25969
20231229,대추방울토마토,27252
20231230,대추방울토마토,27410
20240103,대추방울토마토,26914
20240104,대추방울토마토,26443
20240105,대추방울토마토,25260
20240106,대추방울토마토,25378
20240108,대추방울토마토,26586
20240109,대추방울토마토,26760
20240110,대추방울토마토,25834
20240111,대추방울토마토,24221
20240112,대추방울토마토,22060
20240113,대추방울토마토,23764
20240115,대추방울토마토,26482
20240116,대추방울토마토,26245
20240117,대추방울토마토,24468
20240118,대추방울토마토,24821
20240119,대추방울토마토,23643
20240120,대추방울토마토,26617
20240122,대추방울토마토,28071
20240123,대추방울토마토,27440
20240124,대추방울토마토,27343
20240125,대추방울토마토,30206
20240126,대추방울토마토,29376
20240127,대추방울토마토,31875
20240129,대추방울토마토,31075
20240130,대추방울토마토,31279
20240131,대추방울토마토,32788
20240201,대추방울토마토,29539
20240202,대추방울토마토,28937
20240203,대추방울토마토,30230
20240205,대추방울토마토,30305
20240206,대추방울토마토,29099
20240207,대추방울토마토,27010
20240208,대추방울토마토,25849
20240209,대추방울토마토,26943
20240213,대추방울토마토,26890
20240214,대추방울토마토,24677
20240215,대추방울토마토,26107
20240216,대추방울토마토,21882
20240217,대추방울토마토,24757
20240219,대추방울토마토,23573
20240220,대추방울토마토,27253
20240221,대추방울토마토,26669
20240222,대추방울토마토,24967
20240223,대추방울토마토,27285
20240224,대추방울토마토,30276
20240226,대추방울토마토,30061
20240227,대추방울토마토,35936
20240228,대추방울토마토,34236
20240229,대추방울토마토,36692
20240301,대추방울토마토,38354
20240302,대추방울토마토,38354
20240304,대추방울토마토,37093
20240305,대추방울토마토,35883
20240306,대추방울토마토,33729
20240307,대추방울토마토,34128
20240308,대추방울토마토,33183
20240309,대추방울토마토,32183
20240311,대추방울토마토,30542
20240312,대추방울토마토,31716
20240313,대추방울토마토,30791
20240314,대추방울토마토,28088
20240315,대추방울토마토,26550
20240316,대추방울토마토,29455
20240318,대추방울토마토,30877
20240319,대추방울토마토,30442
20240320,대추방울토마토,28831
20240321,대추방울토마토,26782
20240322,대추방울토마토,30701
20240323,대추방울토마토,33725
20240325,대추방울토마토,29013
20240326,대추방울토마토,29396
20240327,대추방울토마토,29848
20240328,대추방울토마토,32057
20240329,대추방울토마토,32818
20240330,대추방울토마토,36095
20240401,대추방울토마토,36378
20240402,대추방울토마토,38129
20240403,대추방울토마토,40391
20240404,대추방울토마토,41748
20240405,대추방울토마토,42728
20240406,대추방울토마토,43080
20240408,대추방울토마토,43395
20240409,대추방울토마토,41352
20240410,대추방울토마토,34061
20240411,대추방울토마토,32104
20240412,대추방울토마토,31867
20240413,대추방울토마토,33714
20240415,대추방울토마토,26996
20240416,대추방울토마토,25751
20240417,대추방울토마토,25042
20240418,대추방울토마토,28562
20240419,대추방울토마토,26760
20240420,대추방울토마토,27756
20240422,대추방울토마토,26870
20240423,대추방울토마토,28177
20240424,대추방울토마토,25462
20240425,대추방울토마토,22445
20240426,대추방울토마토,23607
20240427,대추방울토마토,21959
20240429,대추방울토마토,23005
20240430,대추방울토마토,22850
20240501,대추방울토마토,24551
20240502,대추방울토마토,25395
20240503,대추방울토마토,28369
20240504,대추방울토마토,26973
20240506,대추방울토마토,25269
20240507,대추방울토마토,23669
20240508,대추방울토마토,24588
20240509,대추방울토마토,22667
20240510,대추방울토마토,21674
20240511,대추방울토마토,20316
20240513,대추방울토마토,22481
20240514,대추방울토마토,22943
20240515,대추방울토마토,22400
20240516,대추방울토마토,21545
20240517,대추방울토마토,21077
20240518,대추방울토마토,18281
20240520,대추방울토마토,20238
20240521,대추방울토마토,18479
20240522,대추방울토마토,18023
20240523,대추방울토마토,17516
20240524,대추방울토마토,17715
20240525,대추방울토마토,16816
20240527,대추방울토마토,16587
20240528,대추방울토마토,17094
20240529,대추방울토마토,17606
20240530,대추방울토마토,16407
20240531,대추방울토마토,15187
20240601,대추방울토마토,16419
20240603,대추방울토마토,17045
20240604,대추방울토마토,16565
20240605,대추방울토마토,17209
20240606,대추방울토마토,17175
20240607,대추방울토마토,15890
20240608,대추방울토마토,16142
20240610,대추방울토마토,17355
20240611,대추방울토마토,16491
20240612,대추방울토마토,15201
20240613,대추방울토마토,14307
20240614,대추방울토마토,14518
20240615,대추방울토마토,12988
20240617,대추방울토마토,15240
20240618,대추방울토마토,14635
20240619,대추방울토마토,13525
20240620,대추방울토마토,12665
20240621,대추방울토마토,11796
20240622,대추방울토마토,11834
20240624,대추방울토마토,11926
20240625,대추방울토마토,11825
20240626,대추방울토마토,11314
20240627,대추방울토마토,11429
20240628,대추방울토마토,11489
20240629,대추방울토마토,12238
20240701,대추방울토마토,12795
20240702,대추방울토마토,12927
20240703,대추방울토마토,12593
20240704,대추방울토마토,14404
20240705,대추방울토마토,14324
20240706,대추방울토마토,15567
20240708,대추방울토마토,15223
20240709,대추방울토마토,13850
20240710,대추방울토마토,13673
20240711,대추방울토마토,16003
20240712,대추방울토마토,16095
20240713,대추방울토마토,17577
20240715,대추방울토마토,18699
20240716,대추방울토마토,18831
20240717,대추방울토마토,18624
20240718,대추방울토마토,19040
20240719,대추방울토마토,20420
20240720,대추방울토마토,19214
20240722,대추방울토마토,20824
20240723,대추방울토마토,18765
20240724,대추방울토마토,20035
20240725,대추방울토마토,22200
20240726,대추방울토마토,22733
20240727,대추방울토마토,21477
20240729,대추방울토마토,23103
20240730,대추방울토마토,22579
20240731,대추방울토마토,22501
20240801,대추방울토마토,26508
20240802,대추방울토마토,23934
20240805,대추방울토마토,21621
20240806,대추방울토마토,21014
20240807,대추방울토마토,20877
20240808,대추방울토마토,21121
20240809,대추방울토마토,19447
20240810,대추방울토마토,19451
20240812,대추방울토마토,21866
20240813,대추방울토마토,20858
20240814,대추방울토마토,19038
20240815,대추방울토마토,22221
20240816,대추방울토마토,22679
20240817,대추방울토마토,25667
20240819,대추방울토마토,22863
20240820,대추방울토마토,20511
20240821,대추방울토마토,20167
20240822,대추방울토마토,23021
20240823,대추방울토마토,29563
20240824,대추방울토마토,22992
20240826,대추방울토마토,28723
20240827,대추방울토마토,25095
20240828,대추방울토마토,23949
20240829,대추방울토마토,21185
20240830,대추방울토마토,25395
20240831,대추방울토마토,27605
20240902,대추방울토마토,33026
20240903,대추방울토마토,27685
20240904,대추방울토마토,36781
20240905,대추방울토마토,28887
20240906,대추방울토마토,37773
20240907,대추방울토마토,29954
20240909,대추방울토마토,32419
20240910,대추방울토마토,26081
20240911,대추방울토마토,29169
20240912,대추방울토마토,28249
20240913,대추방울토마토,31368
20240914,대추방울토마토,30444
20240916,대추방울토마토,56638
20240920,대추방울토마토,36740
20240921,대추방울토마토,34392
20240923,대추방울토마토,32822
20240924,대추방울토마토,33705
20240925,대추방울토마토,35698
20240926,대추방울토마토,38901
20240927,대추방울토마토,36864
20240928,대추방울토마토,36151
20240930,대추방울토마토,33053
20241001,대추방울토마토,37554
20241002,대추방울토마토,38913
20241003,대추방울토마토,38524
20241004,대추방울토마토,40196
20241005,대추방울토마토,42966
20241007,대추방울토마토,42423
20241008,대추방울토마토,42617
20241009,대추방울토마토,38943
20241010,대추방울토마토,34028
20241011,대추방울토마토,32883
20241012,대추방울토마토,34686
20241014,대추방울토마토,40867
20241015,대추방울토마토,43439
20241016,대추방울토마토,36136
20241017,대추방울토마토,35439
20241018,대추방울토마토,36242
20241019,대추방울토마토,34996
20241021,대추방울토마토,32327
20241022,대추방울토마토,30353
20241023,대추방울토마토,32897
20241024,대추방울토마토,29484
20241025,대추방울토마토,31176
20241026,대추방울토마토,26488
20241028,대추방울토마토,26752
20241029,대추방울토마토,25240
20241030,대추방울토마토,26135
20241031,대추방울토마토,27983
20241101,대추방울토마토,30716
20241102,대추방울토마토,32848
20241104,대추방울토마토,30702
20241105,대추방울토마토,30064
20241106,대추방울토마토,31167
20241107,대추방울토마토,30199
20241108,대추방울토마토,29748
20241109,대추방울토마토,30832
20241111,대추방울토마토,29504
20241112,대추방울토마토,31646
20241113,대추방울토마토,27306
20241114,대추방울토마토,28794
20241115,대추방울토마토,26187
20241116,대추방울토마토,27299
20241118,대추방울토마토,25919
20241119,대추방울토마토,25359
20241120,대추방울토마토,26716
20241121,대추방울토마토,28103
20241122,대추방울토마토,28509
20241123,대추방울토마토,29437
20241125,대추방울토마토,26226
20241126,대추방울토마토,28443
20241127,대추방울토마토,26687
20241128,대추방울토마토,30460
20241129,대추방울토마토,28604
20241130,대추방울토마토,25770
20241202,대추방울토마토,27189
20241203,대추방울토마토,28068
20241204,대추방울토마토,29965
20241205,대추방울토마토,34822
20241206,대추방울토마토,31980
20241207,대추방울토마토,29713
20241209,대추방울토마토,35217
20241210,대추방울토마토,32793
20241211,대추방울토마토,34667
20241212,대추방울토마토,33307
20241213,대추방울토마토,34112
20241214,대추방울토마토,27497
20241216,대추방울토마토,33772
20241217,대추방울토마토,33107
20241218,대추방울토마토,34021
20241219,대추방울토마토,30390
20241220,대추방울토마토,33434
20241221,대추방울토마토,27642
20241223,대추방울토마토,28003
20241224,대추방울토마토,30593
20241225,대추방울토마토,28945
20241226,대추방울토마토,27320
20241227,대추방울토마토,28195
20241228,대추방울토마토,25676
20241230,대추방울토마토,24066
20241231,대추방울토마토,22472
20250102,대추방울토마토,22472
20250103,대추방울토마토,23868
20250104,대추방울토마토,21213
20250106,대추방울토마토,18062
20250107,대추방울토마토,17064
20250108,대추방울토마토,18266
20250109,대추방울토마토,18182
20250110,대추방울토마토,17426
20250111,대추방울토마토,19538
20250113,대추방울토마토,18412
20250114,대추방울토마토,27944
20250115,대추방울토마토,24754
20250116,대추방울토마토,24597
20250117,대추방울토마토,23005
20250118,대추방울토마토,29154
20250120,대추방울토마토,23690
20250121,대추방울토마토,23219
20250122,대추방울토마토,21722
20250123,대추방울토마토,21398
20250124,대추방울토마토,18959
20250125,대추방울토마토,18318
20250127,대추방울토마토,17324
20250128,대추방울토마토,25494
20250201,대추방울토마토,20507
20250203,대추방울토마토,18532
20250204,대추방울토마토,16902
20250205,대추방울토마토,18064
20250206,대추방울토마토,18048
20250207,대추방울토마토,18613
20250208,대추방울토마토,21434
20250210,대추방울토마토,21747
20250211,대추방울토마토,26805
20250213,대추방울토마토,28454
20250214,대추방울토마토,26554
20250215,대추방울토마토,23544
20250217,대추방울토마토,25192
20250218,대추방울토마토,25648
20250219,대추방울토마토,22440
20250220,대추방울토마토,27114
20250221,대추방울토마토,24045
20250222,대추방울토마토,28479
20250224,대추방울토마토,30190
20250225,대추방울토마토,25546
20250226,대추방울토마토,25080
20250227,대추방울토마토,26097
20250228,대추방울토마토,23175
20250301,대추방울토마토,24790
20250303,대추방울토마토,25485
20250304,대추방울토마토,26153
20250306,대추방울토마토,23370
20250307,대추방울토마토,22589
20250308,대추방울토마토,24652
20250310,대추방울토마토,26432
20250311,대추방울토마토,26676
20250312,대추방울토마토,29013
20250313,대추방울토마토,29703
20250314,대추방울토마토,27172
20250315,대추방울토마토,28851
20250317,대추방울토마토,26020
20250318,대추방울토마토,26832
20250319,대추방울토마토,29081
20250320,대추방울토마토,28776
20250321,대추방울토마토,26606
20250322,대추방울토마토,27288
20250324,대추방울토마토,24949
20250325,대추방울토마토,27849
20250326,대추방울토마토,25247
20250327,대추방울토마토,26192
20250328,대추방울토마토,25902
20250329,대추방울토마토,25182
20250331,대추방울토마토,25552
20250401,대추방울토마토,27711
20250402,대추방울토마토,27366
20250403,대추방울토마토,23670
20250404,대추방울토마토,25761
20250405,대추방울토마토,25717
20250407,대추방울토마토,27809
20250408,대추방울토마토,25419
20250409,대추방울토마토,24162
20250410,대추방울토마토,23016
20250411,대추방울토마토,25953
20250412,대추방울토마토,23827
20250414,대추방울토마토,27428
20250415,대추방울토마토,26506
20250416,대추방울토마토,25078
20250417,대추방울토마토,24127
20250418,대추방울토마토,27528
20250419,대추방울토마토,23267
20250421,대추방울토마토,26324
20250422,대추방울토마토,22528
20250423,대추방울토마토,24020
20250424,대추방울토마토,20038
20250425,대추방울토마토,21588
20250426,대추방울토마토,19935
20250428,대추방울토마토,19440
20250429,대추방울토마토,18142
20250430,대추방울토마토,17503
20250501,대추방울토마토,16425
20250502,대추방울토마토,16305
20250503,대추방울토마토,15078
20250505,대추방울토마토,17212
20250506,대추방울토마토,14216
20250507,대추방울토마토,16971
20250508,대추방울토마토,15178
20250509,대추방울토마토,17310
20250510,대추방울토마토,15214
20250512,대추방울토마토,16004
20250513,대추방울토마토,15775
20250514,대추방울토마토,17177
20250515,대추방울토마토,18631
20250516,대추방울토마토,18972
20250517,대추방울토마토,17177
20250519,대추방울토마토,16381
20250520,대추방울토마토,17745
20250521,대추방울토마토,18498
20250522,대추방울토마토,15192
20250523,대추방울토마토,15847
20250524,대추방울토마토,13338
20250526,대추방울토마토,14970
20250527,대추방울토마토,13340
20250528,대추방울토마토,13921
20250529,대추방울토마토,13564
20250530,대추방울토마토,13621
20250531,대추방울토마토,12367
20250602,대추방울토마토,13649
20250603,대추방울토마토,15039
20250604,대추방울토마토,13452
20250605,대추방울토마토,14668
20250606,대추방울토마토,14167
20250607,대추방울토마토,14965
20250609,대추방울토마토,16457
20250610,대추방울토마토,15688
20250611,대추방울토마토,15408
20250612,대추방울토마토,16773
20250613,대추방울토마토,15199
20250614,대추방울토마토,17495
20250616,대추방울토마토,17202
20250617,대추방울토마토,15384
20250618,대추방울토마토,15068
20250619,대추방울토마토,14359
20250620,대추방울토마토,12949
20250621,대추방울토마토,13239
20250623,대추방울토마토,13950
20250624,대추방울토마토,13563
20250625,대추방울토마토,13151
20250626,대추방울토마토,12649
20250627,대추방울토마토,12605
20250628,대추방울토마토,12090
20250630,대추방울토마토,14148
20250701,대추방울토마토,12634
20250702,대추방울토마토,12439
20250703,대추방울토마토,12653
20250704,대추방울토마토,13680
20250705,대추방울토마토,14887
20250707,대추방울토마토,16286
20250708,대추방울토마토,16769
20250709,대추방울토마토,15726
20250710,대추방울토마토,14840
20250711,대추방울토마토,15274
20250712,대추방울토마토,16317
20250714,대추방울토마토,15847
20250715,대추방울토마토,15722
20250716,대추방울토마토,15569
20250717,대추방울토마토,14212
20250718,대추방울토마토,15066
20250719,대추방울토마토,17209
20250721,대추방울토마토,16454
20250722,대추방울토마토,17226
20250723,대추방울토마토,17106
20250724,대추방울토마토,16830
20250725,대추방울토마토,20239
20250726,대추방울토마토,26236
20250728,대추방울토마토,24479
20250729,대추방울토마토,23194
20250730,대추방울토마토,22856
20250731,대추방울토마토,21044
20250801,대추방울토마토,20518
20250804,대추방울토마토,20356
20250805,대추방울토마토,19861
20250806,대추방울토마토,17728
20250807,대추방울토마토,16881
20250808,대추방울토마토,16349
20250809,대추방울토마토,18398
20250811,대추방울토마토,18338
20250812,대추방울토마토,21574
20250813,대추방울토마토,21333
20250814,대추방울토마토,24203
20250815,대추방울토마토,23003
20250816,대추방울토마토,22393
20250818,대추방울토마토,23596
20250819,대추방울토마토,26102
20250820,대추방울토마토,22492
20250821,대추방울토마토,24868
20250822,대추방울토마토,30859
20250823,대추방울토마토,30799
20250825,대추방울토마토,29821
20250826,대추방울토마토,27856
20250827,대추방울토마토,28155
20250828,대추방울토마토,28873
20250829,대추방울토마토,35055
20250830,대추방울토마토,27050
20250901,대추방울토마토,32153
20250902,대추방울토마토,28863
20250903,대추방울토마토,27150
20250904,대추방울토마토,22647
20250905,대추방울토마토,30551
20250906,대추방울토마토,30815
20250908,대추방울토마토,31941
20250909,대추방울토마토,30105
20250910,대추방울토마토,31664
20250911,대추방울토마토,36988
20250912,대추방울토마토,32324
20250913,대추방울토마토,30840
20250915,대추방울토마토,33821
20250916,대추방울토마토,31911
20250917,대추방울토마토,33259
20250918,대추방울토마토,29312
20250919,대추방울토마토,29961
20250920,대추방울토마토,31478
20250922,대추방울토마토,31061
20250923,대추방울토마토,27107
20250924,대추방울토마토,27340
20250925,대추방울토마토,24756
20250926,대추방울토마토,26983
20250927,대추방울토마토,25332
20250929,대추방울토마토,27288
20250930,대추방울토마토,24195
20251001,대추방울토마토,24723
20251002,대추방울토마토,25158
20251003,대추방울토마토,26009
20251004,대추방울토마토,27739
20251009,대추방울토마토,24086
20251010,대추방울토마토,21707
20251011,대추방울토마토,19946
20251013,대추방울토마토,20686
20251014,대추방울토마토,21052
20251015,대추방울토마토,26248
20251016,대추방울토마토,28720
20251017,대추방울토마토,27158
20251018,대추방울토마토,24397
20251020,대추방울토마토,23898
20251021,대추방울토마토,21693
20251022,대추방울토마토,21310
20251023,대추방울토마토,22362
20251024,대추방울토마토,21788
20251025,대추방울토마토,22419
20251027,대추방울토마토,23838
20251028,대추방울토마토,23771
20251029,대추방울토마토,23919
20251030,대추방울토마토,25297
20251031,대추방울토마토,25544
20251103,대추방울토마토,28251
20251104,대추방울토마토,29253
20251105,대추방울토마토,28131
20251106,대추방울토마토,27902
20251107,대추방울토마토,28012
20251108,대추방울토마토,27347
20251110,대추방울토마토,28550
20251111,대추방울토마토,29458
20251112,대추방울토마토,29039
20251113,대추방울토마토,29352
20251114,대추방울토마토,32011
20251115,대추방울토마토,29811
20251117,대추방울토마토,35140
20251118,대추방울토마토,34291
20251119,대추방울토마토,40919
20251120,대추방울토마토,27681
20251121,대추방울토마토,42085
20251122,대추방울토마토,35283
20251124,대추방울토마토,46057
20251125,대추방울토마토,40527
20251126,대추방울토마토,44238
20251127,대추방울토마토,26771
20251128,대추방울토마토,39243
20251129,대추방울토마토,27686
20251201,대추방울토마토,32462
20251202,대추방울토마토,31102
20251203,대추방울토마토,30695
20251204,대추방울토마토,27939
20251205,대추방울토마토,27229
20251206,대추방울토마토,21822
20251208,대추방울토마토,32884
20251209,대추방울토마토,28386
20251210,대추방울토마토,25922
20251211,대추방울토마토,28373
20251212,대추방울토마토,25093
20251215,대추방울토마토,28089
20251216,대추방울토마토,24478
20251217,대추방울토마토,29273
20251218,대추방울토마토,28174
20251219,대추방울토마토,30711
20251220,대추방울토마토,26449
20251222,대추방울토마토,37478
20251223,대추방울토마토,32746
20251224,대추방울토마토,31042
20251225,대추방울토마토,34176
20251226,대추방울토마토,31248
20251227,대추방울토마토,23003
20251229,대추방울토마토,26827
20251230,대추방울토마토,26165
20251231,대추방울토마토,24878
20260103,대추방울토마토,23025
20260105,대추방울토마토,22416
20260106,대추방울토마토,24241
20260107,대추방울토마토,21717
20260108,대추방울토마토,20118
20260109,대추방울토마토,18742
20260110,대추방울토마토,22463
20260112,대추방울토마토,23439
20260113,대추방울토마토,23904
20260114,대추방울토마토,20336
20260115,대추방울토마토,21705
20260116,대추방울토마토,20600
20260117,대추방울토마토,22507
20260119,대추방울토마토,20904
20260120,대추방울토마토,21943
20260121,대추방울토마토,20561
20260122,대추방울토마토,21292
20260123,대추방울토마토,19470
20260124,대추방울토마토,21032
20260126,대추방울토마토,22211
20260127,대추방울토마토,27316
20260128,대추방울토마토,23652
20260129,대추방울토마토,28017
20260130,대추방울토마토,22239
20260131,대추방울토마토,25265
20260202,대추방울토마토,25382
20260203,대추방울토마토,29904
20260204,대추방울토마토,26251
20260205,대추방울토마토,22591
20260206,대추방울토마토,23302
20260207,대추방울토마토,21231
20260209,대추방울토마토,25307
20260210,대추방울토마토,24644
20260211,대추방울토마토,21329
20260212,대추방울토마토,20952
20260213,대추방울토마토,22621
20260214,대추방울토마토,21304
20260216,대추방울토마토,24160
20260220,대추방울토마토,20882
20260221,대추방울토마토,18760
20260223,대추방울토마토,18694
20260224,대추방울토마토,17118
20260225,대추방울토마토,17323
20260226,대추방울토마토,23493
20260227,대추방울토마토,19364
20260228,대추방울토마토,23888
20260302,대추방울토마토,19614
20260303,대추방울토마토,22144
20260304,대추방울토마토,21591
20260305,대추방울토마토,23598
20260306,대추방울토마토,20568
20260309,대추방울토마토,21097
20260310,대추방울토마토,26411
20260311,대추방울토마토,20399
20260312,대추방울토마토,21266
20260313,대추방울토마토,18703
20260314,대추방울토마토,26524
20260316,대추방울토마토,22638
20260317,대추방울토마토,26058
20260318,대추방울토마토,23549
20260319,대추방울토마토,21914
20260320,대추방울토마토,22261
20260321,대추방울토마토,23296
20260323,대추방울토마토,22180
20260324,대추방울토마토,27998
20260325,대추방울토마토,23463
20260326,대추방울토마토,24980
20260327,대추방울토마토,22822
20260328,대추방울토마토,33381
20260330,대추방울토마토,26418
20260331,대추방울토마토,30446
20260401,대추방울토마토,23406
20260402,대추방울토마토,23519
20260403,대추방울토마토,21759
20260406,대추방울토마토,23977
20260407,대추방울토마토,28894
20260408,대추방울토마토,24622
20260409,대추방울토마토,20804
20260410,대추방울토마토,22041
20260411,대추방울토마토,20713
20260413,대추방울토마토,24799
20260414,대추방울토마토,23253
20260415,대추방울토마토,24665
20260416,대추방울토마토,20350
20260417,대추방울토마토,24573
20260418,대추방울토마토,20646
20260420,대추방울토마토,21018
20260421,대추방울토마토,19150
20260422,대추방울토마토,18552
20260423,대추방울토마토,18096
20260424,대추방울토마토,18144
20260425,대추방울토마토,15918
20260427,대추방울토마토,18554
20260428,대추방울토마토,19109
20260429,대추방울토마토,18441
20260430,대추방울토마토,18811
20260501,대추방울토마토,19374
20260502,대추방울토마토,17072
20260504,대추방울토마토,19250
20260505,대추방울토마토,18419
20260506,대추방울토마토,17453
20260507,대추방울토마토,17519
20260508,대추방울토마토,18181
20260509,대추방울토마토,19105
20260511,대추방울토마토,20680
20260512,대추방울토마토,21729
20260513,대추방울토마토,19487
20260514,대추방울토마토,21162
20260515,대추방울토마토,21577
20260516,대추방울토마토,19179
20260518,대추방울토마토,18756
20260519,대추방울토마토,19772
20260520,대추방울토마토,17072
20260521,대추방울토마토,18712
20260522,대추방울토마토,17504
20260523,대추방울토마토,18270
20260525,대추방울토마토,16532
20260526,대추방울토마토,16009
20260527,대추방울토마토,16735
20210104,방울토마토(일반),23729
20210105,방울토마토(일반),22430
20210106,방울토마토(일반),18452
20210107,방울토마토(일반),15868
20210108,방울토마토(일반),15853
20210109,방울토마토(일반),22647
20210111,방울토마토(일반),19762
20210112,방울토마토(일반),24048
20210113,방울토마토(일반),21884
20210114,방울토마토(일반),24935
20210115,방울토마토(일반),26874
20210116,방울토마토(일반),39000
20210118,방울토마토(일반),22358
20210119,방울토마토(일반),24207
20210120,방울토마토(일반),21601
20210121,방울토마토(일반),23288
20210122,방울토마토(일반),22346
20210123,방울토마토(일반),30380
20210125,방울토마토(일반),21157
20210126,방울토마토(일반),22820
20210127,방울토마토(일반),24711
20210128,방울토마토(일반),24156
20210129,방울토마토(일반),24057
20210130,방울토마토(일반),28588
20210201,방울토마토(일반),23825
20210202,방울토마토(일반),25859
20210203,방울토마토(일반),21158
20210204,방울토마토(일반),20789
20210205,방울토마토(일반),18912
20210206,방울토마토(일반),22233
20210208,방울토마토(일반),17269
20210209,방울토마토(일반),17000
20210210,방울토마토(일반),18526
20210211,방울토마토(일반),17141
20210215,방울토마토(일반),18904
20210216,방울토마토(일반),17597
20210217,방울토마토(일반),18085
20210218,방울토마토(일반),19335
20210219,방울토마토(일반),19720
20210220,방울토마토(일반),21634
20210222,방울토마토(일반),22591
20210223,방울토마토(일반),25891
20210224,방울토마토(일반),23426
20210225,방울토마토(일반),23796
20210226,방울토마토(일반),31554
20210227,방울토마토(일반),29415
20210301,방울토마토(일반),30657
20210302,방울토마토(일반),29079
20210303,방울토마토(일반),37859
20210304,방울토마토(일반),33816
20210305,방울토마토(일반),45326
20210306,방울토마토(일반),36866
20210308,방울토마토(일반),41480
20210309,방울토마토(일반),36328
20210310,방울토마토(일반),47462
20210311,방울토마토(일반),35881
20210312,방울토마토(일반),41204
20210313,방울토마토(일반),35459
20210315,방울토마토(일반),36529
20210316,방울토마토(일반),31948
20210317,방울토마토(일반),32765
20210318,방울토마토(일반),26615
20210319,방울토마토(일반),31795
20210320,방울토마토(일반),23491
20210322,방울토마토(일반),25386
20210323,방울토마토(일반),26552
20210324,방울토마토(일반),29452
20210325,방울토마토(일반),22254
20210326,방울토마토(일반),27892
20210327,방울토마토(일반),25138
20210329,방울토마토(일반),28402
20210330,방울토마토(일반),23198
20210331,방울토마토(일반),36141
20210401,방울토마토(일반),30025
20210402,방울토마토(일반),34435
20210403,방울토마토(일반),37229
20210405,방울토마토(일반),34403
20210406,방울토마토(일반),31584
20210407,방울토마토(일반),36426
20210408,방울토마토(일반),33170
20210409,방울토마토(일반),33703
20210410,방울토마토(일반),26975
20210412,방울토마토(일반),30610
20210413,방울토마토(일반),25048
20210414,방울토마토(일반),28370
20210415,방울토마토(일반),22375
20210416,방울토마토(일반),23529
20210417,방울토마토(일반),21860
20210419,방울토마토(일반),20091
20210420,방울토마토(일반),18352
20210421,방울토마토(일반),16775
20210422,방울토마토(일반),16427
20210423,방울토마토(일반),21846
20210424,방울토마토(일반),19203
20210426,방울토마토(일반),19462
20210427,방울토마토(일반),16523
20210428,방울토마토(일반),20751
20210429,방울토마토(일반),18697
20210430,방울토마토(일반),18155
20210501,방울토마토(일반),17534
20210503,방울토마토(일반),18184
20210504,방울토마토(일반),20471
20210505,방울토마토(일반),20492
20210506,방울토마토(일반),25696
20210507,방울토마토(일반),27935
20210508,방울토마토(일반),24508
20210510,방울토마토(일반),23786
20210511,방울토마토(일반),26220
20210512,방울토마토(일반),19304
20210513,방울토마토(일반),20569
20210514,방울토마토(일반),19918
20210515,방울토마토(일반),20158
20210517,방울토마토(일반),17703
20210518,방울토마토(일반),17303
20210519,방울토마토(일반),18212
20210520,방울토마토(일반),19074
20210521,방울토마토(일반),17252
20210522,방울토마토(일반),16841
20210524,방울토마토(일반),15851
20210525,방울토마토(일반),20065
20210526,방울토마토(일반),20835
20210527,방울토마토(일반),27520
20210528,방울토마토(일반),24094
20210529,방울토마토(일반),17460
20210531,방울토마토(일반),16938
20210601,방울토마토(일반),17330
20210602,방울토마토(일반),20777
20210603,방울토마토(일반),21722
20210604,방울토마토(일반),15947
20210605,방울토마토(일반),12247
20210607,방울토마토(일반),19576
20210608,방울토마토(일반),18863
20210609,방울토마토(일반),16186
20210610,방울토마토(일반),15150
20210611,방울토마토(일반),16444
20210612,방울토마토(일반),17568
20210614,방울토마토(일반),14961
20210615,방울토마토(일반),15704
20210616,방울토마토(일반),17121
20210617,방울토마토(일반),17398
20210618,방울토마토(일반),16000
20210619,방울토마토(일반),18879
20210621,방울토마토(일반),15965
20210622,방울토마토(일반),16877
20210623,방울토마토(일반),16387
20210624,방울토마토(일반),15217
20210625,방울토마토(일반),17611
20210626,방울토마토(일반),20580
20210628,방울토마토(일반),21796
20210629,방울토마토(일반),23930
20210630,방울토마토(일반),29822
20210701,방울토마토(일반),41219
20210702,방울토마토(일반),43009
20210703,방울토마토(일반),38653
20210705,방울토마토(일반),34437
20210706,방울토마토(일반),33637
20210707,방울토마토(일반),33920
20210708,방울토마토(일반),34478
20210709,방울토마토(일반),28405
20210710,방울토마토(일반),29395
20210712,방울토마토(일반),24942
20210713,방울토마토(일반),27073
20210714,방울토마토(일반),31204
20210715,방울토마토(일반),24147
20210716,방울토마토(일반),24350
20210717,방울토마토(일반),35212
20210719,방울토마토(일반),27444
20210720,방울토마토(일반),31050
20210721,방울토마토(일반),29165
20210722,방울토마토(일반),30912
20210723,방울토마토(일반),22442
20210724,방울토마토(일반),25520
20210726,방울토마토(일반),21633
20210727,방울토마토(일반),21206
20210728,방울토마토(일반),19774
20210729,방울토마토(일반),17350
20210730,방울토마토(일반),21214
20210731,방울토마토(일반),21139
20210802,방울토마토(일반),16255
20210803,방울토마토(일반),15641
20210804,방울토마토(일반),14851
20210805,방울토마토(일반),19708
20210806,방울토마토(일반),25885
20210809,방울토마토(일반),21527
20210810,방울토마토(일반),22564
20210811,방울토마토(일반),20737
20210812,방울토마토(일반),22916
20210813,방울토마토(일반),20787
20210814,방울토마토(일반),19711
20210816,방울토마토(일반),19613
20210817,방울토마토(일반),27209
20210818,방울토마토(일반),35803
20210819,방울토마토(일반),48000
20210820,방울토마토(일반),49523
20210821,방울토마토(일반),40887
20210823,방울토마토(일반),28423
20210824,방울토마토(일반),37488
20210825,방울토마토(일반),43310
20210826,방울토마토(일반),43180
20210827,방울토마토(일반),39429
20210828,방울토마토(일반),38070
20210830,방울토마토(일반),34162
20210831,방울토마토(일반),28093
20210901,방울토마토(일반),36000
20210902,방울토마토(일반),45000
20210903,방울토마토(일반),43250
20210904,방울토마토(일반),40813
20210906,방울토마토(일반),27731
20210907,방울토마토(일반),23801
20210908,방울토마토(일반),20842
20210909,방울토마토(일반),17914
20210910,방울토마토(일반),16782
20210911,방울토마토(일반),20263
20210913,방울토마토(일반),21228
20210914,방울토마토(일반),18189
20210915,방울토마토(일반),25493
20210916,방울토마토(일반),34399
20210917,방울토마토(일반),54716
20210918,방울토마토(일반),41719
20210924,방울토마토(일반),22477
20210925,방울토마토(일반),15144
20210927,방울토마토(일반),17743
20210928,방울토마토(일반),30595
20210929,방울토마토(일반),26556
20210930,방울토마토(일반),31180
20211001,방울토마토(일반),31078
20211002,방울토마토(일반),26351
20211004,방울토마토(일반),30004
20211005,방울토마토(일반),25488
20211006,방울토마토(일반),22779
20211007,방울토마토(일반),21601
20211008,방울토마토(일반),19674
20211009,방울토마토(일반),13585
20211011,방울토마토(일반),13030
20211012,방울토마토(일반),10953
20211013,방울토마토(일반),10997
20211014,방울토마토(일반),11734
20211015,방울토마토(일반),11255
20211016,방울토마토(일반),12035
20211018,방울토마토(일반),11627
20211019,방울토마토(일반),11453
20211020,방울토마토(일반),12537
20211021,방울토마토(일반),13465
20211022,방울토마토(일반),13685
20211023,방울토마토(일반),13957
20211025,방울토마토(일반),15023
20211026,방울토마토(일반),15127
20211027,방울토마토(일반),17475
20211028,방울토마토(일반),18553
20211029,방울토마토(일반),19612
20211030,방울토마토(일반),23113
20211101,방울토마토(일반),24504
20211102,방울토마토(일반),24467
20211103,방울토마토(일반),25604
20211104,방울토마토(일반),23609
20211105,방울토마토(일반),26267
20211106,방울토마토(일반),26342
20211108,방울토마토(일반),28113
20211109,방울토마토(일반),36840
20211110,방울토마토(일반),37404
20211111,방울토마토(일반),41749
20211112,방울토마토(일반),45763
20211113,방울토마토(일반),40663
20211115,방울토마토(일반),45818
20211116,방울토마토(일반),52050
20211117,방울토마토(일반),54344
20211118,방울토마토(일반),45530
20211119,방울토마토(일반),43755
20211120,방울토마토(일반),31094
20211122,방울토마토(일반),29168
20211123,방울토마토(일반),31123
20211124,방울토마토(일반),35687
20211125,방울토마토(일반),35043
20211126,방울토마토(일반),31330
20211127,방울토마토(일반),23060
20211129,방울토마토(일반),29000
20211130,방울토마토(일반),20239
20211201,방울토마토(일반),19898
20211202,방울토마토(일반),19453
20211203,방울토마토(일반),18544
20211204,방울토마토(일반),21878
20211206,방울토마토(일반),24458
20211207,방울토마토(일반),23534
20211208,방울토마토(일반),22586
20211209,방울토마토(일반),23597
20211210,방울토마토(일반),24791
20211211,방울토마토(일반),22100
20211213,방울토마토(일반),26254
20211214,방울토마토(일반),35395
20211215,방울토마토(일반),31834
20211216,방울토마토(일반),28786
20211217,방울토마토(일반),27355
20211218,방울토마토(일반),28785
20211220,방울토마토(일반),29132
20211221,방울토마토(일반),30669
20211222,방울토마토(일반),32726
20211223,방울토마토(일반),41780
20211224,방울토마토(일반),37215
20211225,방울토마토(일반),41545
20211227,방울토마토(일반),41068
20211228,방울토마토(일반),44291
20211229,방울토마토(일반),37707
20211230,방울토마토(일반),40889
20211231,방울토마토(일반),39208
20220103,방울토마토(일반),40660
20220104,방울토마토(일반),38119
20220105,방울토마토(일반),36543
20220106,방울토마토(일반),38583
20220107,방울토마토(일반),38859
20220108,방울토마토(일반),41123
20220110,방울토마토(일반),35443
20220111,방울토마토(일반),43794
20220112,방울토마토(일반),38367
20220113,방울토마토(일반),43222
20220114,방울토마토(일반),44540
20220115,방울토마토(일반),41671
20220117,방울토마토(일반),38323
20220118,방울토마토(일반),40254
20220119,방울토마토(일반),38555
20220120,방울토마토(일반),41333
20220121,방울토마토(일반),36806
20220122,방울토마토(일반),42272
20220124,방울토마토(일반),31199
20220125,방울토마토(일반),41120
20220126,방울토마토(일반),37466
20220127,방울토마토(일반),40026
20220128,방울토마토(일반),41678
20220129,방울토마토(일반),50763
20220204,방울토마토(일반),29225
20220205,방울토마토(일반),23025
20220207,방울토마토(일반),25244
20220208,방울토마토(일반),18757
20220209,방울토마토(일반),33351
20220210,방울토마토(일반),22011
20220211,방울토마토(일반),22937
20220212,방울토마토(일반),23031
20220214,방울토마토(일반),24605
20220215,방울토마토(일반),20486
20220216,방울토마토(일반),28509
20220217,방울토마토(일반),17535
20220218,방울토마토(일반),23900
20220219,방울토마토(일반),22866
20220221,방울토마토(일반),21465
20220222,방울토마토(일반),20019
20220223,방울토마토(일반),28104
20220224,방울토마토(일반),26420
20220225,방울토마토(일반),20392
20220226,방울토마토(일반),31185
20220228,방울토마토(일반),27700
20220301,방울토마토(일반),31810
20220302,방울토마토(일반),39101
20220303,방울토마토(일반),42289
20220304,방울토마토(일반),46255
20220305,방울토마토(일반),49000
20220307,방울토마토(일반),41575
20220308,방울토마토(일반),32458
20220309,방울토마토(일반),30588
20220310,방울토마토(일반),25917
20220311,방울토마토(일반),25291
20220312,방울토마토(일반),24479
20220314,방울토마토(일반),23595
20220315,방울토마토(일반),21364
20220316,방울토마토(일반),24297
20220317,방울토마토(일반),27577
20220318,방울토마토(일반),26472
20220319,방울토마토(일반),31095
20220321,방울토마토(일반),30598
20220322,방울토마토(일반),25460
20220323,방울토마토(일반),31734
20220324,방울토마토(일반),31745
20220325,방울토마토(일반),37142
20220326,방울토마토(일반),35645
20220328,방울토마토(일반),30927
20220329,방울토마토(일반),29713
20220330,방울토마토(일반),28357
20220331,방울토마토(일반),25288
20220401,방울토마토(일반),28532
20220402,방울토마토(일반),26490
20220404,방울토마토(일반),24870
20220405,방울토마토(일반),23208
20220406,방울토마토(일반),24359
20220407,방울토마토(일반),23254
20220408,방울토마토(일반),28858
20220409,방울토마토(일반),24410
20220411,방울토마토(일반),24846
20220412,방울토마토(일반),24729
20220413,방울토마토(일반),24995
20220414,방울토마토(일반),25640
20220415,방울토마토(일반),25057
20220416,방울토마토(일반),26472
20220418,방울토마토(일반),25437
20220419,방울토마토(일반),26436
20220420,방울토마토(일반),24344
20220421,방울토마토(일반),21669
20220422,방울토마토(일반),27185
20220423,방울토마토(일반),23005
20220425,방울토마토(일반),22115
20220426,방울토마토(일반),23691
20220427,방울토마토(일반),21603
20220428,방울토마토(일반),20479
20220429,방울토마토(일반),25135
20220430,방울토마토(일반),19000
20220502,방울토마토(일반),22005
20220503,방울토마토(일반),23042
20220504,방울토마토(일반),21339
20220505,방울토마토(일반),22293
20220506,방울토마토(일반),22435
20220507,방울토마토(일반),20281
20220509,방울토마토(일반),24475
20220510,방울토마토(일반),22972
20220511,방울토마토(일반),19238
20220512,방울토마토(일반),18601
20220513,방울토마토(일반),18602
20220514,방울토마토(일반),17756
20220516,방울토마토(일반),19904
20220517,방울토마토(일반),22330
20220518,방울토마토(일반),20749
20220519,방울토마토(일반),22446
20220520,방울토마토(일반),20828
20220521,방울토마토(일반),15011
20220523,방울토마토(일반),17867
20220524,방울토마토(일반),23790
20220525,방울토마토(일반),18863
20220526,방울토마토(일반),32409
20220527,방울토마토(일반),20837
20220528,방울토마토(일반),23166
20220530,방울토마토(일반),19952
20220531,방울토마토(일반),20927
20220601,방울토마토(일반),19878
20220602,방울토마토(일반),20809
20220603,방울토마토(일반),17195
20220604,방울토마토(일반),17930
20220606,방울토마토(일반),19693
20220607,방울토마토(일반),17761
20220608,방울토마토(일반),14620
20220609,방울토마토(일반),15364
20220610,방울토마토(일반),15232
20220611,방울토마토(일반),13165
20220613,방울토마토(일반),13650
20220614,방울토마토(일반),11655
20220615,방울토마토(일반),13199
20220616,방울토마토(일반),14557
20220617,방울토마토(일반),15442
20220618,방울토마토(일반),14637
20220620,방울토마토(일반),15755
20220621,방울토마토(일반),16620
20220622,방울토마토(일반),15631
20220623,방울토마토(일반),18486
20220624,방울토마토(일반),20314
20220625,방울토마토(일반),18460
20220627,방울토마토(일반),16803
20220628,방울토마토(일반),15202
20220629,방울토마토(일반),14333
20220630,방울토마토(일반),15123
20220701,방울토마토(일반),15716
20220702,방울토마토(일반),16075
20220704,방울토마토(일반),18749
20220705,방울토마토(일반),34691
20220706,방울토마토(일반),39414
20220707,방울토마토(일반),35538
20220708,방울토마토(일반),28784
20220709,방울토마토(일반),17328
20220711,방울토마토(일반),16874
20220712,방울토마토(일반),19088
20220713,방울토마토(일반),24800
20220714,방울토마토(일반),36793
20220715,방울토마토(일반),37500
20220716,방울토마토(일반),40276
20220718,방울토마토(일반),36603
20220719,방울토마토(일반),36965
20220720,방울토마토(일반),38891
20220721,방울토마토(일반),39887
20220722,방울토마토(일반),39603
20220723,방울토마토(일반),39479
20220725,방울토마토(일반),30058
20220726,방울토마토(일반),35158
20220727,방울토마토(일반),32241
20220728,방울토마토(일반),36277
20220729,방울토마토(일반),35348
20220730,방울토마토(일반),42789
20220801,방울토마토(일반),49250
20220802,방울토마토(일반),53508
20220803,방울토마토(일반),38035
20220804,방울토마토(일반),34077
20220805,방울토마토(일반),23837
20220806,방울토마토(일반),23837
20220808,방울토마토(일반),21082
20220809,방울토마토(일반),18443
20220810,방울토마토(일반),27690
20220811,방울토마토(일반),34190
20220812,방울토마토(일반),37205
20220813,방울토마토(일반),42475
20220815,방울토마토(일반),30924
20220816,방울토마토(일반),36163
20220817,방울토마토(일반),37725
20220818,방울토마토(일반),48610
20220819,방울토마토(일반),48739
20220820,방울토마토(일반),54380
20220822,방울토마토(일반),54529
20220823,방울토마토(일반),65135
20220824,방울토마토(일반),63552
20220825,방울토마토(일반),66029
20220826,방울토마토(일반),65770
20220827,방울토마토(일반),60902
20220829,방울토마토(일반),45769
20220830,방울토마토(일반),34699
20220831,방울토마토(일반),49057
20220901,방울토마토(일반),62639
20220902,방울토마토(일반),61761
20220903,방울토마토(일반),69042
20220905,방울토마토(일반),43856
20220906,방울토마토(일반),38129
20220907,방울토마토(일반),53706
20220908,방울토마토(일반),48569
20220909,방울토마토(일반),18567
20220913,방울토마토(일반),23030
20220914,방울토마토(일반),26401
20220915,방울토마토(일반),24776
20220916,방울토마토(일반),16361
20220917,방울토마토(일반),14116
20220919,방울토마토(일반),15324
20220920,방울토마토(일반),17309
20220921,방울토마토(일반),17394
20220922,방울토마토(일반),23038
20220923,방울토마토(일반),23052
20220924,방울토마토(일반),22712
20220926,방울토마토(일반),22460
20220927,방울토마토(일반),28752
20220928,방울토마토(일반),43000
20220929,방울토마토(일반),53779
20220930,방울토마토(일반),48572
20221001,방울토마토(일반),41431
20221003,방울토마토(일반),45095
20221004,방울토마토(일반),43130
20221005,방울토마토(일반),50771
20221006,방울토마토(일반),61071
20221007,방울토마토(일반),46307
20221008,방울토마토(일반),36786
20221010,방울토마토(일반),36832
20221011,방울토마토(일반),35181
20221012,방울토마토(일반),45242
20221013,방울토마토(일반),48281
20221014,방울토마토(일반),50549
20221015,방울토마토(일반),50000
20221017,방울토마토(일반),39801
20221018,방울토마토(일반),36505
20221019,방울토마토(일반),38538
20221020,방울토마토(일반),38306
20221021,방울토마토(일반),32562
20221022,방울토마토(일반),22447
20221024,방울토마토(일반),22355
20221025,방울토마토(일반),18963
20221026,방울토마토(일반),18396
20221027,방울토마토(일반),20557
20221028,방울토마토(일반),17594
20221029,방울토마토(일반),15378
20221031,방울토마토(일반),12407
20221101,방울토마토(일반),11401
20221102,방울토마토(일반),12232
20221103,방울토마토(일반),11332
20221104,방울토마토(일반),13197
20221105,방울토마토(일반),11657
20221107,방울토마토(일반),12951
20221108,방울토마토(일반),14678
20221109,방울토마토(일반),15597
20221110,방울토마토(일반),15487
20221111,방울토마토(일반),13326
20221112,방울토마토(일반),15376
20221114,방울토마토(일반),16566
20221115,방울토마토(일반),19675
20221116,방울토마토(일반),20086
20221117,방울토마토(일반),22763
20221118,방울토마토(일반),24172
20221119,방울토마토(일반),22657
20221121,방울토마토(일반),25795
20221122,방울토마토(일반),22615
20221123,방울토마토(일반),19332
20221124,방울토마토(일반),18580
20221125,방울토마토(일반),17439
20221126,방울토마토(일반),19109
20221128,방울토마토(일반),15691
20221129,방울토마토(일반),19766
20221130,방울토마토(일반),19749
20221201,방울토마토(일반),18434
20221202,방울토마토(일반),19544
20221203,방울토마토(일반),21506
20221205,방울토마토(일반),13763
20221206,방울토마토(일반),20952
20221207,방울토마토(일반),15095
20221208,방울토마토(일반),16604
20221209,방울토마토(일반),23517
20221210,방울토마토(일반),14036
20221212,방울토마토(일반),23702
20221213,방울토마토(일반),20527
20221214,방울토마토(일반),23065
20221215,방울토마토(일반),21009
20221216,방울토마토(일반),24714
20221217,방울토마토(일반),25495
20221219,방울토마토(일반),25443
20221220,방울토마토(일반),21307
20221221,방울토마토(일반),22052
20221222,방울토마토(일반),25019
20221223,방울토마토(일반),26416
20221224,방울토마토(일반),24360
20221226,방울토마토(일반),26833
20221227,방울토마토(일반),25188
20221228,방울토마토(일반),27575
20221229,방울토마토(일반),28594
20221230,방울토마토(일반),25313
20221231,방울토마토(일반),29742
20230103,방울토마토(일반),34026
20230104,방울토마토(일반),29619
20230105,방울토마토(일반),27639
20230106,방울토마토(일반),25115
20230107,방울토마토(일반),25635
20230109,방울토마토(일반),21230
20230110,방울토마토(일반),25103
20230111,방울토마토(일반),22417
20230112,방울토마토(일반),25478
20230113,방울토마토(일반),22284
20230114,방울토마토(일반),25667
20230116,방울토마토(일반),20564
20230117,방울토마토(일반),27793
20230118,방울토마토(일반),28730
20230119,방울토마토(일반),27411
20230120,방울토마토(일반),24864
20230121,방울토마토(일반),20611
20230125,방울토마토(일반),26032
20230126,방울토마토(일반),23815
20230127,방울토마토(일반),25508
20230128,방울토마토(일반),24588
20230130,방울토마토(일반),25058
20230131,방울토마토(일반),24169
20230201,방울토마토(일반),26205
20230202,방울토마토(일반),32623
20230203,방울토마토(일반),26348
20230204,방울토마토(일반),35253
20230206,방울토마토(일반),27946
20230207,방울토마토(일반),34576
20230208,방울토마토(일반),32564
20230209,방울토마토(일반),33636
20230210,방울토마토(일반),27403
20230211,방울토마토(일반),29183
20230213,방울토마토(일반),26130
20230214,방울토마토(일반),29058
20230215,방울토마토(일반),26878
20230216,방울토마토(일반),27208
20230217,방울토마토(일반),36456
20230218,방울토마토(일반),42714
20230220,방울토마토(일반),39589
20230221,방울토마토(일반),41291
20230222,방울토마토(일반),46950
20230223,방울토마토(일반),43183
20230224,방울토마토(일반),38393
20230225,방울토마토(일반),44000
20230227,방울토마토(일반),38689
20230228,방울토마토(일반),40653
20230301,방울토마토(일반),29974
20230302,방울토마토(일반),29178
20230303,방울토마토(일반),34009
20230304,방울토마토(일반),41557
20230306,방울토마토(일반),29865
20230307,방울토마토(일반),28451
20230308,방울토마토(일반),32930
20230309,방울토마토(일반),25396
20230310,방울토마토(일반),28727
20230311,방울토마토(일반),21671
20230313,방울토마토(일반),27752
20230314,방울토마토(일반),27844
20230315,방울토마토(일반),32328
20230316,방울토마토(일반),34000
20230317,방울토마토(일반),36451
20230318,방울토마토(일반),43924
20230320,방울토마토(일반),35940
20230321,방울토마토(일반),39043
20230322,방울토마토(일반),40840
20230323,방울토마토(일반),46844
20230324,방울토마토(일반),44680
20230325,방울토마토(일반),45418
20230327,방울토마토(일반),42685
20230328,방울토마토(일반),41294
20230329,방울토마토(일반),56456
20230330,방울토마토(일반),60109
20230331,방울토마토(일반),50484
20230401,방울토마토(일반),48163
20230403,방울토마토(일반),40556
20230404,방울토마토(일반),24231
20230405,방울토마토(일반),28130
20230406,방울토마토(일반),25725
20230407,방울토마토(일반),18509
20230408,방울토마토(일반),19614
20230410,방울토마토(일반),19591
20230411,방울토마토(일반),23848
20230412,방울토마토(일반),20342
20230413,방울토마토(일반),23012
20230414,방울토마토(일반),20579
20230415,방울토마토(일반),25867
20230417,방울토마토(일반),19531
20230418,방울토마토(일반),19877
20230419,방울토마토(일반),22472
20230420,방울토마토(일반),28883
20230421,방울토마토(일반),30946
20230422,방울토마토(일반),21746
20230424,방울토마토(일반),20142
20230425,방울토마토(일반),18150
20230426,방울토마토(일반),19581
20230427,방울토마토(일반),23114
20230428,방울토마토(일반),24507
20230429,방울토마토(일반),21245
20230501,방울토마토(일반),20447
20230502,방울토마토(일반),22273
20230503,방울토마토(일반),23570
20230504,방울토마토(일반),25269
20230505,방울토마토(일반),17557
20230506,방울토마토(일반),16011
20230508,방울토마토(일반),19621
20230509,방울토마토(일반),18275
20230510,방울토마토(일반),22017
20230511,방울토마토(일반),19909
20230512,방울토마토(일반),16833
20230513,방울토마토(일반),18327
20230515,방울토마토(일반),22882
20230516,방울토마토(일반),22218
20230517,방울토마토(일반),23916
20230518,방울토마토(일반),27122
20230519,방울토마토(일반),21395
20230520,방울토마토(일반),19744
20230522,방울토마토(일반),19842
20230523,방울토마토(일반),20165
20230524,방울토마토(일반),19152
20230525,방울토마토(일반),26068
20230526,방울토마토(일반),20607
20230527,방울토마토(일반),23845
20230529,방울토마토(일반),18982
20230530,방울토마토(일반),21532
20230531,방울토마토(일반),20562
20230601,방울토마토(일반),23110
20230602,방울토마토(일반),22606
20230603,방울토마토(일반),22101
20230605,방울토마토(일반),16801
20230606,방울토마토(일반),17169
20230607,방울토마토(일반),15126
20230608,방울토마토(일반),17665
20230609,방울토마토(일반),16261
20230610,방울토마토(일반),13438
20230612,방울토마토(일반),13282
20230613,방울토마토(일반),12360
20230614,방울토마토(일반),12379
20230615,방울토마토(일반),15098
20230616,방울토마토(일반),16097
20230617,방울토마토(일반),17879
20230619,방울토마토(일반),16948
20230620,방울토마토(일반),19059
20230621,방울토마토(일반),23378
20230622,방울토마토(일반),23483
20230623,방울토마토(일반),17977
20230624,방울토마토(일반),14602
20230626,방울토마토(일반),14900
20230627,방울토마토(일반),15112
20230628,방울토마토(일반),15500
20230629,방울토마토(일반),16561
20230630,방울토마토(일반),17688
20230701,방울토마토(일반),16437
20230703,방울토마토(일반),16502
20230704,방울토마토(일반),18388
20230705,방울토마토(일반),24758
20230706,방울토마토(일반),36679
20230707,방울토마토(일반),29858
20230708,방울토마토(일반),20958
20230710,방울토마토(일반),17016
20230711,방울토마토(일반),15814
20230712,방울토마토(일반),16000
20230713,방울토마토(일반),18433
20230714,방울토마토(일반),22979
20230715,방울토마토(일반),24667
20230717,방울토마토(일반),24911
20230718,방울토마토(일반),34191
20230719,방울토마토(일반),33082
20230720,방울토마토(일반),28531
20230721,방울토마토(일반),31400
20230722,방울토마토(일반),35074
20230724,방울토마토(일반),35081
20230725,방울토마토(일반),36783
20230726,방울토마토(일반),30415
20230727,방울토마토(일반),22509
20230728,방울토마토(일반),24462
20230729,방울토마토(일반),19980
20230731,방울토마토(일반),24402
20230801,방울토마토(일반),29465
20230802,방울토마토(일반),34371
20230803,방울토마토(일반),53955
20230804,방울토마토(일반),95924
20230807,방울토마토(일반),45325
20230808,방울토마토(일반),32471
20230809,방울토마토(일반),26398
20230810,방울토마토(일반),29831
20230811,방울토마토(일반),42061
20230812,방울토마토(일반),29817
20230814,방울토마토(일반),28315
20230815,방울토마토(일반),33632
20230816,방울토마토(일반),35850
20230817,방울토마토(일반),49225
20230818,방울토마토(일반),98691
20230819,방울토마토(일반),90718
20230821,방울토마토(일반),41548
20230822,방울토마토(일반),35597
20230823,방울토마토(일반),34393
20230824,방울토마토(일반),37973
20230825,방울토마토(일반),34554
20230826,방울토마토(일반),26380
20230828,방울토마토(일반),24181
20230829,방울토마토(일반),24825
20230830,방울토마토(일반),32119
20230831,방울토마토(일반),47032
20230901,방울토마토(일반),47122
20230902,방울토마토(일반),39855
20230904,방울토마토(일반),45689
20230905,방울토마토(일반),35599
20230906,방울토마토(일반),37390
20230907,방울토마토(일반),48642
20230908,방울토마토(일반),51918
20230909,방울토마토(일반),49614
20230911,방울토마토(일반),68312
20230912,방울토마토(일반),75982
20230913,방울토마토(일반),50764
20230914,방울토마토(일반),51228
20230915,방울토마토(일반),37254
20230916,방울토마토(일반),31194
20230918,방울토마토(일반),26279
20230919,방울토마토(일반),24098
20230920,방울토마토(일반),25091
20230921,방울토마토(일반),27789
20230922,방울토마토(일반),28353
20230923,방울토마토(일반),26420
20230925,방울토마토(일반),27399
20230926,방울토마토(일반),29375
20230927,방울토마토(일반),19905
20230928,방울토마토(일반),18185
20231002,방울토마토(일반),21261
20231003,방울토마토(일반),24238
20231004,방울토마토(일반),30218
20231005,방울토마토(일반),34881
20231006,방울토마토(일반),42859
20231007,방울토마토(일반),54671
20231009,방울토마토(일반),68414
20231010,방울토마토(일반),65441
20231011,방울토마토(일반),50822
20231012,방울토마토(일반),51532
20231013,방울토마토(일반),46063
20231014,방울토마토(일반),46472
20231016,방울토마토(일반),45973
20231017,방울토마토(일반),49953
20231018,방울토마토(일반),49424
20231019,방울토마토(일반),47817
20231020,방울토마토(일반),45430
20231021,방울토마토(일반),43566
20231023,방울토마토(일반),42834
20231024,방울토마토(일반),37981
20231025,방울토마토(일반),38553
20231026,방울토마토(일반),46460
20231027,방울토마토(일반),44519
20231028,방울토마토(일반),38157
20231030,방울토마토(일반),33498
20231031,방울토마토(일반),34011
20231101,방울토마토(일반),30259
20231102,방울토마토(일반),27779
20231103,방울토마토(일반),22650
20231106,방울토마토(일반),23280
20231107,방울토마토(일반),19419
20231108,방울토마토(일반),19981
20231109,방울토마토(일반),19877
20231110,방울토마토(일반),18821
20231111,방울토마토(일반),22971
20231113,방울토마토(일반),23900
20231114,방울토마토(일반),24599
20231115,방울토마토(일반),28370
20231116,방울토마토(일반),34858
20231117,방울토마토(일반),35211
20231118,방울토마토(일반),39736
20231120,방울토마토(일반),37180
20231121,방울토마토(일반),38592
20231122,방울토마토(일반),35724
20231123,방울토마토(일반),35769
20231124,방울토마토(일반),31752
20231125,방울토마토(일반),31919
20231127,방울토마토(일반),29442
20231128,방울토마토(일반),26908
20231129,방울토마토(일반),25330
20231130,방울토마토(일반),24095
20231201,방울토마토(일반),25822
20231202,방울토마토(일반),25822
20231204,방울토마토(일반),25858
20231205,방울토마토(일반),27548
20231206,방울토마토(일반),25307
20231207,방울토마토(일반),24000
20231208,방울토마토(일반),26456
20231209,방울토마토(일반),25715
20231211,방울토마토(일반),26038
20231212,방울토마토(일반),27229
20231213,방울토마토(일반),26000
20231214,방울토마토(일반),27577
20231215,방울토마토(일반),32179
20231216,방울토마토(일반),36912
20231218,방울토마토(일반),39436
20231219,방울토마토(일반),39769
20231220,방울토마토(일반),40613
20231221,방울토마토(일반),42131
20231222,방울토마토(일반),42311
20231223,방울토마토(일반),46430
20231225,방울토마토(일반),45262
20231226,방울토마토(일반),49522
20231227,방울토마토(일반),48679
20231228,방울토마토(일반),47000
20231229,방울토마토(일반),45831
20231230,방울토마토(일반),50333
20240103,방울토마토(일반),45318
20240104,방울토마토(일반),43496
20240105,방울토마토(일반),35836
20240106,방울토마토(일반),37729
20240108,방울토마토(일반),38252
20240109,방울토마토(일반),42837
20240110,방울토마토(일반),37176
20240111,방울토마토(일반),41250
20240112,방울토마토(일반),38723
20240113,방울토마토(일반),43299
20240115,방울토마토(일반),45072
20240116,방울토마토(일반),48789
20240117,방울토마토(일반),48124
20240118,방울토마토(일반),48753
20240119,방울토마토(일반),49276
20240120,방울토마토(일반),52167
20240122,방울토마토(일반),49382
20240123,방울토마토(일반),47831
20240124,방울토마토(일반),48853
20240125,방울토마토(일반),45943
20240126,방울토마토(일반),53137
20240127,방울토마토(일반),58324
20240129,방울토마토(일반),55396
20240130,방울토마토(일반),52361
20240131,방울토마토(일반),55000
20240201,방울토마토(일반),57929
20240202,방울토마토(일반),56394
20240203,방울토마토(일반),53105
20240205,방울토마토(일반),49292
20240206,방울토마토(일반),47019
20240207,방울토마토(일반),40206
20240208,방울토마토(일반),36197
20240209,방울토마토(일반),26274
20240213,방울토마토(일반),31478
20240214,방울토마토(일반),31000
20240215,방울토마토(일반),30541
20240216,방울토마토(일반),29265
20240217,방울토마토(일반),38333
20240219,방울토마토(일반),38851
20240220,방울토마토(일반),34337
20240221,방울토마토(일반),33488
20240222,방울토마토(일반),40740
20240223,방울토마토(일반),38663
20240224,방울토마토(일반),40158
20240226,방울토마토(일반),49527
20240227,방울토마토(일반),55606
20240228,방울토마토(일반),65280
20240229,방울토마토(일반),73614
20240301,방울토마토(일반),63383
20240302,방울토마토(일반),63383
20240304,방울토마토(일반),54693
20240305,방울토마토(일반),60605
20240306,방울토마토(일반),52931
20240307,방울토마토(일반),62330
20240308,방울토마토(일반),59522
20240309,방울토마토(일반),50562
20240311,방울토마토(일반),51974
20240312,방울토마토(일반),48130
20240313,방울토마토(일반),39404
20240314,방울토마토(일반),45792
20240315,방울토마토(일반),44025
20240316,방울토마토(일반),42434
20240318,방울토마토(일반),40568
20240319,방울토마토(일반),44240
20240320,방울토마토(일반),37367
20240321,방울토마토(일반),42427
20240322,방울토마토(일반),51537
20240323,방울토마토(일반),49245
20240325,방울토마토(일반),47545
20240326,방울토마토(일반),43961
20240327,방울토마토(일반),43910
20240328,방울토마토(일반),48345
20240329,방울토마토(일반),53559
20240330,방울토마토(일반),80000
20240401,방울토마토(일반),63359
20240402,방울토마토(일반),59648
20240403,방울토마토(일반),60075
20240404,방울토마토(일반),69369
20240405,방울토마토(일반),59763
20240406,방울토마토(일반),55373
20240408,방울토마토(일반),51374
20240409,방울토마토(일반),49710
20240410,방울토마토(일반),41208
20240411,방울토마토(일반),39621
20240412,방울토마토(일반),36736
20240413,방울토마토(일반),31222
20240415,방울토마토(일반),29844
20240416,방울토마토(일반),32182
20240417,방울토마토(일반),29119
20240418,방울토마토(일반),34151
20240419,방울토마토(일반),35217
20240420,방울토마토(일반),37210
20240422,방울토마토(일반),37668
20240423,방울토마토(일반),38246
20240424,방울토마토(일반),37773
20240425,방울토마토(일반),35298
20240426,방울토마토(일반),31855
20240427,방울토마토(일반),40277
20240429,방울토마토(일반),33819
20240430,방울토마토(일반),29694
20240501,방울토마토(일반),34700
20240502,방울토마토(일반),38543
20240503,방울토마토(일반),47603
20240504,방울토마토(일반),47696
20240506,방울토마토(일반),36927
20240507,방울토마토(일반),35115
20240508,방울토마토(일반),32189
20240509,방울토마토(일반),37014
20240510,방울토마토(일반),33645
20240511,방울토마토(일반),31067
20240513,방울토마토(일반),31365
20240514,방울토마토(일반),37854
20240515,방울토마토(일반),39319
20240516,방울토마토(일반),33994
20240517,방울토마토(일반),28766
20240518,방울토마토(일반),24854
20240520,방울토마토(일반),32597
20240521,방울토마토(일반),25763
20240522,방울토마토(일반),21159
20240523,방울토마토(일반),19580
20240524,방울토마토(일반),24007
20240525,방울토마토(일반),18358
20240527,방울토마토(일반),20708
20240528,방울토마토(일반),23776
20240529,방울토마토(일반),26475
20240530,방울토마토(일반),30705
20240531,방울토마토(일반),22450
20240601,방울토마토(일반),22031
20240603,방울토마토(일반),23693
20240604,방울토마토(일반),21000
20240605,방울토마토(일반),25529
20240606,방울토마토(일반),22935
20240607,방울토마토(일반),20896
20240608,방울토마토(일반),19044
20240610,방울토마토(일반),18725
20240611,방울토마토(일반),19432
20240612,방울토마토(일반),18807
20240613,방울토마토(일반),19201
20240614,방울토마토(일반),19915
20240615,방울토마토(일반),19526
20240617,방울토마토(일반),18625
20240618,방울토마토(일반),17142
20240619,방울토마토(일반),15641
20240620,방울토마토(일반),14802
20240621,방울토마토(일반),12394
20240622,방울토마토(일반),11027
20240624,방울토마토(일반),10488
20240625,방울토마토(일반),9087
20240626,방울토마토(일반),11108
20240627,방울토마토(일반),12644
20240628,방울토마토(일반),12167
20240629,방울토마토(일반),17562
20240701,방울토마토(일반),17762
20240702,방울토마토(일반),22353
20240703,방울토마토(일반),23760
20240704,방울토마토(일반),26442
20240705,방울토마토(일반),23855
20240706,방울토마토(일반),22912
20240708,방울토마토(일반),17787
20240709,방울토마토(일반),19125
20240710,방울토마토(일반),19321
20240711,방울토마토(일반),20969
20240712,방울토마토(일반),24922
20240713,방울토마토(일반),24153
20240715,방울토마토(일반),23124
20240716,방울토마토(일반),24673
20240717,방울토마토(일반),23938
20240718,방울토마토(일반),24017
20240719,방울토마토(일반),23770
20240720,방울토마토(일반),22482
20240722,방울토마토(일반),23335
20240723,방울토마토(일반),22794
20240724,방울토마토(일반),27054
20240725,방울토마토(일반),28736
20240726,방울토마토(일반),30583
20240727,방울토마토(일반),31988
20240729,방울토마토(일반),28880
20240730,방울토마토(일반),28823
20240731,방울토마토(일반),32950
20240801,방울토마토(일반),33031
20240802,방울토마토(일반),38906
20240805,방울토마토(일반),24300
20240806,방울토마토(일반),28053
20240807,방울토마토(일반),27661
20240808,방울토마토(일반),30773
20240809,방울토마토(일반),32858
20240810,방울토마토(일반),30745
20240812,방울토마토(일반),27547
20240813,방울토마토(일반),26630
20240814,방울토마토(일반),27055
20240815,방울토마토(일반),29418
20240816,방울토마토(일반),34497
20240817,방울토마토(일반),33204
20240819,방울토마토(일반),28315
20240820,방울토마토(일반),25808
20240821,방울토마토(일반),31090
20240822,방울토마토(일반),26929
20240823,방울토마토(일반),24963
20240824,방울토마토(일반),24180
20240826,방울토마토(일반),24505
20240827,방울토마토(일반),26725
20240828,방울토마토(일반),27786
20240829,방울토마토(일반),32086
20240830,방울토마토(일반),35890
20240831,방울토마토(일반),29520
20240902,방울토마토(일반),29905
20240903,방울토마토(일반),30766
20240904,방울토마토(일반),35109
20240905,방울토마토(일반),46670
20240906,방울토마토(일반),45156
20240907,방울토마토(일반),35366
20240909,방울토마토(일반),37849
20240910,방울토마토(일반),36561
20240911,방울토마토(일반),37283
20240912,방울토마토(일반),41043
20240913,방울토마토(일반),40311
20240914,방울토마토(일반),32949
20240916,방울토마토(일반),19297
20240920,방울토마토(일반),18946
20240921,방울토마토(일반),20136
20240923,방울토마토(일반),26419
20240924,방울토마토(일반),31745
20240925,방울토마토(일반),36965
20240926,방울토마토(일반),38349
20240927,방울토마토(일반),32650
20240928,방울토마토(일반),33186
20240930,방울토마토(일반),33132
20241001,방울토마토(일반),34133
20241002,방울토마토(일반),32332
20241003,방울토마토(일반),32438
20241004,방울토마토(일반),37980
20241005,방울토마토(일반),40872
20241007,방울토마토(일반),51723
20241008,방울토마토(일반),63131
20241009,방울토마토(일반),59242
20241010,방울토마토(일반),59929
20241011,방울토마토(일반),72698
20241012,방울토마토(일반),68308
20241014,방울토마토(일반),72000
20241015,방울토마토(일반),74432
20241016,방울토마토(일반),72126
20241017,방울토마토(일반),81136
20241018,방울토마토(일반),93048
20241019,방울토마토(일반),91932
20241021,방울토마토(일반),75888
20241022,방울토마토(일반),45681
20241023,방울토마토(일반),55105
20241024,방울토마토(일반),59708
20241025,방울토마토(일반),59687
20241026,방울토마토(일반),55981
20241028,방울토마토(일반),45054
20241029,방울토마토(일반),31796
20241030,방울토마토(일반),31416
20241031,방울토마토(일반),37073
20241101,방울토마토(일반),35836
20241102,방울토마토(일반),35577
20241104,방울토마토(일반),31000
20241105,방울토마토(일반),26856
20241106,방울토마토(일반),25737
20241107,방울토마토(일반),26420
20241108,방울토마토(일반),23404
20241109,방울토마토(일반),23707
20241111,방울토마토(일반),24274
20241112,방울토마토(일반),33535
20241113,방울토마토(일반),25643
20241114,방울토마토(일반),29506
20241115,방울토마토(일반),30146
20241116,방울토마토(일반),36000
20241118,방울토마토(일반),34980
20241119,방울토마토(일반),35766
20241120,방울토마토(일반),32584
20241121,방울토마토(일반),34428
20241122,방울토마토(일반),33679
20241123,방울토마토(일반),33040
20241125,방울토마토(일반),31618
20241126,방울토마토(일반),33084
20241127,방울토마토(일반),33954
20241128,방울토마토(일반),39121
20241129,방울토마토(일반),34246
20241130,방울토마토(일반),37000
20241202,방울토마토(일반),39553
20241203,방울토마토(일반),47107
20241204,방울토마토(일반),54701
20241205,방울토마토(일반),64047
20241206,방울토마토(일반),57814
20241207,방울토마토(일반),55146
20241209,방울토마토(일반),52639
20241210,방울토마토(일반),47319
20241211,방울토마토(일반),49092
20241212,방울토마토(일반),48122
20241213,방울토마토(일반),45549
20241214,방울토마토(일반),44140
20241216,방울토마토(일반),45000
20241217,방울토마토(일반),46299
20241218,방울토마토(일반),43037
20241219,방울토마토(일반),45960
20241220,방울토마토(일반),45404
20241221,방울토마토(일반),47280
20241223,방울토마토(일반),45155
20241224,방울토마토(일반),46080
20241225,방울토마토(일반),46218
20241226,방울토마토(일반),46243
20241227,방울토마토(일반),45333
20241228,방울토마토(일반),46019
20241230,방울토마토(일반),35382
20241231,방울토마토(일반),38649
20250102,방울토마토(일반),38649
20250103,방울토마토(일반),33188
20250104,방울토마토(일반),29792
20250106,방울토마토(일반),23992
20250107,방울토마토(일반),23912
20250108,방울토마토(일반),22381
20250109,방울토마토(일반),29535
20250110,방울토마토(일반),23333
20250111,방울토마토(일반),25203
20250113,방울토마토(일반),26062
20250114,방울토마토(일반),24462
20250115,방울토마토(일반),27624
20250116,방울토마토(일반),37435
20250117,방울토마토(일반),37479
20250118,방울토마토(일반),47038
20250120,방울토마토(일반),43597
20250121,방울토마토(일반),37614
20250122,방울토마토(일반),43382
20250123,방울토마토(일반),48195
20250124,방울토마토(일반),41429
20250125,방울토마토(일반),44421
20250127,방울토마토(일반),26957
20250128,방울토마토(일반),28537
20250201,방울토마토(일반),29637
20250203,방울토마토(일반),30452
20250204,방울토마토(일반),32854
20250205,방울토마토(일반),36213
20250206,방울토마토(일반),38629
20250207,방울토마토(일반),39360
20250208,방울토마토(일반),35954
20250210,방울토마토(일반),37229
20250211,방울토마토(일반),41922
20250213,방울토마토(일반),42458
20250214,방울토마토(일반),39114
20250215,방울토마토(일반),37949
20250217,방울토마토(일반),36374
20250218,방울토마토(일반),42689
20250219,방울토마토(일반),33970
20250220,방울토마토(일반),36343
20250221,방울토마토(일반),34088
20250222,방울토마토(일반),27148
20250224,방울토마토(일반),28948
20250225,방울토마토(일반),29709
20250226,방울토마토(일반),26562
20250227,방울토마토(일반),29833
20250228,방울토마토(일반),29119
20250301,방울토마토(일반),26870
20250303,방울토마토(일반),27592
20250304,방울토마토(일반),32045
20250306,방울토마토(일반),30500
20250307,방울토마토(일반),31623
20250308,방울토마토(일반),28873
20250310,방울토마토(일반),33910
20250311,방울토마토(일반),39497
20250312,방울토마토(일반),34860
20250313,방울토마토(일반),35668
20250314,방울토마토(일반),36134
20250315,방울토마토(일반),35293
20250317,방울토마토(일반),34532
20250318,방울토마토(일반),34580
20250319,방울토마토(일반),32037
20250320,방울토마토(일반),32080
20250321,방울토마토(일반),32029
20250322,방울토마토(일반),28673
20250324,방울토마토(일반),35603
20250325,방울토마토(일반),35785
20250326,방울토마토(일반),31316
20250327,방울토마토(일반),38214
20250328,방울토마토(일반),29673
20250329,방울토마토(일반),29421
20250331,방울토마토(일반),31362
20250401,방울토마토(일반),35835
20250402,방울토마토(일반),26466
20250403,방울토마토(일반),35105
20250404,방울토마토(일반),30109
20250405,방울토마토(일반),29069
20250407,방울토마토(일반),34996
20250408,방울토마토(일반),39816
20250409,방울토마토(일반),28337
20250410,방울토마토(일반),37660
20250411,방울토마토(일반),31630
20250412,방울토마토(일반),28384
20250414,방울토마토(일반),29280
20250415,방울토마토(일반),34872
20250416,방울토마토(일반),28137
20250417,방울토마토(일반),32436
20250418,방울토마토(일반),29950
20250419,방울토마토(일반),29360
20250421,방울토마토(일반),27286
20250422,방울토마토(일반),29055
20250423,방울토마토(일반),26071
20250424,방울토마토(일반),27480
20250425,방울토마토(일반),25909
20250426,방울토마토(일반),19785
20250428,방울토마토(일반),23272
20250429,방울토마토(일반),23712
20250430,방울토마토(일반),19610
20250501,방울토마토(일반),23428
20250502,방울토마토(일반),20326
20250503,방울토마토(일반),20493
20250505,방울토마토(일반),19625
20250506,방울토마토(일반),21409
20250507,방울토마토(일반),17815
20250508,방울토마토(일반),20224
20250509,방울토마토(일반),24347
20250510,방울토마토(일반),21404
20250512,방울토마토(일반),25098
20250513,방울토마토(일반),24761
20250514,방울토마토(일반),25644
20250515,방울토마토(일반),32980
20250516,방울토마토(일반),31422
20250517,방울토마토(일반),31816
20250519,방울토마토(일반),28543
20250520,방울토마토(일반),30836
20250521,방울토마토(일반),30350
20250522,방울토마토(일반),27953
20250523,방울토마토(일반),24299
20250524,방울토마토(일반),23970
20250526,방울토마토(일반),22937
20250527,방울토마토(일반),22062
20250528,방울토마토(일반),20000
20250529,방울토마토(일반),20773
20250530,방울토마토(일반),19496
20250531,방울토마토(일반),18902
20250602,방울토마토(일반),23304
20250603,방울토마토(일반),20994
20250604,방울토마토(일반),23336
20250605,방울토마토(일반),23485
20250606,방울토마토(일반),28420
20250607,방울토마토(일반),22743
20250609,방울토마토(일반),24214
20250610,방울토마토(일반),28843
20250611,방울토마토(일반),18732
20250612,방울토마토(일반),21671
20250613,방울토마토(일반),17772
20250614,방울토마토(일반),18607
20250616,방울토마토(일반),16744
20250617,방울토마토(일반),18355
20250618,방울토마토(일반),17589
20250619,방울토마토(일반),16367
20250620,방울토마토(일반),14876
20250621,방울토마토(일반),13455
20250623,방울토마토(일반),14649
20250624,방울토마토(일반),16536
20250625,방울토마토(일반),18941
20250626,방울토마토(일반),25673
20250627,방울토마토(일반),29927
20250628,방울토마토(일반),35064
20250630,방울토마토(일반),29438
20250701,방울토마토(일반),29299
20250702,방울토마토(일반),32154
20250703,방울토마토(일반),30530
20250704,방울토마토(일반),27985
20250705,방울토마토(일반),24909
20250707,방울토마토(일반),19258
20250708,방울토마토(일반),17667
20250709,방울토마토(일반),17983
20250710,방울토마토(일반),25853
20250711,방울토마토(일반),31335
20250712,방울토마토(일반),35759
20250714,방울토마토(일반),32474
20250715,방울토마토(일반),33197
20250716,방울토마토(일반),31333
20250717,방울토마토(일반),30418
20250718,방울토마토(일반),28753
20250719,방울토마토(일반),21278
20250721,방울토마토(일반),23404
20250722,방울토마토(일반),27554
20250723,방울토마토(일반),41977
20250724,방울토마토(일반),56479
20250725,방울토마토(일반),54295
20250726,방울토마토(일반),37963
20250728,방울토마토(일반),32806
20250729,방울토마토(일반),26291
20250730,방울토마토(일반),27755
20250731,방울토마토(일반),26355
20250801,방울토마토(일반),23272
20250804,방울토마토(일반),20925
20250805,방울토마토(일반),23069
20250806,방울토마토(일반),25000
20250807,방울토마토(일반),35268
20250808,방울토마토(일반),42365
20250809,방울토마토(일반),53720
20250811,방울토마토(일반),46309
20250812,방울토마토(일반),47716
20250813,방울토마토(일반),44474
20250814,방울토마토(일반),51481
20250815,방울토마토(일반),48429
20250816,방울토마토(일반),44190
20250818,방울토마토(일반),42822
20250819,방울토마토(일반),49188
20250820,방울토마토(일반),58660
20250821,방울토마토(일반),82371
20250822,방울토마토(일반),76303
20250823,방울토마토(일반),57102
20250825,방울토마토(일반),49841
20250826,방울토마토(일반),44193
20250827,방울토마토(일반),42934
20250828,방울토마토(일반),42300
20250829,방울토마토(일반),38907
20250830,방울토마토(일반),33145
20250901,방울토마토(일반),40242
20250902,방울토마토(일반),29048
20250903,방울토마토(일반),30162
20250904,방울토마토(일반),31725
20250905,방울토마토(일반),30327
20250906,방울토마토(일반),24953
20250908,방울토마토(일반),20859
20250909,방울토마토(일반),17747
20250910,방울토마토(일반),21747
20250911,방울토마토(일반),20854
20250912,방울토마토(일반),26020
20250913,방울토마토(일반),28250
20250915,방울토마토(일반),28619
20250916,방울토마토(일반),30232
20250917,방울토마토(일반),31502
20250918,방울토마토(일반),32122
20250919,방울토마토(일반),30914
20250920,방울토마토(일반),33789
20250922,방울토마토(일반),33377
20250923,방울토마토(일반),30339
20250924,방울토마토(일반),31251
20250925,방울토마토(일반),32000
20250926,방울토마토(일반),32455
20250927,방울토마토(일반),28579
20250929,방울토마토(일반),28584
20250930,방울토마토(일반),24250
20251001,방울토마토(일반),21267
20251002,방울토마토(일반),18219
20251003,방울토마토(일반),20595
20251004,방울토마토(일반),22644
20251009,방울토마토(일반),18629
20251010,방울토마토(일반),16920
20251011,방울토마토(일반),21803
20251013,방울토마토(일반),19814
20251014,방울토마토(일반),22959
20251015,방울토마토(일반),27988
20251016,방울토마토(일반),31770
20251017,방울토마토(일반),32221
20251018,방울토마토(일반),31582
20251020,방울토마토(일반),29513
20251021,방울토마토(일반),32280
20251022,방울토마토(일반),34859
20251023,방울토마토(일반),34558
20251024,방울토마토(일반),33727
20251025,방울토마토(일반),34191
20251027,방울토마토(일반),32787
20251028,방울토마토(일반),33928
20251029,방울토마토(일반),33726
20251030,방울토마토(일반),34095
20251031,방울토마토(일반),36622
20251103,방울토마토(일반),36459
20251104,방울토마토(일반),36719
20251105,방울토마토(일반),40713
20251106,방울토마토(일반),41136
20251107,방울토마토(일반),43654
20251108,방울토마토(일반),47104
20251110,방울토마토(일반),49590
20251111,방울토마토(일반),48774
20251112,방울토마토(일반),51893
20251113,방울토마토(일반),52453
20251114,방울토마토(일반),48643
20251115,방울토마토(일반),44882
20251117,방울토마토(일반),49907
20251118,방울토마토(일반),47795
20251119,방울토마토(일반),45282
20251120,방울토마토(일반),43771
20251121,방울토마토(일반),34995
20251122,방울토마토(일반),34373
20251124,방울토마토(일반),31416
20251125,방울토마토(일반),30551
20251126,방울토마토(일반),27541
20251127,방울토마토(일반),27172
20251128,방울토마토(일반),26782
20251129,방울토마토(일반),27693
20251201,방울토마토(일반),27679
20251202,방울토마토(일반),28171
20251203,방울토마토(일반),26288
20251204,방울토마토(일반),28140
20251205,방울토마토(일반),23510
20251206,방울토마토(일반),26924
20251208,방울토마토(일반),27193
20251209,방울토마토(일반),33436
20251210,방울토마토(일반),31633
20251211,방울토마토(일반),37150
20251212,방울토마토(일반),33830
20251215,방울토마토(일반),38005
20251216,방울토마토(일반),39145
20251217,방울토마토(일반),34656
20251218,방울토마토(일반),35752
20251219,방울토마토(일반),39534
20251220,방울토마토(일반),36392
20251222,방울토마토(일반),39352
20251223,방울토마토(일반),44976
20251224,방울토마토(일반),41359
20251225,방울토마토(일반),44895
20251226,방울토마토(일반),39014
20251227,방울토마토(일반),42511
20251229,방울토마토(일반),38988
20251230,방울토마토(일반),38291
20251231,방울토마토(일반),38539
20260103,방울토마토(일반),34920
20260105,방울토마토(일반),28367
20260106,방울토마토(일반),34838
20260107,방울토마토(일반),24885
20260108,방울토마토(일반),23056
20260109,방울토마토(일반),24564
20260110,방울토마토(일반),22222
20260112,방울토마토(일반),21937
20260113,방울토마토(일반),25575
20260114,방울토마토(일반),28103
20260115,방울토마토(일반),25000
20260116,방울토마토(일반),29694
20260117,방울토마토(일반),24391
20260119,방울토마토(일반),22862
20260120,방울토마토(일반),34493
20260121,방울토마토(일반),30784
20260122,방울토마토(일반),29234
20260123,방울토마토(일반),32000
20260124,방울토마토(일반),36888
20260126,방울토마토(일반),31026
20260127,방울토마토(일반),31412
20260128,방울토마토(일반),40585
20260129,방울토마토(일반),32670
20260130,방울토마토(일반),36484
20260131,방울토마토(일반),40687
20260202,방울토마토(일반),34557
20260203,방울토마토(일반),40203
20260204,방울토마토(일반),42932
20260205,방울토마토(일반),39880
20260206,방울토마토(일반),36005
20260207,방울토마토(일반),36426
20260209,방울토마토(일반),35353
20260210,방울토마토(일반),40409
20260211,방울토마토(일반),38373
20260212,방울토마토(일반),35500
20260213,방울토마토(일반),32498
20260214,방울토마토(일반),32880
20260216,방울토마토(일반),19307
20260220,방울토마토(일반),30031
20260221,방울토마토(일반),22580
20260223,방울토마토(일반),22148
20260224,방울토마토(일반),34987
20260225,방울토마토(일반),18336
20260226,방울토마토(일반),38786
20260227,방울토마토(일반),28088
20260228,방울토마토(일반),43926
20260302,방울토마토(일반),41794
20260303,방울토마토(일반),34892
20260304,방울토마토(일반),41355
20260305,방울토마토(일반),44203
20260306,방울토마토(일반),39979
20260309,방울토마토(일반),34821
20260310,방울토마토(일반),35983
20260311,방울토마토(일반),37158
20260312,방울토마토(일반),54167
20260313,방울토마토(일반),27566
20260314,방울토마토(일반),32286
20260316,방울토마토(일반),33388
20260317,방울토마토(일반),36548
20260318,방울토마토(일반),39378
20260319,방울토마토(일반),35506
20260320,방울토마토(일반),36655
20260321,방울토마토(일반),31972
20260323,방울토마토(일반),37908
20260324,방울토마토(일반),33453
20260325,방울토마토(일반),38354
20260326,방울토마토(일반),44757
20260327,방울토마토(일반),39709
20260328,방울토마토(일반),40590
20260330,방울토마토(일반),46273
20260331,방울토마토(일반),36723
20260401,방울토마토(일반),37890
20260402,방울토마토(일반),34812
20260403,방울토마토(일반),28177
20260406,방울토마토(일반),36618
20260407,방울토마토(일반),29443
20260408,방울토마토(일반),31695
20260409,방울토마토(일반),35477
20260410,방울토마토(일반),27500
20260411,방울토마토(일반),19645
20260413,방울토마토(일반),33695
20260414,방울토마토(일반),35225
20260415,방울토마토(일반),25592
20260416,방울토마토(일반),32247
20260417,방울토마토(일반),25691
20260418,방울토마토(일반),25057
20260420,방울토마토(일반),27048
20260421,방울토마토(일반),24317
20260422,방울토마토(일반),21345
20260423,방울토마토(일반),24923
20260424,방울토마토(일반),24443
20260425,방울토마토(일반),23968
20260427,방울토마토(일반),27057
20260428,방울토마토(일반),29977
20260429,방울토마토(일반),24221
20260430,방울토마토(일반),28937
20260501,방울토마토(일반),26737
20260502,방울토마토(일반),26123
20260504,방울토마토(일반),22924
20260505,방울토마토(일반),27081
20260506,방울토마토(일반),26512
20260507,방울토마토(일반),27519
20260508,방울토마토(일반),19234
20260509,방울토마토(일반),20520
20260511,방울토마토(일반),28792
20260512,방울토마토(일반),27813
20260513,방울토마토(일반),29436
20260514,방울토마토(일반),30164
20260515,방울토마토(일반),24408
20260516,방울토마토(일반),19625
20260518,방울토마토(일반),31549
20260519,방울토마토(일반),32607
20260520,방울토마토(일반),28144
20260521,방울토마토(일반),30329
20260522,방울토마토(일반),28520
20260523,방울토마토(일반),20995
20260525,방울토마토(일반),27097
20260526,방울토마토(일반),28793
20260527,방울토마토(일반),23147
20210104,완숙토마토,11014
20210105,완숙토마토,10723
20210106,완숙토마토,16670
20210107,완숙토마토,11962
20210108,완숙토마토,10739
20210109,완숙토마토,9000
20210111,완숙토마토,10318
20210112,완숙토마토,11265
20210113,완숙토마토,12575
20210114,완숙토마토,13000
20210115,완숙토마토,16400
20210116,완숙토마토,17051
20210118,완숙토마토,13756
20210119,완숙토마토,14000
20210120,완숙토마토,14601
20210121,완숙토마토,15553
20210122,완숙토마토,16702
20210123,완숙토마토,15000
20210125,완숙토마토,15000
20210126,완숙토마토,15234
20210127,완숙토마토,16062
20210128,완숙토마토,18000
20210129,완숙토마토,18752
20210130,완숙토마토,17708
20210201,완숙토마토,18000
20210202,완숙토마토,16838
20210203,완숙토마토,17972
20210204,완숙토마토,18040
20210205,완숙토마토,17000
20210206,완숙토마토,15852
20210208,완숙토마토,14447
20210209,완숙토마토,12113
20210210,완숙토마토,11207
20210211,완숙토마토,8000
20210215,완숙토마토,12532
20210216,완숙토마토,9609
20210217,완숙토마토,11000
20210218,완숙토마토,12134
20210219,완숙토마토,14000
20210220,완숙토마토,14000
20210222,완숙토마토,15099
20210223,완숙토마토,14112
20210224,완숙토마토,14348
20210225,완숙토마토,15896
20210226,완숙토마토,16000
20210227,완숙토마토,15243
20210301,완숙토마토,16589
20210302,완숙토마토,15595
20210303,완숙토마토,16568
20210304,완숙토마토,17343
20210305,완숙토마토,20000
20210306,완숙토마토,18610
20210308,완숙토마토,19286
20210309,완숙토마토,18655
20210310,완숙토마토,19000
20210311,완숙토마토,19122
20210312,완숙토마토,19736
20210313,완숙토마토,17226
20210315,완숙토마토,19219
20210316,완숙토마토,17015
20210317,완숙토마토,18000
20210318,완숙토마토,17122
20210319,완숙토마토,17524
20210320,완숙토마토,13510
20210322,완숙토마토,14141
20210323,완숙토마토,13073
20210324,완숙토마토,13560
20210325,완숙토마토,12716
20210326,완숙토마토,13638
20210327,완숙토마토,12204
20210329,완숙토마토,12461
20210330,완숙토마토,12049
20210331,완숙토마토,12066
20210401,완숙토마토,11409
20210402,완숙토마토,12366
20210403,완숙토마토,11415
20210405,완숙토마토,13559
20210406,완숙토마토,13000
20210407,완숙토마토,14192
20210408,완숙토마토,15586
20210409,완숙토마토,16430
20210410,완숙토마토,13065
20210412,완숙토마토,14811
20210413,완숙토마토,13077
20210414,완숙토마토,15000
20210415,완숙토마토,15000
20210416,완숙토마토,15766
20210417,완숙토마토,16000
20210419,완숙토마토,16000
20210420,완숙토마토,15000
20210421,완숙토마토,14214
20210422,완숙토마토,14867
20210423,완숙토마토,15000
20210424,완숙토마토,14544
20210426,완숙토마토,15000
20210427,완숙토마토,14000
20210428,완숙토마토,13994
20210429,완숙토마토,13000
20210430,완숙토마토,13000
20210501,완숙토마토,10963
20210503,완숙토마토,12871
20210504,완숙토마토,10120
20210505,완숙토마토,11000
20210506,완숙토마토,10200
20210507,완숙토마토,9551
20210508,완숙토마토,9000
20210510,완숙토마토,10317
20210511,완숙토마토,8703
20210512,완숙토마토,9191
20210513,완숙토마토,9000
20210514,완숙토마토,10291
20210515,완숙토마토,10000
20210517,완숙토마토,11273
20210518,완숙토마토,10252
20210519,완숙토마토,10556
20210520,완숙토마토,10130
20210521,완숙토마토,10000
20210522,완숙토마토,10034
20210524,완숙토마토,9080
20210525,완숙토마토,9077
20210526,완숙토마토,9216
20210527,완숙토마토,9093
20210528,완숙토마토,10000
20210529,완숙토마토,9590
20210531,완숙토마토,10940
20210601,완숙토마토,10000
20210602,완숙토마토,11000
20210603,완숙토마토,10321
20210604,완숙토마토,13121
20210605,완숙토마토,9529
20210607,완숙토마토,13000
20210608,완숙토마토,11568
20210609,완숙토마토,12499
20210610,완숙토마토,9917
20210611,완숙토마토,9927
20210612,완숙토마토,10000
20210614,완숙토마토,11311
20210615,완숙토마토,10609
20210616,완숙토마토,12000
20210617,완숙토마토,12065
20210618,완숙토마토,13152
20210619,완숙토마토,10612
20210621,완숙토마토,12031
20210622,완숙토마토,11556
20210623,완숙토마토,12368
20210624,완숙토마토,10961
20210625,완숙토마토,12477
20210626,완숙토마토,12554
20210628,완숙토마토,12838
20210629,완숙토마토,11539
20210630,완숙토마토,12253
20210701,완숙토마토,14000
20210702,완숙토마토,17739
20210703,완숙토마토,26000
20210705,완숙토마토,29863
20210706,완숙토마토,23142
20210707,완숙토마토,17131
20210708,완숙토마토,16000
20210709,완숙토마토,16604
20210710,완숙토마토,14040
20210712,완숙토마토,12262
20210713,완숙토마토,13337
20210714,완숙토마토,16000
20210715,완숙토마토,16128
20210716,완숙토마토,12277
20210717,완숙토마토,11140
20210719,완숙토마토,12000
20210720,완숙토마토,11611
20210721,완숙토마토,10217
20210722,완숙토마토,8721
20210723,완숙토마토,9255
20210724,완숙토마토,12000
20210726,완숙토마토,12846
20210727,완숙토마토,14000
20210728,완숙토마토,13000
20210729,완숙토마토,15000
20210730,완숙토마토,14750
20210731,완숙토마토,9285
20210802,완숙토마토,8151
20210803,완숙토마토,7000
20210804,완숙토마토,7098
20210805,완숙토마토,8903
20210806,완숙토마토,7196
20210809,완숙토마토,6063
20210810,완숙토마토,9658
20210811,완숙토마토,7711
20210812,완숙토마토,9169
20210813,완숙토마토,9747
20210814,완숙토마토,9674
20210816,완숙토마토,9396
20210817,완숙토마토,12089
20210818,완숙토마토,12602
20210819,완숙토마토,13119
20210820,완숙토마토,16961
20210821,완숙토마토,14000
20210823,완숙토마토,15225
20210824,완숙토마토,19622
20210825,완숙토마토,29854
20210826,완숙토마토,29654
20210827,완숙토마토,36487
20210828,완숙토마토,27244
20210830,완숙토마토,20174
20210831,완숙토마토,13000
20210901,완숙토마토,14435
20210902,완숙토마토,14224
20210903,완숙토마토,15000
20210904,완숙토마토,12992
20210906,완숙토마토,12275
20210907,완숙토마토,11000
20210908,완숙토마토,10493
20210909,완숙토마토,11890
20210910,완숙토마토,17000
20210911,완숙토마토,14312
20210913,완숙토마토,12820
20210914,완숙토마토,14319
20210915,완숙토마토,13648
20210916,완숙토마토,16959
20210917,완숙토마토,24435
20210918,완숙토마토,21629
20210924,완숙토마토,15973
20210925,완숙토마토,12108
20210927,완숙토마토,18096
20210928,완숙토마토,18057
20210929,완숙토마토,17665
20210930,완숙토마토,16509
20211001,완숙토마토,16575
20211002,완숙토마토,16113
20211004,완숙토마토,17000
20211005,완숙토마토,17000
20211006,완숙토마토,18686
20211007,완숙토마토,19267
20211008,완숙토마토,17423
20211009,완숙토마토,16066
20211011,완숙토마토,15292
20211012,완숙토마토,14790
20211013,완숙토마토,19452
20211014,완숙토마토,26813
20211015,완숙토마토,24031
20211016,완숙토마토,15310
20211018,완숙토마토,16627
20211019,완숙토마토,15668
20211020,완숙토마토,16271
20211021,완숙토마토,17979
20211022,완숙토마토,17986
20211023,완숙토마토,17835
20211025,완숙토마토,18539
20211026,완숙토마토,19048
20211027,완숙토마토,20123
20211028,완숙토마토,30898
20211029,완숙토마토,23907
20211030,완숙토마토,18358
20211101,완숙토마토,18270
20211102,완숙토마토,18000
20211103,완숙토마토,18383
20211104,완숙토마토,20279
20211105,완숙토마토,17983
20211106,완숙토마토,15078
20211108,완숙토마토,17000
20211109,완숙토마토,15606
20211110,완숙토마토,13513
20211111,완숙토마토,15013
20211112,완숙토마토,16108
20211113,완숙토마토,15284
20211115,완숙토마토,17066
20211116,완숙토마토,16166
20211117,완숙토마토,16527
20211118,완숙토마토,17611
20211119,완숙토마토,17508
20211120,완숙토마토,15678
20211122,완숙토마토,15089
20211123,완숙토마토,14000
20211124,완숙토마토,13507
20211125,완숙토마토,13318
20211126,완숙토마토,15474
20211127,완숙토마토,13520
20211129,완숙토마토,15598
20211130,완숙토마토,14000
20211201,완숙토마토,12877
20211202,완숙토마토,13000
20211203,완숙토마토,14122
20211204,완숙토마토,13100
20211206,완숙토마토,15347
20211207,완숙토마토,15094
20211208,완숙토마토,15000
20211209,완숙토마토,15951
20211210,완숙토마토,16101
20211211,완숙토마토,15579
20211213,완숙토마토,17889
20211214,완숙토마토,17000
20211215,완숙토마토,17000
20211216,완숙토마토,19000
20211217,완숙토마토,21000
20211218,완숙토마토,21560
20211220,완숙토마토,22000
20211221,완숙토마토,21272
20211222,완숙토마토,22146
20211223,완숙토마토,25000
20211224,완숙토마토,22828
20211225,완숙토마토,20322
20211227,완숙토마토,22063
20211228,완숙토마토,20779
20211229,완숙토마토,18000
20211230,완숙토마토,17785
20211231,완숙토마토,18000
20220103,완숙토마토,17949
20220104,완숙토마토,17000
20220105,완숙토마토,16695
20220106,완숙토마토,18000
20220107,완숙토마토,18350
20220108,완숙토마토,14486
20220110,완숙토마토,16215
20220111,완숙토마토,15391
20220112,완숙토마토,13218
20220113,완숙토마토,14000
20220114,완숙토마토,16367
20220115,완숙토마토,18688
20220117,완숙토마토,18094
20220118,완숙토마토,19418
20220119,완숙토마토,17877
20220120,완숙토마토,17406
20220121,완숙토마토,17862
20220122,완숙토마토,17237
20220124,완숙토마토,20319
20220125,완숙토마토,23056
20220126,완숙토마토,26044
20220127,완숙토마토,28266
20220128,완숙토마토,33987
20220129,완숙토마토,30441
20220204,완숙토마토,18983
20220205,완숙토마토,16174
20220207,완숙토마토,17172
20220208,완숙토마토,16992
20220209,완숙토마토,17873
20220210,완숙토마토,18008
20220211,완숙토마토,20653
20220212,완숙토마토,19827
20220214,완숙토마토,23002
20220215,완숙토마토,23933
20220216,완숙토마토,20222
20220217,완숙토마토,19843
20220218,완숙토마토,19677
20220219,완숙토마토,20541
20220221,완숙토마토,19198
20220222,완숙토마토,20723
20220223,완숙토마토,19502
20220224,완숙토마토,18256
20220225,완숙토마토,20598
20220226,완숙토마토,17568
20220228,완숙토마토,19250
20220301,완숙토마토,17780
20220302,완숙토마토,18977
20220303,완숙토마토,18141
20220304,완숙토마토,19834
20220305,완숙토마토,18130
20220307,완숙토마토,19885
20220308,완숙토마토,17936
20220309,완숙토마토,17262
20220310,완숙토마토,19553
20220311,완숙토마토,18429
20220312,완숙토마토,16708
20220314,완숙토마토,17533
20220315,완숙토마토,16703
20220316,완숙토마토,16140
20220317,완숙토마토,16242
20220318,완숙토마토,16739
20220319,완숙토마토,14343
20220321,완숙토마토,15690
20220322,완숙토마토,15132
20220323,완숙토마토,15173
20220324,완숙토마토,15128
20220325,완숙토마토,16661
20220326,완숙토마토,15324
20220328,완숙토마토,16394
20220329,완숙토마토,15143
20220330,완숙토마토,14349
20220331,완숙토마토,15634
20220401,완숙토마토,16356
20220402,완숙토마토,14918
20220404,완숙토마토,15748
20220405,완숙토마토,15951
20220406,완숙토마토,14437
20220407,완숙토마토,14240
20220408,완숙토마토,14803
20220409,완숙토마토,12717
20220411,완숙토마토,13733
20220412,완숙토마토,11944
20220413,완숙토마토,12340
20220414,완숙토마토,12119
20220415,완숙토마토,11268
20220416,완숙토마토,10629
20220418,완숙토마토,11453
20220419,완숙토마토,10698
20220420,완숙토마토,10634
20220421,완숙토마토,9474
20220422,완숙토마토,10424
20220423,완숙토마토,9277
20220425,완숙토마토,10375
20220426,완숙토마토,10051
20220427,완숙토마토,11000
20220428,완숙토마토,10403
20220429,완숙토마토,12540
20220430,완숙토마토,11018
20220502,완숙토마토,11819
20220503,완숙토마토,12689
20220504,완숙토마토,13191
20220505,완숙토마토,11742
20220506,완숙토마토,12664
20220507,완숙토마토,12034
20220509,완숙토마토,13236
20220510,완숙토마토,11937
20220511,완숙토마토,13473
20220512,완숙토마토,13203
20220513,완숙토마토,13577
20220514,완숙토마토,13891
20220516,완숙토마토,12773
20220517,완숙토마토,11176
20220518,완숙토마토,11044
20220519,완숙토마토,9616
20220520,완숙토마토,9097
20220521,완숙토마토,8288
20220523,완숙토마토,8000
20220524,완숙토마토,7912
20220525,완숙토마토,7721
20220526,완숙토마토,7717
20220527,완숙토마토,8000
20220528,완숙토마토,10480
20220530,완숙토마토,10524
20220531,완숙토마토,10638
20220601,완숙토마토,10411
20220602,완숙토마토,9830
20220603,완숙토마토,11143
20220604,완숙토마토,10327
20220606,완숙토마토,10958
20220607,완숙토마토,11657
20220608,완숙토마토,11226
20220609,완숙토마토,11224
20220610,완숙토마토,11004
20220611,완숙토마토,10310
20220613,완숙토마토,10370
20220614,완숙토마토,10185
20220615,완숙토마토,11845
20220616,완숙토마토,10891
20220617,완숙토마토,12290
20220618,완숙토마토,11741
20220620,완숙토마토,11911
20220621,완숙토마토,12479
20220622,완숙토마토,11004
20220623,완숙토마토,9312
20220624,완숙토마토,9565
20220625,완숙토마토,9659
20220627,완숙토마토,8514
20220628,완숙토마토,6388
20220629,완숙토마토,7584
20220630,완숙토마토,6393
20220701,완숙토마토,6114
20220702,완숙토마토,6870
20220704,완숙토마토,8234
20220705,완숙토마토,8433
20220706,완숙토마토,8506
20220707,완숙토마토,11008
20220708,완숙토마토,15591
20220709,완숙토마토,17522
20220711,완숙토마토,15587
20220712,완숙토마토,18023
20220713,완숙토마토,17111
20220714,완숙토마토,18562
20220715,완숙토마토,24679
20220716,완숙토마토,26508
20220718,완숙토마토,24932
20220719,완숙토마토,24000
20220720,완숙토마토,28604
20220721,완숙토마토,39703
20220722,완숙토마토,45885
20220723,완숙토마토,40335
20220725,완숙토마토,25613
20220726,완숙토마토,24711
20220727,완숙토마토,20248
20220728,완숙토마토,23360
20220729,완숙토마토,32016
20220730,완숙토마토,24276
20220801,완숙토마토,20328
20220802,완숙토마토,20612
20220803,완숙토마토,17937
20220804,완숙토마토,15156
20220805,완숙토마토,16451
20220806,완숙토마토,16451
20220808,완숙토마토,16406
20220809,완숙토마토,15981
20220810,완숙토마토,16233
20220811,완숙토마토,16000
20220812,완숙토마토,15643
20220813,완숙토마토,13390
20220815,완숙토마토,12589
20220816,완숙토마토,11690
20220817,완숙토마토,11997
20220818,완숙토마토,11863
20220819,완숙토마토,13528
20220820,완숙토마토,14599
20220822,완숙토마토,13863
20220823,완숙토마토,15000
20220824,완숙토마토,16716
20220825,완숙토마토,21653
20220826,완숙토마토,28035
20220827,완숙토마토,35924
20220829,완숙토마토,28818
20220830,완숙토마토,26617
20220831,완숙토마토,26122
20220901,완숙토마토,26129
20220902,완숙토마토,27930
20220903,완숙토마토,34235
20220905,완숙토마토,29740
20220906,완숙토마토,25070
20220907,완숙토마토,24472
20220908,완숙토마토,20868
20220909,완숙토마토,11662
20220913,완숙토마토,13260
20220914,완숙토마토,17911
20220915,완숙토마토,19807
20220916,완숙토마토,20640
20220917,완숙토마토,18070
20220919,완숙토마토,20084
20220920,완숙토마토,19781
20220921,완숙토마토,25000
20220922,완숙토마토,25490
20220923,완숙토마토,27722
20220924,완숙토마토,22292
20220926,완숙토마토,24974
20220927,완숙토마토,24212
20220928,완숙토마토,33675
20220929,완숙토마토,45111
20220930,완숙토마토,45643
20221001,완숙토마토,45352
20221003,완숙토마토,45775
20221004,완숙토마토,44809
20221005,완숙토마토,46261
20221006,완숙토마토,36771
20221007,완숙토마토,37509
20221008,완숙토마토,28713
20221010,완숙토마토,23000
20221011,완숙토마토,17981
20221012,완숙토마토,19837
20221013,완숙토마토,18148
20221014,완숙토마토,20363
20221015,완숙토마토,24215
20221017,완숙토마토,24399
20221018,완숙토마토,27690
20221019,완숙토마토,26721
20221020,완숙토마토,23089
20221021,완숙토마토,23248
20221022,완숙토마토,18429
20221024,완숙토마토,18755
20221025,완숙토마토,18398
20221026,완숙토마토,17098
20221027,완숙토마토,16778
20221028,완숙토마토,17810
20221029,완숙토마토,17248
20221031,완숙토마토,16869
20221101,완숙토마토,17000
20221102,완숙토마토,16386
20221103,완숙토마토,15918
20221104,완숙토마토,16390
20221105,완숙토마토,15052
20221107,완숙토마토,16000
20221108,완숙토마토,16000
20221109,완숙토마토,16059
20221110,완숙토마토,16826
20221111,완숙토마토,19382
20221112,완숙토마토,16474
20221114,완숙토마토,16939
20221115,완숙토마토,17383
20221116,완숙토마토,17403
20221117,완숙토마토,19223
20221118,완숙토마토,19552
20221119,완숙토마토,15451
20221121,완숙토마토,17922
20221122,완숙토마토,14270
20221123,완숙토마토,11332
20221124,완숙토마토,12271
20221125,완숙토마토,11951
20221126,완숙토마토,9166
20221128,완숙토마토,11000
20221129,완숙토마토,7719
20221130,완숙토마토,8695
20221201,완숙토마토,9000
20221202,완숙토마토,10346
20221203,완숙토마토,6201
20221205,완숙토마토,10000
20221206,완숙토마토,9760
20221207,완숙토마토,10826
20221208,완숙토마토,12927
20221209,완숙토마토,10517
20221210,완숙토마토,9733
20221212,완숙토마토,11310
20221213,완숙토마토,10060
20221214,완숙토마토,9833
20221215,완숙토마토,9559
20221216,완숙토마토,11000
20221217,완숙토마토,8472
20221219,완숙토마토,12223
20221220,완숙토마토,8760
20221221,완숙토마토,9183
20221222,완숙토마토,8551
20221223,완숙토마토,10461
20221224,완숙토마토,8848
20221226,완숙토마토,9665
20221227,완숙토마토,9887
20221228,완숙토마토,9765
20221229,완숙토마토,10371
20221230,완숙토마토,11622
20221231,완숙토마토,10230
20230103,완숙토마토,11682
20230104,완숙토마토,10126
20230105,완숙토마토,10075
20230106,완숙토마토,10773
20230107,완숙토마토,11245
20230109,완숙토마토,12659
20230110,완숙토마토,12379
20230111,완숙토마토,13227
20230112,완숙토마토,17011
20230113,완숙토마토,17906
20230114,완숙토마토,13562
20230116,완숙토마토,14301
20230117,완숙토마토,13542
20230118,완숙토마토,13356
20230119,완숙토마토,16181
20230120,완숙토마토,15793
20230121,완숙토마토,16811
20230125,완숙토마토,14683
20230126,완숙토마토,12903
20230127,완숙토마토,13144
20230128,완숙토마토,13362
20230130,완숙토마토,14313
20230131,완숙토마토,15386
20230201,완숙토마토,15517
20230202,완숙토마토,18732
20230203,완숙토마토,18994
20230204,완숙토마토,19275
20230206,완숙토마토,21560
20230207,완숙토마토,19296
20230208,완숙토마토,19203
20230209,완숙토마토,19117
20230210,완숙토마토,17444
20230211,완숙토마토,15668
20230213,완숙토마토,17968
20230214,완숙토마토,17539
20230215,완숙토마토,20618
20230216,완숙토마토,21914
20230217,완숙토마토,24456
20230218,완숙토마토,24213
20230220,완숙토마토,25982
20230221,완숙토마토,24099
20230222,완숙토마토,26126
20230223,완숙토마토,26719
20230224,완숙토마토,25307
20230225,완숙토마토,24207
20230227,완숙토마토,25605
20230228,완숙토마토,22596
20230301,완숙토마토,22302
20230302,완숙토마토,21564
20230303,완숙토마토,22278
20230304,완숙토마토,20336
20230306,완숙토마토,18903
20230307,완숙토마토,18353
20230308,완숙토마토,17876
20230309,완숙토마토,18295
20230310,완숙토마토,18393
20230311,완숙토마토,17290
20230313,완숙토마토,18357
20230314,완숙토마토,17796
20230315,완숙토마토,16608
20230316,완숙토마토,17863
20230317,완숙토마토,22116
20230318,완숙토마토,19922
20230320,완숙토마토,20873
20230321,완숙토마토,19505
20230322,완숙토마토,19211
20230323,완숙토마토,19177
20230324,완숙토마토,19259
20230325,완숙토마토,17698
20230327,완숙토마토,19137
20230328,완숙토마토,20122
20230329,완숙토마토,19496
20230330,완숙토마토,19733
20230331,완숙토마토,19616
20230401,완숙토마토,18027
20230403,완숙토마토,18163
20230404,완숙토마토,18002
20230405,완숙토마토,16000
20230406,완숙토마토,15784
20230407,완숙토마토,15489
20230408,완숙토마토,13957
20230410,완숙토마토,14088
20230411,완숙토마토,13000
20230412,완숙토마토,12717
20230413,완숙토마토,11667
20230414,완숙토마토,13579
20230415,완숙토마토,13008
20230417,완숙토마토,11249
20230418,완숙토마토,12025
20230419,완숙토마토,12380
20230420,완숙토마토,12805
20230421,완숙토마토,12739
20230422,완숙토마토,12014
20230424,완숙토마토,11808
20230425,완숙토마토,11257
20230426,완숙토마토,11053
20230427,완숙토마토,11178
20230428,완숙토마토,10961
20230429,완숙토마토,10187
20230501,완숙토마토,10000
20230502,완숙토마토,10039
20230503,완숙토마토,10842
20230504,완숙토마토,10629
20230505,완숙토마토,11534
20230506,완숙토마토,12489
20230508,완숙토마토,13322
20230509,완숙토마토,14338
20230510,완숙토마토,14100
20230511,완숙토마토,13309
20230512,완숙토마토,13004
20230513,완숙토마토,12432
20230515,완숙토마토,12499
20230516,완숙토마토,13071
20230517,완숙토마토,12974
20230518,완숙토마토,12371
20230519,완숙토마토,12048
20230520,완숙토마토,11624
20230522,완숙토마토,11208
20230523,완숙토마토,11133
20230524,완숙토마토,10534
20230525,완숙토마토,10227
20230526,완숙토마토,9896
20230527,완숙토마토,9334
20230529,완숙토마토,8803
20230530,완숙토마토,8652
20230531,완숙토마토,8843
20230601,완숙토마토,11788
20230602,완숙토마토,14179
20230603,완숙토마토,17524
20230605,완숙토마토,15704
20230606,완숙토마토,13583
20230607,완숙토마토,12197
20230608,완숙토마토,12301
20230609,완숙토마토,13000
20230610,완숙토마토,13705
20230612,완숙토마토,12707
20230613,완숙토마토,12015
20230614,완숙토마토,13249
20230615,완숙토마토,15073
20230616,완숙토마토,16050
20230617,완숙토마토,14434
20230619,완숙토마토,12953
20230620,완숙토마토,12108
20230621,완숙토마토,12357
20230622,완숙토마토,13453
20230623,완숙토마토,12578
20230624,완숙토마토,12855
20230626,완숙토마토,11628
20230627,완숙토마토,11821
20230628,완숙토마토,11903
20230629,완숙토마토,11213
20230630,완숙토마토,10308
20230701,완숙토마토,10748
20230703,완숙토마토,11226
20230704,완숙토마토,13000
20230705,완숙토마토,16012
20230706,완숙토마토,20000
20230707,완숙토마토,20359
20230708,완숙토마토,18463
20230710,완숙토마토,16870
20230711,완숙토마토,17362
20230712,완숙토마토,18000
20230713,완숙토마토,19000
20230714,완숙토마토,20687
20230715,완숙토마토,17187
20230717,완숙토마토,18056
20230718,완숙토마토,14165
20230719,완숙토마토,15315
20230720,완숙토마토,15702
20230721,완숙토마토,15645
20230722,완숙토마토,14196
20230724,완숙토마토,16403
20230725,완숙토마토,13202
20230726,완숙토마토,14920
20230727,완숙토마토,12524
20230728,완숙토마토,13819
20230729,완숙토마토,13000
20230731,완숙토마토,13289
20230801,완숙토마토,14415
20230802,완숙토마토,15286
20230803,완숙토마토,17155
20230804,완숙토마토,30206
20230807,완숙토마토,18724
20230808,완숙토마토,16951
20230809,완숙토마토,16573
20230810,완숙토마토,18113
20230811,완숙토마토,18822
20230812,완숙토마토,16585
20230814,완숙토마토,18239
20230815,완숙토마토,17313
20230816,완숙토마토,17874
20230817,완숙토마토,18634
20230818,완숙토마토,20798
20230819,완숙토마토,30000
20230821,완숙토마토,23268
20230822,완숙토마토,23369
20230823,완숙토마토,26343
20230824,완숙토마토,30455
20230825,완숙토마토,31292
20230826,완숙토마토,30640
20230828,완숙토마토,23275
20230829,완숙토마토,30562
20230830,완숙토마토,32181
20230831,완숙토마토,38684
20230901,완숙토마토,38051
20230902,완숙토마토,39117
20230904,완숙토마토,38099
20230905,완숙토마토,38809
20230906,완숙토마토,39422
20230907,완숙토마토,37474
20230908,완숙토마토,38428
20230909,완숙토마토,39549
20230911,완숙토마토,32228
20230912,완숙토마토,32497
20230913,완숙토마토,29830
20230914,완숙토마토,25766
20230915,완숙토마토,26819
20230916,완숙토마토,28617
20230918,완숙토마토,30456
20230919,완숙토마토,31427
20230920,완숙토마토,36270
20230921,완숙토마토,42572
20230922,완숙토마토,63000
20230923,완숙토마토,66272
20230925,완숙토마토,46032
20230926,완숙토마토,35125
20230927,완숙토마토,26001
20230928,완숙토마토,19713
20231002,완숙토마토,19242
20231003,완숙토마토,21505
20231004,완숙토마토,23342
20231005,완숙토마토,26417
20231006,완숙토마토,27230
20231007,완숙토마토,31040
20231009,완숙토마토,29155
20231010,완숙토마토,29928
20231011,완숙토마토,29331
20231012,완숙토마토,36935
20231013,완숙토마토,47581
20231014,완숙토마토,80451
20231016,완숙토마토,75332
20231017,완숙토마토,75582
20231018,완숙토마토,58395
20231019,완숙토마토,53674
20231020,완숙토마토,53867
20231021,완숙토마토,49944
20231023,완숙토마토,41809
20231024,완숙토마토,30024
20231025,완숙토마토,30407
20231026,완숙토마토,32540
20231027,완숙토마토,28750
20231028,완숙토마토,27602
20231030,완숙토마토,26379
20231031,완숙토마토,25000
20231101,완숙토마토,23300
20231102,완숙토마토,23228
20231103,완숙토마토,17128
20231106,완숙토마토,16385
20231107,완숙토마토,19000
20231108,완숙토마토,21593
20231109,완숙토마토,22072
20231110,완숙토마토,22980
20231111,완숙토마토,21460
20231113,완숙토마토,18665
20231114,완숙토마토,18163
20231115,완숙토마토,18000
20231116,완숙토마토,16981
20231117,완숙토마토,17321
20231118,완숙토마토,17283
20231120,완숙토마토,18000
20231121,완숙토마토,17640
20231122,완숙토마토,18158
20231123,완숙토마토,18000
20231124,완숙토마토,18075
20231125,완숙토마토,21652
20231127,완숙토마토,22783
20231128,완숙토마토,22000
20231129,완숙토마토,24803
20231130,완숙토마토,28000
20231201,완숙토마토,25271
20231202,완숙토마토,25271
20231204,완숙토마토,23000
20231205,완숙토마토,21087
20231206,완숙토마토,21253
20231207,완숙토마토,22261
20231208,완숙토마토,19220
20231209,완숙토마토,18200
20231211,완숙토마토,18712
20231212,완숙토마토,18072
20231213,완숙토마토,19585
20231214,완숙토마토,19340
20231215,완숙토마토,20094
20231216,완숙토마토,20000
20231218,완숙토마토,23377
20231219,완숙토마토,22282
20231220,완숙토마토,23037
20231221,완숙토마토,24000
20231222,완숙토마토,21936
20231223,완숙토마토,23711
20231225,완숙토마토,21773
20231226,완숙토마토,21034
20231227,완숙토마토,22046
20231228,완숙토마토,23118
20231229,완숙토마토,20017
20231230,완숙토마토,21053
20240103,완숙토마토,18772
20240104,완숙토마토,19000
20240105,완숙토마토,19000
20240106,완숙토마토,18504
20240108,완숙토마토,19000
20240109,완숙토마토,19086
20240110,완숙토마토,19046
20240111,완숙토마토,21157
20240112,완숙토마토,21246
20240113,완숙토마토,24408
20240115,완숙토마토,27182
20240116,완숙토마토,27204
20240117,완숙토마토,28898
20240118,완숙토마토,30148
20240119,완숙토마토,30549
20240120,완숙토마토,29565
20240122,완숙토마토,36219
20240123,완숙토마토,36127
20240124,완숙토마토,33264
20240125,완숙토마토,35256
20240126,완숙토마토,35000
20240127,완숙토마토,33425
20240129,완숙토마토,34820
20240130,완숙토마토,33405
20240131,완숙토마토,34498
20240201,완숙토마토,32956
20240202,완숙토마토,33426
20240203,완숙토마토,35456
20240205,완숙토마토,36812
20240206,완숙토마토,34568
20240207,완숙토마토,32754
20240208,완숙토마토,30097
20240209,완숙토마토,25184
20240213,완숙토마토,24523
20240214,완숙토마토,24281
20240215,완숙토마토,26860
20240216,완숙토마토,26763
20240217,완숙토마토,26629
20240219,완숙토마토,27462
20240220,완숙토마토,28071
20240221,완숙토마토,28656
20240222,완숙토마토,30249
20240223,완숙토마토,33204
20240224,완숙토마토,33326
20240226,완숙토마토,36772
20240227,완숙토마토,36206
20240228,완숙토마토,37106
20240229,완숙토마토,37928
20240301,완숙토마토,34455
20240302,완숙토마토,34455
20240304,완숙토마토,35914
20240305,완숙토마토,32677
20240306,완숙토마토,33350
20240307,완숙토마토,33703
20240308,완숙토마토,31418
20240309,완숙토마토,29035
20240311,완숙토마토,30672
20240312,완숙토마토,28843
20240313,완숙토마토,30012
20240314,완숙토마토,29092
20240315,완숙토마토,30719
20240316,완숙토마토,28587
20240318,완숙토마토,28959
20240319,완숙토마토,29401
20240320,완숙토마토,29706
20240321,완숙토마토,30266
20240322,완숙토마토,30525
20240323,완숙토마토,30134
20240325,완숙토마토,29857
20240326,완숙토마토,31181
20240327,완숙토마토,29581
20240328,완숙토마토,30013
20240329,완숙토마토,30062
20240330,완숙토마토,27815
20240401,완숙토마토,29699
20240402,완숙토마토,29603
20240403,완숙토마토,28356
20240404,완숙토마토,29508
20240405,완숙토마토,29278
20240406,완숙토마토,29588
20240408,완숙토마토,29347
20240409,완숙토마토,30000
20240410,완숙토마토,28958
20240411,완숙토마토,27000
20240412,완숙토마토,26457
20240413,완숙토마토,23732
20240415,완숙토마토,22207
20240416,완숙토마토,17000
20240417,완숙토마토,17345
20240418,완숙토마토,18000
20240419,완숙토마토,20000
20240420,완숙토마토,23293
20240422,완숙토마토,23000
20240423,완숙토마토,21058
20240424,완숙토마토,22652
20240425,완숙토마토,21955
20240426,완숙토마토,21596
20240427,완숙토마토,19020
20240429,완숙토마토,17383
20240430,완숙토마토,16020
20240501,완숙토마토,16519
20240502,완숙토마토,18163
20240503,완숙토마토,19240
20240504,완숙토마토,18342
20240506,완숙토마토,16226
20240507,완숙토마토,15657
20240508,완숙토마토,14182
20240509,완숙토마토,15897
20240510,완숙토마토,16000
20240511,완숙토마토,17000
20240513,완숙토마토,16534
20240514,완숙토마토,16413
20240515,완숙토마토,18147
20240516,완숙토마토,22762
20240517,완숙토마토,23090
20240518,완숙토마토,25133
20240520,완숙토마토,21554
20240521,완숙토마토,20251
20240522,완숙토마토,19048
20240523,완숙토마토,18993
20240524,완숙토마토,18654
20240525,완숙토마토,16377
20240527,완숙토마토,16556
20240528,완숙토마토,14031
20240529,완숙토마토,11349
20240530,완숙토마토,9408
20240531,완숙토마토,8867
20240601,완숙토마토,7938
20240603,완숙토마토,10220
20240604,완숙토마토,10621
20240605,완숙토마토,11668
20240606,완숙토마토,12000
20240607,완숙토마토,12737
20240608,완숙토마토,13000
20240610,완숙토마토,13000
20240611,완숙토마토,12243
20240612,완숙토마토,12248
20240613,완숙토마토,11246
20240614,완숙토마토,10683
20240615,완숙토마토,12150
20240617,완숙토마토,11766
20240618,완숙토마토,11093
20240619,완숙토마토,10704
20240620,완숙토마토,9000
20240621,완숙토마토,9373
20240622,완숙토마토,10000
20240624,완숙토마토,9930
20240625,완숙토마토,10596
20240626,완숙토마토,9839
20240627,완숙토마토,9532
20240628,완숙토마토,8476
20240629,완숙토마토,8032
20240701,완숙토마토,10000
20240702,완숙토마토,10518
20240703,완숙토마토,11819
20240704,완숙토마토,12000
20240705,완숙토마토,13341
20240706,완숙토마토,18014
20240708,완숙토마토,16439
20240709,완숙토마토,13985
20240710,완숙토마토,13185
20240711,완숙토마토,11923
20240712,완숙토마토,12371
20240713,완숙토마토,12865
20240715,완숙토마토,13393
20240716,완숙토마토,12640
20240717,완숙토마토,11167
20240718,완숙토마토,11155
20240719,완숙토마토,11000
20240720,완숙토마토,10241
20240722,완숙토마토,11663
20240723,완숙토마토,13000
20240724,완숙토마토,11799
20240725,완숙토마토,12000
20240726,완숙토마토,13000
20240727,완숙토마토,15000
20240729,완숙토마토,13967
20240730,완숙토마토,13059
20240731,완숙토마토,12828
20240801,완숙토마토,14000
20240802,완숙토마토,12465
20240805,완숙토마토,12944
20240806,완숙토마토,15530
20240807,완숙토마토,17425
20240808,완숙토마토,18270
20240809,완숙토마토,17880
20240810,완숙토마토,15687
20240812,완숙토마토,14650
20240813,완숙토마토,14339
20240814,완숙토마토,17754
20240815,완숙토마토,22088
20240816,완숙토마토,28847
20240817,완숙토마토,31813
20240819,완숙토마토,26985
20240820,완숙토마토,26389
20240821,완숙토마토,24235
20240822,완숙토마토,22906
20240823,완숙토마토,20397
20240824,완숙토마토,16678
20240826,완숙토마토,16996
20240827,완숙토마토,17038
20240828,완숙토마토,20393
20240829,완숙토마토,23273
20240830,완숙토마토,29288
20240831,완숙토마토,31321
20240902,완숙토마토,30000
20240903,완숙토마토,30674
20240904,완숙토마토,31836
20240905,완숙토마토,37689
20240906,완숙토마토,35599
20240907,완숙토마토,35005
20240909,완숙토마토,40390
20240910,완숙토마토,39024
20240911,완숙토마토,45176
20240912,완숙토마토,46698
20240913,완숙토마토,51641
20240914,완숙토마토,47410
20240916,완숙토마토,30954
20240920,완숙토마토,22396
20240921,완숙토마토,26960
20240923,완숙토마토,26194
20240924,완숙토마토,25870
20240925,완숙토마토,27566
20240926,완숙토마토,33300
20240927,완숙토마토,34691
20240928,완숙토마토,39318
20240930,완숙토마토,38704
20241001,완숙토마토,45550
20241002,완숙토마토,62263
20241003,완숙토마토,68513
20241004,완숙토마토,68186
20241005,완숙토마토,68143
20241007,완숙토마토,64887
20241008,완숙토마토,62351
20241009,완숙토마토,59089
20241010,완숙토마토,65152
20241011,완숙토마토,58571
20241012,완숙토마토,66757
20241014,완숙토마토,60798
20241015,완숙토마토,53148
20241016,완숙토마토,44860
20241017,완숙토마토,44023
20241018,완숙토마토,45780
20241019,완숙토마토,37622
20241021,완숙토마토,40470
20241022,완숙토마토,30308
20241023,완숙토마토,33280
20241024,완숙토마토,26200
20241025,완숙토마토,29768
20241026,완숙토마토,25407
20241028,완숙토마토,28345
20241029,완숙토마토,24000
20241030,완숙토마토,23444
20241031,완숙토마토,30909
20241101,완숙토마토,30651
20241102,완숙토마토,26706
20241104,완숙토마토,27512
20241105,완숙토마토,28000
20241106,완숙토마토,29223
20241107,완숙토마토,29718
20241108,완숙토마토,30396
20241109,완숙토마토,29822
20241111,완숙토마토,31000
20241112,완숙토마토,37115
20241113,완숙토마토,41209
20241114,완숙토마토,50000
20241115,완숙토마토,45454
20241116,완숙토마토,30129
20241118,완숙토마토,33000
20241119,완숙토마토,42205
20241120,완숙토마토,33000
20241121,완숙토마토,37680
20241122,완숙토마토,30581
20241123,완숙토마토,26223
20241125,완숙토마토,26126
20241126,완숙토마토,27000
20241127,완숙토마토,23872
20241128,완숙토마토,25042
20241129,완숙토마토,25052
20241130,완숙토마토,22389
20241202,완숙토마토,25923
20241203,완숙토마토,27436
20241204,완숙토마토,26296
20241205,완숙토마토,26839
20241206,완숙토마토,24151
20241207,완숙토마토,21620
20241209,완숙토마토,21345
20241210,완숙토마토,20200
20241211,완숙토마토,21348
20241212,완숙토마토,24622
20241213,완숙토마토,19824
20241214,완숙토마토,22000
20241216,완숙토마토,21000
20241217,완숙토마토,20216
20241218,완숙토마토,19598
20241219,완숙토마토,21000
20241220,완숙토마토,20237
20241221,완숙토마토,19000
20241223,완숙토마토,20801
20241224,완숙토마토,19127
20241225,완숙토마토,18100
20241226,완숙토마토,20000
20241227,완숙토마토,18988
20241228,완숙토마토,15709
20241230,완숙토마토,15691
20241231,완숙토마토,14488
20250102,완숙토마토,14488
20250103,완숙토마토,15637
20250104,완숙토마토,12551
20250106,완숙토마토,14000
20250107,완숙토마토,13000
20250108,완숙토마토,15000
20250109,완숙토마토,17731
20250110,완숙토마토,15373
20250111,완숙토마토,14233
20250113,완숙토마토,14865
20250114,완숙토마토,15000
20250115,완숙토마토,16000
20250116,완숙토마토,18000
20250117,완숙토마토,17566
20250118,완숙토마토,19154
20250120,완숙토마토,18151
20250121,완숙토마토,18000
20250122,완숙토마토,17161
20250123,완숙토마토,16124
20250124,완숙토마토,16000
20250125,완숙토마토,14844
20250127,완숙토마토,15000
20250128,완숙토마토,11665
20250201,완숙토마토,11041
20250203,완숙토마토,15203
20250204,완숙토마토,15088
20250205,완숙토마토,17883
20250206,완숙토마토,19116
20250207,완숙토마토,19416
20250208,완숙토마토,18000
20250210,완숙토마토,19000
20250211,완숙토마토,21000
20250213,완숙토마토,24271
20250214,완숙토마토,26558
20250215,완숙토마토,24349
20250217,완숙토마토,25170
20250218,완숙토마토,22164
20250219,완숙토마토,21778
20250220,완숙토마토,21312
20250221,완숙토마토,20059
20250222,완숙토마토,19896
20250224,완숙토마토,20144
20250225,완숙토마토,19947
20250226,완숙토마토,18964
20250227,완숙토마토,18933
20250228,완숙토마토,19187
20250301,완숙토마토,18195
20250303,완숙토마토,19000
20250304,완숙토마토,19770
20250306,완숙토마토,20107
20250307,완숙토마토,20813
20250308,완숙토마토,20161
20250310,완숙토마토,21358
20250311,완숙토마토,19501
20250312,완숙토마토,20212
20250313,완숙토마토,20000
20250314,완숙토마토,19250
20250315,완숙토마토,20000
20250317,완숙토마토,19730
20250318,완숙토마토,19308
20250319,완숙토마토,19211
20250320,완숙토마토,19147
20250321,완숙토마토,19029
20250322,완숙토마토,16218
20250324,완숙토마토,17112
20250325,완숙토마토,16019
20250326,완숙토마토,16389
20250327,완숙토마토,17000
20250328,완숙토마토,15262
20250329,완숙토마토,15105
20250331,완숙토마토,15491
20250401,완숙토마토,15096
20250402,완숙토마토,14086
20250403,완숙토마토,15237
20250404,완숙토마토,15229
20250405,완숙토마토,14734
20250407,완숙토마토,15157
20250408,완숙토마토,16000
20250409,완숙토마토,15178
20250410,완숙토마토,15742
20250411,완숙토마토,15367
20250412,완숙토마토,14919
20250414,완숙토마토,15000
20250415,완숙토마토,15015
20250416,완숙토마토,15220
20250417,완숙토마토,15026
20250418,완숙토마토,15027
20250419,완숙토마토,14729
20250421,완숙토마토,14385
20250422,완숙토마토,12089
20250423,완숙토마토,12021
20250424,완숙토마토,11380
20250425,완숙토마토,11240
20250426,완숙토마토,10086
20250428,완숙토마토,11042
20250429,완숙토마토,10000
20250430,완숙토마토,10896
20250501,완숙토마토,10000
20250502,완숙토마토,11261
20250503,완숙토마토,11566
20250505,완숙토마토,11295
20250506,완숙토마토,10398
20250507,완숙토마토,10191
20250508,완숙토마토,10239
20250509,완숙토마토,10571
20250510,완숙토마토,10000
20250512,완숙토마토,10490
20250513,완숙토마토,10314
20250514,완숙토마토,13000
20250515,완숙토마토,14797
20250516,완숙토마토,16000
20250517,완숙토마토,14000
20250519,완숙토마토,13428
20250520,완숙토마토,13135
20250521,완숙토마토,12000
20250522,완숙토마토,10000
20250523,완숙토마토,10323
20250524,완숙토마토,10000
20250526,완숙토마토,9921
20250527,완숙토마토,10161
20250528,완숙토마토,8540
20250529,완숙토마토,9178
20250530,완숙토마토,8194
20250531,완숙토마토,8561
20250602,완숙토마토,8586
20250603,완숙토마토,10000
20250604,완숙토마토,12163
20250605,완숙토마토,11271
20250606,완숙토마토,11617
20250607,완숙토마토,11430
20250609,완숙토마토,10966
20250610,완숙토마토,11570
20250611,완숙토마토,11960
20250612,완숙토마토,11308
20250613,완숙토마토,12272
20250614,완숙토마토,12548
20250616,완숙토마토,12351
20250617,완숙토마토,11403
20250618,완숙토마토,10953
20250619,완숙토마토,9541
20250620,완숙토마토,8785
20250621,완숙토마토,8720
20250623,완숙토마토,8156
20250624,완숙토마토,7392
20250625,완숙토마토,9350
20250626,완숙토마토,9000
20250627,완숙토마토,9112
20250628,완숙토마토,9692
20250630,완숙토마토,9531
20250701,완숙토마토,12187
20250702,완숙토마토,18848
20250703,완숙토마토,21738
20250704,완숙토마토,20032
20250705,완숙토마토,18707
20250707,완숙토마토,14118
20250708,완숙토마토,10415
20250709,완숙토마토,10009
20250710,완숙토마토,9207
20250711,완숙토마토,10480
20250712,완숙토마토,11016
20250714,완숙토마토,10627
20250715,완숙토마토,10163
20250716,완숙토마토,10217
20250717,완숙토마토,10454
20250718,완숙토마토,14000
20250719,완숙토마토,15313
20250721,완숙토마토,17000
20250722,완숙토마토,16980
20250723,완숙토마토,20582
20250724,완숙토마토,26061
20250725,완숙토마토,28300
20250726,완숙토마토,28000
20250728,완숙토마토,24883
20250729,완숙토마토,23186
20250730,완숙토마토,26000
20250731,완숙토마토,25835
20250801,완숙토마토,17865
20250804,완숙토마토,15849
20250805,완숙토마토,17877
20250806,완숙토마토,14302
20250807,완숙토마토,13000
20250808,완숙토마토,11845
20250809,완숙토마토,11628
20250811,완숙토마토,11000
20250812,완숙토마토,12298
20250813,완숙토마토,14000
20250814,완숙토마토,19439
20250815,완숙토마토,28926
20250816,완숙토마토,27005
20250818,완숙토마토,26317
20250819,완숙토마토,34127
20250820,완숙토마토,35380
20250821,완숙토마토,28650
20250822,완숙토마토,27199
20250823,완숙토마토,21568
20250825,완숙토마토,20083
20250826,완숙토마토,18526
20250827,완숙토마토,19718
20250828,완숙토마토,23693
20250829,완숙토마토,21960
20250830,완숙토마토,18615
20250901,완숙토마토,17293
20250902,완숙토마토,18368
20250903,완숙토마토,22881
20250904,완숙토마토,19315
20250905,완숙토마토,20589
20250906,완숙토마토,18308
20250908,완숙토마토,16744
20250909,완숙토마토,16204
20250910,완숙토마토,17402
20250911,완숙토마토,20786
20250912,완숙토마토,31182
20250913,완숙토마토,28783
20250915,완숙토마토,27633
20250916,완숙토마토,32989
20250917,완숙토마토,47621
20250918,완숙토마토,78232
20250919,완숙토마토,50787
20250920,완숙토마토,31826
20250922,완숙토마토,31261
20250923,완숙토마토,27180
20250924,완숙토마토,25903
20250925,완숙토마토,27000
20250926,완숙토마토,26016
20250927,완숙토마토,26744
20250929,완숙토마토,24695
20250930,완숙토마토,22218
20251001,완숙토마토,22335
20251002,완숙토마토,17585
20251003,완숙토마토,15756
20251004,완숙토마토,15681
20251009,완숙토마토,18013
20251010,완숙토마토,17101
20251011,완숙토마토,21317
20251013,완숙토마토,26039
20251014,완숙토마토,28761
20251015,완숙토마토,32268
20251016,완숙토마토,34181
20251017,완숙토마토,26133
20251018,완숙토마토,32246
20251020,완숙토마토,26564
20251021,완숙토마토,26723
20251022,완숙토마토,27637
20251023,완숙토마토,28970
20251024,완숙토마토,30287
20251025,완숙토마토,30622
20251027,완숙토마토,28359
20251028,완숙토마토,28957
20251029,완숙토마토,35102
20251030,완숙토마토,37642
20251031,완숙토마토,31168
20251103,완숙토마토,30252
20251104,완숙토마토,30876
20251105,완숙토마토,32876
20251106,완숙토마토,32379
20251107,완숙토마토,32794
20251108,완숙토마토,28444
20251110,완숙토마토,27434
20251111,완숙토마토,27258
20251112,완숙토마토,27073
20251113,완숙토마토,26900
20251114,완숙토마토,23065
20251115,완숙토마토,22946
20251117,완숙토마토,22290
20251118,완숙토마토,21088
20251119,완숙토마토,20135
20251120,완숙토마토,20497
20251121,완숙토마토,18344
20251122,완숙토마토,18000
20251124,완숙토마토,18696
20251125,완숙토마토,17000
20251126,완숙토마토,17771
20251127,완숙토마토,18797
20251128,완숙토마토,18214
20251129,완숙토마토,19140
20251201,완숙토마토,21107
20251202,완숙토마토,19275
20251203,완숙토마토,18758
20251204,완숙토마토,19507
20251205,완숙토마토,17385
20251206,완숙토마토,18000
20251208,완숙토마토,18534
20251209,완숙토마토,17716
20251210,완숙토마토,19175
20251211,완숙토마토,23027
20251212,완숙토마토,20000
20251215,완숙토마토,19264
20251216,완숙토마토,18373
20251217,완숙토마토,19281
20251218,완숙토마토,18312
20251219,완숙토마토,19067
20251220,완숙토마토,19264
20251222,완숙토마토,19000
20251223,완숙토마토,17042
20251224,완숙토마토,18000
20251225,완숙토마토,18000
20251226,완숙토마토,17186
20251227,완숙토마토,16000
20251229,완숙토마토,17000
20251230,완숙토마토,16405
20251231,완숙토마토,16135
20260103,완숙토마토,14382
20260105,완숙토마토,14034
20260106,완숙토마토,12599
20260107,완숙토마토,14000
20260108,완숙토마토,13000
20260109,완숙토마토,11699
20260110,완숙토마토,12000
20260112,완숙토마토,13097
20260113,완숙토마토,14000
20260114,완숙토마토,15000
20260115,완숙토마토,15183
20260116,완숙토마토,15000
20260117,완숙토마토,15736
20260119,완숙토마토,16046
20260120,완숙토마토,16000
20260121,완숙토마토,15000
20260122,완숙토마토,17080
20260123,완숙토마토,15627
20260124,완숙토마토,16000
20260126,완숙토마토,16476
20260127,완숙토마토,16562
20260128,완숙토마토,16249
20260129,완숙토마토,18000
20260130,완숙토마토,17000
20260131,완숙토마토,17000
20260202,완숙토마토,18501
20260203,완숙토마토,17915
20260204,완숙토마토,17184
20260205,완숙토마토,18898
20260206,완숙토마토,17438
20260207,완숙토마토,16619
20260209,완숙토마토,17000
20260210,완숙토마토,16173
20260211,완숙토마토,16941
20260212,완숙토마토,20000
20260213,완숙토마토,17929
20260214,완숙토마토,17775
20260216,완숙토마토,13454
20260220,완숙토마토,11868
20260221,완숙토마토,11642
20260223,완숙토마토,15757
20260224,완숙토마토,15000
20260225,완숙토마토,13707
20260226,완숙토마토,13828
20260227,완숙토마토,13238
20260228,완숙토마토,18000
20260302,완숙토마토,18000
20260303,완숙토마토,17116
20260304,완숙토마토,17222
20260305,완숙토마토,19645
20260306,완숙토마토,16844
20260309,완숙토마토,18475
20260310,완숙토마토,17000
20260311,완숙토마토,16000
20260312,완숙토마토,16000
20260313,완숙토마토,15755
20260314,완숙토마토,16914
20260316,완숙토마토,18134
20260317,완숙토마토,17034
20260318,완숙토마토,17169
20260319,완숙토마토,17958
20260320,완숙토마토,17632
20260321,완숙토마토,16852
20260323,완숙토마토,17154
20260324,완숙토마토,16498
20260325,완숙토마토,16725
20260326,완숙토마토,16466
20260327,완숙토마토,16533
20260328,완숙토마토,15496
20260330,완숙토마토,16268
20260331,완숙토마토,15519
20260401,완숙토마토,14072
20260402,완숙토마토,14670
20260403,완숙토마토,12960
20260406,완숙토마토,13080
20260407,완숙토마토,11677
20260408,완숙토마토,11317
20260409,완숙토마토,10555
20260410,완숙토마토,11056
20260411,완숙토마토,10668
20260413,완숙토마토,12000
20260414,완숙토마토,12171
20260415,완숙토마토,11000
20260416,완숙토마토,11042
20260417,완숙토마토,11042
20260418,완숙토마토,12074
20260420,완숙토마토,12510
20260421,완숙토마토,11447
20260422,완숙토마토,12257
20260423,완숙토마토,11624
20260424,완숙토마토,11000
20260425,완숙토마토,11053
20260427,완숙토마토,10912
20260428,완숙토마토,10806
20260429,완숙토마토,10000
20260430,완숙토마토,11000
20260501,완숙토마토,11000
20260502,완숙토마토,10873
20260504,완숙토마토,10230
20260505,완숙토마토,9885
20260506,완숙토마토,10000
20260507,완숙토마토,10470
20260508,완숙토마토,11000
20260509,완숙토마토,12000
20260511,완숙토마토,12204
20260512,완숙토마토,12027
20260513,완숙토마토,12714
20260514,완숙토마토,12245
20260515,완숙토마토,12052
20260516,완숙토마토,12000
20260518,완숙토마토,11818
20260519,완숙토마토,11397
20260520,완숙토마토,12145
20260521,완숙토마토,12153
20260522,완숙토마토,13012
20260523,완숙토마토,13264
20260525,완숙토마토,12089
20260526,완숙토마토,10056
20260527,완숙토마토,9620
20210104,토마토,43000
20210105,토마토,51000
20210106,토마토,55000
20210107,토마토,55000
20210108,토마토,51500
20210109,토마토,42625
20210111,토마토,46000
20210112,토마토,37800
20210113,토마토,36000
20210114,토마토,29000
20210115,토마토,32000
20210116,토마토,26400
20210118,토마토,34257
20210119,토마토,26857
20210120,토마토,36000
20210121,토마토,36000
20210122,토마토,41727
20210123,토마토,28000
20210125,토마토,35160
20210126,토마토,30000
20210127,토마토,32000
20210128,토마토,26571
20210129,토마토,33714
20210130,토마토,26000
20210201,토마토,33000
20210202,토마토,20000
20210203,토마토,28000
20210204,토마토,28000
20210205,토마토,29500
20210206,토마토,14000
20210208,토마토,30686
20210209,토마토,30686
20210210,토마토,34643
20210211,토마토,34643
20210215,토마토,29609
20210216,토마토,20000
20210217,토마토,33895
20210218,토마토,33895
20210219,토마토,31829
20210220,토마토,21000
20210222,토마토,33786
20210223,토마토,18000
20210224,토마토,36189
20210225,토마토,36189
20210226,토마토,35000
20210227,토마토,35000
20210301,토마토,30659
20210302,토마토,30659
20210303,토마토,31512
20210304,토마토,31512
20210305,토마토,34000
20210306,토마토,21000
20210308,토마토,36000
20210309,토마토,36000
20210310,토마토,45875
20210311,토마토,45875
20210312,토마토,55000
20210313,토마토,55000
20210315,토마토,64389
20210316,토마토,64389
20210317,토마토,65433
20210318,토마토,35000
20210319,토마토,53636
20210320,토마토,53636
20210322,토마토,38857
20210323,토마토,38857
20210324,토마토,41750
20210325,토마토,41750
20210326,토마토,43385
20210327,토마토,29467
20210329,토마토,35571
20210330,토마토,35571
20210331,토마토,37421
20210401,토마토,37421
20210402,토마토,38500
20210403,토마토,28000
20210405,토마토,38724
20210406,토마토,38724
20210407,토마토,40800
20210408,토마토,40800
20210409,토마토,36077
20210410,토마토,28182
20210412,토마토,33106
20210413,토마토,33106
20210414,토마토,32605
20210415,토마토,30200
20210416,토마토,36303
20210417,토마토,35722
20210419,토마토,35636
20210420,토마토,32273
20210421,토마토,37382
20210422,토마토,32769
20210423,토마토,35810
20210424,토마토,29632
20210426,토마토,30774
20210427,토마토,32175
20210428,토마토,28800
20210429,토마토,28426
20210430,토마토,27682
20210501,토마토,26378
20210503,토마토,25798
20210504,토마토,23000
20210505,토마토,26882
20210506,토마토,25254
20210507,토마토,25699
20210508,토마토,25115
20210510,토마토,25014
20210511,토마토,23573
20210512,토마토,24979
20210513,토마토,23424
20210514,토마토,22839
20210515,토마토,22928
20210517,토마토,22466
20210518,토마토,21028
20210519,토마토,20876
20210520,토마토,20703
20210521,토마토,18691
20210522,토마토,17441
20210524,토마토,16752
20210525,토마토,16284
20210526,토마토,16431
20210527,토마토,18824
20210528,토마토,19289
20210529,토마토,21639
20210531,토마토,19042
20210601,토마토,19243
20210602,토마토,18375
20210603,토마토,18755
20210604,토마토,20260
20210605,토마토,19382
20210607,토마토,19340
20210608,토마토,18859
20210609,토마토,18600
20210610,토마토,19242
20210611,토마토,17764
20210612,토마토,18384
20210614,토마토,18335
20210615,토마토,19138
20210616,토마토,19053
20210617,토마토,19116
20210618,토마토,18327
20210619,토마토,16875
20210621,토마토,16574
20210622,토마토,16877
20210623,토마토,17265
20210624,토마토,16136
20210625,토마토,16354
20210626,토마토,16617
20210628,토마토,17455
20210629,토마토,18650
20210630,토마토,21081
20210701,토마토,26000
20210702,토마토,26427
20210703,토마토,31827
20210705,토마토,33939
20210706,토마토,31162
20210707,토마토,29187
20210708,토마토,27763
20210709,토마토,28297
20210710,토마토,27051
20210712,토마토,23062
20210713,토마토,20978
20210714,토마토,17901
20210715,토마토,15541
20210716,토마토,17513
20210717,토마토,18095
20210719,토마토,16527
20210720,토마토,18210
20210721,토마토,18770
20210722,토마토,19173
20210723,토마토,21597
20210724,토마토,20586
20210726,토마토,19800
20210727,토마토,17746
20210728,토마토,18630
20210729,토마토,20771
20210730,토마토,18273
20210731,토마토,16407
20210802,토마토,19484
20210803,토마토,19942
20210804,토마토,18024
20210805,토마토,17593
20210806,토마토,20190
20210809,토마토,19061
20210810,토마토,21443
20210811,토마토,21245
20210812,토마토,25389
20210813,토마토,25939
20210814,토마토,29424
20210816,토마토,28406
20210817,토마토,35000
20210818,토마토,34765
20210819,토마토,31696
20210820,토마토,35686
20210821,토마토,30127
20210823,토마토,27882
20210824,토마토,30133
20210825,토마토,34925
20210826,토마토,33238
20210827,토마토,35026
20210828,토마토,29142
20210830,토마토,28557
20210831,토마토,27215
20210901,토마토,30059
20210902,토마토,34000
20210903,토마토,34033
20210904,토마토,32973
20210906,토마토,36037
20210907,토마토,40639
20210908,토마토,38771
20210909,토마토,35000
20210910,토마토,34132
20210911,토마토,33294
20210913,토마토,28734
20210914,토마토,29909
20210915,토마토,34625
20210916,토마토,35594
20210917,토마토,35704
20210918,토마토,42967
20210924,토마토,33189
20210925,토마토,28625
20210927,토마토,28890
20210928,토마토,32750
20210929,토마토,32566
20210930,토마토,28020
20211001,토마토,28321
20211002,토마토,28492
20211004,토마토,28545
20211005,토마토,26866
20211006,토마토,31222
20211007,토마토,30154
20211008,토마토,32125
20211009,토마토,30902
20211011,토마토,30531
20211012,토마토,31565
20211013,토마토,32429
20211014,토마토,31656
20211015,토마토,34864
20211016,토마토,32663
20211018,토마토,33023
20211019,토마토,27750
20211020,토마토,31516
20211021,토마토,32109
20211022,토마토,30125
20211023,토마토,34261
20211025,토마토,33963
20211026,토마토,30143
20211027,토마토,36900
20211028,토마토,46138
20211029,토마토,42000
20211030,토마토,43102
20211101,토마토,41129
20211102,토마토,37419
20211103,토마토,43000
20211104,토마토,35588
20211105,토마토,43000
20211106,토마토,40938
20211108,토마토,39392
20211109,토마토,35939
20211110,토마토,36435
20211111,토마토,37481
20211112,토마토,42000
20211113,토마토,41400
20211115,토마토,39947
20211116,토마토,42486
20211117,토마토,42000
20211118,토마토,38538
20211119,토마토,39704
20211120,토마토,40706
20211122,토마토,34100
20211123,토마토,40706
20211124,토마토,40000
20211125,토마토,38706
20211126,토마토,39459
20211127,토마토,33933
20211129,토마토,41125
20211130,토마토,37933
20211201,토마토,46000
20211202,토마토,37692
20211203,토마토,43444
20211204,토마토,48824
20211206,토마토,44059
20211207,토마토,44154
20211208,토마토,49500
20211209,토마토,45000
20211210,토마토,50526
20211211,토마토,45529
20211213,토마토,50000
20211214,토마토,46050
20211215,토마토,50273
20211216,토마토,39500
20211217,토마토,45308
20211218,토마토,45471
20211220,토마토,42556
20211221,토마토,38000
20211222,토마토,38522
20211223,토마토,44692
20211224,토마토,41273
20211225,토마토,44000
20211227,토마토,45000
20211228,토마토,42474
20211229,토마토,49000
20211230,토마토,45889
20211231,토마토,48000
20220103,토마토,54368
20220104,토마토,45889
20220105,토마토,52414
20220106,토마토,52414
20220107,토마토,56583
20220108,토마토,45000
20220110,토마토,53480
20220111,토마토,36000
20220112,토마토,53000
20220113,토마토,53000
20220114,토마토,57609
20220115,토마토,57609
20220117,토마토,50667
20220118,토마토,50667
20220119,토마토,52611
20220120,토마토,50273
20220121,토마토,51933
20220122,토마토,51933
20220124,토마토,45788
20220125,토마토,45788
20220126,토마토,53048
20220127,토마토,35000
20220128,토마토,59000
20220129,토마토,42846
20220204,토마토,37699
20220205,토마토,37699
20220207,토마토,38941
20220208,토마토,14000
20220209,토마토,41483
20220210,토마토,41483
20220211,토마토,44487
20220212,토마토,44487
20220214,토마토,43516
20220215,토마토,43516
20220216,토마토,46000
20220217,토마토,22000
20220218,토마토,43857
20220219,토마토,24600
20220221,토마토,43000
20220222,토마토,43000
20220223,토마토,42680
20220224,토마토,18000
20220225,토마토,41455
20220226,토마토,41455
20220228,토마토,42976
20220301,토마토,42976
20220302,토마토,39500
20220303,토마토,39500
20220304,토마토,43069
20220305,토마토,43069
20220307,토마토,41379
20220308,토마토,41379
20220309,토마토,40435
20220310,토마토,41379
20220311,토마토,40955
20220312,토마토,40955
20220314,토마토,42000
20220315,토마토,28000
20220316,토마토,41774
20220317,토마토,28400
20220318,토마토,39963
20220319,토마토,39963
20220321,토마토,40077
20220322,토마토,29000
20220323,토마토,41900
20220324,토마토,41900
20220325,토마토,46333
20220326,토마토,46333
20220328,토마토,43556
20220329,토마토,43556
20220330,토마토,44556
20220331,토마토,44556
20220401,토마토,44879
20220402,토마토,38000
20220404,토마토,44786
20220405,토마토,44786
20220406,토마토,39783
20220407,토마토,35714
20220408,토마토,36973
20220409,토마토,34000
20220411,토마토,33758
20220412,토마토,33758
20220413,토마토,31444
20220414,토마토,26000
20220415,토마토,29040
20220416,토마토,32000
20220418,토마토,27709
20220419,토마토,21000
20220420,토마토,25708
20220421,토마토,22667
20220422,토마토,25458
20220423,토마토,25119
20220425,토마토,24605
20220426,토마토,20738
20220427,토마토,24444
20220428,토마토,22220
20220429,토마토,24463
20220430,토마토,22167
20220502,토마토,23962
20220503,토마토,24639
20220504,토마토,26188
20220505,토마토,26429
20220506,토마토,29973
20220507,토마토,29071
20220509,토마토,26773
20220510,토마토,28000
20220511,토마토,27923
20220512,토마토,26417
20220513,토마토,27282
20220514,토마토,25600
20220516,토마토,26149
20220517,토마토,23085
20220518,토마토,22360
20220519,토마토,20159
20220520,토마토,21010
20220521,토마토,18736
20220523,토마토,16970
20220524,토마토,16083
20220525,토마토,16283
20220526,토마토,16863
20220527,토마토,16647
20220528,토마토,15448
20220530,토마토,14457
20220531,토마토,14436
20220601,토마토,14892
20220602,토마토,14789
20220603,토마토,15935
20220604,토마토,16088
20220606,토마토,16034
20220607,토마토,15993
20220608,토마토,14662
20220609,토마토,15422
20220610,토마토,15060
20220611,토마토,15024
20220613,토마토,16763
20220614,토마토,16576
20220615,토마토,17000
20220616,토마토,16541
20220617,토마토,16283
20220618,토마토,16511
20220620,토마토,15394
20220621,토마토,14949
20220622,토마토,14606
20220623,토마토,13952
20220624,토마토,14262
20220625,토마토,12512
20220627,토마토,12377
20220628,토마토,10711
20220629,토마토,9024
20220630,토마토,9275
20220701,토마토,9113
20220702,토마토,8887
20220704,토마토,11731
20220705,토마토,16660
20220706,토마토,18258
20220707,토마토,18820
20220708,토마토,19174
20220709,토마토,18895
20220711,토마토,20079
20220712,토마토,22750
20220713,토마토,24971
20220714,토마토,24093
20220715,토마토,25973
20220716,토마토,26632
20220718,토마토,28463
20220719,토마토,31372
20220720,토마토,35409
20220721,토마토,44459
20220722,토마토,44800
20220723,토마토,39124
20220725,토마토,35920
20220726,토마토,30808
20220727,토마토,32218
20220728,토마토,33758
20220729,토마토,38093
20220730,토마토,34561
20220801,토마토,33737
20220802,토마토,31156
20220803,토마토,27734
20220804,토마토,31255
20220805,토마토,36333
20220806,토마토,36333
20220808,토마토,34368
20220809,토마토,29931
20220810,토마토,26720
20220811,토마토,24752
20220812,토마토,29516
20220813,토마토,25519
20220815,토마토,27247
20220816,토마토,29321
20220817,토마토,33576
20220818,토마토,46613
20220819,토마토,44486
20220820,토마토,37821
20220822,토마토,37983
20220823,토마토,37219
20220824,토마토,40558
20220825,토마토,37425
20220826,토마토,38044
20220827,토마토,37909
20220829,토마토,36457
20220830,토마토,34132
20220831,토마토,34606
20220901,토마토,39818
20220902,토마토,41594
20220903,토마토,44436
20220905,토마토,44423
20220906,토마토,35259
20220907,토마토,35783
20220908,토마토,32444
20220909,토마토,13237
20220913,토마토,29805
20220914,토마토,28966
20220915,토마토,31672
20220916,토마토,32815
20220917,토마토,41483
20220919,토마토,39488
20220920,토마토,41553
20220921,토마토,44451
20220922,토마토,50000
20220923,토마토,46873
20220924,토마토,36671
20220926,토마토,33880
20220927,토마토,40186
20220928,토마토,45364
20220929,토마토,51577
20220930,토마토,56386
20221001,토마토,56391
20221003,토마토,55267
20221004,토마토,56000
20221005,토마토,56000
20221006,토마토,59057
20221007,토마토,57271
20221008,토마토,45690
20221010,토마토,40964
20221011,토마토,33000
20221012,토마토,37314
20221013,토마토,44000
20221014,토마토,44000
20221015,토마토,40421
20221017,토마토,37027
20221018,토마토,36313
20221019,토마토,38000
20221020,토마토,38552
20221021,토마토,34286
20221022,토마토,32468
20221024,토마토,33955
20221025,토마토,35096
20221026,토마토,34682
20221027,토마토,35045
20221028,토마토,36176
20221029,토마토,33551
20221031,토마토,34257
20221101,토마토,30000
20221102,토마토,26630
20221103,토마토,30116
20221104,토마토,28282
20221105,토마토,26643
20221107,토마토,30984
20221108,토마토,25829
20221109,토마토,30182
20221110,토마토,30093
20221111,토마토,38708
20221112,토마토,29229
20221114,토마토,33529
20221115,토마토,26649
20221116,토마토,33950
20221117,토마토,23000
20221118,토마토,36755
20221119,토마토,23411
20221121,토마토,37833
20221122,토마토,32326
20221123,토마토,27353
20221124,토마토,26500
20221125,토마토,32861
20221126,토마토,23953
20221128,토마토,31586
20221129,토마토,19959
20221130,토마토,22000
20221201,토마토,29250
20221202,토마토,28833
20221203,토마토,25465
20221205,토마토,27667
20221206,토마토,25000
20221207,토마토,25970
20221208,토마토,27000
20221209,토마토,25000
20221210,토마토,27091
20221212,토마토,24000
20221213,토마토,23286
20221214,토마토,27000
20221215,토마토,28600
20221216,토마토,25000
20221217,토마토,29364
20221219,토마토,25261
20221220,토마토,30333
20221221,토마토,24556
20221222,토마토,25000
20221223,토마토,27657
20221224,토마토,27657
20221226,토마토,29964
20221227,토마토,29964
20221228,토마토,29680
20221229,토마토,29680
20221230,토마토,28000
20221231,토마토,28000
20230103,토마토,25341
20230104,토마토,29798
20230105,토마토,29798
20230106,토마토,31586
20230107,토마토,17000
20230109,토마토,29419
20230110,토마토,29419
20230111,토마토,31000
20230112,토마토,31000
20230113,토마토,32400
20230114,토마토,32400
20230116,토마토,32108
20230117,토마토,32108
20230118,토마토,34130
20230119,토마토,34130
20230120,토마토,36447
20230121,토마토,5500
20230125,토마토,34944
20230126,토마토,14000
20230127,토마토,36875
20230128,토마토,36875
20230130,토마토,37000
20230131,토마토,37000
20230201,토마토,38250
20230202,토마토,38250
20230203,토마토,41625
20230204,토마토,41625
20230206,토마토,45931
20230207,토마토,45931
20230208,토마토,53000
20230209,토마토,53000
20230210,토마토,51476
20230211,토마토,51476
20230213,토마토,46000
20230214,토마토,46000
20230215,토마토,45818
20230216,토마토,45818
20230217,토마토,47071
20230218,토마토,47071
20230220,토마토,48000
20230221,토마토,48000
20230222,토마토,49455
20230223,토마토,49455
20230224,토마토,51867
20230225,토마토,51867
20230227,토마토,48550
20230228,토마토,48550
20230301,토마토,47813
20230302,토마토,48550
20230303,토마토,49541
20230304,토마토,49541
20230306,토마토,48750
20230307,토마토,48750
20230308,토마토,49727
20230309,토마토,49727
20230310,토마토,52375
20230311,토마토,52375
20230313,토마토,52625
20230314,토마토,52625
20230315,토마토,54313
20230316,토마토,54313
20230317,토마토,57971
20230318,토마토,57971
20230320,토마토,54451
20230321,토마토,54451
20230322,토마토,49900
20230323,토마토,49900
20230324,토마토,43000
20230325,토마토,43000
20230327,토마토,46139
20230328,토마토,46139
20230329,토마토,45063
20230330,토마토,45063
20230331,토마토,43120
20230401,토마토,43120
20230403,토마토,38286
20230404,토마토,38286
20230405,토마토,39242
20230406,토마토,39242
20230407,토마토,38212
20230408,토마토,38212
20230410,토마토,38483
20230411,토마토,38483
20230412,토마토,38667
20230413,토마토,32125
20230414,토마토,42586
20230415,토마토,33938
20230417,토마토,39818
20230418,토마토,31231
20230419,토마토,38304
20230420,토마토,38304
20230421,토마토,35545
20230422,토마토,26333
20230424,토마토,26063
20230425,토마토,26063
20230426,토마토,26229
20230427,토마토,22267
20230428,토마토,27972
20230429,토마토,26400
20230501,토마토,32656
20230502,토마토,27333
20230503,토마토,35000
20230504,토마토,32405
20230505,토마토,32000
20230506,토마토,29500
20230508,토마토,28343
20230509,토마토,28516
20230510,토마토,26069
20230511,토마토,25857
20230512,토마토,26113
20230513,토마토,23878
20230515,토마토,24823
20230516,토마토,24238
20230517,토마토,24835
20230518,토마토,25204
20230519,토마토,25377
20230520,토마토,26375
20230522,토마토,24342
20230523,토마토,24587
20230524,토마토,23423
20230525,토마토,24387
20230526,토마토,25209
20230527,토마토,22443
20230529,토마토,21612
20230530,토마토,22447
20230531,토마토,22594
20230601,토마토,22468
20230602,토마토,23929
20230603,토마토,23792
20230605,토마토,24790
20230606,토마토,23581
20230607,토마토,23817
20230608,토마토,23609
20230609,토마토,23667
20230610,토마토,22380
20230612,토마토,23070
20230613,토마토,23143
20230614,토마토,23627
20230615,토마토,24612
20230616,토마토,26663
20230617,토마토,25141
20230619,토마토,26302
20230620,토마토,24023
20230621,토마토,26740
20230622,토마토,25000
20230623,토마토,23561
20230624,토마토,21394
20230626,토마토,21000
20230627,토마토,23321
20230628,토마토,23631
20230629,토마토,22519
20230630,토마토,20537
20230701,토마토,21000
20230703,토마토,19635
20230704,토마토,22036
20230705,토마토,22733
20230706,토마토,22962
20230707,토마토,25202
20230708,토마토,24938
20230710,토마토,24667
20230711,토마토,25212
20230712,토마토,24805
20230713,토마토,24213
20230714,토마토,23302
20230715,토마토,23458
20230717,토마토,23942
20230718,토마토,24247
20230719,토마토,24337
20230720,토마토,25492
20230721,토마토,29471
20230722,토마토,37778
20230724,토마토,35750
20230725,토마토,33964
20230726,토마토,28894
20230727,토마토,29123
20230728,토마토,30328
20230729,토마토,37132
20230731,토마토,34867
20230801,토마토,38070
20230802,토마토,42814
20230803,토마토,42622
20230804,토마토,45235
20230807,토마토,41528
20230808,토마토,40820
20230809,토마토,38517
20230810,토마토,34961
20230811,토마토,35818
20230812,토마토,34409
20230814,토마토,34853
20230815,토마토,38296
20230816,토마토,47105
20230817,토마토,50963
20230818,토마토,56471
20230819,토마토,55932
20230821,토마토,55547
20230822,토마토,57353
20230823,토마토,56147
20230824,토마토,56326
20230825,토마토,50906
20230826,토마토,47184
20230828,토마토,44179
20230829,토마토,43974
20230830,토마토,46432
20230831,토마토,54375
20230901,토마토,59735
20230902,토마토,65061
20230904,토마토,64825
20230905,토마토,68385
20230906,토마토,73638
20230907,토마토,62231
20230908,토마토,69872
20230909,토마토,70529
20230911,토마토,68961
20230912,토마토,57894
20230913,토마토,52449
20230914,토마토,55452
20230915,토마토,58237
20230916,토마토,54061
20230918,토마토,63122
20230919,토마토,65238
20230920,토마토,71514
20230921,토마토,77444
20230922,토마토,78939
20230923,토마토,59070
20230925,토마토,57014
20230926,토마토,54404
20230927,토마토,51447
20230928,토마토,25646
20231002,토마토,37311
20231003,토마토,41108
20231004,토마토,35695
20231005,토마토,36550
20231006,토마토,42390
20231007,토마토,48815
20231009,토마토,58879
20231010,토마토,68000
20231011,토마토,69643
20231012,토마토,84923
20231013,토마토,92241
20231014,토마토,91000
20231016,토마토,87407
20231017,토마토,80406
20231018,토마토,89789
20231019,토마토,75000
20231020,토마토,71769
20231021,토마토,64303
20231023,토마토,60188
20231024,토마토,55692
20231025,토마토,60093
20231026,토마토,44172
20231027,토마토,63308
20231028,토마토,57712
20231030,토마토,56302
20231031,토마토,47722
20231101,토마토,40405
20231102,토마토,47163
20231103,토마토,53750
20231106,토마토,53129
20231107,토마토,46103
20231108,토마토,54630
20231109,토마토,44650
20231110,토마토,48844
20231111,토마토,38808
20231113,토마토,44000
20231114,토마토,36522
20231115,토마토,40591
20231116,토마토,46800
20231117,토마토,48000
20231118,토마토,50500
20231120,토마토,51778
20231121,토마토,63273
20231122,토마토,60000
20231123,토마토,68000
20231124,토마토,65000
20231125,토마토,53548
20231127,토마토,45000
20231128,토마토,48000
20231129,토마토,38000
20231130,토마토,43500
20231201,토마토,51000
20231202,토마토,51000
20231204,토마토,48750
20231205,토마토,50294
20231206,토마토,50294
20231207,토마토,54071
20231208,토마토,70000
20231209,토마토,52000
20231211,토마토,63611
20231212,토마토,64211
20231213,토마토,55727
20231214,토마토,55000
20231215,토마토,63250
20231216,토마토,46591
20231218,토마토,61000
20231219,토마토,54333
20231220,토마토,58000
20231221,토마토,46333
20231222,토마토,60000
20231223,토마토,60000
20231225,토마토,61000
20231226,토마토,51000
20231227,토마토,63500
20231228,토마토,63500
20231229,토마토,64538
20231230,토마토,59000
20240103,토마토,54129
20240104,토마토,54129
20240105,토마토,56269
20240106,토마토,56269
20240108,토마토,53083
20240109,토마토,53083
20240110,토마토,56000
20240111,토마토,56000
20240112,토마토,56389
20240113,토마토,56389
20240115,토마토,57435
20240116,토마토,57435
20240117,토마토,60136
20240118,토마토,60136
20240119,토마토,62000
20240120,토마토,62000
20240122,토마토,59385
20240123,토마토,59385
20240124,토마토,62286
20240125,토마토,62286
20240126,토마토,58964
20240127,토마토,46000
20240129,토마토,59774
20240130,토마토,59774
20240131,토마토,58769
20240201,토마토,58769
20240202,토마토,61000
20240203,토마토,61000
20240205,토마토,61912
20240206,토마토,61912
20240207,토마토,62821
20240208,토마토,52833
20240209,토마토,52833
20240214,토마토,48979
20240215,토마토,48979
20240216,토마토,52000
20240217,토마토,52000
20240219,토마토,52182
20240220,토마토,52182
20240221,토마토,54429
20240222,토마토,54429
20240223,토마토,58000
20240224,토마토,58000
20240226,토마토,65400
20240227,토마토,65400
20240228,토마토,75167
20240229,토마토,45000
20240301,토마토,77600
20240302,토마토,77600
20240304,토마토,75000
20240305,토마토,75000
20240306,토마토,76606
20240307,토마토,76606
20240308,토마토,67806
20240309,토마토,67806
20240311,토마토,66750
20240312,토마토,66750
20240313,토마토,66875
20240314,토마토,66875
20240315,토마토,70767
20240316,토마토,50000
20240318,토마토,63033
20240319,토마토,63033
20240320,토마토,65295
20240321,토마토,65295
20240322,토마토,66756
20240323,토마토,42400
20240325,토마토,66857
20240326,토마토,66857
20240327,토마토,68500
20240328,토마토,48000
20240329,토마토,69906
20240330,토마토,46000
20240401,토마토,71281
20240402,토마토,47000
20240403,토마토,72453
20240404,토마토,50000
20240405,토마토,70000
20240406,토마토,48000
20240408,토마토,72370
20240410,토마토,70090
20240411,토마토,50000
20240412,토마토,66566
20240413,토마토,48000
20240415,토마토,61631
20240416,토마토,45000
20240417,토마토,61878
20240418,토마토,42000
20240419,토마토,56600
20240420,토마토,37571
20240422,토마토,50736
20240423,토마토,39000
20240424,토마토,42186
20240425,토마토,40000
20240426,토마토,42368
20240427,토마토,38577
20240429,토마토,39060
20240430,토마토,38000
20240501,토마토,39667
20240502,토마토,40000
20240503,토마토,44871
20240504,토마토,37795
20240506,토마토,40985
20240507,토마토,45676
20240508,토마토,43615
20240509,토마토,42000
20240510,토마토,43481
20240511,토마토,35178
20240513,토마토,38933
20240514,토마토,43364
20240515,토마토,45178
20240516,토마토,39886
20240517,토마토,41729
20240518,토마토,39863
20240520,토마토,39116
20240521,토마토,37708
20240522,토마토,38419
20240523,토마토,37262
20240524,토마토,35750
20240525,토마토,34071
20240527,토마토,31901
20240528,토마토,27179
20240529,토마토,29182
20240530,토마토,25236
20240531,토마토,22000
20240601,토마토,21451
20240603,토마토,24176
20240604,토마토,23137
20240605,토마토,22934
20240606,토마토,26000
20240607,토마토,26286
20240608,토마토,25369
20240610,토마토,24139
20240611,토마토,23120
20240612,토마토,23703
20240613,토마토,24645
20240614,토마토,24506
20240615,토마토,23347
20240617,토마토,22553
20240618,토마토,21202
20240619,토마토,20914
20240620,토마토,21093
20240621,토마토,23240
20240622,토마토,25603
20240624,토마토,22459
20240625,토마토,18818
20240626,토마토,18000
20240627,토마토,16675
20240628,토마토,16873
20240629,토마토,18000
20240701,토마토,17377
20240702,토마토,22042
20240703,토마토,22370
20240704,토마토,21700
20240705,토마토,20690
20240706,토마토,24163
20240708,토마토,20888
20240709,토마토,20602
20240710,토마토,20274
20240711,토마토,21452
20240712,토마토,23382
20240713,토마토,23841
20240715,토마토,24942
20240716,토마토,23623
20240717,토마토,22000
20240718,토마토,19796
20240719,토마토,21143
20240720,토마토,20024
20240722,토마토,19826
20240723,토마토,22377
20240724,토마토,23000
20240725,토마토,26671
20240726,토마토,30784
20240727,토마토,32260
20240729,토마토,32937
20240730,토마토,31788
20240731,토마토,30923
20240801,토마토,33696
20240802,토마토,41622
20240805,토마토,33968
20240806,토마토,42833
20240807,토마토,43683
20240808,토마토,43909
20240809,토마토,42829
20240810,토마토,36184
20240812,토마토,41780
20240813,토마토,42000
20240814,토마토,47952
20240815,토마토,43974
20240816,토마토,45453
20240817,토마토,35639
20240819,토마토,33991
20240820,토마토,35227
20240821,토마토,36322
20240822,토마토,33800
20240823,토마토,34776
20240824,토마토,36255
20240826,토마토,31923
20240827,토마토,33594
20240828,토마토,36548
20240829,토마토,42379
20240830,토마토,49880
20240831,토마토,49161
20240902,토마토,47608
20240903,토마토,49524
20240904,토마토,50350
20240905,토마토,58000
20240906,토마토,63452
20240907,토마토,65645
20240909,토마토,68765
20240910,토마토,68968
20240911,토마토,68500
20240912,토마토,75286
20240913,토마토,74676
20240914,토마토,71109
20240916,토마토,24309
20240920,토마토,32697
20240921,토마토,50827
20240923,토마토,53068
20240924,토마토,69424
20240925,토마토,75588
20240926,토마토,70692
20240927,토마토,69083
20240928,토마토,64806
20240930,토마토,69875
20241001,토마토,69524
20241002,토마토,78222
20241003,토마토,91833
20241004,토마토,93565
20241005,토마토,91957
20241007,토마토,90353
20241008,토마토,89556
20241009,토마토,97217
20241010,토마토,97850
20241011,토마토,99587
20241012,토마토,96500
20241014,토마토,97726
20241015,토마토,73978
20241016,토마토,69880
20241017,토마토,79429
20241018,토마토,67226
20241019,토마토,65595
20241021,토마토,74622
20241022,토마토,53769
20241023,토마토,55465
20241024,토마토,62571
20241025,토마토,72593
20241026,토마토,63524
20241028,토마토,56931
20241029,토마토,47111
20241030,토마토,52174
20241031,토마토,58966
20241101,토마토,65000
20241102,토마토,62563
20241104,토마토,69196
20241105,토마토,66552
20241106,토마토,63824
20241107,토마토,53000
20241108,토마토,71824
20241109,토마토,68179
20241111,토마토,64000
20241112,토마토,82545
20241113,토마토,67788
20241114,토마토,78000
20241115,토마토,79556
20241116,토마토,77903
20241118,토마토,77774
20241119,토마토,74967
20241120,토마토,72000
20241121,토마토,77200
20241122,토마토,69696
20241123,토마토,65105
20241125,토마토,63733
20241126,토마토,67759
20241127,토마토,64706
20241128,토마토,68333
20241129,토마토,69353
20241130,토마토,57227
20241202,토마토,63476
20241203,토마토,54897
20241204,토마토,64500
20241205,토마토,46500
20241206,토마토,48833
20241207,토마토,43500
20241209,토마토,46447
20241210,토마토,34944
20241211,토마토,44957
20241212,토마토,38571
20241213,토마토,44000
20241214,토마토,30286
20241216,토마토,48333
20241217,토마토,45000
20241218,토마토,49600
20241219,토마토,45000
20241220,토마토,48000
20241221,토마토,28545
20241223,토마토,46333
20241224,토마토,30000
20241225,토마토,50333
20241226,토마토,46000
20241227,토마토,52697
20241228,토마토,42429
20241230,토마토,36612
20241231,토마토,36612
20250102,토마토,36612
20250103,토마토,43220
20250104,토마토,37455
20250106,토마토,42600
20250107,토마토,42600
20250108,토마토,45000
20250109,토마토,45000
20250110,토마토,45923
20250111,토마토,45923
20250113,토마토,42750
20250114,토마토,42750
20250115,토마토,42182
20250116,토마토,42182
20250117,토마토,42447
20250118,토마토,31667
20250120,토마토,39569
20250121,토마토,39569
20250122,토마토,34286
20250123,토마토,34286
20250124,토마토,32233
20250125,토마토,21750
20250127,토마토,33532
20250128,토마토,20182
20250201,토마토,31935
20250203,토마토,29571
20250204,토마토,29571
20250205,토마토,41136
20250206,토마토,22000
20250207,토마토,43526
20250208,토마토,43526
20250210,토마토,42442
20250211,토마토,42442
20250213,토마토,42442
20250214,토마토,46809
20250215,토마토,46809
20250217,토마토,54395
20250218,토마토,54395
20250219,토마토,50167
20250220,토마토,50167
20250221,토마토,50250
20250222,토마토,50250
20250224,토마토,43000
20250225,토마토,43000
20250226,토마토,40000
20250227,토마토,40000
20250228,토마토,39600
20250301,토마토,39600
20250303,토마토,36452
20250304,토마토,36000
20250306,토마토,35286
20250307,토마토,42641
20250308,토마토,40000
20250310,토마토,46815
20250311,토마토,40000
20250312,토마토,52903
20250313,토마토,40000
20250314,토마토,54083
20250315,토마토,38000
20250317,토마토,51755
20250318,토마토,36000
20250319,토마토,48286
20250320,토마토,33286
20250321,토마토,43886
20250322,토마토,36667
20250324,토마토,43078
20250325,토마토,30000
20250326,토마토,48593
20250327,토마토,38556
20250328,토마토,47686
20250329,토마토,44455
20250331,토마토,45667
20250401,토마토,32000
20250402,토마토,45976
20250403,토마토,31000
20250404,토마토,51915
20250405,토마토,37750
20250407,토마토,46170
20250408,토마토,30000
20250409,토마토,42978
20250410,토마토,32000
20250411,토마토,40264
20250412,토마토,34800
20250414,토마토,34205
20250415,토마토,34205
20250416,토마토,37069
20250417,토마토,27000
20250418,토마토,36207
20250419,토마토,32773
20250421,토마토,31765
20250422,토마토,29333
20250423,토마토,31808
20250424,토마토,26000
20250425,토마토,30780
20250426,토마토,27630
20250428,토마토,28761
20250429,토마토,26568
20250430,토마토,32508
20250501,토마토,29783
20250502,토마토,29758
20250503,토마토,33658
20250505,토마토,29646
20250506,토마토,28520
20250507,토마토,24736
20250508,토마토,24000
20250509,토마토,24864
20250510,토마토,23750
20250512,토마토,25900
20250513,토마토,27000
20250514,토마토,25613
20250515,토마토,25250
20250516,토마토,26000
20250517,토마토,23976
20250519,토마토,23972
20250520,토마토,24065
20250521,토마토,22853
20250522,토마토,23627
20250523,토마토,23355
20250524,토마토,22072
20250526,토마토,21245
20250527,토마토,21316
20250528,토마토,22813
20250529,토마토,23614
20250530,토마토,21031
20250531,토마토,21990
20250602,토마토,19310
20250603,토마토,20268
20250604,토마토,20835
20250605,토마토,20162
20250606,토마토,20022
20250607,토마토,20587
20250609,토마토,23235
20250610,토마토,22512
20250611,토마토,22500
20250612,토마토,23000
20250613,토마토,21813
20250614,토마토,20719
20250616,토마토,20094
20250617,토마토,19653
20250618,토마토,19556
20250619,토마토,19038
20250620,토마토,18955
20250621,토마토,16438
20250623,토마토,16171
20250624,토마토,16829
20250625,토마토,19765
20250626,토마토,20532
20250627,토마토,18609
20250628,토마토,20913
20250630,토마토,21481
20250701,토마토,26719
20250702,토마토,29375
20250703,토마토,27578
20250704,토마토,27455
20250705,토마토,23744
20250707,토마토,21663
20250708,토마토,18235
20250709,토마토,20444
20250710,토마토,18240
20250711,토마토,18794
20250712,토마토,19444
20250714,토마토,20268
20250715,토마토,18966
20250716,토마토,19872
20250717,토마토,18918
20250718,토마토,21032
20250719,토마토,22563
20250721,토마토,23738
20250722,토마토,26128
20250723,토마토,36532
20250724,토마토,42371
20250725,토마토,44970
20250726,토마토,42232
20250728,토마토,41429
20250729,토마토,41411
20250730,토마토,42833
20250731,토마토,39786
20250801,토마토,36723
20250804,토마토,34288
20250805,토마토,33986
20250806,토마토,32182
20250807,토마토,27170
20250808,토마토,27444
20250809,토마토,26762
20250811,토마토,29552
20250812,토마토,28471
20250813,토마토,27188
20250814,토마토,32121
20250815,토마토,40582
20250816,토마토,35049
20250818,토마토,35630
20250819,토마토,38526
20250820,토마토,41189
20250821,토마토,40763
20250822,토마토,42253
20250823,토마토,42791
20250825,토마토,38950
20250826,토마토,36860
20250827,토마토,39121
20250828,토마토,43000
20250829,토마토,41463
20250830,토마토,45000
20250901,토마토,36579
20250902,토마토,39378
20250903,토마토,36863
20250904,토마토,35369
20250905,토마토,35578
20250906,토마토,37582
20250908,토마토,33950
20250909,토마토,40271
20250910,토마토,43190
20250911,토마토,45359
20250912,토마토,50677
20250913,토마토,64667
20250915,토마토,58131
20250916,토마토,68143
20250917,토마토,67171
20250918,토마토,79290
20250919,토마토,68543
20250920,토마토,65078
20250922,토마토,58152
20250923,토마토,54735
20250924,토마토,53683
20250925,토마토,50022
20250926,토마토,55978
20250927,토마토,54818
20250929,토마토,54554
20250930,토마토,39625
20251001,토마토,38605
20251002,토마토,28426
20251003,토마토,28369
20251004,토마토,37667
20251009,토마토,28927
20251010,토마토,34621
20251011,토마토,34593
20251013,토마토,40036
20251014,토마토,48029
20251015,토마토,48488
20251016,토마토,53473
20251017,토마토,57778
20251018,토마토,65477
20251020,토마토,62100
20251021,토마토,56444
20251022,토마토,63239
20251023,토마토,45760
20251024,토마토,56791
20251025,토마토,56839
20251027,토마토,54745
20251028,토마토,56556
20251029,토마토,62586
20251030,토마토,68412
20251031,토마토,63586
20251103,토마토,62653
20251104,토마토,60238
20251105,토마토,65250
20251106,토마토,62160
20251107,토마토,72536
20251108,토마토,68000
20251110,토마토,69683
20251111,토마토,68441
20251112,토마토,70692
20251113,토마토,72586
20251114,토마토,66435
20251115,토마토,67563
20251117,토마토,73400
20251118,토마토,68258
20251119,토마토,71867
20251120,토마토,70200
20251121,토마토,69000
20251122,토마토,63814
20251124,토마토,65640
20251125,토마토,61167
20251126,토마토,71652
20251127,토마토,58140
20251128,토마토,65000
20251129,토마토,53207
20251201,토마토,62524
20251202,토마토,55231
20251203,토마토,64313
20251204,토마토,61176
20251205,토마토,65786
20251206,토마토,33333
20251208,토마토,64789
20251209,토마토,46650
20251210,토마토,63471
20251211,토마토,60533
20251212,토마토,72900
20251215,토마토,63529
20251216,토마토,47333
20251217,토마토,63000
20251218,토마토,47000
20251219,토마토,55889
20251220,토마토,61000
20251222,토마토,65000
20251223,토마토,55563
20251224,토마토,68000
20251225,토마토,68000
20251226,토마토,68400
20251227,토마토,52000
20251229,토마토,70667
20251230,토마토,70667
20251231,토마토,67769
20260103,토마토,55400
20260105,토마토,55275
20260106,토마토,55275
20260107,토마토,48357
20260108,토마토,48357
20260109,토마토,45593
20260110,토마토,38000
20260112,토마토,49107
20260113,토마토,49107
20260114,토마토,47467
20260115,토마토,34000
20260116,토마토,47000
20260117,토마토,30000
20260119,토마토,47615
20260120,토마토,31200
20260121,토마토,46880
20260122,토마토,46880
20260123,토마토,52333
20260124,토마토,28000
20260126,토마토,50519
20260127,토마토,35000
20260128,토마토,51045
20260129,토마토,51045
20260130,토마토,47154
20260131,토마토,27000
20260202,토마토,47643
20260203,토마토,47643
20260204,토마토,49526
20260205,토마토,49526
20260206,토마토,55000
20260207,토마토,55000
20260209,토마토,54000
20260210,토마토,21000
20260211,토마토,43759
20260212,토마토,43759
20260213,토마토,46595
20260214,토마토,23000
20260216,토마토,29488
20260220,토마토,26022
20260221,토마토,15000
20260223,토마토,34789
20260224,토마토,34789
20260225,토마토,44061
20260226,토마토,44061
20260227,토마토,43000
20260228,토마토,33000
20260302,토마토,45000
20260303,토마토,45000
20260304,토마토,46000
20260305,토마토,46000
20260306,토마토,46750
20260309,토마토,46000
20260310,토마토,32333
20260311,토마토,49000
20260312,토마토,35000
20260313,토마토,46000
20260314,토마토,35000
20260316,토마토,46000
20260317,토마토,30300
20260318,토마토,46605
20260319,토마토,28667
20260320,토마토,46128
20260321,토마토,28000
20260323,토마토,43721
20260324,토마토,27429
20260325,토마토,53474
20260326,토마토,36000
20260327,토마토,61143
20260328,토마토,38000
20260330,토마토,65571
20260331,토마토,38545
20260401,토마토,48057
20260402,토마토,30000
20260403,토마토,58000
20260406,토마토,52143
20260407,토마토,27000
20260408,토마토,49762
20260409,토마토,23500
20260410,토마토,48273
20260411,토마토,25000
20260413,토마토,45522
20260414,토마토,23000
20260415,토마토,39267
20260416,토마토,28600
20260417,토마토,44725
20260418,토마토,42538
20260420,토마토,34938
20260421,토마토,32368
20260422,토마토,34596
20260423,토마토,36611
20260424,토마토,35440
20260425,토마토,33000
20260427,토마토,34113
20260428,토마토,34571
20260429,토마토,35674
20260430,토마토,34741
20260501,토마토,34143
20260502,토마토,34532
20260504,토마토,33181
20260505,토마토,34818
20260506,토마토,31966
20260507,토마토,25343
20260508,토마토,30000
20260509,토마토,26068
20260511,토마토,28472
20260512,토마토,27711
20260513,토마토,26365
20260514,토마토,27686
20260515,토마토,26300
20260516,토마토,27689
20260518,토마토,27885
20260519,토마토,28328
20260520,토마토,26661
20260521,토마토,26082
20260522,토마토,28485
20260523,토마토,24876
20260525,토마토,23315
20260526,토마토,23442
20260527,토마토,24951
