날짜,품목명,평균가,1년전,2년전,3년전,표준가격
20221215,딸기 금실,50854,,,,
20221216,딸기 금실,47204,,,,
20221217,딸기 금실,46896,,,,
20221219,딸기 금실,51404,,,,
20221220,딸기 금실,48480,,,,
20221221,딸기 금실,51241,,,,
20221222,딸기 금실,55951,,,,
20221223,딸기 금실,58959,,,,
20221224,딸기 금실,58887,,,,
20221226,딸기 금실,60549,,,,
20221227,딸기 금실,61161,,,,
20221228,딸기 금실,58878,,,,
20221229,딸기 금실,58531,,,,
20221230,딸기 금실,60959,,,,
20221231,딸기 금실,60238,,,,
20230103,딸기 금실,58386,,,,
20230104,딸기 금실,53141,,,,
20230105,딸기 금실,55040,,,,
20230106,딸기 금실,57357,,,,
20230107,딸기 금실,57910,,,,
20230109,딸기 금실,55105,,,,
20230110,딸기 금실,56137,,,,
20230111,딸기 금실,58877,,,,
20230112,딸기 금실,59090,,,,
20230113,딸기 금실,56730,,,,
20230114,딸기 금실,55852,,,,
20230116,딸기 금실,58248,,,,
20230117,딸기 금실,54723,,,,
20230118,딸기 금실,57010,,,,
20230119,딸기 금실,61174,,,,
20230120,딸기 금실,71121,,,,
20230121,딸기 금실,76387,,,,
20230125,딸기 금실,62896,,,,
20230126,딸기 금실,50573,,,,
20230127,딸기 금실,56597,,,,
20230128,딸기 금실,76529,,,,
20230130,딸기 금실,64851,,,,
20230131,딸기 금실,60923,,,,
20230201,딸기 금실,54150,,,,
20230202,딸기 금실,52118,,,,
20230203,딸기 금실,52286,,,,
20230204,딸기 금실,44425,,,,
20230206,딸기 금실,46598,,,,
20230207,딸기 금실,43673,,,,
20230208,딸기 금실,39830,,,,
20230209,딸기 금실,43485,,,,
20230210,딸기 금실,44436,,,,
20230211,딸기 금실,45157,,,,
20230213,딸기 금실,42390,,,,
20230214,딸기 금실,40177,,,,
20230215,딸기 금실,42926,,,,
20230216,딸기 금실,44185,,,,
20230217,딸기 금실,45223,,,,
20230218,딸기 금실,47027,,,,
20230220,딸기 금실,46637,,,,
20230221,딸기 금실,43983,,,,
20230222,딸기 금실,44118,,,,
20230223,딸기 금실,43885,,,,
20230224,딸기 금실,43959,,,,
20230225,딸기 금실,47271,,,,
20230227,딸기 금실,42954,,,,
20230228,딸기 금실,41513,,,,
20230301,딸기 금실,39858,,,,
20230302,딸기 금실,42971,,,,
20230303,딸기 금실,46300,,,,
20230304,딸기 금실,46298,,,,
20230306,딸기 금실,35726,,,,
20230307,딸기 금실,35844,,,,
20230308,딸기 금실,33610,,,,
20230309,딸기 금실,34822,,,,
20230310,딸기 금실,39256,,,,
20230311,딸기 금실,42761,,,,
20230313,딸기 금실,37817,,,,
20230314,딸기 금실,35601,,,,
20230315,딸기 금실,34099,,,,
20230316,딸기 금실,35426,,,,
20230317,딸기 금실,36173,,,,
20230318,딸기 금실,42290,,,,
20230320,딸기 금실,33528,,,,
20230321,딸기 금실,34568,,,,
20230322,딸기 금실,35348,,,,
20230323,딸기 금실,33371,,,,
20230324,딸기 금실,36400,,,,
20230325,딸기 금실,36857,,,,
20230327,딸기 금실,31832,,,,
20230328,딸기 금실,31174,,,,
20230329,딸기 금실,31874,,,,
20230330,딸기 금실,31213,,,,
20230331,딸기 금실,31698,,,,
20230401,딸기 금실,37766,,,,
20230403,딸기 금실,31806,,,,
20230404,딸기 금실,30829,,,,
20230405,딸기 금실,27064,,,,
20230406,딸기 금실,27370,,,,
20230407,딸기 금실,32367,,,,
20230408,딸기 금실,35070,,,,
20230410,딸기 금실,30433,,,,
20230411,딸기 금실,29063,,,,
20230412,딸기 금실,29959,,,,
20230413,딸기 금실,30418,,,,
20230414,딸기 금실,30573,,,,
20230415,딸기 금실,33788,,,,
20230417,딸기 금실,31630,,,,
20230418,딸기 금실,28841,,,,
20230419,딸기 금실,29515,,,,
20230420,딸기 금실,28850,,,,
20230421,딸기 금실,28745,,,,
20230422,딸기 금실,29411,,,,
20230424,딸기 금실,26094,,,,
20230425,딸기 금실,26325,,,,
20230426,딸기 금실,32344,,,,
20230427,딸기 금실,34893,,,,
20230428,딸기 금실,36029,,,,
20230429,딸기 금실,41404,,,,
20230501,딸기 금실,33359,,,,
20230502,딸기 금실,31096,,,,
20230503,딸기 금실,28710,,,,
20230504,딸기 금실,34873,,,,
20230505,딸기 금실,27935,,,,
20230506,딸기 금실,29455,,,,
20230508,딸기 금실,30674,,,,
20230509,딸기 금실,29956,,,,
20230510,딸기 금실,31600,,,,
20230511,딸기 금실,28000,,,,
20230512,딸기 금실,29879,,,,
20230513,딸기 금실,31308,,,,
20230515,딸기 금실,31274,,,,
20230516,딸기 금실,26417,,,,
20230517,딸기 금실,23453,,,,
20230518,딸기 금실,23791,,,,
20230519,딸기 금실,26770,,,,
20230520,딸기 금실,27000,,,,
20230522,딸기 금실,25391,,,,
20230523,딸기 금실,25000,,,,
20230524,딸기 금실,25000,,,,
20230525,딸기 금실,27909,,,,
20230526,딸기 금실,31095,,,,
20230527,딸기 금실,35400,,,,
20230529,딸기 금실,19188,,,,
20230530,딸기 금실,19188,,,,
20230531,딸기 금실,19188,,,,
20230601,딸기 금실,19188,,,,
20230602,딸기 금실,19188,,,,
20230603,딸기 금실,19188,,,,
20230605,딸기 금실,19188,,,,
20230606,딸기 금실,19188,,,,
20230607,딸기 금실,19188,,,,
20230608,딸기 금실,19188,,,,
20230609,딸기 금실,19188,,,,
20230610,딸기 금실,19188,,,,
20230612,딸기 금실,19188,,,,
20230613,딸기 금실,19188,,,,
20230614,딸기 금실,19188,,,,
20230615,딸기 금실,19188,,,,
20231106,딸기 금실,80000,,,,
20231107,딸기 금실,80000,,,,
20231108,딸기 금실,87000,,,,
20231109,딸기 금실,85000,,,,
20231110,딸기 금실,84176,,,,
20231111,딸기 금실,93158,,,,
20231113,딸기 금실,86200,,,,
20231114,딸기 금실,82300,,,,
20231115,딸기 금실,104643,,,,
20231116,딸기 금실,110500,,,,
20231117,딸기 금실,95353,,,,
20231118,딸기 금실,89444,,,,
20231120,딸기 금실,94369,,,,
20231121,딸기 금실,81825,,,,
20231122,딸기 금실,83789,,,,
20231123,딸기 금실,81469,,,,
20231124,딸기 금실,88734,,,,
20231125,딸기 금실,83172,,,,
20231127,딸기 금실,78851,,,,
20231128,딸기 금실,73755,,,,
20231129,딸기 금실,79279,,,,
20231130,딸기 금실,83821,,,,
20231201,딸기 금실,84139,,,,
20231202,딸기 금실,84139,,,,
20231204,딸기 금실,71710,,,,
20231205,딸기 금실,66832,,,,
20231206,딸기 금실,69156,,,,
20231207,딸기 금실,73772,,,,
20231208,딸기 금실,72535,,,,
20231209,딸기 금실,68406,,,,
20231211,딸기 금실,65005,,,,
20231212,딸기 금실,56527,,,,
20231213,딸기 금실,53730,,,,
20231214,딸기 금실,58357,,,,
20231215,딸기 금실,53454,50854,,,
20231216,딸기 금실,58493,47204,,,
20231218,딸기 금실,58203,,,,
20231219,딸기 금실,65484,51404,,,
20231220,딸기 금실,62174,48480,,,
20231221,딸기 금실,74367,51241,,,
20231222,딸기 금실,69366,55951,,,
20231223,딸기 금실,76040,58959,,,
20231225,딸기 금실,77581,,,,
20231226,딸기 금실,73881,60549,,,
20231227,딸기 금실,68364,61161,,,
20231228,딸기 금실,71667,58878,,,
20231229,딸기 금실,68612,58531,,,
20231230,딸기 금실,68661,60959,,,
20240103,딸기 금실,63091,58386,,,
20240104,딸기 금실,55095,53141,,,
20240105,딸기 금실,58035,55040,,,
20240106,딸기 금실,62698,57357,,,
20240108,딸기 금실,61113,,,,
20240109,딸기 금실,54797,55105,,,
20240110,딸기 금실,52042,56137,,,
20240111,딸기 금실,61723,58877,,,
20240112,딸기 금실,62964,59090,,,
20240113,딸기 금실,73457,56730,,,
20240115,딸기 금실,66103,,,,
20240116,딸기 금실,69325,58248,,,
20240117,딸기 금실,63605,54723,,,
20240118,딸기 금실,65627,57010,,,
20240119,딸기 금실,69265,61174,,,
20240120,딸기 금실,71355,71121,,,
20240122,딸기 금실,74353,,,,
20240123,딸기 금실,77489,,,,
20240124,딸기 금실,71640,,,,
20240125,딸기 금실,74866,62896,,,
20240126,딸기 금실,77084,50573,,,
20240127,딸기 금실,81504,56597,,,
20240129,딸기 금실,74502,,,,
20240130,딸기 금실,74652,64851,,,
20240131,딸기 금실,68748,60923,,,
20240201,딸기 금실,80068,54150,,,
20240202,딸기 금실,70626,52118,,,
20240203,딸기 금실,67214,52286,,,
20240205,딸기 금실,67484,,,,
20240206,딸기 금실,64430,46598,,,
20240207,딸기 금실,68862,43673,,,
20240208,딸기 금실,79015,39830,,,
20240209,딸기 금실,60579,43485,,,
20240213,딸기 금실,56648,42390,,,
20240214,딸기 금실,52736,40177,,,
20240215,딸기 금실,48121,42926,,,
20240216,딸기 금실,48261,44185,,,
20240217,딸기 금실,45433,45223,,,
20240219,딸기 금실,43478,,,,
20240220,딸기 금실,36493,46637,,,
20240221,딸기 금실,36145,43983,,,
20240222,딸기 금실,44466,44118,,,
20240223,딸기 금실,48041,43885,,,
20240224,딸기 금실,65147,43959,,,
20240226,딸기 금실,57561,,,,
20240227,딸기 금실,51495,42954,,,
20240228,딸기 금실,49128,41513,,,
20240229,딸기 금실,53548,,,,
20240301,딸기 금실,65073,39858,,,
20240302,딸기 금실,65073,42971,,,
20240304,딸기 금실,43350,46298,,,
20240305,딸기 금실,43852,,,,
20240306,딸기 금실,50767,35726,,,
20240307,딸기 금실,55605,35844,,,
20240308,딸기 금실,54360,33610,,,
20240309,딸기 금실,58028,34822,,,
20240311,딸기 금실,44711,42761,,,
20240312,딸기 금실,43809,,,,
20240313,딸기 금실,45403,37817,,,
20240314,딸기 금실,50274,35601,,,
20240315,딸기 금실,47369,34099,,,
20240316,딸기 금실,47472,35426,,,
20240318,딸기 금실,38421,42290,,,
20240319,딸기 금실,35127,,,,
20240320,딸기 금실,29858,33528,,,
20240321,딸기 금실,32312,34568,,,
20240322,딸기 금실,33693,35348,,,
20240323,딸기 금실,38297,33371,,,
20240325,딸기 금실,34071,36857,,,
20240326,딸기 금실,30463,,,,
20240327,딸기 금실,34315,31832,,,
20240328,딸기 금실,38661,31174,,,
20240329,딸기 금실,39459,31874,,,
20240330,딸기 금실,43248,31213,,,
20240401,딸기 금실,36535,37766,,,
20240402,딸기 금실,36127,,,,
20240403,딸기 금실,31029,31806,,,
20240404,딸기 금실,31551,30829,,,
20240405,딸기 금실,34688,27064,,,
20240406,딸기 금실,41947,27370,,,
20240408,딸기 금실,31455,35070,,,
20240409,딸기 금실,27172,,,,
20240410,딸기 금실,27818,30433,,,
20240411,딸기 금실,30633,29063,,,
20240412,딸기 금실,34847,29959,,,
20240413,딸기 금실,42588,30418,,,
20240415,딸기 금실,29467,33788,,,
20240416,딸기 금실,30540,,,,
20240417,딸기 금실,32367,31630,,,
20240418,딸기 금실,32737,28841,,,
20240419,딸기 금실,35145,29515,,,
20240420,딸기 금실,39346,28850,,,
20240422,딸기 금실,34870,29411,,,
20240423,딸기 금실,33225,,,,
20240424,딸기 금실,36398,26094,,,
20240425,딸기 금실,36008,26325,,,
20240426,딸기 금실,36127,32344,,,
20240427,딸기 금실,42598,34893,,,
20240429,딸기 금실,31795,41404,,,
20240430,딸기 금실,33643,,,,
20240501,딸기 금실,30235,33359,,,
20240502,딸기 금실,35912,31096,,,
20240503,딸기 금실,30772,28710,,,
20240504,딸기 금실,35153,34873,,,
20240506,딸기 금실,28000,29455,,,
20240507,딸기 금실,28364,,,,
20240508,딸기 금실,27833,30674,,,
20240509,딸기 금실,28658,29956,,,
20240510,딸기 금실,31013,31600,,,
20240511,딸기 금실,28096,28000,,,
20240513,딸기 금실,29017,31308,,,
20240514,딸기 금실,27960,,,,
20240515,딸기 금실,28704,31274,,,
20240516,딸기 금실,28983,26417,,,
20240517,딸기 금실,28779,23453,,,
20240518,딸기 금실,32027,23791,,,
20240520,딸기 금실,31000,27000,,,
20240521,딸기 금실,29000,,,,
20240522,딸기 금실,27628,25391,,,
20240523,딸기 금실,28250,25000,,,
20240524,딸기 금실,27000,25000,,,
20240525,딸기 금실,30891,27909,,,
20240527,딸기 금실,31559,35400,,,
20240528,딸기 금실,32000,,,,
20240529,딸기 금실,30000,19188,,,
20240530,딸기 금실,32000,19188,,,
20240531,딸기 금실,35000,19188,,,
20240601,딸기 금실,35000,19188,,,
20240603,딸기 금실,28000,19188,,,
20240604,딸기 금실,24400,,,,
20240605,딸기 금실,19300,19188,,,
20240606,딸기 금실,19300,19188,,,
20240607,딸기 금실,30000,19188,,,
20240608,딸기 금실,30000,19188,,,
20240610,딸기 금실,30000,19188,,,
20241109,딸기 금실,92000,85000,,,
20241111,딸기 금실,92000,93158,,,
20241112,딸기 금실,96000,,,,
20241113,딸기 금실,106000,86200,,,
20241114,딸기 금실,137000,82300,,,
20241115,딸기 금실,118250,104643,,,
20241116,딸기 금실,102133,110500,,,
20241118,딸기 금실,96375,89444,,,
20241119,딸기 금실,100143,,,,
20241120,딸기 금실,113375,94369,,,
20241121,딸기 금실,107206,81825,,,
20241122,딸기 금실,123906,83789,,,
20241123,딸기 금실,114288,81469,,,
20241125,딸기 금실,108941,83172,,,
20241126,딸기 금실,95342,,,,
20241127,딸기 금실,88981,78851,,,
20241128,딸기 금실,97875,73755,,,
20241129,딸기 금실,85716,79279,,,
20241130,딸기 금실,86770,83821,,,
20241202,딸기 금실,86318,84139,,,
20241203,딸기 금실,85432,,,,
20241204,딸기 금실,81980,71710,,,
20241205,딸기 금실,86304,66832,,,
20241206,딸기 금실,80699,69156,,,
20241207,딸기 금실,85076,73772,,,
20241209,딸기 금실,81189,68406,,,
20241210,딸기 금실,78007,,,,
20241211,딸기 금실,67200,65005,,,
20241212,딸기 금실,75732,56527,,,
20241213,딸기 금실,90392,53730,,,
20241214,딸기 금실,72309,58357,,,
20241216,딸기 금실,77725,58493,47204,,
20241217,딸기 금실,76268,,46896,,
20241218,딸기 금실,70098,58203,,,
20241219,딸기 금실,69415,65484,51404,,
20241220,딸기 금실,66221,62174,48480,,
20241221,딸기 금실,71466,74367,51241,,
20241223,딸기 금실,76331,76040,58959,,
20241224,딸기 금실,72061,,58887,,
20241225,딸기 금실,68130,77581,,,
20241226,딸기 금실,71415,73881,60549,,
20241227,딸기 금실,71580,68364,61161,,
20241228,딸기 금실,64353,71667,58878,,
20241230,딸기 금실,64828,68661,60959,,
20241231,딸기 금실,65797,,60238,,
20250102,딸기 금실,65797,,,,
20250103,딸기 금실,71829,63091,58386,,
20250104,딸기 금실,59664,55095,53141,,
20250106,딸기 금실,60543,62698,57357,,
20250107,딸기 금실,56813,,57910,,
20250108,딸기 금실,62511,61113,,,
20250109,딸기 금실,68931,54797,55105,,
20250110,딸기 금실,70996,52042,56137,,
20250111,딸기 금실,77031,61723,58877,,
20250113,딸기 금실,75826,73457,56730,,
20250114,딸기 금실,72545,,55852,,
20250115,딸기 금실,67779,66103,,,
20250116,딸기 금실,73005,69325,58248,,
20250117,딸기 금실,73667,63605,54723,,
20250118,딸기 금실,72942,65627,57010,,
20250120,딸기 금실,70684,71355,71121,,
20250121,딸기 금실,61848,,76387,,
20250122,딸기 금실,68815,74353,,,
20250123,딸기 금실,79123,77489,,,
20250124,딸기 금실,82485,71640,,,
20250125,딸기 금실,78651,74866,62896,,
20250127,딸기 금실,76745,81504,56597,,
20250128,딸기 금실,57953,,76529,,
20250201,딸기 금실,52927,80068,54150,,
20250203,딸기 금실,61742,67214,52286,,
20250204,딸기 금실,56399,,44425,,
20250205,딸기 금실,55838,67484,,,
20250206,딸기 금실,52937,64430,46598,,
20250207,딸기 금실,53709,68862,43673,,
20250208,딸기 금실,52818,79015,39830,,
20250210,딸기 금실,58700,,44436,,
20250211,딸기 금실,63533,,45157,,
20250213,딸기 금실,58199,56648,42390,,
20250214,딸기 금실,52799,52736,40177,,
20250215,딸기 금실,51628,48121,42926,,
20250217,딸기 금실,51197,45433,45223,,
20250218,딸기 금실,47348,,47027,,
20250219,딸기 금실,43354,43478,,,
20250220,딸기 금실,41177,36493,46637,,
20250221,딸기 금실,42821,36145,43983,,
20250222,딸기 금실,45336,44466,44118,,
20250224,딸기 금실,44734,65147,43959,,
20250225,딸기 금실,40776,,47271,,
20250226,딸기 금실,39314,57561,,,
20250227,딸기 금실,45132,51495,42954,,
20250228,딸기 금실,49337,49128,41513,,
20250301,딸기 금실,55541,65073,39858,,
20250303,딸기 금실,45801,,46300,,
20250304,딸기 금실,48005,43350,46298,,
20250306,딸기 금실,44321,50767,35726,,
20250307,딸기 금실,48213,55605,35844,,
20250308,딸기 금실,54918,54360,33610,,
20250310,딸기 금실,42388,,39256,,
20250311,딸기 금실,38359,44711,42761,,
20250312,딸기 금실,34328,43809,,,
20250313,딸기 금실,37142,45403,37817,,
20250314,딸기 금실,37528,50274,35601,,
20250315,딸기 금실,42940,47369,34099,,
20250317,딸기 금실,35144,,36173,,
20250318,딸기 금실,33667,38421,42290,,
20250319,딸기 금실,34170,35127,,,
20250320,딸기 금실,37335,29858,33528,,
20250321,딸기 금실,40515,32312,34568,,
20250322,딸기 금실,43638,33693,35348,,
20250324,딸기 금실,33691,,36400,,
20250325,딸기 금실,29178,34071,36857,,
20250326,딸기 금실,28803,30463,,,
20250327,딸기 금실,31744,34315,31832,,
20250328,딸기 금실,35951,38661,31174,,
20250329,딸기 금실,43970,39459,31874,,
20250331,딸기 금실,30731,,31698,,
20250401,딸기 금실,30199,36535,37766,,
20250402,딸기 금실,33930,36127,,,
20250403,딸기 금실,34903,31029,31806,,
20250404,딸기 금실,46043,31551,30829,,
20250405,딸기 금실,57292,34688,27064,,
20250407,딸기 금실,35233,,32367,,
20250408,딸기 금실,34365,31455,35070,,
20250409,딸기 금실,30101,27172,,,
20250410,딸기 금실,28889,27818,30433,,
20250411,딸기 금실,28811,30633,29063,,
20250412,딸기 금실,28504,34847,29959,,
20250414,딸기 금실,26733,,30573,,
20250415,딸기 금실,27503,29467,33788,,
20250416,딸기 금실,32479,30540,,,
20250417,딸기 금실,34144,32367,31630,,
20250418,딸기 금실,35985,32737,28841,,
20250419,딸기 금실,35388,35145,29515,,
20250421,딸기 금실,26519,,28745,,
20250422,딸기 금실,20368,34870,29411,,
20250423,딸기 금실,21280,33225,,,
20250424,딸기 금실,26971,36398,26094,,
20250425,딸기 금실,31745,36008,26325,,
20250426,딸기 금실,38918,36127,32344,,
20250428,딸기 금실,31146,,36029,,
20250429,딸기 금실,33819,31795,41404,,
20250430,딸기 금실,34000,33643,,,
20250501,딸기 금실,36667,30235,33359,,
20250502,딸기 금실,43264,35912,31096,,
20250503,딸기 금실,40538,30772,28710,,
20250505,딸기 금실,36258,,27935,,
20250506,딸기 금실,36292,28000,29455,,
20250507,딸기 금실,40333,28364,,,
20250508,딸기 금실,36169,27833,30674,,
20250509,딸기 금실,37792,28658,29956,,
20250510,딸기 금실,34132,31013,31600,,
20250512,딸기 금실,31924,,29879,,
20250513,딸기 금실,25811,29017,31308,,
20250514,딸기 금실,28987,27960,,,
20250515,딸기 금실,27071,28704,31274,,
20250516,딸기 금실,25676,28983,26417,,
20250517,딸기 금실,27085,28779,23453,,
20250519,딸기 금실,23260,,26770,,
20250520,딸기 금실,26882,31000,27000,,
20250521,딸기 금실,26491,29000,,,
20250522,딸기 금실,24988,27628,25391,,
20250523,딸기 금실,26571,28250,25000,,
20250524,딸기 금실,26894,27000,25000,,
20250526,딸기 금실,26387,,31095,,
20250527,딸기 금실,25672,31559,35400,,
20250528,딸기 금실,25796,32000,,,
20250529,딸기 금실,25036,30000,19188,,
20250530,딸기 금실,28807,32000,19188,,
20250531,딸기 금실,33377,35000,19188,,
20250602,딸기 금실,28824,,19188,,
20250603,딸기 금실,22158,28000,19188,,
20250604,딸기 금실,27000,24400,,,
20250605,딸기 금실,22400,19300,19188,,
20250606,딸기 금실,25286,19300,19188,,
20250607,딸기 금실,25286,30000,19188,,
20250609,딸기 금실,25286,,19188,,
20250610,딸기 금실,25286,30000,19188,,
20250611,딸기 금실,25286,,,,
20250612,딸기 금실,25286,,19188,,
20250613,딸기 금실,25286,,19188,,
20250614,딸기 금실,25286,,19188,,
20251029,딸기 금실,89143,,,,
20251030,딸기 금실,89143,,,,
20251031,딸기 금실,89143,,,,
20251103,딸기 금실,97333,,,,
20251104,딸기 금실,108000,,,,
20251105,딸기 금실,108667,,,,
20251106,딸기 금실,115333,,80000,,
20251107,딸기 금실,98654,,80000,,
20251108,딸기 금실,100000,,87000,,
20251110,딸기 금실,100600,,84176,,
20251111,딸기 금실,104250,92000,93158,,
20251112,딸기 금실,113625,96000,,,
20251113,딸기 금실,118120,106000,86200,,
20251114,딸기 금실,110689,137000,82300,,
20251115,딸기 금실,122255,118250,104643,,
20251117,딸기 금실,108870,,95353,,
20251118,딸기 금실,107706,96375,89444,,
20251119,딸기 금실,96229,100143,,,
20251120,딸기 금실,98432,113375,94369,,
20251121,딸기 금실,130855,107206,81825,,
20251122,딸기 금실,92500,123906,83789,,
20251124,딸기 금실,101286,,88734,,
20251125,딸기 금실,80606,108941,83172,,
20251126,딸기 금실,83730,95342,,,
20251127,딸기 금실,95587,88981,78851,,
20251128,딸기 금실,97101,97875,73755,,
20251129,딸기 금실,88231,85716,79279,,
20251201,딸기 금실,86239,,84139,,77377.59
20251202,딸기 금실,82094,86318,84139,,77377.59
20251203,딸기 금실,82350,85432,,,77377.59
20251204,딸기 금실,86598,81980,71710,,77377.59
20251205,딸기 금실,81565,86304,66832,,77377.59
20251206,딸기 금실,75667,80699,69156,,77377.59
20251208,딸기 금실,84153,,72535,,77377.59
20251209,딸기 금실,72120,81189,68406,,77377.59
20251210,딸기 금실,75497,78007,,,77377.59
20251211,딸기 금실,70417,67200,65005,,61765.79
20251212,딸기 금실,81417,75732,56527,,61765.79
20251215,딸기 금실,63866,,53454,50854,61765.79
20251216,딸기 금실,65204,77725,58493,47204,61765.79
20251217,딸기 금실,54444,76268,,46896,61765.79
20251218,딸기 금실,61927,70098,58203,,61765.79
20251219,딸기 금실,65496,69415,65484,51404,61765.79
20251220,딸기 금실,64931,66221,62174,48480,61765.79
20251222,딸기 금실,70609,,69366,55951,66290.72
20251223,딸기 금실,75167,76331,76040,58959,66290.72
20251224,딸기 금실,74448,72061,,58887,66290.72
20251225,딸기 금실,75801,68130,77581,,66290.72
20251226,딸기 금실,75186,71415,73881,60549,66290.72
20251227,딸기 금실,79000,71580,68364,61161,66290.72
20251229,딸기 금실,72534,,68612,58531,66290.72
20251230,딸기 금실,80258,64828,68661,60959,66290.72
20251231,딸기 금실,80181,65797,,60238,66290.72
20260103,딸기 금실,82265,71829,63091,58386,59867.83
20260105,딸기 금실,78378,,58035,55040,59867.83
20260106,딸기 금실,77527,60543,62698,57357,59867.83
20260107,딸기 금실,67113,56813,,57910,59867.83
20260108,딸기 금실,77971,62511,61113,,59867.83
20260109,딸기 금실,74826,68931,54797,55105,59867.83
20260110,딸기 금실,78983,70996,52042,56137,59867.83
20260112,딸기 금실,74254,,62964,59090,66235.47
20260113,딸기 금실,70480,75826,73457,56730,66235.47
20260114,딸기 금실,69884,72545,,55852,66235.47
20260115,딸기 금실,77623,67779,66103,,66235.47
20260116,딸기 금실,72175,73005,69325,58248,66235.47
20260117,딸기 금실,71370,73667,63605,54723,66235.47
20260119,딸기 금실,69347,,69265,61174,66235.47
20260120,딸기 금실,61143,70684,71355,71121,66235.47
20260121,딸기 금실,60719,61848,,76387,70951.43
20260122,딸기 금실,67489,68815,74353,,70951.43
20260123,딸기 금실,73540,79123,77489,,70951.43
20260124,딸기 금실,68269,82485,71640,,70951.43
20260126,딸기 금실,72438,,77084,50573,70951.43
20260127,딸기 금실,64188,76745,81504,56597,70951.43
20260128,딸기 금실,72459,57953,,76529,70951.43
20260129,딸기 금실,75378,,74502,,70951.43
20260130,딸기 금실,76117,,74652,64851,70951.43
20260131,딸기 금실,70918,,68748,60923,70951.43
20260202,딸기 금실,69077,,70626,52118,55843.14
20260203,딸기 금실,65026,61742,67214,52286,55843.14
20260204,딸기 금실,60248,56399,,44425,55843.14
20260205,딸기 금실,62149,55838,67484,,55843.14
20260206,딸기 금실,58203,52937,64430,46598,55843.14
20260207,딸기 금실,45723,53709,68862,43673,55843.14
20260209,딸기 금실,51524,,60579,43485,55843.14
20260210,딸기 금실,41301,58700,,44436,55843.14
20260211,딸기 금실,50150,63533,,45157,47602.25
20260212,딸기 금실,46710,,,,47602.25
20260213,딸기 금실,55617,58199,56648,42390,47602.25
20260214,딸기 금실,61585,52799,52736,40177,47602.25
20260216,딸기 금실,40988,,48261,44185,47602.25
20260220,딸기 금실,33803,41177,36493,46637,47602.25
20260221,딸기 금실,30609,42821,36145,43983,46026.01
20260223,딸기 금실,31599,,48041,43885,46026.01
20260224,딸기 금실,28598,44734,65147,43959,46026.01
20260225,딸기 금실,31636,40776,,47271,46026.01
20260226,딸기 금실,35233,39314,57561,,46026.01
20260227,딸기 금실,36083,45132,51495,42954,46026.01
20260228,딸기 금실,38377,49337,49128,41513,46026.01
20260302,딸기 금실,34825,,65073,42971,46223.57
20260303,딸기 금실,31691,45801,,46300,46223.57
20260304,딸기 금실,34085,48005,43350,46298,46223.57
20260305,딸기 금실,32857,,43852,,46223.57
20260306,딸기 금실,44385,44321,50767,35726,46223.57
20260309,딸기 금실,32275,,58028,34822,46223.57
20260310,딸기 금실,27819,42388,,39256,46223.57
20260311,딸기 금실,31367,38359,44711,42761,38617.07
20260312,딸기 금실,34976,34328,43809,,38617.07
20260313,딸기 금실,34948,37142,45403,37817,38617.07
20260314,딸기 금실,43989,37528,50274,35601,38617.07
20260316,딸기 금실,33416,,47472,35426,38617.07
20260317,딸기 금실,33322,35144,,36173,38617.07
20260318,딸기 금실,31258,33667,38421,42290,38617.07
20260319,딸기 금실,33909,34170,35127,,38617.07
20260320,딸기 금실,37885,37335,29858,33528,38617.07
20260321,딸기 금실,40962,40515,32312,34568,34840.3
20260323,딸기 금실,32923,,38297,33371,34840.3
20260324,딸기 금실,30516,33691,,36400,34840.3
20260325,딸기 금실,31846,29178,34071,36857,34840.3
20260326,딸기 금실,32655,28803,30463,,34840.3
20260327,딸기 금실,31127,31744,34315,31832,34840.3
20260328,딸기 금실,35200,35951,38661,31174,34840.3
20260330,딸기 금실,28356,,43248,31213,34840.3
20260331,딸기 금실,27988,30731,,31698,34840.3
20260401,딸기 금실,30331,30199,36535,37766,33791.32
20260402,딸기 금실,30353,33930,36127,,33791.32
20260403,딸기 금실,37428,34903,31029,31806,33791.32
20260406,딸기 금실,28085,,41947,27370,33791.32
20260407,딸기 금실,27171,35233,,32367,33791.32
20260408,딸기 금실,28571,34365,31455,35070,33791.32
20260409,딸기 금실,28728,30101,27172,,33791.32
20260410,딸기 금실,30145,28889,27818,30433,33791.32
20260411,딸기 금실,33968,28811,30633,29063,31901.02
20260413,딸기 금실,28448,,42588,30418,31901.02
20260414,딸기 금실,30979,26733,,30573,31901.02
20260415,딸기 금실,32526,27503,29467,33788,31901.02
20260416,딸기 금실,26603,32479,30540,,31901.02
20260417,딸기 금실,28689,34144,32367,31630,31901.02
20260418,딸기 금실,30153,35985,32737,28841,31901.02
20260420,딸기 금실,24482,,39346,28850,31901.02
20260421,딸기 금실,23897,26519,,28745,31336.11
20260422,딸기 금실,25396,20368,34870,29411,31336.11
20260423,딸기 금실,26713,21280,33225,,31336.11
20260424,딸기 금실,29357,26971,36398,26094,31336.11
20260425,딸기 금실,35286,31745,36008,26325,31336.11
20260427,딸기 금실,26968,,42598,34893,31336.11
20260428,딸기 금실,25131,31146,,36029,31336.11
20260429,딸기 금실,24396,33819,31795,41404,31336.11
20260430,딸기 금실,25035,34000,33643,,31336.11
20260501,딸기 금실,30850,36667,30235,33359,33322.19
20260502,딸기 금실,33169,43264,35912,31096,33322.19
20260504,딸기 금실,26231,,35153,34873,33322.19
20260505,딸기 금실,28000,36258,,27935,33322.19
20260506,딸기 금실,29014,36292,28000,29455,33322.19
20260507,딸기 금실,32387,40333,28364,,33322.19
20260508,딸기 금실,31871,36169,27833,30674,33322.19
20260509,딸기 금실,28032,37792,28658,29956,33322.19
20260511,딸기 금실,24591,,28096,28000,28075.86
20260512,딸기 금실,23967,31924,,29879,28075.86
20260513,딸기 금실,25174,25811,29017,31308,28075.86
20260514,딸기 금실,24351,28987,27960,,28075.86
20260515,딸기 금실,28786,27071,28704,31274,28075.86
20260516,딸기 금실,25880,25676,28983,26417,28075.86
20260518,딸기 금실,16466,,32027,23791,28075.86
20260519,딸기 금실,16000,23260,,26770,28075.86
20260520,딸기 금실,17818,26882,31000,27000,28075.86
20260521,딸기 금실,19655,26491,29000,,27464.87
20260522,딸기 금실,23802,24988,27628,25391,27464.87
20260523,딸기 금실,26842,26571,28250,25000,27464.87
20260525,딸기 금실,22481,,30891,27909,27464.87
20260526,딸기 금실,27455,26387,,31095,27464.87
20260527,딸기 금실,21531,25672,31559,35400,27464.87
20260528,딸기 금실,21747,25796,32000,,27464.87
20240307,딸기 메리퀸,39200,,,,
20240308,딸기 메리퀸,44857,,,,
20240309,딸기 메리퀸,33111,,,,
20240311,딸기 메리퀸,43667,,,,
20240312,딸기 메리퀸,29474,,,,
20240313,딸기 메리퀸,34381,,,,
20240314,딸기 메리퀸,39500,,,,
20240315,딸기 메리퀸,36421,,,,
20240316,딸기 메리퀸,29688,,,,
20240318,딸기 메리퀸,37742,,,,
20240319,딸기 메리퀸,36028,,,,
20240320,딸기 메리퀸,37308,,,,
20240321,딸기 메리퀸,37474,,,,
20240322,딸기 메리퀸,33333,,,,
20240323,딸기 메리퀸,25000,,,,
20240325,딸기 메리퀸,28034,,,,
20240326,딸기 메리퀸,21719,,,,
20240327,딸기 메리퀸,23333,,,,
20240328,딸기 메리퀸,29000,,,,
20240329,딸기 메리퀸,23842,,,,
20240330,딸기 메리퀸,27115,,,,
20240401,딸기 메리퀸,30846,,,,
20240402,딸기 메리퀸,23846,,,,
20240403,딸기 메리퀸,24583,,,,
20240404,딸기 메리퀸,25189,,,,
20240405,딸기 메리퀸,23480,,,,
20240406,딸기 메리퀸,24240,,,,
20240408,딸기 메리퀸,28595,,,,
20240409,딸기 메리퀸,20957,,,,
20240410,딸기 메리퀸,24750,,,,
20240411,딸기 메리퀸,25143,,,,
20240412,딸기 메리퀸,22692,,,,
20240413,딸기 메리퀸,21632,,,,
20240415,딸기 메리퀸,21000,,,,
20240416,딸기 메리퀸,21000,,,,
20240417,딸기 메리퀸,21000,,,,
20240419,딸기 메리퀸,17375,,,,
20240420,딸기 메리퀸,21000,,,,
20240422,딸기 메리퀸,19000,,,,
20240425,딸기 메리퀸,18000,,,,
20240426,딸기 메리퀸,20000,,,,
20240427,딸기 메리퀸,20000,,,,
20240429,딸기 메리퀸,16500,,,,
20240430,딸기 메리퀸,16500,,,,
20210104,딸기 설향,29196,34678,24099,27583,27683.5
20210105,딸기 설향,24825,,30068,30982,27683.5
20210106,딸기 설향,27635,33709,,32238,27683.5
20210107,딸기 설향,27342,30639,25207,,27683.5
20210108,딸기 설향,27077,33210,22680,30417,27683.5
20210109,딸기 설향,25988,34273,22584,28145,27683.5
20210111,딸기 설향,28193,37297,24426,33102,26483.18
20210112,딸기 설향,29453,,24487,34333,26483.18
20210113,딸기 설향,32173,32805,,32980,26483.18
20210114,딸기 설향,34513,29889,22835,,26483.18
20210115,딸기 설향,35312,31965,20287,30916,26483.18
20210116,딸기 설향,35466,32811,19605,28475,26483.18
20210118,딸기 설향,32207,35041,23014,30441,26483.18
20210119,딸기 설향,28772,,24774,31534,26483.18
20210120,딸기 설향,27454,33743,,31374,26483.18
20210121,딸기 설향,25583,34582,23274,,27926.56
20210122,딸기 설향,28771,43347,23181,29534,27926.56
20210123,딸기 설향,28328,39906,23845,28046,27926.56
20210125,딸기 설향,27761,,25699,26368,27926.56
20210126,딸기 설향,27411,,25783,27113,27926.56
20210127,딸기 설향,27376,,,28389,27926.56
20210128,딸기 설향,27110,35601,24150,,27926.56
20210129,딸기 설향,27694,26494,23411,27134,27926.56
20210130,딸기 설향,32012,30429,24717,25739,27926.56
20210201,딸기 설향,28259,27939,26140,27846,25391.22
20210202,딸기 설향,27518,,29712,28863,25391.22
20210203,딸기 설향,28498,26005,,28591,25391.22
20210204,딸기 설향,28843,25331,29687,,25391.22
20210205,딸기 설향,29064,24129,,26866,25391.22
20210206,딸기 설향,29308,23252,,25738,25391.22
20210208,딸기 설향,27980,22883,23822,25831,25391.22
20210209,딸기 설향,29569,,19436,25844,25391.22
20210210,딸기 설향,31437,22717,,24735,25391.22
20210211,딸기 설향,28491,22931,18211,,20626.82
20210215,딸기 설향,24992,22200,19260,26196,20626.82
20210216,딸기 설향,21940,,19502,,20626.82
20210217,딸기 설향,17910,20874,,,20626.82
20210218,딸기 설향,22196,18610,17835,,20626.82
20210219,딸기 설향,20670,19323,16593,23207,20626.82
20210220,딸기 설향,22497,18427,17483,18686,20626.82
20210222,딸기 설향,19287,19317,17883,16206,18121.66
20210223,딸기 설향,17545,,17718,16476,18121.66
20210224,딸기 설향,17890,18196,,18473,18121.66
20210225,딸기 설향,18083,17212,16584,,18121.66
20210226,딸기 설향,19801,17313,15460,15654,18121.66
20210227,딸기 설향,25524,19650,14963,15775,18121.66
20210301,딸기 설향,22111,,16400,16463,17480.63
20210302,딸기 설향,20893,17919,19358,17396,17480.63
20210303,딸기 설향,23737,17865,,20740,17480.63
20210304,딸기 설향,26516,17531,15964,,17480.63
20210305,딸기 설향,26977,18350,15645,16508,17480.63
20210306,딸기 설향,23505,17688,16084,15219,17480.63
20210308,딸기 설향,21667,,16501,15829,17480.63
20210309,딸기 설향,18587,18258,17296,16939,17480.63
20210310,딸기 설향,17906,18072,,19857,17480.63
20210311,딸기 설향,17976,17991,16077,,17171.5
20210312,딸기 설향,18552,19402,15124,17414,17171.5
20210313,딸기 설향,20061,19509,16600,17191,17171.5
20210315,딸기 설향,18748,,19002,16440,17171.5
20210316,딸기 설향,18541,18631,18894,16804,17171.5
20210317,딸기 설향,18520,17392,,17233,17171.5
20210318,딸기 설향,18259,16845,16232,,17171.5
20210319,딸기 설향,17715,17487,15320,16247,17171.5
20210320,딸기 설향,19465,17447,15055,15642,17171.5
20210322,딸기 설향,17735,,14572,19118,16801.76
20210323,딸기 설향,17518,17170,17086,20574,16801.76
20210324,딸기 설향,17596,16177,,22671,16801.76
20210325,딸기 설향,17781,16260,15344,,16801.76
20210326,딸기 설향,17978,16848,14803,18292,16801.76
20210327,딸기 설향,19555,17994,15008,16063,16801.76
20210329,딸기 설향,18092,,15638,16619,16801.76
20210330,딸기 설향,16485,19303,16515,16971,16801.76
20210331,딸기 설향,16204,17799,,17591,16801.76
20210401,딸기 설향,17048,18278,14869,,16140.46
20210402,딸기 설향,17250,17864,14044,16343,16140.46
20210403,딸기 설향,19936,18828,14320,15634,16140.46
20210405,딸기 설향,16906,,15340,15808,16140.46
20210406,딸기 설향,16831,18101,16866,15944,16140.46
20210407,딸기 설향,18089,17465,,19685,16140.46
20210408,딸기 설향,18480,17920,15059,,16140.46
20210409,딸기 설향,18545,19362,14808,18819,16140.46
20210410,딸기 설향,20810,19473,13754,18035,16140.46
20210412,딸기 설향,19167,,14679,17579,16242.43
20210413,딸기 설향,17671,19318,18003,17263,16242.43
20210414,딸기 설향,18537,19681,,17158,16242.43
20210415,딸기 설향,19530,21188,15206,,16242.43
20210416,딸기 설향,21181,21850,14817,16937,16242.43
20210417,딸기 설향,22307,20329,15861,17353,16242.43
20210419,딸기 설향,20384,,16455,16935,16242.43
20210420,딸기 설향,20041,17768,17146,17729,16242.43
20210421,딸기 설향,19900,16716,,19368,17196.79
20210422,딸기 설향,20501,17924,15137,,17196.79
20210423,딸기 설향,19502,18105,12873,19149,17196.79
20210424,딸기 설향,20877,19702,14022,14794,17196.79
20210426,딸기 설향,18578,,14999,17683,17196.79
20210427,딸기 설향,17221,22553,18696,19363,17196.79
20210428,딸기 설향,17974,18899,,20264,17196.79
20210429,딸기 설향,18716,19375,17608,,17196.79
20210430,딸기 설향,21803,19215,17518,16294,17196.79
20210501,딸기 설향,22524,19876,18532,15542,17361.59
20210503,딸기 설향,20652,,17978,16900,17361.59
20210504,딸기 설향,19820,17040,18251,16886,17361.59
20210505,딸기 설향,20298,15931,,20165,17361.59
20210506,딸기 설향,21654,17051,16966,,17361.59
20210507,딸기 설향,22321,17522,16636,18186,17361.59
20210508,딸기 설향,22132,19922,18363,18045,17361.59
20210510,딸기 설향,20443,,18433,19427,17361.59
20210511,딸기 설향,18591,19326,19875,17589,17248.76
20210512,딸기 설향,19774,20155,,16561,17248.76
20210513,딸기 설향,19699,19092,17687,,17248.76
20210514,딸기 설향,18920,19724,16428,16105,17248.76
20210515,딸기 설향,18620,20061,15958,15413,17248.76
20210517,딸기 설향,15178,,15150,15745,17248.76
20210518,딸기 설향,15502,20393,17336,16926,17248.76
20210519,딸기 설향,16302,19422,,18294,17248.76
20210520,딸기 설향,18449,18238,15749,,17248.76
20210521,딸기 설향,18583,19120,15307,17827,17495.74
20210522,딸기 설향,19009,20515,16740,18994,17495.74
20210524,딸기 설향,19000,,20616,22000,17495.74
20210525,딸기 설향,20653,17931,21513,21451,17495.74
20210526,딸기 설향,20561,15138,,23829,17495.74
20210527,딸기 설향,20528,16877,19384,,17495.74
20210528,딸기 설향,21227,18500,16685,21686,17495.74
20210529,딸기 설향,22167,17862,20087,18414,17495.74
20210531,딸기 설향,21464,,21714,18080,17495.74
20210601,딸기 설향,22411,15637,22007,19407,16448.6
20210602,딸기 설향,21563,16682,,16932,16448.6
20210603,딸기 설향,21557,14398,17921,,16448.6
20210604,딸기 설향,21547,14331,17634,17125,16448.6
20210605,딸기 설향,24132,14745,18962,15209,16448.6
20210607,딸기 설향,20610,,14920,17000,16448.6
20210608,딸기 설향,21604,15667,19281,20000,16448.6
20210609,딸기 설향,23476,14102,,24435,16448.6
20210610,딸기 설향,20480,14347,20667,,16448.6
20210611,딸기 설향,26000,14000,18000,26000,17180.51
20210612,딸기 설향,25000,14000,17593,26000,17180.51
20210614,딸기 설향,25000,,22333,26000,17180.51
20210615,딸기 설향,23000,17000,22000,26000,17180.51
20210616,딸기 설향,23000,17000,,26000,17180.51
20210617,딸기 설향,23000,17000,24067,,17180.51
20210618,딸기 설향,23000,17000,21692,26000,17180.51
20210619,딸기 설향,24000,17000,20857,26000,17180.51
20210621,딸기 설향,24000,,21000,26000,14498.34
20210622,딸기 설향,24000,17000,24000,26000,14498.34
20210623,딸기 설향,24000,17000,,26000,14498.34
20210624,딸기 설향,24000,17000,27000,,14498.34
20210625,딸기 설향,24000,17000,27000,26000,14498.34
20210626,딸기 설향,24000,17000,27000,26000,14498.34
20210628,딸기 설향,24000,,27000,26000,14498.34
20210629,딸기 설향,24000,17000,27000,26000,14498.34
20210630,딸기 설향,24000,17000,,26000,14498.34
20210701,딸기 설향,24000,17000,27000,,11196.74
20210702,딸기 설향,24000,17000,27000,26000,11196.74
20210703,딸기 설향,24000,17000,27000,26000,11196.74
20211016,딸기 설향,48000,,35000,,14539.43
20211018,딸기 설향,46700,,60000,,14539.43
20211019,딸기 설향,39000,,60000,,14539.43
20211020,딸기 설향,54000,,,,14539.43
20211021,딸기 설향,53000,,45000,,43252.63
20211022,딸기 설향,58571,,50200,,43252.63
20211023,딸기 설향,52600,,50200,,43252.63
20211025,딸기 설향,60238,,56000,,43252.63
20211026,딸기 설향,48303,69000,63833,,43252.63
20211027,딸기 설향,47514,52000,,,43252.63
20211028,딸기 설향,45455,77000,37531,,43252.63
20211029,딸기 설향,48530,80000,48167,,43252.63
20211030,딸기 설향,48789,82381,45370,,43252.63
20211101,딸기 설향,41747,,59732,78500,46475.61
20211102,딸기 설향,44906,53594,57923,76000,46475.61
20211103,딸기 설향,47808,70889,,74000,46475.61
20211104,딸기 설향,52482,59083,40697,,46475.61
20211105,딸기 설향,50715,71500,31124,55455,46475.61
20211106,딸기 설향,51195,69692,44805,65545,46475.61
20211108,딸기 설향,41559,,41959,57536,46475.61
20211109,딸기 설향,34048,62873,45538,50600,46475.61
20211110,딸기 설향,37658,59062,,52466,46475.61
20211111,딸기 설향,48455,61620,37137,,39916.39
20211112,딸기 설향,50895,66965,33381,48762,39916.39
20211113,딸기 설향,55093,63400,37331,44217,39916.39
20211115,딸기 설향,43923,,46139,48345,39916.39
20211116,딸기 설향,41235,54173,48066,48744,39916.39
20211117,딸기 설향,44817,48634,,52842,39916.39
20211118,딸기 설향,45512,45494,34249,,39916.39
20211119,딸기 설향,43799,47166,29824,48936,39916.39
20211120,딸기 설향,34625,47801,34962,44432,39916.39
20211122,딸기 설향,30759,,33218,45751,32981.21
20211123,딸기 설향,29527,37987,30940,47213,32981.21
20211124,딸기 설향,31929,35773,,44512,32981.21
20211125,딸기 설향,31915,39510,26716,,32981.21
20211126,딸기 설향,35902,45581,23211,39745,32981.21
20211127,딸기 설향,32880,47078,27856,38349,32981.21
20211129,딸기 설향,31555,,28239,35876,32981.21
20211130,딸기 설향,30865,42019,33127,37557,32981.21
20211201,딸기 설향,30811,39375,,33067,30189.93
20211202,딸기 설향,32511,42967,29196,,30189.93
20211203,딸기 설향,39087,41543,28154,32258,30189.93
20211204,딸기 설향,46134,40501,28909,25751,30189.93
20211206,딸기 설향,42250,,35812,31688,30189.93
20211207,딸기 설향,39007,35954,34454,26922,30189.93
20211208,딸기 설향,37495,31039,,25768,30189.93
20211209,딸기 설향,39232,31483,29077,,30189.93
20211210,딸기 설향,38551,31921,28264,32125,30189.93
20211211,딸기 설향,38570,31857,28536,22968,27905.24
20211213,딸기 설향,36833,,29197,31080,27905.24
20211214,딸기 설향,36127,28618,30399,30606,27905.24
20211215,딸기 설향,36370,26371,,31752,27905.24
20211216,딸기 설향,39421,32310,28347,,27905.24
20211217,딸기 설향,42080,27298,27034,30236,27905.24
20211218,딸기 설향,45634,29401,26929,28694,27905.24
20211220,딸기 설향,46358,,26318,30497,27905.24
20211221,딸기 설향,50569,30987,27959,30775,29700.3
20211222,딸기 설향,51980,30380,,29760,29700.3
20211223,딸기 설향,58828,36269,28472,,29700.3
20211224,딸기 설향,55483,38385,31660,27252,29700.3
20211225,딸기 설향,59552,35738,34358,24710,29700.3
20211227,딸기 설향,56362,,36420,22962,29700.3
20211228,딸기 설향,51810,30995,35048,21929,29700.3
20211229,딸기 설향,49960,29314,,21335,29700.3
20211230,딸기 설향,52852,31352,36636,,29700.3
20211231,딸기 설향,57457,27621,36810,27932,29700.3
20220103,딸기 설향,52897,,34372,25304,28128.68
20220104,딸기 설향,45940,29196,34678,24099,28128.68
20220105,딸기 설향,49682,24825,,30068,28128.68
20220106,딸기 설향,50929,27635,33709,,28128.68
20220107,딸기 설향,49899,27342,30639,25207,28128.68
20220108,딸기 설향,48762,27077,33210,22680,28128.68
20220110,딸기 설향,44897,,34814,24277,28128.68
20220111,딸기 설향,41378,28193,37297,24426,28200.47
20220112,딸기 설향,42727,29453,,24487,28200.47
20220113,딸기 설향,43528,32173,32805,,28200.47
20220114,딸기 설향,45301,34513,29889,22835,28200.47
20220115,딸기 설향,46437,35312,31965,20287,28200.47
20220117,딸기 설향,44201,,34248,22553,28200.47
20220118,딸기 설향,41623,32207,35041,23014,28200.47
20220119,딸기 설향,44859,28772,,24774,28200.47
20220120,딸기 설향,46062,27454,33743,,28200.47
20220121,딸기 설향,48010,25583,34582,23274,28223.52
20220122,딸기 설향,50394,28771,43347,23181,28223.52
20220124,딸기 설향,44367,,35673,25640,28223.52
20220125,딸기 설향,41737,27761,,25699,28223.52
20220126,딸기 설향,43148,27411,,25783,28223.52
20220127,딸기 설향,45537,27376,,,28223.52
20220128,딸기 설향,53089,27110,35601,24150,28223.52
20220129,딸기 설향,55838,27694,26494,23411,28223.52
20220204,딸기 설향,32655,28843,25331,29687,25468.97
20220205,딸기 설향,32341,29064,24129,,25468.97
20220207,딸기 설향,41524,,23388,,25468.97
20220208,딸기 설향,28855,27980,22883,23822,25468.97
20220209,딸기 설향,29194,29569,,19436,25468.97
20220210,딸기 설향,31225,31437,22717,,25468.97
20220211,딸기 설향,31239,28491,22931,18211,20747.82
20220212,딸기 설향,28672,,22052,17423,20747.82
20220214,딸기 설향,26555,,21648,18945,20747.82
20220215,딸기 설향,23779,24992,22200,19260,20747.82
20220216,딸기 설향,21405,21940,,19502,20747.82
20220217,딸기 설향,23027,17910,20874,,20747.82
20220218,딸기 설향,22284,22196,18610,17835,20747.82
20220219,딸기 설향,24375,20670,19323,16593,20747.82
20220221,딸기 설향,22548,,20428,18042,17671.54
20220222,딸기 설향,21630,19287,19317,17883,17671.54
20220223,딸기 설향,20445,17545,,17718,17671.54
20220224,딸기 설향,21056,17890,18196,,17671.54
20220225,딸기 설향,21281,18083,17212,16584,17671.54
20220226,딸기 설향,22254,19801,17313,15460,17671.54
20220228,딸기 설향,20663,,19864,15663,17671.54
20220301,딸기 설향,19972,22111,,16400,17971.22
20220302,딸기 설향,19842,20893,17919,19358,17971.22
20220303,딸기 설향,20619,23737,17865,,17971.22
20220304,딸기 설향,20323,26516,17531,15964,17971.22
20220305,딸기 설향,21091,26977,18350,15645,17971.22
20220307,딸기 설향,19366,,19281,15986,17971.22
20220308,딸기 설향,18896,21667,,16501,17971.22
20220309,딸기 설향,18779,18587,18258,17296,17971.22
20220310,딸기 설향,19594,17906,18072,,17971.22
20220311,딸기 설향,20708,17976,17991,16077,17285.03
20220312,딸기 설향,22054,18552,19402,15124,17285.03
20220314,딸기 설향,19402,,22211,18031,17285.03
20220315,딸기 설향,17657,18748,,19002,17285.03
20220316,딸기 설향,18579,18541,18631,18894,17285.03
20220317,딸기 설향,19079,18520,17392,,17285.03
20220318,딸기 설향,19385,18259,16845,16232,17285.03
20220319,딸기 설향,20336,17715,17487,15320,17285.03
20220321,딸기 설향,20083,,19086,14633,17083.7
20220322,딸기 설향,23068,17735,,14572,17083.7
20220323,딸기 설향,25284,17518,17170,17086,17083.7
20220324,딸기 설향,23916,17596,16177,,17083.7
20220325,딸기 설향,22104,17781,16260,15344,17083.7
20220326,딸기 설향,23095,17978,16848,14803,17083.7
20220328,딸기 설향,21139,,21217,15680,17083.7
20220329,딸기 설향,20012,18092,,15638,17083.7
20220330,딸기 설향,19219,16485,19303,16515,17083.7
20220331,딸기 설향,18603,16204,17799,,17083.7
20220401,딸기 설향,19509,17048,18278,14869,16393.02
20220402,딸기 설향,21957,17250,17864,14044,16393.02
20220404,딸기 설향,20345,,21656,14769,16393.02
20220405,딸기 설향,19276,16906,,15340,16393.02
20220406,딸기 설향,19071,16831,18101,16866,16393.02
20220407,딸기 설향,19769,18089,17465,,16393.02
20220408,딸기 설향,20776,18480,17920,15059,16393.02
20220409,딸기 설향,24127,18545,19362,14808,16393.02
20220411,딸기 설향,19592,,21561,14143,17168.65
20220412,딸기 설향,17682,19167,,14679,17168.65
20220413,딸기 설향,17247,17671,19318,18003,17168.65
20220414,딸기 설향,18827,18537,19681,,17168.65
20220415,딸기 설향,21127,19530,21188,15206,17168.65
20220416,딸기 설향,28260,21181,21850,14817,17168.65
20220418,딸기 설향,21635,,20931,16716,17168.65
20220419,딸기 설향,19337,20384,,16455,17168.65
20220420,딸기 설향,20730,20041,17768,17146,17168.65
20220421,딸기 설향,22242,19900,16716,,17769.23
20220422,딸기 설향,24063,20501,17924,15137,17769.23
20220423,딸기 설향,26213,19502,18105,12873,17769.23
20220425,딸기 설향,20972,,22510,15111,17769.23
20220426,딸기 설향,19247,18578,,14999,17769.23
20220427,딸기 설향,18515,17221,22553,18696,17769.23
20220428,딸기 설향,18643,17974,18899,,17769.23
20220429,딸기 설향,22680,18716,19375,17608,17769.23
20220430,딸기 설향,25279,21803,19215,17518,17769.23
20220502,딸기 설향,22747,,20482,18735,18172.76
20220503,딸기 설향,23713,20652,,17978,18172.76
20220504,딸기 설향,25245,19820,17040,18251,18172.76
20220505,딸기 설향,25292,20298,15931,,18172.76
20220506,딸기 설향,28213,21654,17051,16966,18172.76
20220507,딸기 설향,25809,22321,17522,16636,18172.76
20220509,딸기 설향,24064,,23125,19330,18172.76
20220510,딸기 설향,19587,20443,,18433,18172.76
20220511,딸기 설향,19804,18591,19326,19875,17797.32
20220512,딸기 설향,21878,19774,20155,,17797.32
20220513,딸기 설향,23609,19699,19092,17687,17797.32
20220514,딸기 설향,24290,18920,19724,16428,17797.32
20220516,딸기 설향,21089,,22230,14554,17797.32
20220517,딸기 설향,20819,15178,,15150,17797.32
20220518,딸기 설향,21241,15502,20393,17336,17797.32
20220519,딸기 설향,22341,16302,19422,,17797.32
20220520,딸기 설향,22796,18449,18238,15749,17797.32
20220521,딸기 설향,25287,18583,19120,15307,18384.82
20220523,딸기 설향,21141,,23255,18371,18384.82
20220524,딸기 설향,20563,19000,,20616,18384.82
20220525,딸기 설향,22013,20653,17931,21513,18384.82
20220526,딸기 설향,22164,20561,15138,,18384.82
20220527,딸기 설향,24955,20528,16877,19384,18384.82
20220528,딸기 설향,26030,21227,18500,16685,18384.82
20220530,딸기 설향,24489,,19918,22718,18384.82
20220531,딸기 설향,23020,21464,,21714,18384.82
20220601,딸기 설향,24020,22411,15637,22007,17435.02
20220602,딸기 설향,24826,21563,16682,,17435.02
20220603,딸기 설향,27083,21557,14398,17921,17435.02
20220604,딸기 설향,33807,21547,14331,17634,17435.02
20220606,딸기 설향,28900,,14497,18000,17435.02
20220607,딸기 설향,30440,20610,,14920,17435.02
20220608,딸기 설향,30357,21604,15667,19281,17435.02
20220609,딸기 설향,23000,23476,14102,,17435.02
20220610,딸기 설향,35952,20480,14347,20667,17435.02
20220611,딸기 설향,31400,26000,14000,18000,21415.94
20220613,딸기 설향,23000,,15000,21000,21415.94
20220614,딸기 설향,15250,25000,,22333,21415.94
20220615,딸기 설향,15250,23000,17000,22000,21415.94
20220616,딸기 설향,15250,23000,17000,,21415.94
20220617,딸기 설향,15250,23000,17000,24067,21415.94
20220618,딸기 설향,15250,23000,17000,21692,21415.94
20220620,딸기 설향,15250,,17000,21857,21415.94
20220621,딸기 설향,15250,24000,,21000,18444.65
20221024,딸기 설향,50000,,69400,43714,49179.29
20221025,딸기 설향,50000,60238,,56000,49179.29
20221026,딸기 설향,50000,48303,69000,63833,49179.29
20221027,딸기 설향,50000,47514,52000,,49179.29
20221028,딸기 설향,67000,45455,77000,37531,49179.29
20221029,딸기 설향,67111,48530,80000,48167,49179.29
20221031,딸기 설향,65375,,85000,61512,49179.29
20221101,딸기 설향,64950,41747,,59732,45121
20221102,딸기 설향,86111,44906,53594,57923,45121
20221103,딸기 설향,112727,47808,70889,,45121
20221104,딸기 설향,94167,52482,59083,40697,45121
20221105,딸기 설향,75438,50715,71500,31124,45121
20221107,딸기 설향,58126,,68443,42400,45121
20221108,딸기 설향,58672,41559,,41959,45121
20221109,딸기 설향,64972,34048,62873,45538,45121
20221110,딸기 설향,68750,37658,59062,,45121
20221111,딸기 설향,70287,48455,61620,37137,41021.73
20221112,딸기 설향,70381,50895,66965,33381,41021.73
20221114,딸기 설향,48470,,67466,42193,41021.73
20221115,딸기 설향,39231,43923,,46139,41021.73
20221116,딸기 설향,43458,41235,54173,48066,41021.73
20221117,딸기 설향,47307,44817,48634,,41021.73
20221118,딸기 설향,53659,45512,45494,34249,41021.73
20221119,딸기 설향,57445,43799,47166,29824,41021.73
20221121,딸기 설향,41446,,43826,34958,32938.48
20221122,딸기 설향,33766,30759,,33218,32938.48
20221123,딸기 설향,35751,29527,37987,30940,32938.48
20221124,딸기 설향,39325,31929,35773,,32938.48
20221125,딸기 설향,42121,31915,39510,26716,32938.48
20221126,딸기 설향,37375,35902,45581,23211,32938.48
20221128,딸기 설향,31992,,46739,27863,32938.48
20221129,딸기 설향,27621,31555,,28239,32938.48
20221130,딸기 설향,42000,30865,42019,33127,32938.48
20221201,딸기 설향,34208,30811,39375,,32234.01
20221202,딸기 설향,35259,32511,42967,29196,32234.01
20221203,딸기 설향,39767,39087,41543,28154,32234.01
20221205,딸기 설향,34218,,40268,34604,32234.01
20221206,딸기 설향,34263,42250,,35812,32234.01
20221207,딸기 설향,34605,39007,35954,34454,32234.01
20221208,딸기 설향,37939,37495,31039,,32234.01
20221209,딸기 설향,40446,39232,31483,29077,32234.01
20221210,딸기 설향,38751,38551,31921,28264,32234.01
20221212,딸기 설향,34307,,31672,29493,30793.68
20221213,딸기 설향,32163,36833,,29197,30793.68
20221214,딸기 설향,34367,36127,28618,30399,30793.68
20221215,딸기 설향,35057,36370,26371,,30793.68
20221216,딸기 설향,35506,39421,32310,28347,30793.68
20221217,딸기 설향,36511,42080,27298,27034,30793.68
20221219,딸기 설향,33776,,31450,25710,30793.68
20221220,딸기 설향,34056,46358,,26318,30793.68
20221221,딸기 설향,36926,50569,30987,27959,33791.53
20221222,딸기 설향,46622,51980,30380,,33791.53
20221223,딸기 설향,42475,58828,36269,28472,33791.53
20221224,딸기 설향,40286,55483,38385,31660,33791.53
20221226,딸기 설향,39036,,37900,42406,33791.53
20221227,딸기 설향,38293,56362,,36420,33791.53
20221228,딸기 설향,40031,51810,30995,35048,33791.53
20221229,딸기 설향,39370,49960,29314,,33791.53
20221230,딸기 설향,41171,52852,31352,36636,33791.53
20221231,딸기 설향,37487,57457,27621,36810,33791.53
20230103,딸기 설향,35534,52897,,34372,31388.75
20230104,딸기 설향,36790,45940,29196,34678,31388.75
20230105,딸기 설향,29115,49682,24825,,31388.75
20230106,딸기 설향,33284,50929,27635,33709,31388.75
20230107,딸기 설향,34884,49899,27342,30639,31388.75
20230109,딸기 설향,31690,,25988,34273,31388.75
20230110,딸기 설향,34010,44897,,34814,31388.75
20230111,딸기 설향,31377,41378,28193,37297,31224.27
20230112,딸기 설향,32593,42727,29453,,31224.27
20230113,딸기 설향,34091,43528,32173,32805,31224.27
20230114,딸기 설향,35467,45301,34513,29889,31224.27
20230116,딸기 설향,30018,,35466,32811,31224.27
20230117,딸기 설향,28944,44201,,34248,31224.27
20230118,딸기 설향,31917,41623,32207,35041,31224.27
20230119,딸기 설향,39494,44859,28772,,31224.27
20230120,딸기 설향,43026,46062,27454,33743,31224.27
20230121,딸기 설향,40418,48010,25583,34582,30595.16
20230125,딸기 설향,34723,41737,27761,,30595.16
20230126,딸기 설향,28892,43148,27411,,30595.16
20230127,딸기 설향,34130,45537,27376,,30595.16
20230128,딸기 설향,40670,53089,27110,35601,30595.16
20230130,딸기 설향,36040,,32012,30429,30595.16
20230131,딸기 설향,34472,,,30012,30595.16
20230201,딸기 설향,31295,,28259,27939,27525.98
20230202,딸기 설향,31432,,27518,,27525.98
20230203,딸기 설향,30585,,28498,26005,27525.98
20230204,딸기 설향,29524,32655,28843,25331,27525.98
20230206,딸기 설향,27569,,29308,23252,27525.98
20230207,딸기 설향,25240,41524,,23388,27525.98
20230208,딸기 설향,29755,28855,27980,22883,27525.98
20230209,딸기 설향,24967,29194,29569,,27525.98
20230210,딸기 설향,26467,31225,31437,22717,27525.98
20230211,딸기 설향,27398,31239,28491,22931,21976.18
20230213,딸기 설향,25556,,,22511,21976.18
20230214,딸기 설향,28075,26555,,21648,21976.18
20230215,딸기 설향,25599,23779,24992,22200,21976.18
20230216,딸기 설향,27027,21405,21940,,21976.18
20230217,딸기 설향,27942,23027,17910,20874,21976.18
20230218,딸기 설향,28318,22284,22196,18610,21976.18
20230220,딸기 설향,27462,,22497,18427,21976.18
20230221,딸기 설향,27552,22548,,20428,18647.87
20230222,딸기 설향,27148,21630,19287,19317,18647.87
20230223,딸기 설향,27500,20445,17545,,18647.87
20230224,딸기 설향,27009,21056,17890,18196,18647.87
20230225,딸기 설향,26960,21281,18083,17212,18647.87
20230227,딸기 설향,24781,,25524,19650,18647.87
20230228,딸기 설향,24170,20663,,19864,18647.87
20230301,딸기 설향,26059,19972,22111,,18708.18
20230302,딸기 설향,25640,19842,20893,17919,18708.18
20230303,딸기 설향,27018,20619,23737,17865,18708.18
20230304,딸기 설향,28594,20323,26516,17531,18708.18
20230306,딸기 설향,26358,,23505,17688,18708.18
20230307,딸기 설향,22640,19366,,19281,18708.18
20230308,딸기 설향,20625,18896,21667,,18708.18
20230309,딸기 설향,20099,18779,18587,18258,18708.18
20230310,딸기 설향,20842,19594,17906,18072,18708.18
20230311,딸기 설향,22134,20708,17976,17991,18025.09
20230313,딸기 설향,20480,,20061,19509,18025.09
20230314,딸기 설향,19342,19402,,22211,18025.09
20230315,딸기 설향,20446,17657,18748,,18025.09
20230316,딸기 설향,20236,18579,18541,18631,18025.09
20230317,딸기 설향,21228,19079,18520,17392,18025.09
20230318,딸기 설향,25657,19385,18259,16845,18025.09
20230320,딸기 설향,21635,,19465,17447,18025.09
20230321,딸기 설향,20636,20083,,19086,18056.2
20230322,딸기 설향,19909,23068,17735,,18056.2
20230323,딸기 설향,18904,25284,17518,17170,18056.2
20230324,딸기 설향,19636,23916,17596,16177,18056.2
20230325,딸기 설향,20727,22104,17781,16260,18056.2
20230327,딸기 설향,19906,,19555,17994,18056.2
20230328,딸기 설향,18916,21139,,21217,18056.2
20230329,딸기 설향,18727,20012,18092,,18056.2
20230330,딸기 설향,18844,19219,16485,19303,18056.2
20230331,딸기 설향,20893,18603,16204,17799,18056.2
20230401,딸기 설향,23799,19509,17048,18278,17713.65
20230403,딸기 설향,19271,,19936,18828,17713.65
20230404,딸기 설향,20615,20345,,21656,17713.65
20230405,딸기 설향,17456,19276,16906,,17713.65
20230406,딸기 설향,17506,19071,16831,18101,17713.65
20230407,딸기 설향,20037,19769,18089,17465,17713.65
20230408,딸기 설향,28262,20776,18480,17920,17713.65
20230410,딸기 설향,20798,,20810,19473,17713.65
20230411,딸기 설향,18932,19592,,21561,18510.32
20230412,딸기 설향,18793,17682,19167,,18510.32
20230413,딸기 설향,20667,17247,17671,19318,18510.32
20230414,딸기 설향,24417,18827,18537,19681,18510.32
20230415,딸기 설향,24776,21127,19530,21188,18510.32
20230417,딸기 설향,19245,,22307,20329,18510.32
20230418,딸기 설향,18518,21635,,20931,18510.32
20230419,딸기 설향,19490,19337,20384,,18510.32
20230420,딸기 설향,19207,20730,20041,17768,18510.32
20230421,딸기 설향,20860,22242,19900,16716,18786.82
20230422,딸기 설향,19584,24063,20501,17924,18786.82
20230424,딸기 설향,18502,,20877,19702,18786.82
20230425,딸기 설향,18711,20972,,22510,18786.82
20230426,딸기 설향,20817,19247,18578,,18786.82
20230427,딸기 설향,24411,18515,17221,22553,18786.82
20230428,딸기 설향,28553,18643,17974,18899,18786.82
20230429,딸기 설향,28391,22680,18716,19375,18786.82
20230501,딸기 설향,21085,,22524,19876,19651.48
20230502,딸기 설향,19966,22747,,20482,19651.48
20230503,딸기 설향,20516,23713,20652,,19651.48
20230504,딸기 설향,21479,25245,19820,17040,19651.48
20230505,딸기 설향,20348,25292,20298,15931,19651.48
20230506,딸기 설향,23958,28213,21654,17051,19651.48
20230508,딸기 설향,22061,,22132,19922,19651.48
20230509,딸기 설향,24392,24064,,23125,19651.48
20230510,딸기 설향,23000,19587,20443,,19651.48
20230511,딸기 설향,22866,19804,18591,19326,18579.69
20230512,딸기 설향,23626,21878,19774,20155,18579.69
20230513,딸기 설향,22677,23609,19699,19092,18579.69
20230515,딸기 설향,20634,,18620,20061,18579.69
20230516,딸기 설향,19156,21089,,22230,18579.69
20230517,딸기 설향,20148,20819,15178,,18579.69
20230518,딸기 설향,19408,21241,15502,20393,18579.69
20230519,딸기 설향,20565,22341,16302,19422,18579.69
20230520,딸기 설향,22670,22796,18449,18238,18579.69
20230522,딸기 설향,19916,,19009,20515,20055.3
20230523,딸기 설향,19543,21141,,23255,20055.3
20230524,딸기 설향,20376,20563,19000,,20055.3
20230525,딸기 설향,23028,22013,20653,17931,20055.3
20230526,딸기 설향,21787,22164,20561,15138,20055.3
20230527,딸기 설향,21011,24955,20528,16877,20055.3
20230529,딸기 설향,19977,,22167,17862,20055.3
20230530,딸기 설향,20538,24489,,19918,20055.3
20230531,딸기 설향,20000,23020,21464,,20055.3
20230601,딸기 설향,20163,24020,22411,15637,18915.08
20230602,딸기 설향,19239,24826,21563,16682,18915.08
20230603,딸기 설향,20740,27083,21557,14398,18915.08
20230605,딸기 설향,23032,,24132,14745,18915.08
20230606,딸기 설향,20000,28900,,14497,18915.08
20230607,딸기 설향,23222,30440,20610,,18915.08
20230608,딸기 설향,23222,30357,21604,15667,18915.08
20230609,딸기 설향,33000,23000,23476,14102,18915.08
20230610,딸기 설향,38000,35952,20480,14347,18915.08
20230612,딸기 설향,30000,,25000,14000,21638.14
20230613,딸기 설향,30000,23000,,15000,21638.14
20230614,딸기 설향,30000,15250,25000,,21638.14
20230615,딸기 설향,30000,15250,23000,17000,21638.14
20231027,딸기 설향,100000,50000,47514,52000,50663.63
20231028,딸기 설향,90000,67000,45455,77000,50663.63
20231030,딸기 설향,74700,,48789,82381,50663.63
20231031,딸기 설향,69375,65375,,85000,50663.63
20231101,딸기 설향,69417,64950,41747,,49276.13
20231102,딸기 설향,74125,86111,44906,53594,49276.13
20231103,딸기 설향,81909,112727,47808,70889,49276.13
20231106,딸기 설향,55767,,51195,69692,49276.13
20231107,딸기 설향,63000,58126,,68443,49276.13
20231108,딸기 설향,65362,58672,41559,,49276.13
20231109,딸기 설향,65190,64972,34048,62873,49276.13
20231110,딸기 설향,82977,68750,37658,59062,49276.13
20231111,딸기 설향,69075,70287,48455,61620,45484.94
20231113,딸기 설향,65156,,55093,63400,45484.94
20231114,딸기 설향,63423,48470,,67466,45484.94
20231115,딸기 설향,74258,39231,43923,,45484.94
20231116,딸기 설향,88537,43458,41235,54173,45484.94
20231117,딸기 설향,81833,47307,44817,48634,45484.94
20231118,딸기 설향,83377,53659,45512,45494,45484.94
20231120,딸기 설향,69887,,34625,47801,45484.94
20231121,딸기 설향,61189,41446,,43826,34777.57
20231122,딸기 설향,57293,33766,30759,,34777.57
20231123,딸기 설향,54906,35751,29527,37987,34777.57
20231124,딸기 설향,50754,39325,31929,35773,34777.57
20231125,딸기 설향,47913,42121,31915,39510,34777.57
20231127,딸기 설향,43190,,32880,47078,34777.57
20231128,딸기 설향,42941,31992,,46739,34777.57
20231129,딸기 설향,49523,27621,31555,,34777.57
20231130,딸기 설향,53982,42000,30865,42019,34777.57
20231201,딸기 설향,60672,34208,30811,39375,34497.19
20231202,딸기 설향,60672,35259,32511,42967,34497.19
20231204,딸기 설향,42827,,46134,40501,34497.19
20231205,딸기 설향,40703,34218,,40268,34497.19
20231206,딸기 설향,42279,34263,42250,,34497.19
20231207,딸기 설향,44917,34605,39007,35954,34497.19
20231208,딸기 설향,46270,37939,37495,31039,34497.19
20231209,딸기 설향,44623,40446,39232,31483,34497.19
20231211,딸기 설향,38091,,38570,31857,32050.01
20231212,딸기 설향,44188,34307,,31672,32050.01
20231213,딸기 설향,33561,32163,36833,,32050.01
20231214,딸기 설향,33655,34367,36127,28618,32050.01
20231215,딸기 설향,37935,35057,36370,26371,32050.01
20231216,딸기 설향,36682,35506,39421,32310,32050.01
20231218,딸기 설향,35934,,45634,29401,32050.01
20231219,딸기 설향,40613,33776,,31450,32050.01
20231220,딸기 설향,43244,34056,46358,,32050.01
20231221,딸기 설향,47679,36926,50569,30987,35889.82
20231222,딸기 설향,42114,46622,51980,30380,35889.82
20231223,딸기 설향,44899,42475,58828,36269,35889.82
20231225,딸기 설향,48822,,59552,35738,35889.82
20231226,딸기 설향,44867,39036,,37900,35889.82
20231227,딸기 설향,44727,38293,56362,,35889.82
20231228,딸기 설향,45415,40031,51810,30995,35889.82
20231229,딸기 설향,46596,39370,49960,29314,35889.82
20231230,딸기 설향,45457,41171,52852,31352,35889.82
20240103,딸기 설향,41472,35534,52897,,32218.83
20240104,딸기 설향,33677,36790,45940,29196,32218.83
20240105,딸기 설향,35609,29115,49682,24825,32218.83
20240106,딸기 설향,37437,33284,50929,27635,32218.83
20240108,딸기 설향,33531,,48762,27077,32218.83
20240109,딸기 설향,29699,31690,,25988,32218.83
20240110,딸기 설향,41126,34010,44897,,32218.83
20240111,딸기 설향,32752,31377,41378,28193,31935.69
20240112,딸기 설향,37619,32593,42727,29453,31935.69
20240113,딸기 설향,46674,34091,43528,32173,31935.69
20240115,딸기 설향,41553,,46437,35312,31935.69
20240116,딸기 설향,37895,30018,,35466,31935.69
20240117,딸기 설향,38843,28944,44201,,31935.69
20240118,딸기 설향,41439,31917,41623,32207,31935.69
20240119,딸기 설향,43984,39494,44859,28772,31935.69
20240120,딸기 설향,44278,43026,46062,27454,31935.69
20240122,딸기 설향,45914,,50394,28771,32053.84
20240123,딸기 설향,44657,,,28328,32053.84
20240124,딸기 설향,44413,,44367,,32053.84
20240125,딸기 설향,44862,34723,41737,27761,32053.84
20240126,딸기 설향,44516,28892,43148,27411,32053.84
20240127,딸기 설향,43829,34130,45537,27376,32053.84
20240129,딸기 설향,42490,,55838,27694,32053.84
20240130,딸기 설향,41048,36040,,32012,32053.84
20240131,딸기 설향,40710,34472,,,32053.84
20240201,딸기 설향,43745,31295,,28259,27910.86
20240202,딸기 설향,43572,31432,,27518,27910.86
20240203,딸기 설향,42407,30585,,28498,27910.86
20240205,딸기 설향,39369,,32341,29064,27910.86
20240206,딸기 설향,39981,27569,,29308,27910.86
20240207,딸기 설향,44389,25240,41524,,27910.86
20240208,딸기 설향,47985,29755,28855,27980,27910.86
20240209,딸기 설향,45133,24967,29194,29569,27910.86
20240213,딸기 설향,38011,25556,,,22573.46
20240214,딸기 설향,27196,28075,26555,,22573.46
20240215,딸기 설향,28917,25599,23779,24992,22573.46
20240216,딸기 설향,29544,27027,21405,21940,22573.46
20240217,딸기 설향,28955,27942,23027,17910,22573.46
20240219,딸기 설향,25762,,24375,20670,22573.46
20240220,딸기 설향,23973,27462,,22497,22573.46
20240221,딸기 설향,24453,27552,22548,,20222.02
20240222,딸기 설향,26735,27148,21630,19287,20222.02
20240223,딸기 설향,31567,27500,20445,17545,20222.02
20240224,딸기 설향,43531,27009,21056,17890,20222.02
20240226,딸기 설향,38024,,22254,19801,20222.02
20240227,딸기 설향,31659,24781,,25524,20222.02
20240228,딸기 설향,31587,24170,20663,,20222.02
20240229,딸기 설향,32883,,,,20222.02
20240301,딸기 설향,31378,26059,19972,22111,20029.97
20240302,딸기 설향,30000,25640,19842,20893,20029.97
20240304,딸기 설향,27669,28594,20323,26516,20029.97
20240305,딸기 설향,32530,,21091,26977,20029.97
20240306,딸기 설향,29820,26358,,23505,20029.97
20240307,딸기 설향,33524,22640,19366,,20029.97
20240308,딸기 설향,33670,20625,18896,21667,20029.97
20240309,딸기 설향,31480,20099,18779,18587,20029.97
20240311,딸기 설향,27146,22134,20708,17976,18887.15
20240312,딸기 설향,24913,,22054,18552,18887.15
20240313,딸기 설향,26701,20480,,20061,18887.15
20240314,딸기 설향,26904,19342,19402,,18887.15
20240315,딸기 설향,27980,20446,17657,18748,18887.15
20240316,딸기 설향,29629,20236,18579,18541,18887.15
20240318,딸기 설향,25348,25657,19385,18259,18887.15
20240319,딸기 설향,23023,,20336,17715,18887.15
20240320,딸기 설향,22198,21635,,19465,18887.15
20240321,딸기 설향,21940,20636,20083,,18397.68
20240322,딸기 설향,22492,19909,23068,17735,18397.68
20240323,딸기 설향,23919,18904,25284,17518,18397.68
20240325,딸기 설향,21719,20727,22104,17781,18397.68
20240326,딸기 설향,20186,,23095,17978,18397.68
20240327,딸기 설향,22028,19906,,19555,18397.68
20240328,딸기 설향,23710,18916,21139,,18397.68
20240329,딸기 설향,24204,18727,20012,18092,18397.68
20240330,딸기 설향,26396,18844,19219,16485,18397.68
20240401,딸기 설향,24671,23799,19509,17048,18413.41
20240402,딸기 설향,23619,,21957,17250,18413.41
20240403,딸기 설향,21823,19271,,19936,18413.41
20240404,딸기 설향,21012,20615,20345,,18413.41
20240405,딸기 설향,21139,17456,19276,16906,18413.41
20240406,딸기 설향,25080,17506,19071,16831,18413.41
20240408,딸기 설향,20416,28262,20776,18480,18413.41
20240409,딸기 설향,18253,,24127,18545,18413.41
20240410,딸기 설향,18527,20798,,20810,18413.41
20240411,딸기 설향,21696,18932,19592,,19098.07
20240412,딸기 설향,23286,18793,17682,19167,19098.07
20240413,딸기 설향,26044,20667,17247,17671,19098.07
20240415,딸기 설향,19864,24776,21127,19530,19098.07
20240416,딸기 설향,19257,,28260,21181,19098.07
20240417,딸기 설향,21218,19245,,22307,19098.07
20240418,딸기 설향,23293,18518,21635,,19098.07
20240419,딸기 설향,24223,19490,19337,20384,19098.07
20240420,딸기 설향,27859,19207,20730,20041,19098.07
20240422,딸기 설향,23353,19584,24063,20501,19411.76
20240423,딸기 설향,22870,,26213,19502,19411.76
20240424,딸기 설향,26201,18502,,20877,19411.76
20240425,딸기 설향,24708,18711,20972,,19411.76
20240426,딸기 설향,23964,20817,19247,18578,19411.76
20240427,딸기 설향,25343,24411,18515,17221,19411.76
20240429,딸기 설향,19895,28391,22680,18716,19411.76
20240430,딸기 설향,18725,,25279,21803,19411.76
20240501,딸기 설향,21127,21085,,22524,20405.53
20240502,딸기 설향,23134,19966,22747,,20405.53
20240503,딸기 설향,24555,20516,23713,20652,20405.53
20240504,딸기 설향,27751,21479,25245,19820,20405.53
20240506,딸기 설향,19015,23958,28213,21654,20405.53
20240507,딸기 설향,18680,,25809,22321,20405.53
20240508,딸기 설향,22139,22061,,22132,20405.53
20240509,딸기 설향,24253,24392,24064,,20405.53
20240510,딸기 설향,24421,23000,19587,20443,20405.53
20240511,딸기 설향,23476,22866,19804,18591,19580.27
20240513,딸기 설향,19035,22677,23609,19699,19580.27
20240514,딸기 설향,22000,,24290,18920,19580.27
20240515,딸기 설향,20689,20634,,18620,19580.27
20240516,딸기 설향,22306,19156,21089,,19580.27
20240517,딸기 설향,25512,20148,20819,15178,19580.27
20240518,딸기 설향,28799,19408,21241,15502,19580.27
20240520,딸기 설향,23615,22670,22796,18449,19580.27
20240521,딸기 설향,24215,,25287,18583,20168.26
20240522,딸기 설향,24566,19916,,19009,20168.26
20240523,딸기 설향,27276,19543,21141,,20168.26
20240524,딸기 설향,23200,20376,20563,19000,20168.26
20240525,딸기 설향,25284,23028,22013,20653,20168.26
20240527,딸기 설향,20564,21011,24955,20528,20168.26
20240528,딸기 설향,19878,,26030,21227,20168.26
20240529,딸기 설향,23408,19977,,22167,20168.26
20240530,딸기 설향,23914,20538,24489,,20168.26
20240531,딸기 설향,24510,20000,23020,21464,20168.26
20240601,딸기 설향,26851,20163,24020,22411,19518.87
20240603,딸기 설향,21014,20740,27083,21557,19518.87
20240604,딸기 설향,22171,,33807,21547,19518.87
20240605,딸기 설향,22174,23032,,24132,19518.87
20240606,딸기 설향,21813,20000,28900,,19518.87
20240607,딸기 설향,23500,23222,30440,20610,19518.87
20240608,딸기 설향,25690,23222,30357,21604,19518.87
20240610,딸기 설향,24574,38000,35952,20480,19518.87
20240611,딸기 설향,27875,,31400,26000,20759.24
20240612,딸기 설향,27000,30000,,25000,20759.24
20240613,딸기 설향,27211,30000,23000,,20759.24
20240614,딸기 설향,32500,30000,15250,25000,20759.24
20240615,딸기 설향,38000,30000,15250,23000,20759.24
20240617,딸기 설향,29450,,15250,23000,20759.24
20240618,딸기 설향,29450,,15250,23000,20759.24
20241101,딸기 설향,85000,69417,64950,41747,50544.4
20241102,딸기 설향,100000,74125,86111,44906,50544.4
20241104,딸기 설향,100000,,94167,52482,50544.4
20241105,딸기 설향,94857,,75438,50715,50544.4
20241106,딸기 설향,60000,55767,,51195,50544.4
20241107,딸기 설향,106000,63000,58126,,50544.4
20241108,딸기 설향,103909,65362,58672,41559,50544.4
20241109,딸기 설향,110000,65190,64972,34048,50544.4
20241111,딸기 설향,83682,69075,70287,48455,47834
20241112,딸기 설향,82844,,70381,50895,47834
20241113,딸기 설향,88000,65156,,55093,47834
20241114,딸기 설향,81522,63423,48470,,47834
20241115,딸기 설향,90934,74258,39231,43923,47834
20241116,딸기 설향,75942,88537,43458,41235,47834
20241118,딸기 설향,63089,83377,53659,45512,47834
20241119,딸기 설향,58839,,57445,43799,47834
20241120,딸기 설향,67910,69887,,34625,47834
20241121,딸기 설향,68052,61189,41446,,36228.97
20241122,딸기 설향,66014,57293,33766,30759,36228.97
20241123,딸기 설향,63973,54906,35751,29527,36228.97
20241125,딸기 설향,56062,47913,42121,31915,36228.97
20241126,딸기 설향,48617,,37375,35902,36228.97
20241127,딸기 설향,49220,43190,,32880,36228.97
20241128,딸기 설향,50229,42941,31992,,36228.97
20241129,딸기 설향,54574,49523,27621,31555,36228.97
20241130,딸기 설향,55335,53982,42000,30865,36228.97
20241202,딸기 설향,52943,60672,35259,32511,37689.52
20241203,딸기 설향,49604,,39767,39087,37689.52
20241204,딸기 설향,48935,42827,,46134,37689.52
20241205,딸기 설향,47537,40703,34218,,37689.52
20241206,딸기 설향,48695,42279,34263,42250,37689.52
20241207,딸기 설향,47534,44917,34605,39007,37689.52
20241209,딸기 설향,41630,44623,40446,39232,37689.52
20241210,딸기 설향,38837,,38751,38551,37689.52
20241211,딸기 설향,42957,38091,,38570,34084.07
20241212,딸기 설향,47451,44188,34307,,34084.07
20241213,딸기 설향,49614,33561,32163,36833,34084.07
20241214,딸기 설향,44004,33655,34367,36127,34084.07
20241216,딸기 설향,41711,36682,35506,39421,34084.07
20241217,딸기 설향,40709,,36511,42080,34084.07
20241218,딸기 설향,44339,35934,,45634,34084.07
20241219,딸기 설향,47799,40613,33776,,34084.07
20241220,딸기 설향,46921,43244,34056,46358,34084.07
20241221,딸기 설향,49673,47679,36926,50569,40834.12
20241223,딸기 설향,52693,44899,42475,58828,40834.12
20241224,딸기 설향,46362,,40286,55483,40834.12
20241225,딸기 설향,47367,48822,,59552,40834.12
20241226,딸기 설향,50438,44867,39036,,40834.12
20241227,딸기 설향,46507,44727,38293,56362,40834.12
20241228,딸기 설향,44366,45415,40031,51810,40834.12
20241230,딸기 설향,42201,45457,41171,52852,40834.12
20241231,딸기 설향,42347,,37487,57457,40834.12
20250102,딸기 설향,42347,,,,35088.09
20250103,딸기 설향,41267,41472,35534,52897,35088.09
20250104,딸기 설향,39419,33677,36790,45940,35088.09
20250106,딸기 설향,32771,37437,33284,50929,35088.09
20250107,딸기 설향,30060,,34884,49899,35088.09
20250108,딸기 설향,33667,33531,,48762,35088.09
20250109,딸기 설향,39894,29699,31690,,35088.09
20250110,딸기 설향,41485,41126,34010,44897,35088.09
20250111,딸기 설향,43162,32752,31377,41378,36297.75
20250113,딸기 설향,40357,46674,34091,43528,36297.75
20250114,딸기 설향,38791,,35467,45301,36297.75
20250115,딸기 설향,37729,41553,,46437,36297.75
20250116,딸기 설향,39905,37895,30018,,36297.75
20250117,딸기 설향,38469,38843,28944,44201,36297.75
20250118,딸기 설향,37354,41439,31917,41623,36297.75
20250120,딸기 설향,35466,44278,43026,46062,36297.75
20250121,딸기 설향,34999,,40418,48010,36492.5
20250122,딸기 설향,35088,45914,,50394,36492.5
20250123,딸기 설향,34523,44657,,,36492.5
20250124,딸기 설향,36335,44413,,44367,36492.5
20250125,딸기 설향,43117,44862,34723,41737,36492.5
20250127,딸기 설향,46391,43829,34130,45537,36492.5
20250128,딸기 설향,37587,,40670,53089,36492.5
20250201,딸기 설향,34171,43745,31295,,30969.54
20250203,딸기 설향,33673,42407,30585,,30969.54
20250204,딸기 설향,34956,,29524,32655,30969.54
20250205,딸기 설향,35479,39369,,32341,30969.54
20250206,딸기 설향,32618,39981,27569,,30969.54
20250207,딸기 설향,32852,44389,25240,41524,30969.54
20250208,딸기 설향,32732,47985,29755,28855,30969.54
20250210,딸기 설향,32762,,26467,31225,30969.54
20250211,딸기 설향,35754,,27398,31239,24818.39
20250213,딸기 설향,33781,38011,25556,,24818.39
20250214,딸기 설향,32908,27196,28075,26555,24818.39
20250215,딸기 설향,34108,28917,25599,23779,24818.39
20250217,딸기 설향,31423,28955,27942,23027,24818.39
20250218,딸기 설향,29435,,28318,22284,24818.39
20250219,딸기 설향,28624,25762,,24375,24818.39
20250220,딸기 설향,28350,23973,27462,,24818.39
20250221,딸기 설향,26757,24453,27552,22548,22900.76
20250222,딸기 설향,28152,26735,27148,21630,22900.76
20250224,딸기 설향,25581,43531,27009,21056,22900.76
20250225,딸기 설향,24492,,26960,21281,22900.76
20250226,딸기 설향,26786,38024,,22254,22900.76
20250227,딸기 설향,27467,31659,24781,,22900.76
20250228,딸기 설향,27124,31587,24170,20663,22900.76
20250301,딸기 설향,29360,31378,26059,19972,22336.51
20250303,딸기 설향,25484,,27018,20619,22336.51
20250304,딸기 설향,27814,27669,28594,20323,22336.51
20250306,딸기 설향,26280,29820,26358,,22336.51
20250307,딸기 설향,26485,33524,22640,19366,22336.51
20250308,딸기 설향,28884,33670,20625,18896,22336.51
20250310,딸기 설향,25880,,20842,19594,22336.51
20250311,딸기 설향,23598,27146,22134,20708,20650.39
20250312,딸기 설향,22414,24913,,22054,20650.39
20250313,딸기 설향,21167,26701,20480,,20650.39
20250314,딸기 설향,22285,26904,19342,19402,20650.39
20250315,딸기 설향,25599,27980,20446,17657,20650.39
20250317,딸기 설향,22677,,21228,19079,20650.39
20250318,딸기 설향,21128,25348,25657,19385,20650.39
20250319,딸기 설향,21106,23023,,20336,20650.39
20250320,딸기 설향,22866,22198,21635,,20650.39
20250321,딸기 설향,24624,21940,20636,20083,19855.1
20250322,딸기 설향,27774,22492,19909,23068,19855.1
20250324,딸기 설향,22300,,19636,23916,19855.1
20250325,딸기 설향,19529,21719,20727,22104,19855.1
20250326,딸기 설향,18763,20186,,23095,19855.1
20250327,딸기 설향,18546,22028,19906,,19855.1
20250328,딸기 설향,19470,23710,18916,21139,19855.1
20250329,딸기 설향,23343,24204,18727,20012,19855.1
20250331,딸기 설향,19706,,20893,18603,19855.1
20250401,딸기 설향,19029,24671,23799,19509,19986.72
20250402,딸기 설향,21892,23619,,21957,19986.72
20250403,딸기 설향,25215,21823,19271,,19986.72
20250404,딸기 설향,27071,21012,20615,20345,19986.72
20250405,딸기 설향,29653,21139,17456,19276,19986.72
20250407,딸기 설향,22876,,20037,19769,19986.72
20250408,딸기 설향,19474,20416,28262,20776,19986.72
20250409,딸기 설향,19452,18253,,24127,19986.72
20250410,딸기 설향,19004,18527,20798,,19986.72
20250411,딸기 설향,18824,21696,18932,19592,20782.35
20250412,딸기 설향,19806,23286,18793,17682,20782.35
20250414,딸기 설향,17866,,24417,18827,20782.35
20250415,딸기 설향,17344,19864,24776,21127,20782.35
20250416,딸기 설향,20695,19257,,28260,20782.35
20250417,딸기 설향,22339,21218,19245,,20782.35
20250418,딸기 설향,23580,23293,18518,21635,20782.35
20250419,딸기 설향,21237,24223,19490,19337,20782.35
20250421,딸기 설향,16487,,20860,22242,20966.12
20250422,딸기 설향,14425,23353,19584,24063,20966.12
20250423,딸기 설향,14883,22870,,26213,20966.12
20250424,딸기 설향,18630,26201,18502,,20966.12
20250425,딸기 설향,20749,24708,18711,20972,20966.12
20250426,딸기 설향,23786,23964,20817,19247,20966.12
20250428,딸기 설향,20101,,28553,18643,20966.12
20250429,딸기 설향,19941,19895,28391,22680,20966.12
20250430,딸기 설향,22599,18725,,25279,20966.12
20250501,딸기 설향,22003,21127,21085,,21414.25
20250502,딸기 설향,22767,23134,19966,22747,21414.25
20250503,딸기 설향,24685,24555,20516,23713,21414.25
20250505,딸기 설향,22946,,20348,25292,21414.25
20250506,딸기 설향,23546,19015,23958,28213,21414.25
20250507,딸기 설향,27248,18680,,25809,21414.25
20250508,딸기 설향,24247,22139,22061,,21414.25
20250509,딸기 설향,23077,24253,24392,24064,21414.25
20250510,딸기 설향,21053,24421,23000,19587,21414.25
20250512,딸기 설향,20136,,23626,21878,20695.54
20250513,딸기 설향,17831,19035,22677,23609,20695.54
20250514,딸기 설향,17198,22000,,24290,20695.54
20250515,딸기 설향,20014,20689,20634,,20695.54
20250516,딸기 설향,16901,22306,19156,21089,20695.54
20250517,딸기 설향,17058,25512,20148,20819,20695.54
20250519,딸기 설향,16786,,20565,22341,20695.54
20250520,딸기 설향,16639,23615,22670,22796,20695.54
20250521,딸기 설향,19053,24215,,25287,21112.42
20250522,딸기 설향,20972,24566,19916,,21112.42
20250523,딸기 설향,19109,27276,19543,21141,21112.42
20250524,딸기 설향,21097,23200,20376,20563,21112.42
20250526,딸기 설향,19453,,21787,22164,21112.42
20250527,딸기 설향,20963,20564,21011,24955,21112.42
20250528,딸기 설향,21156,19878,,26030,21112.42
20250529,딸기 설향,21990,23408,19977,,21112.42
20250530,딸기 설향,21000,23914,20538,24489,21112.42
20250531,딸기 설향,25818,24510,20000,23020,21112.42
20250602,딸기 설향,22536,,19239,24826,20238.55
20250603,딸기 설향,20053,21014,20740,27083,20238.55
20250604,딸기 설향,19320,22171,,33807,20238.55
20250605,딸기 설향,22206,22174,23032,,20238.55
20250606,딸기 설향,24215,21813,20000,28900,20238.55
20250607,딸기 설향,29712,23500,23222,30440,20238.55
20250609,딸기 설향,26981,,33000,23000,20238.55
20250610,딸기 설향,20684,24574,38000,35952,20238.55
20250611,딸기 설향,23600,27875,,31400,22124.99
20250612,딸기 설향,25381,27000,30000,,22124.99
20250613,딸기 설향,26000,27211,30000,23000,22124.99
20250614,딸기 설향,35000,32500,30000,15250,22124.99
20250616,딸기 설향,20556,,,15250,22124.99
20250617,딸기 설향,20556,29450,,15250,22124.99
20250618,딸기 설향,20556,29450,,15250,22124.99
20250619,딸기 설향,20556,,,,22124.99
20250620,딸기 설향,20556,,,15250,22124.99
20250621,딸기 설향,20556,,,15250,6450.21
20250623,딸기 설향,20556,,,,6450.21
20250624,딸기 설향,20556,,,,6450.21
20250625,딸기 설향,20556,,,,6450.21
20250626,딸기 설향,20556,,,,6450.21
20251024,딸기 설향,90000,,,50000,51546.65
20251025,딸기 설향,110000,,,50000,51546.65
20251027,딸기 설향,66000,,100000,50000,51546.65
20251028,딸기 설향,57857,,90000,67000,51546.65
20251029,딸기 설향,73000,,,67111,51546.65
20251030,딸기 설향,81000,,74700,,51546.65
20251031,딸기 설향,93143,,69375,65375,51546.65
20251103,딸기 설향,71273,,81909,112727,54983.27
20251104,딸기 설향,70152,100000,,94167,54983.27
20251105,딸기 설향,74783,94857,,75438,54983.27
20251106,딸기 설향,72149,60000,55767,,54983.27
20251107,딸기 설향,71150,106000,63000,58126,54983.27
20251108,딸기 설향,62387,103909,65362,58672,54983.27
20251110,딸기 설향,60200,,82977,68750,54983.27
20251111,딸기 설향,58314,83682,69075,70287,52790.01
20251112,딸기 설향,64596,82844,,70381,52790.01
20251113,딸기 설향,72941,88000,65156,,52790.01
20251114,딸기 설향,74158,81522,63423,48470,52790.01
20251115,딸기 설향,75488,90934,74258,39231,52790.01
20251117,딸기 설향,60941,,81833,47307,52790.01
20251118,딸기 설향,59464,63089,83377,53659,52790.01
20251119,딸기 설향,62061,58839,,57445,52790.01
20251120,딸기 설향,61983,67910,69887,,52790.01
20251121,딸기 설향,65940,68052,61189,41446,40592.01
20251122,딸기 설향,56797,66014,57293,33766,40592.01
20251124,딸기 설향,53238,,50754,39325,40592.01
20251125,딸기 설향,47366,56062,47913,42121,40592.01
20251126,딸기 설향,48488,48617,,37375,40592.01
20251127,딸기 설향,53840,49220,43190,,40592.01
20251128,딸기 설향,49687,50229,42941,31992,40592.01
20251129,딸기 설향,53904,54574,49523,27621,40592.01
20251201,딸기 설향,47470,,60672,34208,40422.43
20251202,딸기 설향,41898,52943,60672,35259,40422.43
20251203,딸기 설향,41227,49604,,39767,40422.43
20251204,딸기 설향,40814,48935,42827,,40422.43
20251205,딸기 설향,42587,47537,40703,34218,40422.43
20251206,딸기 설향,43193,48695,42279,34263,40422.43
20251208,딸기 설향,39445,,46270,37939,40422.43
20251209,딸기 설향,37913,41630,44623,40446,40422.43
20251210,딸기 설향,40361,38837,,38751,40422.43
20251211,딸기 설향,43527,42957,38091,,37457.5
20251212,딸기 설향,52065,47451,44188,34307,37457.5
20251215,딸기 설향,37915,,37935,35057,37457.5
20251216,딸기 설향,36075,41711,36682,35506,37457.5
20251217,딸기 설향,38115,40709,,36511,37457.5
20251218,딸기 설향,44108,44339,35934,,37457.5
20251219,딸기 설향,48610,47799,40613,33776,37457.5
20251220,딸기 설향,52933,46921,43244,34056,37457.5
20251222,딸기 설향,51288,,42114,46622,43354.93
20251223,딸기 설향,49830,52693,44899,42475,43354.93
20251224,딸기 설향,50980,46362,,40286,43354.93
20251225,딸기 설향,53109,47367,48822,,43354.93
20251226,딸기 설향,53749,50438,44867,39036,43354.93
20251227,딸기 설향,56894,46507,44727,38293,43354.93
20251229,딸기 설향,51534,,46596,39370,43354.93
20251230,딸기 설향,54513,42201,45457,41171,43354.93
20251231,딸기 설향,53026,42347,,37487,43354.93
20260103,딸기 설향,49742,41267,41472,35534,35805.46
20260105,딸기 설향,47557,,35609,29115,35805.46
20260106,딸기 설향,45325,32771,37437,33284,35805.46
20260107,딸기 설향,45733,30060,,34884,35805.46
20260108,딸기 설향,44064,33667,33531,,35805.46
20260109,딸기 설향,43899,39894,29699,31690,35805.46
20260110,딸기 설향,44076,41485,41126,34010,35805.46
20260112,딸기 설향,41782,,37619,32593,37209.27
20260113,딸기 설향,39033,40357,46674,34091,37209.27
20260114,딸기 설향,40057,38791,,35467,37209.27
20260115,딸기 설향,42587,37729,41553,,37209.27
20260116,딸기 설향,44849,39905,37895,30018,37209.27
20260117,딸기 설향,46392,38469,38843,28944,37209.27
20260119,딸기 설향,43153,,43984,39494,37209.27
20260120,딸기 설향,39890,35466,44278,43026,37209.27
20260121,딸기 설향,38219,34999,,40418,37383.88
20260122,딸기 설향,39197,35088,45914,,37383.88
20260123,딸기 설향,43151,34523,44657,,37383.88
20260124,딸기 설향,47085,36335,44413,,37383.88
20260126,딸기 설향,42685,,44516,28892,37383.88
20260127,딸기 설향,41318,46391,43829,34130,37383.88
20260128,딸기 설향,43774,37587,,40670,37383.88
20260129,딸기 설향,46098,,42490,,37383.88
20260130,딸기 설향,46045,,41048,36040,37383.88
20260131,딸기 설향,43465,,40710,34472,37383.88
20260202,딸기 설향,39597,,43572,31432,32829.93
20260203,딸기 설향,37063,33673,42407,30585,32829.93
20260204,딸기 설향,37433,34956,,29524,32829.93
20260205,딸기 설향,37957,35479,39369,,32829.93
20260206,딸기 설향,36809,32618,39981,27569,32829.93
20260207,딸기 설향,32096,32852,44389,25240,32829.93
20260209,딸기 설향,27640,,45133,24967,32829.93
20260210,딸기 설향,27151,32762,,26467,32829.93
20260211,딸기 설향,29337,35754,,27398,27017.98
20260212,딸기 설향,31688,,,,27017.98
20260213,딸기 설향,37907,33781,38011,25556,27017.98
20260214,딸기 설향,42902,32908,27196,28075,27017.98
20260216,딸기 설향,28343,,29544,27027,27017.98
20260220,딸기 설향,28095,28350,23973,27462,27017.98
20260221,딸기 설향,22267,26757,24453,27552,24759.02
20260223,딸기 설향,19645,,31567,27500,24759.02
20260224,딸기 설향,18155,25581,43531,27009,24759.02
20260225,딸기 설향,18832,24492,,26960,24759.02
20260226,딸기 설향,20421,26786,38024,,24759.02
20260227,딸기 설향,24717,27467,31659,24781,24759.02
20260228,딸기 설향,26518,27124,31587,24170,24759.02
20260302,딸기 설향,23164,,30000,25640,24086.47
20260303,딸기 설향,20108,25484,,27018,24086.47
20260304,딸기 설향,22669,27814,27669,28594,24086.47
20260305,딸기 설향,23439,,32530,,24086.47
20260306,딸기 설향,25338,26280,29820,26358,24086.47
20260309,딸기 설향,20666,,31480,20099,24086.47
20260310,딸기 설향,18667,25880,,20842,24086.47
20260311,딸기 설향,19913,23598,27146,22134,21443.32
20260312,딸기 설향,21319,22414,24913,,21443.32
20260313,딸기 설향,23317,21167,26701,20480,21443.32
20260314,딸기 설향,24805,22285,26904,19342,21443.32
20260316,딸기 설향,21692,,29629,20236,21443.32
20260317,딸기 설향,19960,22677,,21228,21443.32
20260318,딸기 설향,19585,21128,25348,25657,21443.32
20260319,딸기 설향,19483,21106,23023,,21443.32
20260320,딸기 설향,21055,22866,22198,21635,21443.32
20260321,딸기 설향,21097,24624,21940,20636,20615.81
20260323,딸기 설향,18922,,23919,18904,20615.81
20260324,딸기 설향,18240,22300,,19636,20615.81
20260325,딸기 설향,17893,19529,21719,20727,20615.81
20260326,딸기 설향,18094,18763,20186,,20615.81
20260327,딸기 설향,18909,18546,22028,19906,20615.81
20260328,딸기 설향,20476,19470,23710,18916,20615.81
20260330,딸기 설향,17545,,26396,18844,20615.81
20260331,딸기 설향,15964,19706,,20893,20615.81
20260401,딸기 설향,16962,19029,24671,23799,20730.56
20260402,딸기 설향,17675,21892,23619,,20730.56
20260403,딸기 설향,23734,25215,21823,19271,20730.56
20260406,딸기 설향,16768,,25080,17506,20730.56
20260407,딸기 설향,16050,22876,,20037,20730.56
20260408,딸기 설향,16356,19474,20416,28262,20730.56
20260409,딸기 설향,17366,19452,18253,,20730.56
20260410,딸기 설향,17973,19004,18527,20798,20730.56
20260411,딸기 설향,23347,18824,21696,18932,20739.46
20260413,딸기 설향,19652,,26044,20667,20739.46
20260414,딸기 설향,18844,17866,,24417,20739.46
20260415,딸기 설향,18168,17344,19864,24776,20739.46
20260416,딸기 설향,18064,20695,19257,,20739.46
20260417,딸기 설향,19129,22339,21218,19245,20739.46
20260418,딸기 설향,23054,23580,23293,18518,20739.46
20260420,딸기 설향,18362,,27859,19207,20739.46
20260421,딸기 설향,17354,16487,,20860,20740.15
20260422,딸기 설향,17977,14425,23353,19584,20740.15
20260423,딸기 설향,19203,14883,22870,,20740.15
20260424,딸기 설향,20993,18630,26201,18502,20740.15
20260425,딸기 설향,24701,20749,24708,18711,20740.15
20260427,딸기 설향,18937,,25343,24411,20740.15
20260428,딸기 설향,17578,20101,,28553,20740.15
20260429,딸기 설향,18949,19941,19895,28391,20740.15
20260430,딸기 설향,20952,22599,18725,,20740.15
20260501,딸기 설향,21921,22003,21127,21085,22599.3
20260502,딸기 설향,25026,22767,23134,19966,22599.3
20260504,딸기 설향,19857,,27751,21479,22599.3
20260505,딸기 설향,19115,22946,,20348,22599.3
20260506,딸기 설향,22374,23546,19015,23958,22599.3
20260507,딸기 설향,22486,27248,18680,,22599.3
20260508,딸기 설향,22230,24247,22139,22061,22599.3
20260509,딸기 설향,22501,23077,24253,24392,22599.3
20260511,딸기 설향,20068,,23476,22866,20203.82
20260512,딸기 설향,17935,20136,,23626,20203.82
20260513,딸기 설향,18035,17831,19035,22677,20203.82
20260514,딸기 설향,19335,17198,22000,,20203.82
20260515,딸기 설향,19970,20014,20689,20634,20203.82
20260516,딸기 설향,20248,16901,22306,19156,20203.82
20260518,딸기 설향,17710,,28799,19408,20203.82
20260519,딸기 설향,17815,16786,,20565,20203.82
20260520,딸기 설향,18969,16639,23615,22670,20203.82
20260521,딸기 설향,20385,19053,24215,,21579.43
20260522,딸기 설향,21572,20972,24566,19916,21579.43
20260523,딸기 설향,26038,19109,27276,19543,21579.43
20260525,딸기 설향,23440,,25284,23028,21579.43
20260526,딸기 설향,23468,19453,,21787,21579.43
20260527,딸기 설향,24129,20963,20564,21011,21579.43
20260528,딸기 설향,22627,21156,19878,,21579.43
20210104,딸기 장희,22351,27509,20093,25392,21782.49
20210105,딸기 장희,25784,,25259,25895,21782.49
20210106,딸기 장희,26137,26539,,26483,21782.49
20210107,딸기 장희,23000,23250,21960,,21782.49
20210108,딸기 장희,23273,23604,19617,24003,21782.49
20210109,딸기 장희,18780,25846,19486,24979,21782.49
20210111,딸기 장희,27188,28719,20267,25565,20349.57
20210112,딸기 장희,24161,,19921,26462,20349.57
20210113,딸기 장희,26900,25653,,26000,20349.57
20210114,딸기 장희,29517,23143,18500,,20349.57
20210115,딸기 장희,32971,22800,16648,25679,20349.57
20210116,딸기 장희,32673,25326,17059,24759,20349.57
20210118,딸기 장희,28389,25507,17437,23818,20349.57
20210119,딸기 장희,29144,,18829,25698,20349.57
20210120,딸기 장희,25851,26107,,25029,20349.57
20210121,딸기 장희,28453,26532,19348,,21831.35
20210122,딸기 장희,28342,30522,18256,22705,21831.35
20210123,딸기 장희,31196,29173,20132,24375,21831.35
20210125,딸기 장희,27631,,21798,19405,21831.35
20210126,딸기 장희,29868,,21613,25380,21831.35
20210127,딸기 장희,30672,,,23237,21831.35
20210128,딸기 장희,30091,24633,21110,,21831.35
20210129,딸기 장희,33000,18102,20310,23527,21831.35
20210130,딸기 장희,33717,22000,20732,19882,21831.35
20210201,딸기 장희,29114,20806,20897,22563,19304.99
20210202,딸기 장희,25810,,24376,23000,19304.99
20210203,딸기 장희,32054,18000,,24596,19304.99
20210204,딸기 장희,30898,18235,23058,,19304.99
20210205,딸기 장희,30645,19673,,22346,19304.99
20210206,딸기 장희,32000,17355,,21692,19304.99
20210208,딸기 장희,29000,17392,17492,24093,19304.99
20210209,딸기 장희,29000,,16162,17373,19304.99
20210210,딸기 장희,28787,18979,,17894,19304.99
20210211,딸기 장희,22566,18583,15232,,15844.3
20210215,딸기 장희,19375,16781,15424,19130,15844.3
20210216,딸기 장희,14000,,16000,,15844.3
20210217,딸기 장희,13633,16370,,,15844.3
20210218,딸기 장희,14000,13029,13470,,15844.3
20210219,딸기 장희,18597,15667,15383,12470,15844.3
20210220,딸기 장희,17000,14345,14600,12000,15844.3
20210222,딸기 장희,17435,15279,15000,14844,14756.2
20210223,딸기 장희,17000,,15777,13000,14756.2
20210224,딸기 장희,15000,15616,,13695,14756.2
20210225,딸기 장희,17472,13521,14043,,14756.2
20210226,딸기 장희,18000,15000,12938,13157,14756.2
20210227,딸기 장희,20433,15000,12316,13441,14756.2
20210301,딸기 장희,18846,,13000,13104,14370.42
20210302,딸기 장희,17667,16000,16000,14248,14370.42
20210303,딸기 장희,18000,15000,,16246,14370.42
20210304,딸기 장희,20767,15300,13476,,14370.42
20210305,딸기 장희,24021,16000,13617,13564,14370.42
20210306,딸기 장희,18000,15155,13000,12520,14370.42
20210308,딸기 장희,18000,,14128,12931,14370.42
20210309,딸기 장희,18563,15000,14738,13759,14370.42
20210310,딸기 장희,18000,15108,,15233,14370.42
20210311,딸기 장희,16000,15550,14192,,14548.04
20210312,딸기 장희,15815,15864,13798,14662,14548.04
20210313,딸기 장희,16787,15273,13340,14132,14548.04
20210315,딸기 장희,17244,,17246,13626,14548.04
20210316,딸기 장희,17000,15452,16000,14503,14548.04
20210317,딸기 장희,16791,14515,,15039,14548.04
20210318,딸기 장희,16508,13859,15679,,14548.04
20210319,딸기 장희,16093,16707,13453,13030,14548.04
20210320,딸기 장희,17902,15116,13000,15617,14548.04
20210322,딸기 장희,16000,,13000,15293,14442.07
20210323,딸기 장희,16000,15975,16261,17327,14442.07
20210324,딸기 장희,15667,13012,,19661,14442.07
20210325,딸기 장희,18255,12676,14000,,14442.07
20210326,딸기 장희,17000,14448,12329,16129,14442.07
20210327,딸기 장희,18790,14732,13000,15837,14442.07
20210329,딸기 장희,17725,,14540,12638,14442.07
20210330,딸기 장희,16000,15226,15123,12795,14442.07
20210331,딸기 장희,15000,14361,,12924,14442.07
20210401,딸기 장희,15352,14000,13196,,13518.31
20210402,딸기 장희,14575,14725,11919,11446,13518.31
20210403,딸기 장희,15892,14971,12217,11782,13518.31
20210405,딸기 장희,17000,,14620,11133,13518.31
20210406,딸기 장희,16000,15241,16521,11723,13518.31
20210407,딸기 장희,17727,15077,,14787,13518.31
20210408,딸기 장희,17161,15017,14000,,13518.31
20210409,딸기 장희,19000,15608,13000,15292,13518.31
20210410,딸기 장희,20120,16000,13000,14293,13518.31
20210412,딸기 장희,18662,,13308,13563,14434.2
20210413,딸기 장희,16760,17463,17574,12060,14434.2
20210414,딸기 장희,18000,18000,,12682,14434.2
20210415,딸기 장희,19000,20808,13955,,14434.2
20210416,딸기 장희,19095,22000,14714,12492,14434.2
20210417,딸기 장희,22493,22479,14000,12139,14434.2
20210419,딸기 장희,19267,,15641,13000,14434.2
20210420,딸기 장희,19863,19500,16220,13000,14434.2
20210421,딸기 장희,20000,16000,,13276,14456.46
20210422,딸기 장희,18000,16538,12269,,14456.46
20210423,딸기 장희,20100,17472,11905,13019,14456.46
20210424,딸기 장희,21800,21250,10043,11104,14456.46
20210426,딸기 장희,18729,,14152,13143,14456.46
20210427,딸기 장희,17242,23698,16463,15433,14456.46
20210428,딸기 장희,16000,17204,,16011,14456.46
20210429,딸기 장희,16250,18139,14758,,14456.46
20210430,딸기 장희,20000,19000,15000,14000,14456.46
20210501,딸기 장희,25318,21000,17800,10297,13909.49
20210503,딸기 장희,22000,,16000,12405,13909.49
20210504,딸기 장희,19324,16000,15721,14871,13909.49
20210505,딸기 장희,22000,17000,,16821,13909.49
20210506,딸기 장희,24000,14720,12976,,13909.49
20210507,딸기 장희,23531,18000,10310,16780,13909.49
20210508,딸기 장희,27000,17000,8000,16333,13909.49
20210510,딸기 장희,20629,,10250,15441,13909.49
20210511,딸기 장희,24459,17900,14542,17647,12374.86
20210512,딸기 장희,22957,12000,,16000,12374.86
20210513,딸기 장희,23000,17000,8875,,12374.86
20210514,딸기 장희,14600,16000,8875,12619,12374.86
20210515,딸기 장희,10615,16000,11000,10449,12374.86
20210517,딸기 장희,10188,,11000,12000,12374.86
20210518,딸기 장희,10188,15000,11000,6938,12374.86
20210519,딸기 장희,14000,15000,,8000,12374.86
20210520,딸기 장희,14000,15000,11000,,12374.86
20210521,딸기 장희,14000,15000,11000,8000,9907.15
20210522,딸기 장희,14000,15000,11000,8000,9907.15
20210524,딸기 장희,14000,,11000,8000,9907.15
20210525,딸기 장희,14000,15000,11000,8000,9907.15
20210526,딸기 장희,14000,15000,,8000,9907.15
20210527,딸기 장희,14000,15000,11000,,9907.15
20210528,딸기 장희,14000,15000,11000,8000,9907.15
20210529,딸기 장희,14000,15000,11000,8000,9907.15
20210531,딸기 장희,14000,,11000,8000,9907.15
20210601,딸기 장희,14000,15000,11000,8000,6947.45
20210602,딸기 장희,14000,15000,,8000,6947.45
20211006,딸기 장희,35000,,,,0
20211007,딸기 장희,40000,,,,0
20211008,딸기 장희,30000,,,,0
20211009,딸기 장희,30000,,,,0
20211011,딸기 장희,30000,,,,0
20211012,딸기 장희,33667,,,,0
20211013,딸기 장희,35000,,,,0
20211014,딸기 장희,45000,,,,0
20211015,딸기 장희,48000,,,,0
20211016,딸기 장희,45000,,,,0
20211018,딸기 장희,43909,,,,0
20211019,딸기 장희,34875,,,,0
20211020,딸기 장희,45000,,,,0
20211021,딸기 장희,65000,,,,46517.49
20211022,딸기 장희,50706,,,,46517.49
20211023,딸기 장희,60000,70000,,,46517.49
20211025,딸기 장희,59429,,43600,,46517.49
20211026,딸기 장희,51000,65000,43600,,46517.49
20211027,딸기 장희,46522,65000,,58000,46517.49
20211028,딸기 장희,55000,65000,40778,,46517.49
20211029,딸기 장희,58000,65000,39231,50000,46517.49
20211030,딸기 장희,57638,77667,37000,54000,46517.49
20211101,딸기 장희,52569,,55185,50000,44430.59
20211102,딸기 장희,48543,72536,48744,70000,44430.59
20211103,딸기 장희,41800,63000,,70600,44430.59
20211104,딸기 장희,50000,60000,36278,,44430.59
20211105,딸기 장희,46714,59556,32732,60000,44430.59
20211106,딸기 장희,49040,73690,35448,57333,44430.59
20211108,딸기 장희,51095,,42000,55333,44430.59
20211109,딸기 장희,48857,72953,38469,56000,44430.59
20211110,딸기 장희,42685,66920,,44404,44430.59
20211111,딸기 장희,48000,62556,34138,,37790.01
20211112,딸기 장희,46738,65481,30429,50000,37790.01
20211113,딸기 장희,52714,66545,34361,40877,37790.01
20211115,딸기 장희,45778,,39186,48467,37790.01
20211116,딸기 장희,45000,61286,41030,50000,37790.01
20211117,딸기 장희,42102,50000,,48641,37790.01
20211118,딸기 장희,43000,48000,35902,,37790.01
20211119,딸기 장희,38727,50556,35000,43885,37790.01
20211120,딸기 장희,32260,53724,34833,43145,37790.01
20211122,딸기 장희,24000,,32429,44000,31880.46
20211123,딸기 장희,23711,47137,28939,45000,31880.46
20211124,딸기 장희,18517,37718,,44000,31880.46
20211125,딸기 장희,22000,38000,25810,,31880.46
20211126,딸기 장희,25371,45935,20930,35328,31880.46
20211127,딸기 장희,26600,55377,23298,35769,31880.46
20211129,딸기 장희,28650,,24341,35698,31880.46
20211130,딸기 장희,25973,41469,26000,33872,31880.46
20211201,딸기 장희,25500,40627,,29000,27639.39
20211202,딸기 장희,27490,38739,25653,,27639.39
20211203,딸기 장희,29229,39750,23759,26562,27639.39
20211204,딸기 장희,42383,42764,24907,24548,27639.39
20211206,딸기 장희,36000,,30500,24000,27639.39
20211207,딸기 장희,34000,40000,29115,23208,27639.39
20211208,딸기 장희,34339,30063,,23217,27639.39
20211209,딸기 장희,35000,29808,26000,,27639.39
20211210,딸기 장희,35469,32512,27966,22000,27639.39
20211211,딸기 장희,33000,33000,27475,22438,25805.15
20211213,딸기 장희,34575,,25450,26000,25805.15
20211214,딸기 장희,31134,30421,25667,26892,25805.15
20211215,딸기 장희,33368,32609,,30350,25805.15
20211216,딸기 장희,38082,29000,23843,,25805.15
20211217,딸기 장희,37418,27808,21558,27679,25805.15
20211218,딸기 장희,44948,30958,20537,26200,25805.15
20211220,딸기 장희,41319,,19737,29689,25805.15
20211221,딸기 장희,42303,31540,19233,28306,25407.33
20211222,딸기 장희,46000,32042,,27667,25407.33
20211223,딸기 장희,45000,34667,22333,,25407.33
20211224,딸기 장희,51028,35333,24442,23620,25407.33
20211225,딸기 장희,56690,32594,26807,23667,25407.33
20211227,딸기 장희,49467,,28037,20507,25407.33
20211228,딸기 장희,49000,27123,25594,17452,25407.33
20211229,딸기 장희,42830,26359,,18450,25407.33
20211230,딸기 장희,45672,30106,27258,,25407.33
20211231,딸기 장희,49104,24758,27472,24982,25407.33
20220103,딸기 장희,43295,,26907,20740,23092.9
20220104,딸기 장희,34662,22351,27509,20093,23092.9
20220105,딸기 장희,39933,25784,,25259,23092.9
20220106,딸기 장희,40000,26137,26539,,23092.9
20220107,딸기 장희,40000,23000,23250,21960,23092.9
20220108,딸기 장희,44518,23273,23604,19617,23092.9
20220110,딸기 장희,40809,,26794,20703,23092.9
20220111,딸기 장희,32431,27188,28719,20267,22865.5
20220112,딸기 장희,30237,24161,,19921,22865.5
20220113,딸기 장희,39655,26900,25653,,22865.5
20220114,딸기 장희,38000,29517,23143,18500,22865.5
20220115,딸기 장희,43773,32971,22800,16648,22865.5
20220117,딸기 장희,40000,,30310,16620,22865.5
20220118,딸기 장희,40000,28389,25507,17437,22865.5
20220119,딸기 장희,38000,29144,,18829,22865.5
20220120,딸기 장희,45000,25851,26107,,22865.5
20220121,딸기 장희,46000,28453,26532,19348,24257.06
20220122,딸기 장희,49048,28342,30522,18256,24257.06
20220124,딸기 장희,48000,,26310,20542,24257.06
20220125,딸기 장희,49161,27631,,21798,24257.06
20220126,딸기 장희,48000,29868,,21613,24257.06
20220127,딸기 장희,50800,30672,,,24257.06
20220128,딸기 장희,50625,30091,24633,21110,24257.06
20220129,딸기 장희,48000,33000,18102,20310,24257.06
20220204,딸기 장희,29709,30898,18235,23058,20981.56
20220205,딸기 장희,32000,30645,19673,,20981.56
20220207,딸기 장희,28619,,17818,,20981.56
20220208,딸기 장희,35000,29000,17392,17492,20981.56
20220209,딸기 장희,34786,29000,,16162,20981.56
20220210,딸기 장희,33250,28787,18979,,20981.56
20220211,딸기 장희,29385,22566,18583,15232,15996.3
20220212,딸기 장희,30000,,18050,14726,15996.3
20220214,딸기 장희,28000,,20460,16174,15996.3
20220215,딸기 장희,24000,19375,16781,15424,15996.3
20220216,딸기 장희,23523,14000,,16000,15996.3
20220217,딸기 장희,25500,13633,16370,,15996.3
20220218,딸기 장희,25000,14000,13029,13470,15996.3
20220219,딸기 장희,32721,18597,15667,15383,15996.3
20220221,딸기 장희,26000,,14838,14125,14650.42
20220222,딸기 장희,24603,17435,15279,15000,14650.42
20220223,딸기 장희,24235,17000,,15777,14650.42
20220224,딸기 장희,20000,15000,15616,,14650.42
20220225,딸기 장희,24000,17472,13521,14043,14650.42
20220226,딸기 장희,28413,18000,15000,12938,14650.42
20220228,딸기 장희,24000,,16129,14000,14650.42
20220301,딸기 장희,21253,18846,,13000,15050.84
20220302,딸기 장희,19353,17667,16000,16000,15050.84
20220303,딸기 장희,20393,18000,15000,,15050.84
20220304,딸기 장희,20870,20767,15300,13476,15050.84
20220305,딸기 장희,22851,24021,16000,13617,15050.84
20220307,딸기 장희,19956,,15974,13914,15050.84
20220308,딸기 장희,18733,18000,,14128,15050.84
20220309,딸기 장희,19269,18563,15000,14738,15050.84
20220310,딸기 장희,22344,18000,15108,,15050.84
20220311,딸기 장희,25466,16000,15550,14192,15032.9
20220312,딸기 장희,29987,15815,15864,13798,15032.9
20220314,딸기 장희,22598,,17000,15000,15032.9
20220315,딸기 장희,22208,17244,,17246,15032.9
20220316,딸기 장희,18551,17000,15452,16000,15032.9
20220317,딸기 장희,19266,16791,14515,,15032.9
20220318,딸기 장희,25678,16508,13859,15679,15032.9
20220319,딸기 장희,28625,16093,16707,13453,15032.9
20220321,딸기 장희,17938,,17231,11781,15050.23
20220322,딸기 장희,29381,16000,,13000,15050.23
20220323,딸기 장희,33774,16000,15975,16261,15050.23
20220324,딸기 장희,30731,15667,13012,,15050.23
20220325,딸기 장희,25701,18255,12676,14000,15050.23
20220326,딸기 장희,32972,17000,14448,12329,15050.23
20220328,딸기 장희,26708,,15614,13314,15050.23
20220329,딸기 장희,22988,17725,,14540,15050.23
20220330,딸기 장희,21494,16000,15226,15123,15050.23
20220331,딸기 장희,21367,15000,14361,,15050.23
20220401,딸기 장희,20424,15352,14000,13196,14246.79
20220402,딸기 장희,24886,14575,14725,11919,14246.79
20220404,딸기 장희,20356,,16281,14000,14246.79
20220405,딸기 장희,21986,17000,,14620,14246.79
20220406,딸기 장희,22000,16000,15241,16521,14246.79
20220407,딸기 장희,24288,17727,15077,,14246.79
20220408,딸기 장희,25710,17161,15017,14000,14246.79
20220409,딸기 장희,24338,19000,15608,13000,14246.79
20220411,딸기 장희,20538,,20000,14000,15522.59
20220412,딸기 장희,20758,18662,,13308,15522.59
20220413,딸기 장희,21695,16760,17463,17574,15522.59
20220414,딸기 장희,18000,18000,18000,,15522.59
20220415,딸기 장희,22000,19000,20808,13955,15522.59
20220416,딸기 장희,26578,19095,22000,14714,15522.59
20220418,딸기 장희,22000,,23415,15882,15522.59
20220419,딸기 장희,18000,19267,,15641,15522.59
20220420,딸기 장희,18000,19863,19500,16220,15522.59
20220421,딸기 장희,19000,20000,16000,,15717.26
20220422,딸기 장희,23882,18000,16538,12269,15717.26
20220423,딸기 장희,22708,20100,17472,11905,15717.26
20220425,딸기 장희,20457,,25870,12000,15717.26
20220426,딸기 장희,16000,18729,,14152,15717.26
20220427,딸기 장희,17250,17242,23698,16463,15717.26
20220428,딸기 장희,20043,16000,17204,,15717.26
20220429,딸기 장희,20792,16250,18139,14758,15717.26
20220430,딸기 장희,23316,20000,19000,15000,15717.26
20220502,딸기 장희,22000,,22000,18000,15934.39
20220503,딸기 장희,22000,22000,,16000,15934.39
20220504,딸기 장희,24000,19324,16000,15721,15934.39
20220505,딸기 장희,24000,22000,17000,,15934.39
20220506,딸기 장희,25000,24000,14720,12976,15934.39
20220507,딸기 장희,22000,23531,18000,10310,15934.39
20220509,딸기 장희,20769,,20000,8000,15934.39
20220510,딸기 장희,19471,20629,,10250,15934.39
20220511,딸기 장희,23000,24459,17900,14542,13556.24
20220512,딸기 장희,21667,22957,12000,,13556.24
20220513,딸기 장희,21667,23000,17000,8875,13556.24
20220514,딸기 장희,14000,14600,16000,8875,13556.24
20220516,딸기 장희,15370,,21571,11000,13556.24
20220517,딸기 장희,15370,10188,,11000,13556.24
20220518,딸기 장희,14286,10188,15000,11000,13556.24
20220519,딸기 장희,14286,14000,15000,,13556.24
20220520,딸기 장희,14286,14000,15000,11000,13556.24
20220521,딸기 장희,14286,14000,15000,11000,11222.43
20220523,딸기 장희,14286,,15000,11000,11222.43
20220524,딸기 장희,14286,14000,,11000,11222.43
20220525,딸기 장희,14286,14000,15000,11000,11222.43
20220526,딸기 장희,14286,14000,15000,,11222.43
20221024,딸기 장희,100000,,70000,,50679.91
20221025,딸기 장희,100000,59429,,43600,50679.91
20221026,딸기 장희,86333,51000,65000,43600,50679.91
20221027,딸기 장희,86333,46522,65000,,50679.91
20221028,딸기 장희,100000,55000,65000,40778,50679.91
20221029,딸기 장희,100000,58000,65000,39231,50679.91
20221031,딸기 장희,100000,,80000,44824,50679.91
20221101,딸기 장희,79800,52569,,55185,45574.52
20221102,딸기 장희,100000,48543,72536,48744,45574.52
20221103,딸기 장희,76000,41800,63000,,45574.52
20221104,딸기 장희,138125,50000,60000,36278,45574.52
20221105,딸기 장희,112174,46714,59556,32732,45574.52
20221107,딸기 장희,73714,,78471,40712,45574.52
20221108,딸기 장희,65000,51095,,42000,45574.52
20221109,딸기 장희,66256,48857,72953,38469,45574.52
20221110,딸기 장희,65000,42685,66920,,45574.52
20221111,딸기 장희,69942,48000,62556,34138,39277.25
20221112,딸기 장희,72962,46738,65481,30429,39277.25
20221114,딸기 장희,45272,,73000,37000,39277.25
20221115,딸기 장희,40966,45778,,39186,39277.25
20221116,딸기 장희,48313,45000,61286,41030,39277.25
20221117,딸기 장희,50000,42102,50000,,39277.25
20221118,딸기 장희,54782,43000,48000,35902,39277.25
20221119,딸기 장희,74970,38727,50556,35000,39277.25
20221121,딸기 장희,42000,,56626,35386,30428.43
20221122,딸기 장희,45490,24000,,32429,30428.43
20221123,딸기 장희,44000,23711,47137,28939,30428.43
20221124,딸기 장희,42000,18517,37718,,30428.43
20221125,딸기 장희,50435,22000,38000,25810,30428.43
20221126,딸기 장희,36233,25371,45935,20930,30428.43
20221128,딸기 장희,32288,,53391,24238,30428.43
20221129,딸기 장희,27667,28650,,24341,30428.43
20221130,딸기 장희,32244,25973,41469,26000,30428.43
20221201,딸기 장희,33000,25500,40627,,28799.87
20221202,딸기 장희,41784,27490,38739,25653,28799.87
20221203,딸기 장희,48281,29229,39750,23759,28799.87
20221205,딸기 장희,43458,,38000,29053,28799.87
20221206,딸기 장희,33712,36000,,30500,28799.87
20221207,딸기 장희,34279,34000,40000,29115,28799.87
20221208,딸기 장희,35371,34339,30063,,28799.87
20221209,딸기 장희,37738,35000,29808,26000,28799.87
20221210,딸기 장희,37178,35469,32512,27966,28799.87
20221212,딸기 장희,34923,,30831,26882,28574.18
20221213,딸기 장희,32512,34575,,25450,28574.18
20221214,딸기 장희,28377,31134,30421,25667,28574.18
20221215,딸기 장희,33703,33368,32609,,28574.18
20221216,딸기 장희,31119,38082,29000,23843,28574.18
20221217,딸기 장희,26000,37418,27808,21558,28574.18
20221219,딸기 장희,30108,,34901,22899,28574.18
20221220,딸기 장희,31742,41319,,19737,28574.18
20221221,딸기 장희,33580,42303,31540,19233,29374.33
20221222,딸기 장희,40539,46000,32042,,29374.33
20221223,딸기 장희,42465,45000,34667,22333,29374.33
20221224,딸기 장희,32738,51028,35333,24442,29374.33
20221226,딸기 장희,32119,,34788,33073,29374.33
20221227,딸기 장희,34391,49467,,28037,29374.33
20221228,딸기 장희,35857,49000,27123,25594,29374.33
20221229,딸기 장희,32901,42830,26359,,29374.33
20221230,딸기 장희,30538,45672,30106,27258,29374.33
20221231,딸기 장희,30389,49104,24758,27472,29374.33
20230103,딸기 장희,29810,43295,,26907,25999.17
20230104,딸기 장희,25477,34662,22351,27509,25999.17
20230105,딸기 장희,30000,39933,25784,,25999.17
20230106,딸기 장희,31342,40000,26137,26539,25999.17
20230107,딸기 장희,34329,40000,23000,23250,25999.17
20230109,딸기 장희,29882,,18780,25846,25999.17
20230110,딸기 장희,31000,40809,,26794,25999.17
20230111,딸기 장희,30000,32431,27188,28719,26209.26
20230112,딸기 장희,30467,30237,24161,,26209.26
20230113,딸기 장희,32000,39655,26900,25653,26209.26
20230114,딸기 장희,27387,38000,29517,23143,26209.26
20230116,딸기 장희,29238,,32673,25326,26209.26
20230117,딸기 장희,31811,40000,,30310,26209.26
20230118,딸기 장희,27459,40000,28389,25507,26209.26
20230119,딸기 장희,35741,38000,29144,,26209.26
20230120,딸기 장희,32691,45000,25851,26107,26209.26
20230121,딸기 장희,25467,46000,28453,26532,27608.13
20230125,딸기 장희,29846,49161,27631,,27608.13
20230126,딸기 장희,28000,48000,29868,,27608.13
20230127,딸기 장희,26763,50800,30672,,27608.13
20230128,딸기 장희,30000,50625,30091,24633,27608.13
20230130,딸기 장희,30000,,33717,22000,27608.13
20230131,딸기 장희,30000,,,21156,27608.13
20230201,딸기 장희,27000,,29114,20806,24016.52
20230202,딸기 장희,25742,,25810,,24016.52
20230203,딸기 장희,26000,,32054,18000,24016.52
20230204,딸기 장희,27000,29709,30898,18235,24016.52
20230206,딸기 장희,25000,,32000,17355,24016.52
20230207,딸기 장희,24063,28619,,17818,24016.52
20230208,딸기 장희,25000,35000,29000,17392,24016.52
20230209,딸기 장희,24865,34786,29000,,24016.52
20230210,딸기 장희,23000,33250,28787,18979,24016.52
20230211,딸기 장희,23000,29385,22566,18583,18348
20230213,딸기 장희,26000,,,17621,18348
20230214,딸기 장희,25538,28000,,20460,18348
20230215,딸기 장희,30000,24000,19375,16781,18348
20230216,딸기 장희,32000,23523,14000,,18348
20230217,딸기 장희,21000,25500,13633,16370,18348
20230218,딸기 장희,30000,25000,14000,13029,18348
20230220,딸기 장희,28921,,17000,14345,18348
20230221,딸기 장희,27000,26000,,14838,16875.08
20230222,딸기 장희,29000,24603,17435,15279,16875.08
20230223,딸기 장희,28000,24235,17000,,16875.08
20230224,딸기 장희,21000,20000,15000,15616,16875.08
20230225,딸기 장희,21000,24000,17472,13521,16875.08
20230227,딸기 장희,20000,,20433,15000,16875.08
20230228,딸기 장희,22000,24000,,16129,16875.08
20230301,딸기 장희,22826,21253,18846,,16601.58
20230302,딸기 장희,25000,19353,17667,16000,16601.58
20230303,딸기 장희,27079,20393,18000,15000,16601.58
20230304,딸기 장희,30896,20870,20767,15300,16601.58
20230306,딸기 장희,28711,,18000,15155,16601.58
20230307,딸기 장희,23558,19956,,15974,16601.58
20230308,딸기 장희,21395,18733,18000,,16601.58
20230309,딸기 장희,18308,19269,18563,15000,16601.58
20230310,딸기 장희,21844,22344,18000,15108,16601.58
20230311,딸기 장희,18942,25466,16000,15550,17116.88
20230313,딸기 장희,20000,,16787,15273,17116.88
20230314,딸기 장희,20000,22598,,17000,17116.88
20230315,딸기 장희,20000,22208,17244,,17116.88
20230316,딸기 장희,24000,18551,17000,15452,17116.88
20230317,딸기 장희,24510,19266,16791,14515,17116.88
20230318,딸기 장희,28000,25678,16508,13859,17116.88
20230320,딸기 장희,22000,,17902,15116,17116.88
20230321,딸기 장희,22000,17938,,17231,17148.81
20230322,딸기 장희,19000,29381,16000,,17148.81
20230323,딸기 장희,27000,33774,16000,15975,17148.81
20230324,딸기 장희,25000,30731,15667,13012,17148.81
20230325,딸기 장희,22345,25701,18255,12676,17148.81
20230327,딸기 장희,23000,,18790,14732,17148.81
20230328,딸기 장희,23882,26708,,15614,17148.81
20230329,딸기 장희,23934,22988,17725,,17148.81
20230330,딸기 장희,24000,21494,16000,15226,17148.81
20230331,딸기 장희,24000,21367,15000,14361,17148.81
20230401,딸기 장희,24605,20424,15352,14000,16073.97
20230403,딸기 장희,21459,,15892,14971,16073.97
20230404,딸기 장희,20558,20356,,16281,16073.97
20230405,딸기 장희,19296,21986,17000,,16073.97
20230406,딸기 장희,17392,22000,16000,15241,16073.97
20230407,딸기 장희,17000,24288,17727,15077,16073.97
20230408,딸기 장희,21000,25710,17161,15017,16073.97
20230410,딸기 장희,19085,,20120,16000,16073.97
20230411,딸기 장희,16972,20538,,20000,17479
20230412,딸기 장희,15750,20758,18662,,17479
20230413,딸기 장희,18000,21695,16760,17463,17479
20230414,딸기 장희,19123,18000,18000,18000,17479
20230415,딸기 장희,20559,22000,19000,20808,17479
20230417,딸기 장희,16491,,22493,22479,17479
20230418,딸기 장희,17800,22000,,23415,17479
20230419,딸기 장희,17452,18000,19267,,17479
20230420,딸기 장희,18333,18000,19863,19500,17479
20230421,딸기 장희,16355,19000,20000,16000,17040.8
20230422,딸기 장희,15429,23882,18000,16538,17040.8
20230424,딸기 장희,16694,,21800,21250,17040.8
20230425,딸기 장희,14939,20457,,25870,17040.8
20230426,딸기 장희,16000,16000,18729,,17040.8
20230427,딸기 장희,12000,17250,17242,23698,17040.8
20230428,딸기 장희,19667,20043,16000,17204,17040.8
20230429,딸기 장희,16421,20792,16250,18139,17040.8
20230501,딸기 장희,15861,,25318,21000,17898.27
20230502,딸기 장희,14556,22000,,22000,17898.27
20230503,딸기 장희,14455,22000,22000,,17898.27
20230504,딸기 장희,15000,24000,19324,16000,17898.27
20230505,딸기 장희,14412,24000,22000,17000,17898.27
20230506,딸기 장희,14000,25000,24000,14720,17898.27
20230508,딸기 장희,12000,,27000,17000,17898.27
20230509,딸기 장희,12000,20769,,20000,17898.27
20230510,딸기 장희,14556,19471,20629,,17898.27
20230511,딸기 장희,13000,23000,24459,17900,14588.76
20230512,딸기 장희,12400,21667,22957,12000,14588.76
20230513,딸기 장희,8000,21667,23000,17000,14588.76
20230515,딸기 장희,9818,,10615,16000,14588.76
20230516,딸기 장희,9818,15370,,21571,14588.76
20230517,딸기 장희,9818,15370,10188,,14588.76
20231021,딸기 장희,100000,,65000,,55474.33
20231023,딸기 장희,100000,,60000,70000,55474.33
20231024,딸기 장희,106667,100000,,70000,55474.33
20231025,딸기 장희,100000,100000,59429,,55474.33
20231026,딸기 장희,127500,86333,51000,65000,55474.33
20231027,딸기 장희,130000,86333,46522,65000,55474.33
20231028,딸기 장희,110000,100000,55000,65000,55474.33
20231030,딸기 장희,88519,,57638,77667,55474.33
20231031,딸기 장희,93000,100000,,80000,55474.33
20231101,딸기 장희,97000,79800,52569,,51770.44
20231102,딸기 장희,96889,100000,48543,72536,51770.44
20231103,딸기 장희,97941,76000,41800,63000,51770.44
20231106,딸기 장희,74270,,49040,73690,51770.44
20231107,딸기 장희,80258,73714,,78471,51770.44
20231108,딸기 장희,76000,65000,51095,,51770.44
20231109,딸기 장희,78000,66256,48857,72953,51770.44
20231110,딸기 장희,85000,65000,42685,66920,51770.44
20231111,딸기 장희,89606,69942,48000,62556,45519.79
20231113,딸기 장희,73600,,52714,66545,45519.79
20231114,딸기 장희,75645,45272,,73000,45519.79
20231115,딸기 장희,90000,40966,45778,,45519.79
20231116,딸기 장희,100316,48313,45000,61286,45519.79
20231117,딸기 장희,89538,50000,42102,50000,45519.79
20231118,딸기 장희,96207,54782,43000,48000,45519.79
20231120,딸기 장희,80000,,32260,53724,45519.79
20231121,딸기 장희,59000,42000,,56626,32770.16
20231122,딸기 장희,73097,45490,24000,,32770.16
20231123,딸기 장희,54556,44000,23711,47137,32770.16
20231124,딸기 장희,61000,42000,18517,37718,32770.16
20231125,딸기 장희,48934,50435,22000,38000,32770.16
20231127,딸기 장희,46167,,26600,55377,32770.16
20231128,딸기 장희,43453,32288,,53391,32770.16
20231129,딸기 장희,45700,27667,28650,,32770.16
20231130,딸기 장희,51600,32244,25973,41469,32770.16
20231201,딸기 장희,58574,33000,25500,40627,32128.94
20231202,딸기 장희,58574,41784,27490,38739,32128.94
20231204,딸기 장희,39000,,42383,42764,32128.94
20231205,딸기 장희,34234,43458,,38000,32128.94
20231206,딸기 장희,38000,33712,36000,,32128.94
20231207,딸기 장희,43571,34279,34000,40000,32128.94
20231208,딸기 장희,45986,35371,34339,30063,32128.94
20231209,딸기 장희,39559,37738,35000,29808,32128.94
20231211,딸기 장희,35326,,33000,33000,29570.37
20231212,딸기 장희,28346,34923,,30831,29570.37
20231213,딸기 장희,30861,32512,34575,,29570.37
20231214,딸기 장희,28861,28377,31134,30421,29570.37
20231215,딸기 장희,32059,33703,33368,32609,29570.37
20231216,딸기 장희,35750,31119,38082,29000,29570.37
20231218,딸기 장희,34778,,44948,30958,29570.37
20231219,딸기 장희,37414,30108,,34901,29570.37
20231220,딸기 장희,39431,31742,41319,,29570.37
20231221,딸기 장희,44485,33580,42303,31540,30989
20231222,딸기 장희,36490,40539,46000,32042,30989
20231223,딸기 장희,39063,42465,45000,34667,30989
20231225,딸기 장희,49125,,56690,32594,30989
20231226,딸기 장희,48710,32119,,34788,30989
20231227,딸기 장희,42000,34391,49467,,30989
20231228,딸기 장희,45000,35857,49000,27123,30989
20231229,딸기 장희,36364,32901,42830,26359,30989
20231230,딸기 장희,36800,30538,45672,30106,30989
20240103,딸기 장희,29259,29810,43295,,27114.42
20240104,딸기 장희,31024,25477,34662,22351,27114.42
20240105,딸기 장희,32013,30000,39933,25784,27114.42
20240106,딸기 장희,30114,31342,40000,26137,27114.42
20240108,딸기 장희,27387,,44518,23273,27114.42
20240109,딸기 장희,27368,29882,,18780,27114.42
20240110,딸기 장희,24838,31000,40809,,27114.42
20240111,딸기 장희,25733,30000,32431,27188,27425.41
20240112,딸기 장희,27568,30467,30237,24161,27425.41
20240113,딸기 장희,33373,32000,39655,26900,27425.41
20240115,딸기 장희,31000,,43773,32971,27425.41
20240116,딸기 장희,28417,29238,,32673,27425.41
20240117,딸기 장희,31000,31811,40000,,27425.41
20240118,딸기 장희,32367,27459,40000,28389,27425.41
20240119,딸기 장희,33448,35741,38000,29144,27425.41
20240120,딸기 장희,33361,32691,45000,25851,27425.41
20240122,딸기 장희,35150,,49048,28342,28781.27
20240123,딸기 장희,36238,,,31196,28781.27
20240124,딸기 장희,36517,,48000,,28781.27
20240125,딸기 장희,40000,29846,49161,27631,28781.27
20240126,딸기 장희,36160,28000,48000,29868,28781.27
20240127,딸기 장희,34296,26763,50800,30672,28781.27
20240129,딸기 장희,35391,,48000,33000,28781.27
20240130,딸기 장희,37000,30000,,33717,28781.27
20240131,딸기 장희,34649,30000,,,28781.27
20240201,딸기 장희,33696,27000,,29114,24906.87
20240202,딸기 장희,35260,25742,,25810,24906.87
20240203,딸기 장희,34840,26000,,32054,24906.87
20240205,딸기 장희,32073,,32000,30645,24906.87
20240206,딸기 장희,31000,25000,,32000,24906.87
20240207,딸기 장희,34625,24063,28619,,24906.87
20240208,딸기 장희,37714,25000,35000,29000,24906.87
20240209,딸기 장희,38000,24865,34786,29000,24906.87
20240213,딸기 장희,23914,26000,,,20227.14
20240214,딸기 장희,23000,25538,28000,,20227.14
20240215,딸기 장희,23000,30000,24000,19375,20227.14
20240216,딸기 장희,23000,32000,23523,14000,20227.14
20240217,딸기 장희,23959,21000,25500,13633,20227.14
20240219,딸기 장희,23000,,32721,18597,20227.14
20240220,딸기 장희,20185,28921,,17000,20227.14
20240221,딸기 장희,21000,27000,26000,,18593.63
20240222,딸기 장희,24000,29000,24603,17435,18593.63
20240223,딸기 장희,26000,28000,24235,17000,18593.63
20240224,딸기 장희,33000,21000,20000,15000,18593.63
20240226,딸기 장희,35000,,28413,18000,18593.63
20240227,딸기 장희,26000,20000,,20433,18593.63
20240228,딸기 장희,26189,22000,24000,,18593.63
20240229,딸기 장희,27000,,,,18593.63
20240301,딸기 장희,24780,22826,21253,18846,18589.66
20240302,딸기 장희,24780,25000,19353,17667,18589.66
20240304,딸기 장희,24000,30896,20870,20767,18589.66
20240305,딸기 장희,21000,,22851,24021,18589.66
20240306,딸기 장희,23294,28711,,18000,18589.66
20240307,딸기 장희,26958,23558,19956,,18589.66
20240308,딸기 장희,26458,21395,18733,18000,18589.66
20240309,딸기 장희,23250,18308,19269,18563,18589.66
20240311,딸기 장희,23000,18942,25466,16000,18518.56
20240312,딸기 장희,21000,,29987,15815,18518.56
20240313,딸기 장희,23000,20000,,16787,18518.56
20240314,딸기 장희,24000,20000,22598,,18518.56
20240315,딸기 장희,23667,20000,22208,17244,18518.56
20240316,딸기 장희,22804,24000,18551,17000,18518.56
20240318,딸기 장희,22780,28000,25678,16508,18518.56
20240319,딸기 장희,16913,,28625,16093,18518.56
20240320,딸기 장희,19000,22000,,17902,18518.56
20240321,딸기 장희,16750,22000,17938,,18794.85
20240322,딸기 장희,19833,19000,29381,16000,18794.85
20240323,딸기 장희,21577,27000,33774,16000,18794.85
20240325,딸기 장희,20167,22345,25701,18255,18794.85
20240326,딸기 장희,14000,,32972,17000,18794.85
20240327,딸기 장희,21000,23000,,18790,18794.85
20240328,딸기 장희,21364,23882,26708,,18794.85
20240329,딸기 장희,23290,23934,22988,17725,18794.85
20240330,딸기 장희,23564,24000,21494,16000,18794.85
20240401,딸기 장희,20000,24605,20424,15352,17433.26
20240402,딸기 장희,20480,,24886,14575,17433.26
20240403,딸기 장희,18414,21459,,15892,17433.26
20240404,딸기 장희,18938,20558,20356,,17433.26
20240405,딸기 장희,17315,19296,21986,17000,17433.26
20240406,딸기 장희,20000,17392,22000,16000,17433.26
20240408,딸기 장희,15000,21000,25710,17161,17433.26
20240409,딸기 장희,14560,,24338,19000,17433.26
20240410,딸기 장희,15903,19085,,20120,17433.26
20240411,딸기 장희,17000,16972,20538,,18471.03
20240412,딸기 장희,19000,15750,20758,18662,18471.03
20240413,딸기 장희,22000,18000,21695,16760,18471.03
20240415,딸기 장희,17770,20559,22000,19000,18471.03
20240416,딸기 장희,15258,,26578,19095,18471.03
20240417,딸기 장희,16288,16491,,22493,18471.03
20240418,딸기 장희,18000,17800,22000,,18471.03
20240419,딸기 장희,21478,17452,18000,19267,18471.03
20240420,딸기 장희,21553,18333,18000,19863,18471.03
20240422,딸기 장희,17725,15429,23882,18000,17549.16
20240423,딸기 장희,18400,,22708,20100,17549.16
20240424,딸기 장희,22320,16694,,21800,17549.16
20240425,딸기 장희,22889,14939,20457,,17549.16
20240426,딸기 장희,21865,16000,16000,18729,17549.16
20240427,딸기 장희,22333,12000,17250,17242,17549.16
20240429,딸기 장희,16000,16421,20792,16250,17549.16
20240430,딸기 장희,17447,,23316,20000,17549.16
20240501,딸기 장희,19680,15861,,25318,18015.94
20240502,딸기 장희,20000,14556,22000,,18015.94
20240503,딸기 장희,16611,14455,22000,22000,18015.94
20240504,딸기 장희,18000,15000,24000,19324,18015.94
20240506,딸기 장희,14000,14000,25000,24000,18015.94
20240507,딸기 장희,13000,,22000,23531,18015.94
20240508,딸기 장희,13000,12000,,27000,18015.94
20210104,딸기 죽향,72900,80714,51000,58889,61622.08
20210105,딸기 죽향,70000,,65750,49500,61622.08
20210106,딸기 죽향,70000,82000,,59167,61622.08
20210107,딸기 죽향,65000,82000,57400,,61622.08
20210108,딸기 죽향,80750,87000,42000,55000,61622.08
20210109,딸기 죽향,72000,65000,59200,38000,61622.08
20210111,딸기 죽향,70500,84400,58200,48250,59079.89
20210112,딸기 죽향,64167,,64444,49600,59079.89
20210113,딸기 죽향,89455,83111,,47867,59079.89
20210114,딸기 죽향,71000,78571,58609,,59079.89
20210115,딸기 죽향,88067,75000,36727,51533,59079.89
20210116,딸기 죽향,82808,75000,58833,37000,59079.89
20210118,딸기 죽향,73552,85000,52609,50000,59079.89
20210119,딸기 죽향,48286,,47810,56000,59079.89
20210120,딸기 죽향,69594,82000,,48286,59079.89
20210121,딸기 죽향,68000,59143,47086,,50397.24
20210122,딸기 죽향,65075,59143,50174,50154,50397.24
20210123,딸기 죽향,60568,78897,47114,37700,50397.24
20210125,딸기 죽향,68333,,48605,45000,50397.24
20210126,딸기 죽향,54875,,47273,46667,50397.24
20210127,딸기 죽향,69236,,,45379,50397.24
20210128,딸기 죽향,66611,53625,48043,,50397.24
20210129,딸기 죽향,65395,50000,47686,47146,50397.24
20210130,딸기 죽향,69960,61667,49523,44023,50397.24
20210201,딸기 죽향,71125,59115,50932,38000,48390.65
20210202,딸기 죽향,72313,,53972,47900,48390.65
20210203,딸기 죽향,75667,52457,,44949,48390.65
20210204,딸기 죽향,71594,59652,47968,,48390.65
20210205,딸기 죽향,78247,61575,,46959,48390.65
20210206,딸기 죽향,72051,59391,,40500,48390.65
20210208,딸기 죽향,71253,48548,45000,40400,48390.65
20210209,딸기 죽향,75197,,36118,45625,48390.65
20210210,딸기 죽향,76038,55265,,39400,48390.65
20210211,딸기 죽향,75075,55235,35642,,42799.8
20210215,딸기 죽향,60000,53402,39867,43547,42799.8
20210216,딸기 죽향,46785,,41265,,42799.8
20210217,딸기 죽향,51000,49202,,,42799.8
20210218,딸기 죽향,58431,44872,39396,,42799.8
20210219,딸기 죽향,60085,46633,38565,38069,42799.8
20210220,딸기 죽향,64871,49273,37221,38000,42799.8
20210222,딸기 죽향,56638,46116,41604,33680,40407.29
20210223,딸기 죽향,54466,,40661,36748,40407.29
20210224,딸기 죽향,55979,45628,,42801,40407.29
20210225,딸기 죽향,59000,45896,35304,,40407.29
20210226,딸기 죽향,64179,49437,32991,37545,40407.29
20210227,딸기 죽향,72750,52507,31031,33905,40407.29
20210301,딸기 죽향,65288,,34121,32868,36900.25
20210302,딸기 죽향,58217,46704,34706,36459,36900.25
20210303,딸기 죽향,61096,44150,,34669,36900.25
20210304,딸기 죽향,61762,45821,31815,,36900.25
20210305,딸기 죽향,64351,47711,30759,31068,36900.25
20210306,딸기 죽향,55564,46429,31086,30335,36900.25
20210308,딸기 죽향,49351,,35761,32201,36900.25
20210309,딸기 죽향,46887,45643,40179,35497,36900.25
20210310,딸기 죽향,46279,45975,,44486,36900.25
20210311,딸기 죽향,48943,44798,35806,,37293.76
20210312,딸기 죽향,47953,51138,33568,34542,37293.76
20210313,딸기 죽향,47083,54206,35990,34903,37293.76
20210315,딸기 죽향,45986,,39842,37268,37293.76
20210316,딸기 죽향,44965,44893,41597,40911,37293.76
20210317,딸기 죽향,44313,42822,,37670,37293.76
20210318,딸기 죽향,40394,40373,35918,,37293.76
20210319,딸기 죽향,42259,40087,33351,33958,37293.76
20210320,딸기 죽향,43328,39123,31971,32617,37293.76
20210322,딸기 죽향,43442,,35269,40480,36201.06
20210323,딸기 죽향,45705,37564,39542,41753,36201.06
20210324,딸기 죽향,43602,36498,,44906,36201.06
20210325,딸기 죽향,45065,37138,35905,,36201.06
20210326,딸기 죽향,45599,41262,34450,36164,36201.06
20210327,딸기 죽향,44804,42528,34161,34663,36201.06
20210329,딸기 죽향,39870,,33688,33373,36201.06
20210330,딸기 죽향,45781,47447,33982,32988,36201.06
20210331,딸기 죽향,37844,44407,,31292,36201.06
20210401,딸기 죽향,39273,44055,31710,,33274.86
20210402,딸기 죽향,39498,46560,28996,29384,33274.86
20210403,딸기 죽향,39572,45698,29943,27643,33274.86
20210405,딸기 죽향,37641,,33797,27031,33274.86
20210406,딸기 죽향,37869,42646,35903,28280,33274.86
20210407,딸기 죽향,39059,41511,,35312,33274.86
20210408,딸기 죽향,42884,37967,32351,,33274.86
20210409,딸기 죽향,43625,38584,30013,34734,33274.86
20210410,딸기 죽향,52734,36472,30431,34216,33274.86
20210412,딸기 죽향,47996,,33067,31938,34246.2
20210413,딸기 죽향,42097,35324,40037,32984,34246.2
20210414,딸기 죽향,43302,36365,,36007,34246.2
20210415,딸기 죽향,45940,41128,31573,,34246.2
20210416,딸기 죽향,48502,45463,32322,31000,34246.2
20210417,딸기 죽향,51784,42565,34947,34010,34246.2
20210419,딸기 죽향,40280,,39811,32798,34246.2
20210420,딸기 죽향,40364,37745,38951,33531,34246.2
20210421,딸기 죽향,42863,38382,,35493,35994.75
20210422,딸기 죽향,43346,36152,29953,,35994.75
20210423,딸기 죽향,43353,35629,28253,31522,35994.75
20210424,딸기 죽향,49884,36607,28141,28935,35994.75
20210426,딸기 죽향,40590,,33220,33491,35994.75
20210427,딸기 죽향,38117,41173,41670,35271,35994.75
20210428,딸기 죽향,37247,44654,,38008,35994.75
20210429,딸기 죽향,47017,53208,38636,,35994.75
20210430,딸기 죽향,53044,48781,37936,34335,35994.75
20210501,딸기 죽향,71988,49126,42017,35306,38991.7
20210503,딸기 죽향,55539,,42627,37814,38991.7
20210504,딸기 죽향,52803,37655,42249,39122,38991.7
20210505,딸기 죽향,47873,38585,,45836,38991.7
20210506,딸기 죽향,55316,44964,34966,,38991.7
20210507,딸기 죽향,58128,48509,35272,37497,38991.7
20210508,딸기 죽향,52944,54408,36000,34821,38991.7
20210510,딸기 죽향,45636,,39303,39373,38991.7
20210511,딸기 죽향,42225,48481,38846,34672,33732.33
20210512,딸기 죽향,37621,43874,,32209,33732.33
20210513,딸기 죽향,38277,44069,31519,,33732.33
20210514,딸기 죽향,37119,43013,28838,25041,33732.33
20210515,딸기 죽향,36206,37821,30431,26793,33732.33
20210517,딸기 죽향,28013,,29520,34824,33732.33
20210518,딸기 죽향,29745,32924,38935,25460,33732.33
20210519,딸기 죽향,31247,32504,,26864,33732.33
20210520,딸기 죽향,31852,26655,33559,,33732.33
20210521,딸기 죽향,33107,28800,21511,20564,24605.39
20210522,딸기 죽향,33313,34238,24057,17716,24605.39
20210524,딸기 죽향,33815,,18149,28607,24605.39
20210525,딸기 죽향,31675,30173,20554,28711,24605.39
20210526,딸기 죽향,28667,25417,,25906,24605.39
20210527,딸기 죽향,27607,28750,17244,,24605.39
20210528,딸기 죽향,28179,28397,16000,20258,24605.39
20210529,딸기 죽향,29967,24217,17000,23000,24605.39
20210531,딸기 죽향,24143,,22333,23000,24605.39
20210601,딸기 죽향,26167,24226,25000,23000,22373.27
20210602,딸기 죽향,26167,22000,,23000,22373.27
20210603,딸기 죽향,26167,23000,22333,,22373.27
20210604,딸기 죽향,26167,19600,22333,23000,22373.27
20210605,딸기 죽향,26167,22429,22333,23000,22373.27
20210607,딸기 죽향,26167,,22333,23000,22373.27
20210608,딸기 죽향,26167,24000,22333,23000,22373.27
20210609,딸기 죽향,26167,24000,,23000,22373.27
20210610,딸기 죽향,26167,24000,22333,,22373.27
20210611,딸기 죽향,26167,24000,22333,23000,17400.48
20210612,딸기 죽향,26167,24000,22333,23000,17400.48
20211218,딸기 죽향,85000,,,,0
20211220,딸기 죽향,89000,,,,0
20211221,딸기 죽향,89000,,,,42692.49
20211222,딸기 죽향,95000,,,,42692.49
20211223,딸기 죽향,95000,85000,,,42692.49
20211224,딸기 죽향,95000,85000,75000,,42692.49
20211225,딸기 죽향,101000,76000,75000,,42692.49
20211227,딸기 죽향,95000,,75000,50200,42692.49
20211228,딸기 죽향,95000,80000,77333,68000,42692.49
20211229,딸기 죽향,90000,80000,,45000,42692.49
20211230,딸기 죽향,90000,80000,75000,,42692.49
20211231,딸기 죽향,95000,77000,76167,57308,42692.49
20220103,딸기 죽향,87091,,79000,56286,64445.51
20220104,딸기 죽향,87091,72900,80714,51000,64445.51
20220105,딸기 죽향,95000,70000,,65750,64445.51
20220106,딸기 죽향,88667,70000,82000,,64445.51
20220107,딸기 죽향,98000,65000,82000,57400,64445.51
20220108,딸기 죽향,86500,80750,87000,42000,64445.51
20220110,딸기 죽향,90294,,89000,40000,64445.51
20220111,딸기 죽향,65000,70500,84400,58200,62846.85
20220112,딸기 죽향,95000,64167,,64444,62846.85
20220113,딸기 죽향,100000,89455,83111,,62846.85
20220114,딸기 죽향,96316,71000,78571,58609,62846.85
20220115,딸기 죽향,96679,88067,75000,36727,62846.85
20220117,딸기 죽향,93103,,85750,37000,62846.85
20220118,딸기 죽향,78571,73552,85000,52609,62846.85
20220119,딸기 죽향,95455,48286,,47810,62846.85
20220120,딸기 죽향,88667,69594,82000,,62846.85
20220121,딸기 죽향,91368,68000,59143,47086,54711
20220122,딸기 죽향,89146,65075,59143,50174,54711
20220124,딸기 죽향,90778,,56688,45000,54711
20220125,딸기 죽향,69684,68333,,48605,54711
20220126,딸기 죽향,88063,54875,,47273,54711
20220127,딸기 죽향,72091,69236,,,54711
20220128,딸기 죽향,95059,66611,53625,48043,54711
20220129,딸기 죽향,88000,65395,50000,47686,54711
20220204,딸기 죽향,70295,71594,59652,47968,55619.9
20220205,딸기 죽향,69636,78247,61575,,55619.9
20220207,딸기 죽향,72589,,60122,,55619.9
20220208,딸기 죽향,61267,71253,48548,45000,55619.9
20220209,딸기 죽향,76953,75197,,36118,55619.9
20220210,딸기 죽향,60281,76038,55265,,55619.9
20220211,딸기 죽향,76168,75075,55235,35642,47036.22
20220212,딸기 죽향,72608,,52933,35225,47036.22
20220214,딸기 죽향,71213,,52598,38935,47036.22
20220215,딸기 죽향,70752,60000,53402,39867,47036.22
20220216,딸기 죽향,67956,46785,,41265,47036.22
20220217,딸기 죽향,68202,51000,49202,,47036.22
20220218,딸기 죽향,64163,58431,44872,39396,47036.22
20220219,딸기 죽향,76315,60085,46633,38565,47036.22
20220221,딸기 죽향,65478,,47365,39878,44641.83
20220222,딸기 죽향,69417,56638,46116,41604,44641.83
20220223,딸기 죽향,71038,54466,,40661,44641.83
20220224,딸기 죽향,67467,55979,45628,,44641.83
20220225,딸기 죽향,72560,59000,45896,35304,44641.83
20220226,딸기 죽향,67127,64179,49437,32991,44641.83
20220228,딸기 죽향,65470,,50066,33723,44641.83
20220301,딸기 죽향,61590,65288,,34121,40832.95
20220302,딸기 죽향,59493,58217,46704,34706,40832.95
20220303,딸기 죽향,58640,61096,44150,,40832.95
20220304,딸기 죽향,57308,61762,45821,31815,40832.95
20220305,딸기 죽향,59407,64351,47711,30759,40832.95
20220307,딸기 죽향,48605,,44886,33152,40832.95
20220308,딸기 죽향,53143,49351,,35761,40832.95
20220309,딸기 죽향,51557,46887,45643,40179,40832.95
20220310,딸기 죽향,51063,46279,45975,,40832.95
20220311,딸기 죽향,52602,48943,44798,35806,38819
20220312,딸기 죽향,56509,47953,51138,33568,38819
20220314,딸기 죽향,53830,,54313,41089,38819
20220315,딸기 죽향,48527,45986,,39842,38819
20220316,딸기 죽향,49154,44965,44893,41597,38819
20220317,딸기 죽향,52476,44313,42822,,38819
20220318,딸기 죽향,53944,40394,40373,35918,38819
20220319,딸기 죽향,60856,42259,40087,33351,38819
20220321,딸기 죽향,67064,,38408,33833,37559.59
20220322,딸기 죽향,76525,43442,,35269,37559.59
20220323,딸기 죽향,85275,45705,37564,39542,37559.59
20220324,딸기 죽향,69603,43602,36498,,37559.59
20220325,딸기 죽향,60474,45065,37138,35905,37559.59
20220326,딸기 죽향,63022,45599,41262,34450,37559.59
20220328,딸기 죽향,57267,,47368,34255,37559.59
20220329,딸기 죽향,56145,39870,,33688,37559.59
20220330,딸기 죽향,52772,45781,47447,33982,37559.59
20220331,딸기 죽향,44401,37844,44407,,37559.59
20220401,딸기 죽향,46249,39273,44055,31710,34772.44
20220402,딸기 죽향,45408,39498,46560,28996,34772.44
20220404,딸기 죽향,47485,,45386,33897,34772.44
20220405,딸기 죽향,47355,37641,,33797,34772.44
20220406,딸기 죽향,47299,37869,42646,35903,34772.44
20220407,딸기 죽향,43560,39059,41511,,34772.44
20220408,딸기 죽향,47045,42884,37967,32351,34772.44
20220409,딸기 죽향,44441,43625,38584,30013,34772.44
20220411,딸기 죽향,43968,,36695,32325,35939.96
20220412,딸기 죽향,43896,47996,,33067,35939.96
20220413,딸기 죽향,42521,42097,35324,40037,35939.96
20220414,딸기 죽향,37568,43302,36365,,35939.96
20220415,딸기 죽향,39432,45940,41128,31573,35939.96
20220416,딸기 죽향,49146,48502,45463,32322,35939.96
20220418,딸기 죽향,43053,,41470,37686,35939.96
20220419,딸기 죽향,42327,40280,,39811,35939.96
20220420,딸기 죽향,46068,40364,37745,38951,35939.96
20220421,딸기 죽향,55733,42863,38382,,37438.21
20220422,딸기 죽향,59693,43346,36152,29953,37438.21
20220423,딸기 죽향,64696,43353,35629,28253,37438.21
20220425,딸기 죽향,48093,,45994,31706,37438.21
20220426,딸기 죽향,42433,40590,,33220,37438.21
20220427,딸기 죽향,46741,38117,41173,41670,37438.21
20220428,딸기 죽향,52724,37247,44654,,37438.21
20220429,딸기 죽향,60431,47017,53208,38636,37438.21
20220430,딸기 죽향,69469,53044,48781,37936,37438.21
20220502,딸기 죽향,53766,,53000,43612,41678.25
20220503,딸기 죽향,49101,55539,,42627,41678.25
20220504,딸기 죽향,48617,52803,37655,42249,41678.25
20220505,딸기 죽향,56395,47873,38585,,41678.25
20220506,딸기 죽향,61575,55316,44964,34966,41678.25
20220507,딸기 죽향,60837,58128,48509,35272,41678.25
20220509,딸기 죽향,49321,,56570,38221,41678.25
20220510,딸기 죽향,39561,45636,,39303,41678.25
20220511,딸기 죽향,41466,42225,48481,38846,34080
20220512,딸기 죽향,40407,37621,43874,,34080
20220513,딸기 죽향,39309,38277,44069,31519,34080
20220514,딸기 죽향,38195,37119,43013,28838,34080
20220516,딸기 죽향,36896,,44167,30403,34080
20220517,딸기 죽향,37159,28013,,29520,34080
20220518,딸기 죽향,41917,29745,32924,38935,34080
20220519,딸기 죽향,44050,31247,32504,,34080
20220520,딸기 죽향,41910,31852,26655,33559,34080
20220521,딸기 죽향,42535,33107,28800,21511,25896.13
20220523,딸기 죽향,33633,,36427,23328,25896.13
20220524,딸기 죽향,33554,33815,,18149,25896.13
20220525,딸기 죽향,33174,31675,30173,20554,25896.13
20220526,딸기 죽향,36000,28667,25417,,25896.13
20220527,딸기 죽향,35424,27607,28750,17244,25896.13
20220528,딸기 죽향,38720,28179,28397,16000,25896.13
20220530,딸기 죽향,35421,,23903,21643,25896.13
20220531,딸기 죽향,36125,24143,,22333,25896.13
20220601,딸기 죽향,39300,26167,24226,25000,23187.3
20220602,딸기 죽향,39300,26167,22000,,23187.3
20220603,딸기 죽향,39300,26167,23000,22333,23187.3
20220604,딸기 죽향,39300,26167,19600,22333,23187.3
20220606,딸기 죽향,39300,,24000,22333,23187.3
20220607,딸기 죽향,39300,26167,,22333,23187.3
20220608,딸기 죽향,39300,26167,24000,22333,23187.3
20220609,딸기 죽향,39300,26167,24000,,23187.3
20221216,딸기 죽향,120000,,,,4077.11
20221217,딸기 죽향,120000,,,,4077.11
20221219,딸기 죽향,90000,,,,4077.11
20221220,딸기 죽향,90000,89000,,,4077.11
20221221,딸기 죽향,98250,89000,,,50045.96
20221222,딸기 죽향,98250,95000,,,50045.96
20221223,딸기 죽향,98750,95000,85000,,50045.96
20221224,딸기 죽향,98750,95000,85000,75000,50045.96
20221226,딸기 죽향,92857,,76000,75000,50045.96
20221227,딸기 죽향,92857,95000,,75000,50045.96
20221228,딸기 죽향,100000,95000,80000,77333,50045.96
20221229,딸기 죽향,100000,90000,80000,,50045.96
20221230,딸기 죽향,114067,90000,80000,75000,50045.96
20221231,딸기 죽향,107000,95000,77000,76167,50045.96
20230103,딸기 죽향,94545,87091,,79000,68216.34
20230104,딸기 죽향,97235,87091,72900,80714,68216.34
20230105,딸기 죽향,97235,95000,70000,,68216.34
20230106,딸기 죽향,102571,88667,70000,82000,68216.34
20230107,딸기 죽향,88333,98000,65000,82000,68216.34
20230109,딸기 죽향,104321,,72000,65000,68216.34
20230110,딸기 죽향,77250,90294,,89000,68216.34
20230111,딸기 죽향,106318,65000,70500,84400,66661.95
20230112,딸기 죽향,76000,95000,64167,,66661.95
20230113,딸기 죽향,115390,100000,89455,83111,66661.95
20230114,딸기 죽향,78714,96316,71000,78571,66661.95
20230116,딸기 죽향,90033,,82808,75000,66661.95
20230117,딸기 죽향,76400,93103,,85750,66661.95
20230118,딸기 죽향,93783,78571,73552,85000,66661.95
20230119,딸기 죽향,70667,95455,48286,,66661.95
20230120,딸기 죽향,139102,88667,69594,82000,66661.95
20230121,딸기 죽향,108759,91368,68000,59143,58684.05
20230125,딸기 죽향,81040,69684,68333,,58684.05
20230126,딸기 죽향,50267,88063,54875,,58684.05
20230127,딸기 죽향,94821,72091,69236,,58684.05
20230128,딸기 죽향,90540,95059,66611,53625,58684.05
20230130,딸기 죽향,102016,,69960,61667,58684.05
20230131,딸기 죽향,73357,,,60923,58684.05
20230201,딸기 죽향,108800,,71125,59115,57623.7
20230202,딸기 죽향,65786,,72313,,57623.7
20230203,딸기 죽향,93638,,75667,52457,57623.7
20230204,딸기 죽향,73364,70295,71594,59652,57623.7
20230206,딸기 죽향,72910,,72051,59391,57623.7
20230207,딸기 죽향,50480,72589,,60122,57623.7
20230208,딸기 죽향,73836,61267,71253,48548,57623.7
20230209,딸기 죽향,72565,76953,75197,,57623.7
20230210,딸기 죽향,74652,60281,76038,55265,57623.7
20230211,딸기 죽향,77811,76168,75075,55235,51485.18
20230213,딸기 죽향,70080,,,49474,51485.18
20230214,딸기 죽향,78521,71213,,52598,51485.18
20230215,딸기 죽향,90262,70752,60000,53402,51485.18
20230216,딸기 죽향,91462,67956,46785,,51485.18
20230217,딸기 죽향,85132,68202,51000,49202,51485.18
20230218,딸기 죽향,83580,64163,58431,44872,51485.18
20230220,딸기 죽향,94600,,64871,49273,51485.18
20230221,딸기 죽향,90552,65478,,47365,49294.99
20230222,딸기 죽향,80746,69417,56638,46116,49294.99
20230223,딸기 죽향,96782,71038,54466,,49294.99
20230224,딸기 죽향,83286,67467,55979,45628,49294.99
20230225,딸기 죽향,79675,72560,59000,45896,49294.99
20230227,딸기 죽향,72800,,72750,52507,49294.99
20230228,딸기 죽향,72104,65470,,50066,49294.99
20230301,딸기 죽향,73990,61590,65288,,45021.4
20230302,딸기 죽향,70638,59493,58217,46704,45021.4
20230303,딸기 죽향,72918,58640,61096,44150,45021.4
20230304,딸기 죽향,65673,57308,61762,45821,45021.4
20230306,딸기 죽향,63447,,55564,46429,45021.4
20230307,딸기 죽향,61962,48605,,44886,45021.4
20230308,딸기 죽향,62473,53143,49351,,45021.4
20230309,딸기 죽향,61569,51557,46887,45643,45021.4
20230310,딸기 죽향,65916,51063,46279,45975,45021.4
20230311,딸기 죽향,59236,52602,48943,44798,43227.94
20230313,딸기 죽향,60729,,47083,54206,43227.94
20230314,딸기 죽향,60339,53830,,54313,43227.94
20230315,딸기 죽향,68619,48527,45986,,43227.94
20230316,딸기 죽향,68568,49154,44965,44893,43227.94
20230317,딸기 죽향,64663,52476,44313,42822,43227.94
20230318,딸기 죽향,62010,53944,40394,40373,43227.94
20230320,딸기 죽향,56500,,43328,39123,43227.94
20230321,딸기 죽향,54622,67064,,38408,43273.81
20230322,딸기 죽향,50444,76525,43442,,43273.81
20230323,딸기 죽향,50310,85275,45705,37564,43273.81
20230324,딸기 죽향,53033,69603,43602,36498,43273.81
20230325,딸기 죽향,54291,60474,45065,37138,43273.81
20230327,딸기 죽향,48768,,44804,42528,43273.81
20230328,딸기 죽향,50298,57267,,47368,43273.81
20230329,딸기 죽향,47389,56145,39870,,43273.81
20230330,딸기 죽향,51248,52772,45781,47447,43273.81
20230331,딸기 죽향,54181,44401,37844,44407,43273.81
20230401,딸기 죽향,56053,46249,39273,44055,38090.48
20230403,딸기 죽향,48522,,39572,45698,38090.48
20230404,딸기 죽향,47528,47485,,45386,38090.48
20230405,딸기 죽향,44217,47355,37641,,38090.48
20230406,딸기 죽향,44205,47299,37869,42646,38090.48
20230407,딸기 죽향,46152,43560,39059,41511,38090.48
20230408,딸기 죽향,50816,47045,42884,37967,38090.48
20230410,딸기 죽향,47813,,52734,36472,38090.48
20230411,딸기 죽향,45409,43968,,36695,38936.77
20230412,딸기 죽향,48014,43896,47996,,38936.77
20230413,딸기 죽향,51752,42521,42097,35324,38936.77
20230414,딸기 죽향,53120,37568,43302,36365,38936.77
20230415,딸기 죽향,53339,39432,45940,41128,38936.77
20230417,딸기 죽향,45805,,51784,42565,38936.77
20230418,딸기 죽향,43523,43053,,41470,38936.77
20230419,딸기 죽향,44057,42327,40280,,38936.77
20230420,딸기 죽향,43706,46068,40364,37745,38936.77
20230421,딸기 죽향,41938,55733,42863,38382,41090.26
20230422,딸기 죽향,43073,59693,43346,36152,41090.26
20230424,딸기 죽향,41593,,49884,36607,41090.26
20230425,딸기 죽향,46248,48093,,45994,41090.26
20230426,딸기 죽향,50252,42433,40590,,41090.26
20230427,딸기 죽향,62500,46741,38117,41173,41090.26
20230428,딸기 죽향,74620,52724,37247,44654,41090.26
20230429,딸기 죽향,67851,60431,47017,53208,41090.26
20230501,딸기 죽향,65791,,71988,49126,45917.35
20230502,딸기 죽향,58528,53766,,53000,45917.35
20230503,딸기 죽향,67324,49101,55539,,45917.35
20230504,딸기 죽향,63182,48617,52803,37655,45917.35
20230505,딸기 죽향,65655,56395,47873,38585,45917.35
20230506,딸기 죽향,67752,61575,55316,44964,45917.35
20230508,딸기 죽향,65808,,52944,54408,45917.35
20230509,딸기 죽향,58789,49321,,56570,45917.35
20230510,딸기 죽향,56157,39561,45636,,45917.35
20230511,딸기 죽향,51431,41466,42225,48481,35645.29
20230512,딸기 죽향,55081,40407,37621,43874,35645.29
20230513,딸기 죽향,48415,39309,38277,44069,35645.29
20230515,딸기 죽향,43933,,36206,37821,35645.29
20230516,딸기 죽향,40286,36896,,44167,35645.29
20230517,딸기 죽향,41383,37159,28013,,35645.29
20230518,딸기 죽향,43500,41917,29745,32924,35645.29
20230519,딸기 죽향,41431,44050,31247,32504,35645.29
20230520,딸기 죽향,38709,41910,31852,26655,35645.29
20230522,딸기 죽향,31385,,33313,34238,28530.03
20230523,딸기 죽향,34724,33633,,36427,28530.03
20230524,딸기 죽향,30143,33554,33815,,28530.03
20230525,딸기 죽향,30143,33174,31675,30173,28530.03
20230526,딸기 죽향,33941,36000,28667,25417,28530.03
20230527,딸기 죽향,31214,35424,27607,28750,28530.03
20230529,딸기 죽향,26000,,29967,24217,28530.03
20230530,딸기 죽향,26000,35421,,23903,28530.03
20230531,딸기 죽향,26000,36125,24143,,28530.03
20230601,딸기 죽향,26000,39300,26167,24226,25207.62
20230602,딸기 죽향,26000,39300,26167,22000,25207.62
20230603,딸기 죽향,26000,39300,26167,23000,25207.62
20230605,딸기 죽향,26000,,26167,22429,25207.62
20230606,딸기 죽향,26000,39300,,24000,25207.62
20230607,딸기 죽향,26000,39300,26167,,25207.62
20230608,딸기 죽향,26000,39300,26167,24000,25207.62
20230609,딸기 죽향,26000,39300,26167,24000,25207.62
20230610,딸기 죽향,26000,,26167,24000,25207.62
20230612,딸기 죽향,26000,,26167,24000,16603.35
20230613,딸기 죽향,26000,,,24000,16603.35
20230614,딸기 죽향,26000,,,,16603.35
20230615,딸기 죽향,26000,,,24000,16603.35
20231212,딸기 죽향,133000,,,,15040.83
20231213,딸기 죽향,133000,,,,15040.83
20231214,딸기 죽향,133000,,,,15040.83
20231215,딸기 죽향,108000,,,,15040.83
20231216,딸기 죽향,108000,120000,,,15040.83
20231218,딸기 죽향,108000,,85000,,15040.83
20231219,딸기 죽향,108000,90000,,,15040.83
20231220,딸기 죽향,108000,90000,89000,,15040.83
20231221,딸기 죽향,108000,98250,89000,,66353.06
20231222,딸기 죽향,155000,98250,95000,,66353.06
20231223,딸기 죽향,155000,98750,95000,85000,66353.06
20231225,딸기 죽향,168000,,101000,76000,66353.06
20231226,딸기 죽향,168000,92857,,76000,66353.06
20231227,딸기 죽향,130000,92857,95000,,66353.06
20231228,딸기 죽향,130000,100000,95000,80000,66353.06
20231229,딸기 죽향,150833,100000,90000,80000,66353.06
20231230,딸기 죽향,149500,114067,90000,80000,66353.06
20240103,딸기 죽향,129818,94545,87091,,76410.68
20240104,딸기 죽향,80000,97235,87091,72900,76410.68
20240105,딸기 죽향,99600,97235,95000,70000,76410.68
20240106,딸기 죽향,60000,102571,88667,70000,76410.68
20240108,딸기 죽향,110893,,86500,80750,76410.68
20240109,딸기 죽향,65538,104321,,72000,76410.68
20240110,딸기 죽향,86083,77250,90294,,76410.68
20240111,딸기 죽향,80000,106318,65000,70500,76102.17
20240112,딸기 죽향,141417,76000,95000,64167,76102.17
20240113,딸기 죽향,90150,115390,100000,89455,76102.17
20240115,딸기 죽향,116763,,96679,88067,76102.17
20240116,딸기 죽향,85524,90033,,82808,76102.17
20240117,딸기 죽향,129458,76400,93103,,76102.17
20240118,딸기 죽향,72000,93783,78571,73552,76102.17
20240119,딸기 죽향,117646,70667,95455,48286,76102.17
20240120,딸기 죽향,82520,139102,88667,69594,76102.17
20240122,딸기 죽향,115581,,89146,65075,65588.96
20240123,딸기 죽향,107105,,,60568,65588.96
20240124,딸기 죽향,108690,,90778,,65588.96
20240125,딸기 죽향,83000,81040,69684,68333,65588.96
20240126,딸기 죽향,109000,50267,88063,54875,65588.96
20240127,딸기 죽향,85750,94821,72091,69236,65588.96
20240129,딸기 죽향,109169,,88000,65395,65588.96
20240130,딸기 죽향,78560,102016,,69960,65588.96
20240131,딸기 죽향,120892,73357,,,65588.96
20240201,딸기 죽향,83417,108800,,71125,64469.71
20240202,딸기 죽향,128493,65786,,72313,64469.71
20240203,딸기 죽향,123500,93638,,75667,64469.71
20240205,딸기 죽향,125070,,69636,78247,64469.71
20240206,딸기 죽향,72500,72910,,72051,64469.71
20240207,딸기 죽향,138400,50480,72589,,64469.71
20240208,딸기 죽향,179692,73836,61267,71253,64469.71
20240209,딸기 죽향,105551,72565,76953,75197,64469.71
20240213,딸기 죽향,89908,70080,,,58836.17
20240214,딸기 죽향,85288,78521,71213,,58836.17
20240215,딸기 죽향,92585,90262,70752,60000,58836.17
20240216,딸기 죽향,90025,91462,67956,46785,58836.17
20240217,딸기 죽향,81435,85132,68202,51000,58836.17
20240219,딸기 죽향,90475,,76315,60085,58836.17
20240220,딸기 죽향,83582,94600,,64871,58836.17
20240221,딸기 죽향,80741,90552,65478,,57046.69
20240222,딸기 죽향,51167,80746,69417,56638,57046.69
20240223,딸기 죽향,96246,96782,71038,54466,57046.69
20240224,딸기 죽향,128905,83286,67467,55979,57046.69
20240226,딸기 죽향,120284,,67127,64179,57046.69
20240227,딸기 죽향,106800,72800,,72750,57046.69
20240228,딸기 죽향,93724,72104,65470,,57046.69
20240229,딸기 죽향,103080,,,,57046.69
20240301,딸기 죽향,99372,73990,61590,65288,51093.9
20240302,딸기 죽향,99372,70638,59493,58217,51093.9
20240304,딸기 죽향,97927,65673,57308,61762,51093.9
20240305,딸기 죽향,97059,,59407,64351,51093.9
20240306,딸기 죽향,98854,63447,,55564,51093.9
20240307,딸기 죽향,101158,61962,48605,,51093.9
20240308,딸기 죽향,101411,62473,53143,49351,51093.9
20240309,딸기 죽향,84453,61569,51557,46887,51093.9
20240311,딸기 죽향,83631,59236,52602,48943,48039.19
20240312,딸기 죽향,73044,,56509,47953,48039.19
20240313,딸기 죽향,88227,60729,,47083,48039.19
20240314,딸기 죽향,103833,60339,53830,,48039.19
20240315,딸기 죽향,96628,68619,48527,45986,48039.19
20240316,딸기 죽향,81320,68568,49154,44965,48039.19
20240318,딸기 죽향,67955,62010,53944,40394,48039.19
20240319,딸기 죽향,63742,,60856,42259,48039.19
20240320,딸기 죽향,61734,56500,,43328,48039.19
20240321,딸기 죽향,65292,54622,67064,,46408.96
20240322,딸기 죽향,60948,50444,76525,43442,46408.96
20240323,딸기 죽향,60456,50310,85275,45705,46408.96
20240325,딸기 죽향,53793,54291,60474,45065,46408.96
20240326,딸기 죽향,52824,,63022,45599,46408.96
20240327,딸기 죽향,58392,48768,,44804,46408.96
20240328,딸기 죽향,66842,50298,57267,,46408.96
20240329,딸기 죽향,68799,47389,56145,39870,46408.96
20240330,딸기 죽향,71888,51248,52772,45781,46408.96
20240401,딸기 죽향,66462,56053,46249,39273,41244.83
20240402,딸기 죽향,61058,,45408,39498,41244.83
20240403,딸기 죽향,58447,48522,,39572,41244.83
20240404,딸기 죽향,61262,47528,47485,,41244.83
20240405,딸기 죽향,55308,44217,47355,37641,41244.83
20240406,딸기 죽향,60913,44205,47299,37869,41244.83
20240408,딸기 죽향,51631,50816,47045,42884,41244.83
20240409,딸기 죽향,51563,,44441,43625,41244.83
20240410,딸기 죽향,46103,47813,,52734,41244.83
20240411,딸기 죽향,50716,45409,43968,,41610.18
20240412,딸기 죽향,52881,48014,43896,47996,41610.18
20240413,딸기 죽향,58175,51752,42521,42097,41610.18
20240415,딸기 죽향,47806,53339,39432,45940,41610.18
20240416,딸기 죽향,49905,,49146,48502,41610.18
20240417,딸기 죽향,50633,45805,,51784,41610.18
20240418,딸기 죽향,47933,43523,43053,,41610.18
20240419,딸기 죽향,53202,44057,42327,40280,41610.18
20240420,딸기 죽향,53322,43706,46068,40364,41610.18
20240422,딸기 죽향,51182,43073,59693,43346,44122.48
20240423,딸기 죽향,55922,,64696,43353,44122.48
20240424,딸기 죽향,60000,41593,,49884,44122.48
20240425,딸기 죽향,64908,46248,48093,,44122.48
20240426,딸기 죽향,69476,50252,42433,40590,44122.48
20240427,딸기 죽향,66283,62500,46741,38117,44122.48
20240429,딸기 죽향,50129,67851,60431,47017,44122.48
20240430,딸기 죽향,47527,,69469,53044,44122.48
20240501,딸기 죽향,53663,65791,,71988,50795.85
20240502,딸기 죽향,55559,58528,53766,,50795.85
20240503,딸기 죽향,57550,67324,49101,55539,50795.85
20240504,딸기 죽향,66190,63182,48617,52803,50795.85
20240506,딸기 죽향,49979,67752,61575,55316,50795.85
20240507,딸기 죽향,45430,,60837,58128,50795.85
20240508,딸기 죽향,64122,65808,,52944,50795.85
20240509,딸기 죽향,65714,58789,49321,,50795.85
20240510,딸기 죽향,66882,56157,39561,45636,50795.85
20240511,딸기 죽향,59897,51431,41466,42225,38839.3
20240513,딸기 죽향,48165,48415,39309,38277,38839.3
20240514,딸기 죽향,44701,,38195,37119,38839.3
20240515,딸기 죽향,54850,43933,,36206,38839.3
20240516,딸기 죽향,55911,40286,36896,,38839.3
20240517,딸기 죽향,58042,41383,37159,28013,38839.3
20240518,딸기 죽향,45082,43500,41917,29745,38839.3
20240520,딸기 죽향,36333,38709,41910,31852,38839.3
20240521,딸기 죽향,37581,,42535,33107,29742.37
20240522,딸기 죽향,36321,31385,,33313,29742.37
20240523,딸기 죽향,36409,34724,33633,,29742.37
20240524,딸기 죽향,30429,30143,33554,33815,29742.37
20240525,딸기 죽향,29792,30143,33174,31675,29742.37
20240527,딸기 죽향,28000,31214,35424,27607,29742.37
20240528,딸기 죽향,28000,,38720,28179,29742.37
20240529,딸기 죽향,19000,26000,,29967,29742.37
20240530,딸기 죽향,19000,26000,35421,,29742.37
20240531,딸기 죽향,19000,26000,36125,24143,29742.37
20240601,딸기 죽향,19000,26000,39300,26167,25552.08
20241220,딸기 죽향,105000,108000,90000,89000,38480.56
20241221,딸기 죽향,105000,108000,98250,89000,92019.53
20241223,딸기 죽향,150200,155000,98750,95000,92019.53
20241224,딸기 죽향,150200,,98750,95000,92019.53
20241225,딸기 죽향,111000,168000,,101000,92019.53
20241226,딸기 죽향,109000,168000,92857,,92019.53
20241227,딸기 죽향,123889,130000,92857,95000,92019.53
20241228,딸기 죽향,123889,130000,100000,95000,92019.53
20241230,딸기 죽향,119875,149500,114067,90000,92019.53
20241231,딸기 죽향,106000,,107000,95000,92019.53
20250102,딸기 죽향,106000,,,,86185.08
20250103,딸기 죽향,111556,129818,94545,87091,86185.08
20250104,딸기 죽향,99412,80000,97235,87091,86185.08
20250106,딸기 죽향,102800,60000,102571,88667,86185.08
20250107,딸기 죽향,60000,,88333,98000,86185.08
20250108,딸기 죽향,97818,110893,,86500,86185.08
20250109,딸기 죽향,64857,65538,104321,,86185.08
20250110,딸기 죽향,120000,86083,77250,90294,86185.08
20250111,딸기 죽향,107100,80000,106318,65000,88010.55
20250113,딸기 죽향,133947,90150,115390,100000,88010.55
20250114,딸기 죽향,76727,,78714,96316,88010.55
20250115,딸기 죽향,126176,116763,,96679,88010.55
20250116,딸기 죽향,78000,85524,90033,,88010.55
20250117,딸기 죽향,121267,129458,76400,93103,88010.55
20250118,딸기 죽향,91176,72000,93783,78571,88010.55
20250120,딸기 죽향,122462,82520,139102,88667,88010.55
20250121,딸기 죽향,70000,,108759,91368,77631.57
20250122,딸기 죽향,106968,115581,,89146,77631.57
20250123,딸기 죽향,76706,107105,,,77631.57
20250124,딸기 죽향,127860,108690,,90778,77631.57
20250125,딸기 죽향,97800,83000,81040,69684,77631.57
20250127,딸기 죽향,94500,85750,94821,72091,77631.57
20250128,딸기 죽향,81660,,90540,95059,77631.57
20250201,딸기 죽향,80296,83417,108800,,77425.5
20250203,딸기 죽향,88463,123500,93638,,77425.5
20250204,딸기 죽향,62000,,73364,70295,77425.5
20250205,딸기 죽향,104060,125070,,69636,77425.5
20250206,딸기 죽향,61375,72500,72910,,77425.5
20250207,딸기 죽향,110429,138400,50480,72589,77425.5
20250208,딸기 죽향,104804,179692,73836,61267,77425.5
20250210,딸기 죽향,120515,,74652,60281,77425.5
20250211,딸기 죽향,126130,,77811,76168,68821.07
20250213,딸기 죽향,72593,89908,70080,,68821.07
20250214,딸기 죽향,114366,85288,78521,71213,68821.07
20250215,딸기 죽향,91377,92585,90262,70752,68821.07
20250217,딸기 죽향,100226,81435,85132,68202,68821.07
20250218,딸기 죽향,64031,,83580,64163,68821.07
20250219,딸기 죽향,81854,90475,,76315,68821.07
20250220,딸기 죽향,46898,83582,94600,,68821.07
20250221,딸기 죽향,84315,80741,90552,65478,68060.67
20250222,딸기 죽향,80200,51167,80746,69417,68060.67
20250224,딸기 죽향,86435,128905,83286,67467,68060.67
20250225,딸기 죽향,86630,,79675,72560,68060.67
20250226,딸기 죽향,95082,120284,,67127,68060.67
20250227,딸기 죽향,93044,106800,72800,,68060.67
20250228,딸기 죽향,92694,93724,72104,65470,68060.67
20250301,딸기 죽향,87596,99372,73990,61590,61284.27
20250303,딸기 죽향,84441,,72918,58640,61284.27
20250304,딸기 죽향,82421,97927,65673,57308,61284.27
20250306,딸기 죽향,81144,98854,63447,,61284.27
20250307,딸기 죽향,85809,101158,61962,48605,61284.27
20250308,딸기 죽향,84793,101411,62473,53143,61284.27
20250310,딸기 죽향,81728,,65916,51063,61284.27
20250311,딸기 죽향,77407,83631,59236,52602,56084.49
20250312,딸기 죽향,89595,73044,,56509,56084.49
20250313,딸기 죽향,80000,88227,60729,,56084.49
20250314,딸기 죽향,83344,103833,60339,53830,56084.49
20250315,딸기 죽향,85563,96628,68619,48527,56084.49
20250317,딸기 죽향,75202,,64663,52476,56084.49
20250318,딸기 죽향,79670,67955,62010,53944,56084.49
20250319,딸기 죽향,89175,63742,,60856,56084.49
20250320,딸기 죽향,72866,61734,56500,,56084.49
20250321,딸기 죽향,84683,65292,54622,67064,51665.16
20250322,딸기 죽향,82034,60948,50444,76525,51665.16
20250324,딸기 죽향,67012,,53033,69603,51665.16
20250325,딸기 죽향,61453,53793,54291,60474,51665.16
20250326,딸기 죽향,62550,52824,,63022,51665.16
20250327,딸기 죽향,59462,58392,48768,,51665.16
20250328,딸기 죽향,60909,66842,50298,57267,51665.16
20250329,딸기 죽향,70385,68799,47389,56145,51665.16
20250331,딸기 죽향,66235,,54181,44401,51665.16
20250401,딸기 죽향,60800,66462,56053,46249,46934.16
20250402,딸기 죽향,67441,61058,,45408,46934.16
20250403,딸기 죽향,63972,58447,48522,,46934.16
20250404,딸기 죽향,75955,61262,47528,47485,46934.16
20250405,딸기 죽향,89473,55308,44217,47355,46934.16
20250407,딸기 죽향,77491,,46152,43560,46934.16
20250408,딸기 죽향,72306,51631,50816,47045,46934.16
20250409,딸기 죽향,64567,51563,,44441,46934.16
20250410,딸기 죽향,63827,46103,47813,,46934.16
20250411,딸기 죽향,62770,50716,45409,43968,45424.25
20250412,딸기 죽향,55743,52881,48014,43896,45424.25
20250414,딸기 죽향,45981,,53120,37568,45424.25
20250415,딸기 죽향,54472,47806,53339,39432,45424.25
20250416,딸기 죽향,53692,49905,,49146,45424.25
20250417,딸기 죽향,65281,50633,45805,,45424.25
20250418,딸기 죽향,60829,47933,43523,43053,45424.25
20250419,딸기 죽향,64233,53202,44057,42327,45424.25
20250421,딸기 죽향,44239,,41938,55733,49183.01
20250422,딸기 죽향,34615,51182,43073,59693,49183.01
20250423,딸기 죽향,40545,55922,,64696,49183.01
20250424,딸기 죽향,47234,60000,41593,,49183.01
20250425,딸기 죽향,54318,64908,46248,48093,49183.01
20250426,딸기 죽향,70503,69476,50252,42433,49183.01
20250428,딸기 죽향,60305,,74620,52724,49183.01
20250429,딸기 죽향,56226,50129,67851,60431,49183.01
20250430,딸기 죽향,60361,47527,,69469,49183.01
20250501,딸기 죽향,60406,53663,65791,,54726.48
20250502,딸기 죽향,59874,55559,58528,53766,54726.48
20250503,딸기 죽향,69533,57550,67324,49101,54726.48
20250505,딸기 죽향,59374,,65655,56395,54726.48
20250506,딸기 죽향,58426,49979,67752,61575,54726.48
20250507,딸기 죽향,67419,45430,,60837,54726.48
20250508,딸기 죽향,72762,64122,65808,,54726.48
20250509,딸기 죽향,76500,65714,58789,49321,54726.48
20250510,딸기 죽향,65580,66882,56157,39561,54726.48
20250512,딸기 죽향,63711,,55081,40407,42286.88
20250513,딸기 죽향,54956,48165,48415,39309,42286.88
20250514,딸기 죽향,54239,44701,,38195,42286.88
20250515,딸기 죽향,51726,54850,43933,,42286.88
20250516,딸기 죽향,48500,55911,40286,36896,42286.88
20250517,딸기 죽향,51659,58042,41383,37159,42286.88
20250519,딸기 죽향,35679,,41431,44050,42286.88
20250520,딸기 죽향,38391,36333,38709,41910,42286.88
20250521,딸기 죽향,52190,37581,,42535,31313.8
20250522,딸기 죽향,45800,36321,31385,,31313.8
20250523,딸기 죽향,43596,36409,34724,33633,31313.8
20250524,딸기 죽향,47850,30429,30143,33554,31313.8
20250526,딸기 죽향,26257,,33941,36000,31313.8
20250527,딸기 죽향,24150,28000,31214,35424,31313.8
20250528,딸기 죽향,28000,28000,,38720,31313.8
20250529,딸기 죽향,28000,19000,26000,,31313.8
20250530,딸기 죽향,25000,19000,26000,35421,31313.8
20250531,딸기 죽향,30000,19000,26000,36125,31313.8
20250602,딸기 죽향,30000,,26000,39300,22518.22
20250603,딸기 죽향,30000,,26000,39300,22518.22
20250604,딸기 죽향,30000,,,39300,22518.22
20250605,딸기 죽향,30000,,26000,,22518.22
20250606,딸기 죽향,30000,,26000,39300,22518.22
20250607,딸기 죽향,30000,,26000,39300,22518.22
20251202,딸기 죽향,150000,,,,0
20251203,딸기 죽향,150000,,,,0
20251204,딸기 죽향,150000,,,,0
20251205,딸기 죽향,150000,,,,0
20251206,딸기 죽향,150000,,,,0
20251208,딸기 죽향,150000,,,,0
20251209,딸기 죽향,150000,,,,0
20251210,딸기 죽향,150000,,,,0
20251211,딸기 죽향,150000,,,,42598.14
20251212,딸기 죽향,182500,,133000,,42598.14
20251215,딸기 죽향,155000,,108000,,42598.14
20251216,딸기 죽향,155000,,108000,120000,42598.14
20251217,딸기 죽향,102500,,,120000,42598.14
20251218,딸기 죽향,102500,,108000,,42598.14
20251219,딸기 죽향,125000,,108000,90000,42598.14
20251220,딸기 죽향,125000,105000,108000,90000,42598.14
20251222,딸기 죽향,136000,,155000,98250,104948.7
20251223,딸기 죽향,103800,150200,155000,98750,104948.7
20251224,딸기 죽향,150200,150200,,98750,104948.7
20251225,딸기 죽향,150200,111000,168000,,104948.7
20251226,딸기 죽향,125000,109000,168000,92857,104948.7
20251227,딸기 죽향,155000,123889,130000,92857,104948.7
20251229,딸기 죽향,149286,,150833,100000,104948.7
20251230,딸기 죽향,113000,119875,149500,114067,104948.7
20251231,딸기 죽향,125556,106000,,107000,104948.7
20260103,딸기 죽향,151500,111556,129818,94545,89185.74
20260105,딸기 죽향,147455,,99600,97235,89185.74
20260106,딸기 죽향,96444,102800,60000,102571,89185.74
20260107,딸기 죽향,141000,60000,,88333,89185.74
20260108,딸기 죽향,108571,97818,110893,,89185.74
20260109,딸기 죽향,138733,64857,65538,104321,89185.74
20260110,딸기 죽향,98800,120000,86083,77250,89185.74
20260112,딸기 죽향,111130,,141417,76000,92675.02
20260113,딸기 죽향,95000,133947,90150,115390,92675.02
20260114,딸기 죽향,112250,76727,,78714,92675.02
20260115,딸기 죽향,87286,126176,116763,,92675.02
20260116,딸기 죽향,106757,78000,85524,90033,92675.02
20260117,딸기 죽향,100471,121267,129458,76400,92675.02
20260119,딸기 죽향,105078,,117646,70667,92675.02
20260120,딸기 죽향,80333,122462,82520,139102,92675.02
20260121,딸기 죽향,100818,70000,,108759,84238
20260122,딸기 죽향,79714,106968,115581,,84238
20260123,딸기 죽향,117227,76706,107105,,84238
20260124,딸기 죽향,105000,127860,108690,,84238
20260126,딸기 죽향,120017,,109000,50267,84238
20260127,딸기 죽향,84250,94500,85750,94821,84238
20260128,딸기 죽향,124216,81660,,90540,84238
20260129,딸기 죽향,105000,,109169,,84238
20260130,딸기 죽향,124293,,78560,102016,84238
20260131,딸기 죽향,105000,,120892,73357,84238
20260202,딸기 죽향,110400,,128493,65786,84503.46
20260203,딸기 죽향,83154,88463,123500,93638,84503.46
20260204,딸기 죽향,124362,62000,,73364,84503.46
20260205,딸기 죽향,75000,104060,125070,,84503.46
20260206,딸기 죽향,119500,61375,72500,72910,84503.46
20260207,딸기 죽향,137163,110429,138400,50480,84503.46
20260209,딸기 죽향,91966,,105551,72565,84503.46
20260210,딸기 죽향,86714,120515,,74652,84503.46
20260211,딸기 죽향,94959,126130,,77811,76443.91
20260212,딸기 죽향,65304,,,,76443.91
20260213,딸기 죽향,125408,72593,89908,70080,76443.91
20260214,딸기 죽향,141432,114366,85288,78521,76443.91
20260216,딸기 죽향,73564,,90025,91462,76443.91
20260220,딸기 죽향,84586,46898,83582,94600,76443.91
20260221,딸기 죽향,78195,84315,80741,90552,77737.28
20260223,딸기 죽향,82170,,96246,96782,77737.28
20260224,딸기 죽향,80975,86435,128905,83286,77737.28
20260225,딸기 죽향,86890,86630,,79675,77737.28
20260226,딸기 죽향,91727,95082,120284,,77737.28
20260227,딸기 죽향,89881,93044,106800,72800,77737.28
20260228,딸기 죽향,75400,92694,93724,72104,77737.28
20260302,딸기 죽향,71559,,99372,70638,68629.87
20260303,딸기 죽향,71825,84441,,72918,68629.87
20260304,딸기 죽향,72922,82421,97927,65673,68629.87
20260305,딸기 죽향,74849,,97059,,68629.87
20260306,딸기 죽향,88914,81144,98854,63447,68629.87
20260309,딸기 죽향,76709,,84453,61569,68629.87
20260310,딸기 죽향,78634,81728,,65916,68629.87
20260311,딸기 죽향,85500,77407,83631,59236,63075.59
20260312,딸기 죽향,85838,89595,73044,,63075.59
20260313,딸기 죽향,86525,80000,88227,60729,63075.59
20260314,딸기 죽향,72296,83344,103833,60339,63075.59
20260316,딸기 죽향,72381,,81320,68568,63075.59
20260317,딸기 죽향,67929,75202,,64663,63075.59
20260318,딸기 죽향,66633,79670,67955,62010,63075.59
20260319,딸기 죽향,71879,89175,63742,,63075.59
20260320,딸기 죽향,78447,72866,61734,56500,63075.59
20260321,딸기 죽향,68837,84683,65292,54622,57450.53
20260323,딸기 죽향,73561,,60456,50310,57450.53
20260324,딸기 죽향,62213,67012,,53033,57450.53
20260325,딸기 죽향,62117,61453,53793,54291,57450.53
20260326,딸기 죽향,65509,62550,52824,,57450.53
20260327,딸기 죽향,65169,59462,58392,48768,57450.53
20260328,딸기 죽향,69300,60909,66842,50298,57450.53
20260330,딸기 죽향,57733,,71888,51248,57450.53
20260331,딸기 죽향,57719,66235,,54181,57450.53
20260401,딸기 죽향,61836,60800,66462,56053,52473.7
20260402,딸기 죽향,63392,67441,61058,,52473.7
20260403,딸기 죽향,63855,63972,58447,48522,52473.7
20260406,딸기 죽향,53305,,60913,44205,52473.7
20260407,딸기 죽향,46609,77491,,46152,52473.7
20260408,딸기 죽향,44183,72306,51631,50816,52473.7
20260409,딸기 죽향,54803,64567,51563,,52473.7
20260410,딸기 죽향,53312,63827,46103,47813,52473.7
20260411,딸기 죽향,59561,62770,50716,45409,49157.85
20260413,딸기 죽향,48838,,58175,51752,49157.85
20260414,딸기 죽향,50139,45981,,53120,49157.85
20260415,딸기 죽향,50431,54472,47806,53339,49157.85
20260416,딸기 죽향,49848,53692,49905,,49157.85
20260417,딸기 죽향,50092,65281,50633,45805,49157.85
20260418,딸기 죽향,58597,60829,47933,43523,49157.85
20260420,딸기 죽향,44101,,53322,43706,49157.85
20260421,딸기 죽향,44862,44239,,41938,51134.24
20260422,딸기 죽향,52322,34615,51182,43073,51134.24
20260423,딸기 죽향,51742,40545,55922,,51134.24
20260424,딸기 죽향,51414,47234,60000,41593,51134.24
20260425,딸기 죽향,58738,54318,64908,46248,51134.24
20260427,딸기 죽향,48903,,66283,62500,51134.24
20260428,딸기 죽향,44445,60305,,74620,51134.24
20260429,딸기 죽향,50426,56226,50129,67851,51134.24
20260430,딸기 죽향,51278,60361,47527,,51134.24
20260501,딸기 죽향,54985,60406,53663,65791,59208.85
20260502,딸기 죽향,73713,59874,55559,58528,59208.85
20260504,딸기 죽향,53099,,66190,63182,59208.85
20260505,딸기 죽향,53045,59374,,65655,59208.85
20260506,딸기 죽향,61471,58426,49979,67752,59208.85
20260507,딸기 죽향,65294,67419,45430,,59208.85
20260508,딸기 죽향,65664,72762,64122,65808,59208.85
20260509,딸기 죽향,68018,76500,65714,58789,59208.85
20260511,딸기 죽향,53535,,59897,51431,44758.54
20260512,딸기 죽향,52966,63711,,55081,44758.54
20260513,딸기 죽향,55354,54956,48165,48415,44758.54
20260514,딸기 죽향,60177,54239,44701,,44758.54
20260515,딸기 죽향,52892,51726,54850,43933,44758.54
20260516,딸기 죽향,54585,48500,55911,40286,44758.54
20260518,딸기 죽향,42161,,45082,43500,44758.54
20260519,딸기 죽향,45716,35679,,41431,44758.54
20260520,딸기 죽향,40872,38391,36333,38709,44758.54
20260521,딸기 죽향,54704,52190,37581,,33757.68
20260522,딸기 죽향,49119,45800,36321,31385,33757.68
20260523,딸기 죽향,46920,43596,36409,34724,33757.68
20260525,딸기 죽향,35400,,29792,30143,33757.68
20260526,딸기 죽향,35400,26257,,33941,33757.68
20260527,딸기 죽향,23000,24150,28000,31214,33757.68
20260528,딸기 죽향,23000,28000,28000,,33757.68
20240307,딸기 킹스베리,37333,,,,
20240308,딸기 킹스베리,37333,,,,
20240309,딸기 킹스베리,42000,,,,
20240311,딸기 킹스베리,30714,,,,
20240312,딸기 킹스베리,30714,,,,
20240313,딸기 킹스베리,30714,,,,
20240315,딸기 킹스베리,30000,,,,
20240316,딸기 킹스베리,30000,,,,
20240319,딸기 킹스베리,34000,,,,
20240320,딸기 킹스베리,34000,,,,
20240321,딸기 킹스베리,29500,,,,
20240322,딸기 킹스베리,28000,,,,
20240323,딸기 킹스베리,28000,,,,
20240325,딸기 킹스베리,32000,,,,
20240326,딸기 킹스베리,24000,,,,
20240327,딸기 킹스베리,24000,,,,
20240329,딸기 킹스베리,25000,,,,
20240330,딸기 킹스베리,25000,,,,
20240401,딸기 킹스베리,27000,,,,
20240402,딸기 킹스베리,27000,,,,
20240405,딸기 킹스베리,25000,,,,
20240406,딸기 킹스베리,24000,,,,
20240408,딸기 킹스베리,24000,,,,
20240410,딸기 킹스베리,23000,,,,
20240411,딸기 킹스베리,23000,,,,
20240415,딸기 킹스베리,27200,,,,
20240416,딸기 킹스베리,21571,,,,
20240417,딸기 킹스베리,21571,,,,
20240419,딸기 킹스베리,27300,,,,
20240420,딸기 킹스베리,27300,,,,
20240422,딸기 킹스베리,27300,,,,
20240424,딸기 킹스베리,21375,,,,
20240427,딸기 킹스베리,19000,,,,
20240501,딸기 킹스베리,16609,,,,
20240502,딸기 킹스베리,16609,,,,
20241206,딸기 킹스베리,46667,,,,
20241207,딸기 킹스베리,46667,,,,
20241209,딸기 킹스베리,40000,,,,
20241210,딸기 킹스베리,40000,,,,
20241211,딸기 킹스베리,40000,,,,
20241212,딸기 킹스베리,40000,,,,
20241213,딸기 킹스베리,41000,,,,
20241214,딸기 킹스베리,41000,,,,
20241216,딸기 킹스베리,45800,,,,
20241217,딸기 킹스베리,45800,,,,
20241218,딸기 킹스베리,45800,,,,
20241219,딸기 킹스베리,45800,,,,
20241220,딸기 킹스베리,44000,,,,
20241221,딸기 킹스베리,44000,,,,
20241223,딸기 킹스베리,49083,,,,
20241224,딸기 킹스베리,49083,,,,
20241225,딸기 킹스베리,49083,,,,
20241226,딸기 킹스베리,49083,,,,
20241227,딸기 킹스베리,54667,,,,
20241228,딸기 킹스베리,38000,,,,
20241230,딸기 킹스베리,52000,,,,
20241231,딸기 킹스베리,49778,,,,
20250102,딸기 킹스베리,49778,,,,
20250103,딸기 킹스베리,52083,,,,
20250104,딸기 킹스베리,52083,,,,
20250106,딸기 킹스베리,48125,,,,
20250107,딸기 킹스베리,48125,,,,
20250108,딸기 킹스베리,48125,,,,
20250109,딸기 킹스베리,48125,,,,
20250110,딸기 킹스베리,41000,,,,
20250111,딸기 킹스베리,41000,,,,
20250113,딸기 킹스베리,44000,,,,
20250114,딸기 킹스베리,44000,,,,
20250115,딸기 킹스베리,44000,,,,
20250116,딸기 킹스베리,44000,,,,
20250117,딸기 킹스베리,44500,,,,
20250118,딸기 킹스베리,44500,,,,
20250120,딸기 킹스베리,46000,,,,
20250121,딸기 킹스베리,46000,,,,
20250122,딸기 킹스베리,41000,,,,
20250123,딸기 킹스베리,41000,,,,
20250124,딸기 킹스베리,35833,,,,
20250125,딸기 킹스베리,44000,,,,
20250127,딸기 킹스베리,38000,,,,
20250128,딸기 킹스베리,36875,,,,
20250201,딸기 킹스베리,31000,,,,
20250203,딸기 킹스베리,38000,,,,
20250204,딸기 킹스베리,38000,,,,
20250205,딸기 킹스베리,38000,,,,
20250206,딸기 킹스베리,38000,,,,
20250207,딸기 킹스베리,39000,,,,
20250208,딸기 킹스베리,43000,,,,
20250210,딸기 킹스베리,27500,,,,
20250211,딸기 킹스베리,40000,,,,
20250213,딸기 킹스베리,40000,,,,
20250214,딸기 킹스베리,40000,,,,
20250215,딸기 킹스베리,42333,,,,
20250217,딸기 킹스베리,40000,,,,
20250218,딸기 킹스베리,35000,,,,
20250219,딸기 킹스베리,35000,,,,
20250220,딸기 킹스베리,35000,,,,
20250221,딸기 킹스베리,38000,,,,
20250222,딸기 킹스베리,36000,,,,
20250224,딸기 킹스베리,36000,,,,
20250225,딸기 킹스베리,27000,,,,
20250226,딸기 킹스베리,27000,,,,
20250227,딸기 킹스베리,27000,,,,
20250228,딸기 킹스베리,27000,,,,
20250301,딸기 킹스베리,33333,,,,
20250303,딸기 킹스베리,37500,,,,
20250304,딸기 킹스베리,39750,,,,
20250306,딸기 킹스베리,36071,,,,
20250307,딸기 킹스베리,35625,37333,,,
20250308,딸기 킹스베리,35909,37333,,,
20250310,딸기 킹스베리,26471,,,,
20250311,딸기 킹스베리,32000,30714,,,
20250312,딸기 킹스베리,32000,30714,,,
20250313,딸기 킹스베리,27400,30714,,,
20250314,딸기 킹스베리,27636,,,,
20250315,딸기 킹스베리,33875,30000,,,
20250317,딸기 킹스베리,28250,,,,
20250318,딸기 킹스베리,25000,,,,
20250319,딸기 킹스베리,22071,34000,,,
20250320,딸기 킹스베리,34000,34000,,,
20250321,딸기 킹스베리,28571,29500,,,
20250322,딸기 킹스베리,36111,28000,,,
20250324,딸기 킹스베리,31526,,,,
20250325,딸기 킹스베리,28688,32000,,,
20250326,딸기 킹스베리,22158,24000,,,
20250327,딸기 킹스베리,30333,24000,,,
20250328,딸기 킹스베리,28333,,,,
20250329,딸기 킹스베리,41250,25000,,,
20250331,딸기 킹스베리,36000,,,,
20250401,딸기 킹스베리,40000,27000,,,
20250402,딸기 킹스베리,28000,27000,,,
20250403,딸기 킹스베리,37667,,,,
20250404,딸기 킹스베리,40000,,,,
20250405,딸기 킹스베리,41200,25000,,,
20250407,딸기 킹스베리,35500,,,,
20250408,딸기 킹스베리,40765,24000,,,
20250409,딸기 킹스베리,38000,,,,
20250410,딸기 킹스베리,38000,23000,,,
20250411,딸기 킹스베리,31200,23000,,,
20250412,딸기 킹스베리,31143,,,,
20250414,딸기 킹스베리,27400,,,,
20250415,딸기 킹스베리,36400,27200,,,
20250416,딸기 킹스베리,36875,21571,,,
20250417,딸기 킹스베리,25625,21571,,,
20250418,딸기 킹스베리,31556,,,,
20250419,딸기 킹스베리,31417,27300,,,
20250421,딸기 킹스베리,35000,,,,
20250422,딸기 킹스베리,28182,27300,,,
20250423,딸기 킹스베리,23800,,,,
20250424,딸기 킹스베리,32000,21375,,,
20250425,딸기 킹스베리,25091,,,,
20250426,딸기 킹스베리,33000,,,,
20250428,딸기 킹스베리,32900,,,,
20250429,딸기 킹스베리,25000,,,,
20250430,딸기 킹스베리,22500,,,,
20250501,딸기 킹스베리,27800,16609,,,
20250502,딸기 킹스베리,28000,16609,,,
20250503,딸기 킹스베리,27667,,,,
20250505,딸기 킹스베리,28000,,,,
20250506,딸기 킹스베리,26000,,,,
20250507,딸기 킹스베리,26000,,,,
20250508,딸기 킹스베리,26000,,,,
20250509,딸기 킹스베리,25400,,,,
20250510,딸기 킹스베리,25800,,,,
20250512,딸기 킹스베리,22500,,,,
20250513,딸기 킹스베리,22500,,,,
20250514,딸기 킹스베리,28000,,,,
20250515,딸기 킹스베리,28000,,,,
20250516,딸기 킹스베리,20500,,,,
20250517,딸기 킹스베리,20500,,,,
20250519,딸기 킹스베리,20000,,,,
20250520,딸기 킹스베리,20000,,,,
20250521,딸기 킹스베리,20000,,,,
20250522,딸기 킹스베리,20000,,,,
20250523,딸기 킹스베리,20000,,,,
20250524,딸기 킹스베리,20000,,,,
20250526,딸기 킹스베리,20000,,,,
20250527,딸기 킹스베리,20000,,,,
20250528,딸기 킹스베리,20000,,,,
20250529,딸기 킹스베리,20000,,,,
20250530,딸기 킹스베리,20000,,,,
20250531,딸기 킹스베리,20000,,,,
20250602,딸기 킹스베리,20000,,,,
20250603,딸기 킹스베리,20000,,,,
20251121,딸기 킹스베리,75000,,,,
20251122,딸기 킹스베리,75000,,,,
20251124,딸기 킹스베리,80000,,,,
20251125,딸기 킹스베리,80000,,,,
20251126,딸기 킹스베리,80000,,,,
20251127,딸기 킹스베리,80000,,,,
20251128,딸기 킹스베리,80000,,,,
20251129,딸기 킹스베리,80000,,,,
20251201,딸기 킹스베리,75000,,,,
20251202,딸기 킹스베리,75000,,,,
20251203,딸기 킹스베리,75000,,,,
20251204,딸기 킹스베리,75000,,,,
20251205,딸기 킹스베리,75000,,,,
20251206,딸기 킹스베리,75000,46667,,,
20251208,딸기 킹스베리,65000,,,,
20251209,딸기 킹스베리,65000,40000,,,
20251210,딸기 킹스베리,65000,40000,,,
20251211,딸기 킹스베리,65000,40000,,,
20251212,딸기 킹스베리,72143,40000,,,
20251215,딸기 킹스베리,59400,,,,
20251216,딸기 킹스베리,59400,45800,,,
20251217,딸기 킹스베리,59400,45800,,,
20251218,딸기 킹스베리,59400,45800,,,
20251219,딸기 킹스베리,68000,45800,,,
20251220,딸기 킹스베리,68000,44000,,,
20251222,딸기 킹스베리,68000,,,,
20251223,딸기 킹스베리,68000,49083,,,
20251224,딸기 킹스베리,68000,49083,,,
20251225,딸기 킹스베리,68000,49083,,,
20251226,딸기 킹스베리,73000,49083,,,
20251227,딸기 킹스베리,73000,54667,,,
20251229,딸기 킹스베리,66333,,,,
20251230,딸기 킹스베리,72000,52000,,,
20251231,딸기 킹스베리,72000,49778,,,
20260103,딸기 킹스베리,63125,52083,,,
20260105,딸기 킹스베리,63125,,,,
20260106,딸기 킹스베리,63125,48125,,,
20260107,딸기 킹스베리,78000,48125,,,
20260108,딸기 킹스베리,78000,48125,,,
20260109,딸기 킹스베리,78000,48125,,,
20260110,딸기 킹스베리,75000,41000,,,
20260112,딸기 킹스베리,60000,,,,
20260113,딸기 킹스베리,59000,44000,,,
20260114,딸기 킹스베리,59000,44000,,,
20260115,딸기 킹스베리,59000,44000,,,
20260116,딸기 킹스베리,55000,44000,,,
20260117,딸기 킹스베리,55000,44500,,,
20260119,딸기 킹스베리,50000,,,,
20260120,딸기 킹스베리,50000,46000,,,
20260121,딸기 킹스베리,42000,46000,,,
20260122,딸기 킹스베리,45000,41000,,,
20260123,딸기 킹스베리,45000,41000,,,
20260124,딸기 킹스베리,35000,35833,,,
20260126,딸기 킹스베리,48556,,,,
20260127,딸기 킹스베리,45000,38000,,,
20260128,딸기 킹스베리,45000,36875,,,
20260129,딸기 킹스베리,47000,,,,
20260130,딸기 킹스베리,53500,,,,
20260131,딸기 킹스베리,46000,,,,
20260202,딸기 킹스베리,45250,,,,
20260203,딸기 킹스베리,50000,38000,,,
20260204,딸기 킹스베리,33500,38000,,,
20260205,딸기 킹스베리,45000,38000,,,
20260206,딸기 킹스베리,44857,38000,,,
20260207,딸기 킹스베리,50000,39000,,,
20260209,딸기 킹스베리,32000,,,,
20260210,딸기 킹스베리,27826,27500,,,
20260211,딸기 킹스베리,35000,40000,,,
20260212,딸기 킹스베리,35000,,,,
20260213,딸기 킹스베리,52250,40000,,,
20260214,딸기 킹스베리,44091,40000,,,
20260216,딸기 킹스베리,32000,,,,
20260220,딸기 킹스베리,35000,35000,,,
20260221,딸기 킹스베리,25737,38000,,,
20260223,딸기 킹스베리,25882,,,,
20260224,딸기 킹스베리,24875,36000,,,
20260225,딸기 킹스베리,24107,27000,,,
20260226,딸기 킹스베리,26273,27000,,,
20260227,딸기 킹스베리,32933,27000,,,
20260228,딸기 킹스베리,32093,27000,,,
20260302,딸기 킹스베리,30643,,,,
20260303,딸기 킹스베리,32227,37500,,,
20260304,딸기 킹스베리,33200,39750,,,
20260305,딸기 킹스베리,32842,,,,
20260306,딸기 킹스베리,30250,36071,,,
20260309,딸기 킹스베리,20000,,42000,,
20260310,딸기 킹스베리,25000,26471,,,
20260311,딸기 킹스베리,29500,32000,30714,,
20260312,딸기 킹스베리,26188,32000,30714,,
20260313,딸기 킹스베리,24400,27400,30714,,
20260314,딸기 킹스베리,26000,27636,,,
20260316,딸기 킹스베리,23970,,30000,,
20260317,딸기 킹스베리,24083,28250,,,
20260318,딸기 킹스베리,25000,25000,,,
20260319,딸기 킹스베리,24667,22071,34000,,
20260320,딸기 킹스베리,26042,34000,34000,,
20260321,딸기 킹스베리,27636,28571,29500,,
20260323,딸기 킹스베리,26242,,28000,,
20260324,딸기 킹스베리,26727,31526,,,
20260325,딸기 킹스베리,25667,28688,32000,,
20260326,딸기 킹스베리,28333,22158,24000,,
20260327,딸기 킹스베리,29609,30333,24000,,
20260328,딸기 킹스베리,28862,28333,,,
20260330,딸기 킹스베리,28667,,25000,,
20260331,딸기 킹스베리,26704,36000,,,
20260401,딸기 킹스베리,28250,40000,27000,,
20260402,딸기 킹스베리,28963,28000,27000,,
20260403,딸기 킹스베리,30393,37667,,,
20260406,딸기 킹스베리,29655,,24000,,
20260407,딸기 킹스베리,22548,35500,,,
20260408,딸기 킹스베리,23300,40765,24000,,
20260409,딸기 킹스베리,29647,38000,,,
20260410,딸기 킹스베리,26714,38000,23000,,
20260411,딸기 킹스베리,30600,31200,23000,,
20260413,딸기 킹스베리,26348,,,,
20260414,딸기 킹스베리,23375,27400,,,
20260415,딸기 킹스베리,24500,36400,27200,,
20260416,딸기 킹스베리,27421,36875,21571,,
20260417,딸기 킹스베리,25938,25625,21571,,
20260418,딸기 킹스베리,27800,31556,,,
20260420,딸기 킹스베리,21000,,27300,,
20260421,딸기 킹스베리,23789,35000,,,
20260422,딸기 킹스베리,28400,28182,27300,,
20260423,딸기 킹스베리,28000,23800,,,
20260424,딸기 킹스베리,24800,32000,21375,,
20260425,딸기 킹스베리,22000,25091,,,
20260427,딸기 킹스베리,22867,,19000,,
20260428,딸기 킹스베리,23000,32900,,,
20260429,딸기 킹스베리,20000,25000,,,
20260430,딸기 킹스베리,23556,22500,,,
20260501,딸기 킹스베리,30000,27800,16609,,
20260502,딸기 킹스베리,34000,28000,16609,,
20260504,딸기 킹스베리,24100,,,,
20260505,딸기 킹스베리,32000,28000,,,
20260506,딸기 킹스베리,32000,26000,,,
20260507,딸기 킹스베리,32000,26000,,,
20260508,딸기 킹스베리,31500,26000,,,
20260509,딸기 킹스베리,27500,25400,,,
20260511,딸기 킹스베리,24286,,,,
20260512,딸기 킹스베리,24286,22500,,,
20260513,딸기 킹스베리,24286,22500,,,
20260514,딸기 킹스베리,24286,28000,,,
20260515,딸기 킹스베리,21000,28000,,,
20260516,딸기 킹스베리,21000,20500,,,
20260518,딸기 킹스베리,21000,,,,
20260519,딸기 킹스베리,21000,20000,,,
20260520,딸기 킹스베리,21000,20000,,,
20260521,딸기 킹스베리,21000,20000,,,
20210104,딸기(일반),38368,38257,25670,28931,29494.27
20210105,딸기(일반),33747,,33383,32076,29494.27
20210106,딸기(일반),39811,36150,,33106,29494.27
20210107,딸기(일반),37443,35187,27861,,29494.27
20210108,딸기(일반),34756,37390,24739,31884,29494.27
20210109,딸기(일반),35006,38511,27035,28777,29494.27
20210111,딸기(일반),37013,42102,27167,34954,29089.69
20210112,딸기(일반),38757,,27563,34861,29089.69
20210113,딸기(일반),48655,38441,,34233,29089.69
20210114,딸기(일반),46021,35498,27187,,29089.69
20210115,딸기(일반),48484,36725,22097,33172,29089.69
20210116,딸기(일반),47454,37837,24931,29532,29089.69
20210118,딸기(일반),40814,41659,26497,33241,29089.69
20210119,딸기(일반),34290,,28163,33301,29089.69
20210120,딸기(일반),37627,41470,,33645,29089.69
20210121,딸기(일반),32134,39717,26951,,31220.83
20210122,딸기(일반),35574,45471,27135,32302,31220.83
20210123,딸기(일반),35723,46834,29560,29552,31220.83
20210125,딸기(일반),37473,,30358,29016,31220.83
20210126,딸기(일반),35783,,30099,31123,31220.83
20210127,딸기(일반),40353,,,31022,31220.83
20210128,딸기(일반),38251,39471,29649,,31220.83
20210129,딸기(일반),37964,30425,27523,29982,31220.83
20210130,딸기(일반),40691,34655,31039,29201,31220.83
20210201,딸기(일반),41719,34088,32469,29475,29908.9
20210202,딸기(일반),40630,,35997,33490,29908.9
20210203,딸기(일반),41716,32450,,32106,29908.9
20210204,딸기(일반),41775,32477,34381,,29908.9
20210205,딸기(일반),44537,34480,,31259,29908.9
20210206,딸기(일반),41129,32296,,29077,29908.9
20210208,딸기(일반),42065,31386,29886,28700,29908.9
20210209,딸기(일반),42396,,24430,30123,29908.9
20210210,딸기(일반),42933,30008,,27989,29908.9
20210211,딸기(일반),42370,35790,24175,,26516.3
20210215,딸기(일반),34361,32314,27389,30399,26516.3
20210216,딸기(일반),28555,,28695,,26516.3
20210217,딸기(일반),27502,29122,,,26516.3
20210218,딸기(일반),31299,26857,26239,,26516.3
20210219,딸기(일반),34033,25323,25527,26493,26516.3
20210220,딸기(일반),36449,26780,26507,24923,26516.3
20210222,딸기(일반),32827,28180,28269,23166,25387.67
20210223,딸기(일반),30656,,27193,25204,25387.67
20210224,딸기(일반),30808,27923,,28872,25387.67
20210225,딸기(일반),32373,28011,24394,,25387.67
20210226,딸기(일반),34629,28642,21468,25332,25387.67
20210227,딸기(일반),42268,30348,20625,23720,25387.67
20210301,딸기(일반),39937,,24287,23199,25077.3
20210302,딸기(일반),36709,29306,26223,25488,25077.3
20210303,딸기(일반),38371,28808,,27459,25077.3
20210304,딸기(일반),40896,28091,22480,,25077.3
20210305,딸기(일반),41327,30124,21647,22786,25077.3
20210306,딸기(일반),37934,28869,22493,21640,25077.3
20210308,딸기(일반),39414,,25524,23549,25077.3
20210309,딸기(일반),31242,28974,27449,26713,25077.3
20210310,딸기(일반),29732,29374,,30934,25077.3
20210311,딸기(일반),30152,29298,24320,,26548.96
20210312,딸기(일반),30820,29661,22787,27003,26548.96
20210313,딸기(일반),31838,32304,24989,26396,26548.96
20210315,딸기(일반),31328,,29258,25855,26548.96
20210316,딸기(일반),31078,29919,31209,28760,26548.96
20210317,딸기(일반),30542,27334,,30040,26548.96
20210318,딸기(일반),28711,26980,25423,,26548.96
20210319,딸기(일반),28694,27262,23868,25626,26548.96
20210320,딸기(일반),31188,26694,22905,25139,26548.96
20210322,딸기(일반),30342,,24710,28650,25275.64
20210323,딸기(일반),30412,26449,28050,33406,25275.64
20210324,딸기(일반),30042,26002,,35897,25275.64
20210325,딸기(일반),30478,25355,25619,,25275.64
20210326,딸기(일반),31722,27027,23624,27531,25275.64
20210327,딸기(일반),33569,29407,23377,25540,25275.64
20210329,딸기(일반),34786,,25279,24976,25275.64
20210330,딸기(일반),29448,31932,25875,26667,25275.64
20210331,딸기(일반),28342,30953,,25194,25275.64
20210401,딸기(일반),27820,28942,22863,,25047.26
20210402,딸기(일반),28814,31913,21027,23577,25047.26
20210403,딸기(일반),30709,32327,21507,20978,25047.26
20210405,딸기(일반),28835,,27004,22899,25047.26
20210406,딸기(일반),28081,31888,28294,24094,25047.26
20210407,딸기(일반),28784,30564,,31367,25047.26
20210408,딸기(일반),30876,27009,26335,,25047.26
20210409,딸기(일반),34065,29450,23396,28830,25047.26
20210410,딸기(일반),40993,28414,23176,28597,25047.26
20210412,딸기(일반),37482,,26496,25914,26553.52
20210413,딸기(일반),33347,28522,30824,26599,26553.52
20210414,딸기(일반),31347,28784,,28937,26553.52
20210415,딸기(일반),35672,32392,24746,,26553.52
20210416,딸기(일반),40188,35716,25685,25130,26553.52
20210417,딸기(일반),42786,33329,28123,26643,26553.52
20210419,딸기(일반),33357,,31397,26377,26553.52
20210420,딸기(일반),32208,29204,30591,27126,26553.52
20210421,딸기(일반),33833,27492,,29551,28747.37
20210422,딸기(일반),34630,30149,23573,,28747.37
20210423,딸기(일반),34252,28391,21052,25125,28747.37
20210424,딸기(일반),39547,30845,21182,22477,28747.37
20210426,딸기(일반),31708,,26302,26875,28747.37
20210427,딸기(일반),28122,34140,33242,29913,28747.37
20210428,딸기(일반),31767,35008,,32044,28747.37
20210429,딸기(일반),35626,37748,30182,,28747.37
20210430,딸기(일반),41821,38309,30340,26902,28747.37
20210501,딸기(일반),52884,39321,34773,27524,29660.89
20210503,딸기(일반),45435,,35607,30464,29660.89
20210504,딸기(일반),42078,28546,32598,32206,29660.89
20210505,딸기(일반),39556,26441,,36164,29660.89
20210506,딸기(일반),44409,29197,25732,,29660.89
20210507,딸기(일반),46077,31459,26196,30922,29660.89
20210508,딸기(일반),40895,38253,28262,28204,29660.89
20210510,딸기(일반),33518,,29332,29254,29660.89
20210511,딸기(일반),29634,31988,31086,25819,25073.34
20210512,딸기(일반),27486,31015,,24037,25073.34
20210513,딸기(일반),28168,34534,24469,,25073.34
20210514,딸기(일반),27176,29357,22492,20029,25073.34
20210515,딸기(일반),26002,29545,21762,20121,25073.34
20210517,딸기(일반),27236,,21129,21276,25073.34
20210518,딸기(일반),22424,25592,25629,19570,25073.34
20210519,딸기(일반),24663,28338,,21200,25073.34
20210520,딸기(일반),25364,21786,21099,,25073.34
20210521,딸기(일반),25304,24478,18451,20244,20856.26
20210522,딸기(일반),25216,26787,18854,20830,20856.26
20210524,딸기(일반),23222,,20936,23920,20856.26
20210525,딸기(일반),24326,24605,21960,23588,20856.26
20210526,딸기(일반),22815,20521,,24550,20856.26
20210527,딸기(일반),23226,21485,20154,,20856.26
20210528,딸기(일반),22703,21442,17663,22214,20856.26
20210529,딸기(일반),23758,21145,19904,22425,20856.26
20210531,딸기(일반),22463,,22404,19851,20856.26
20210601,딸기(일반),23053,18543,22925,22965,17892.04
20210602,딸기(일반),21929,18470,,17682,17892.04
20210603,딸기(일반),22585,15786,18297,,17892.04
20210604,딸기(일반),21727,15560,18106,17125,17892.04
20210605,딸기(일반),24101,15326,19000,15209,17892.04
20210607,딸기(일반),20602,,17231,17000,17892.04
20210608,딸기(일반),21593,15643,19281,20000,17892.04
20210609,딸기(일반),23476,14770,,24435,17892.04
20210610,딸기(일반),20462,14347,20895,,17892.04
20210611,딸기(일반),26000,14000,18000,26000,16631.57
20210612,딸기(일반),24912,14000,17593,26000,16631.57
20210614,딸기(일반),25000,,22333,26000,16631.57
20210615,딸기(일반),23000,17000,22000,26000,16631.57
20210616,딸기(일반),23000,17000,,26000,16631.57
20210617,딸기(일반),23000,17000,24067,,16631.57
20210618,딸기(일반),23000,17000,21692,26000,16631.57
20210619,딸기(일반),24000,17000,20857,26000,16631.57
20210621,딸기(일반),24000,,21000,26000,14498.34
20210622,딸기(일반),24000,17000,24000,26000,14498.34
20210623,딸기(일반),24000,17000,,26000,14498.34
20210624,딸기(일반),24000,17000,27000,,14498.34
20210625,딸기(일반),24000,17000,27000,26000,14498.34
20210626,딸기(일반),24000,17000,27000,26000,14498.34
20210628,딸기(일반),24000,,27000,26000,14498.34
20210629,딸기(일반),24000,17000,27000,26000,14498.34
20210630,딸기(일반),24000,17000,,26000,14498.34
20210701,딸기(일반),24000,17000,27000,,11196.74
20210702,딸기(일반),24000,17000,27000,26000,11196.74
20210703,딸기(일반),24000,17000,27000,26000,11196.74
20211002,딸기(일반),30000,,,,0
20211004,딸기(일반),30000,,,,0
20211005,딸기(일반),30000,,,,0
20211006,딸기(일반),40000,,,,0
20211007,딸기(일반),40000,,,,0
20211008,딸기(일반),30000,,,,0
20211009,딸기(일반),31429,,,,0
20211011,딸기(일반),30000,,,,16221.99
20211012,딸기(일반),45000,,,,16221.99
20211013,딸기(일반),53000,,,,16221.99
20211014,딸기(일반),53333,,,,16221.99
20211015,딸기(일반),77500,,,,16221.99
20211016,딸기(일반),48462,,35000,,16221.99
20211018,딸기(일반),46826,,59667,,16221.99
20211019,딸기(일반),40471,,60000,,16221.99
20211020,딸기(일반),58545,,,,16221.99
20211021,딸기(일반),61000,70000,45000,,55996.07
20211022,딸기(일반),57844,70000,55000,,55996.07
20211023,딸기(일반),60395,71200,30000,,55996.07
20211025,딸기(일반),62810,,54364,,55996.07
20211026,딸기(일반),53157,68867,63556,,55996.07
20211027,딸기(일반),51839,52300,,70000,55996.07
20211028,딸기(일반),54767,77000,38976,,55996.07
20211029,딸기(일반),57255,80000,47814,66000,55996.07
20211030,딸기(일반),56401,84034,45313,61000,55996.07
20211101,딸기(일반),47623,,58964,73727,48164.1
20211102,딸기(일반),50179,68177,58901,75333,48164.1
20211103,딸기(일반),54167,78222,,74294,48164.1
20211104,딸기(일반),58000,68297,41487,,48164.1
20211105,딸기(일반),53928,77581,33267,58393,48164.1
20211106,딸기(일반),53859,75958,46647,64926,48164.1
20211108,딸기(일반),46220,,42835,57327,48164.1
20211109,딸기(일반),40682,72069,45709,55494,48164.1
20211110,딸기(일반),42287,74313,,53253,48164.1
20211111,딸기(일반),53602,71141,37437,,41294.59
20211112,딸기(일반),57013,69455,34307,50866,41294.59
20211113,딸기(일반),60027,69342,39781,46349,41294.59
20211115,딸기(일반),46442,,46697,50955,41294.59
20211116,딸기(일반),48600,64106,48728,50263,41294.59
20211117,딸기(일반),51185,52571,,53643,41294.59
20211118,딸기(일반),50666,55538,36744,,41294.59
20211119,딸기(일반),49339,53770,32692,50298,41294.59
20211120,딸기(일반),38315,52227,36932,46459,41294.59
20211122,딸기(일반),32199,,36608,46232,35027.2
20211123,딸기(일반),35024,44192,33571,47893,35027.2
20211124,딸기(일반),35290,40512,,46273,35027.2
20211125,딸기(일반),35862,42051,28781,,35027.2
20211126,딸기(일반),39567,50467,25586,40854,35027.2
20211127,딸기(일반),38267,53397,30325,40270,35027.2
20211129,딸기(일반),37975,,30119,38605,35027.2
20211130,딸기(일반),37598,48577,34778,38400,35027.2
20211201,딸기(일반),35504,46147,,35314,32513.71
20211202,딸기(일반),38557,49001,31790,,32513.71
20211203,딸기(일반),42712,49144,30789,33993,32513.71
20211204,딸기(일반),49287,47844,31042,28032,32513.71
20211206,딸기(일반),47244,,37148,32193,32513.71
20211207,딸기(일반),43791,42073,35890,28798,32513.71
20211208,딸기(일반),41782,38868,,27107,32513.71
20211209,딸기(일반),43162,39876,32524,,32513.71
20211210,딸기(일반),42724,43031,31218,32598,32513.71
20211211,딸기(일반),42054,41115,30899,24835,30392.11
20211213,딸기(일반),41607,,31939,32013,30392.11
20211214,딸기(일반),42064,35950,31986,32026,30392.11
20211215,딸기(일반),42223,34350,,33098,30392.11
20211216,딸기(일반),43837,35922,30995,,30392.11
20211217,딸기(일반),46517,35147,29253,32044,30392.11
20211218,딸기(일반),51245,37025,29300,30726,30392.11
20211220,딸기(일반),52824,,28395,32122,30392.11
20211221,딸기(일반),57772,38806,30242,33187,32590.11
20211222,딸기(일반),61410,40128,,31493,32590.11
20211223,딸기(일반),64860,46218,30451,,32590.11
20211224,딸기(일반),62193,47094,34294,29741,32590.11
20211225,딸기(일반),66741,44180,36747,26976,32590.11
20211227,딸기(일반),65217,,38428,25785,32590.11
20211228,딸기(일반),59221,39922,39351,24493,32590.11
20211229,딸기(일반),58968,36488,,24555,32590.11
20211230,딸기(일반),58475,38963,38569,,32590.11
20211231,딸기(일반),64946,34669,39893,29886,32590.11
20220103,딸기(일반),60356,,37246,28102,31760.44
20220104,딸기(일반),54344,38368,38257,25670,31760.44
20220105,딸기(일반),55958,33747,,33383,31760.44
20220106,딸기(일반),59268,39811,36150,,31760.44
20220107,딸기(일반),58103,37443,35187,27861,31760.44
20220108,딸기(일반),53231,34756,37390,24739,31760.44
20220110,딸기(일반),53632,,39515,26207,31760.44
20220111,딸기(일반),49913,37013,42102,27167,32794.19
20220112,딸기(일반),51592,38757,,27563,32794.19
20220113,딸기(일반),52001,48655,38441,,32794.19
20220114,딸기(일반),53823,46021,35498,27187,32794.19
20220115,딸기(일반),55318,48484,36725,22097,32794.19
20220117,딸기(일반),53856,,40156,24222,32794.19
20220118,딸기(일반),52126,40814,41659,26497,32794.19
20220119,딸기(일반),55087,34290,,28163,32794.19
20220120,딸기(일반),57600,37627,41470,,32794.19
20220121,딸기(일반),57161,32134,39717,26951,33199.72
20220122,딸기(일반),56969,35574,45471,27135,33199.72
20220124,딸기(일반),58870,,37622,28982,33199.72
20220125,딸기(일반),51721,37473,,30358,33199.72
20220126,딸기(일반),58479,35783,,30099,33199.72
20220127,딸기(일반),57180,40353,,,33199.72
20220128,딸기(일반),68702,38251,39471,29649,33199.72
20220129,딸기(일반),64453,37964,30425,27523,33199.72
20220204,딸기(일반),45066,41775,32477,34381,32145.5
20220205,딸기(일반),44853,44537,34480,,32145.5
20220207,딸기(일반),52329,,32474,,32145.5
20220208,딸기(일반),40926,42065,31386,29886,32145.5
20220209,딸기(일반),53368,42396,,24430,32145.5
20220210,딸기(일반),41020,42933,30008,,32145.5
20220211,딸기(일반),50530,42370,35790,24175,28036.05
20220212,딸기(일반),45038,,30579,22988,28036.05
20220214,딸기(일반),43991,,31843,23872,28036.05
20220215,딸기(일반),39992,34361,32314,27389,28036.05
20220216,딸기(일반),41127,28555,,28695,28036.05
20220217,딸기(일반),39298,27502,29122,,28036.05
20220218,딸기(일반),39704,31299,26857,26239,28036.05
20220219,딸기(일반),42726,34033,25323,25527,28036.05
20220221,딸기(일반),40462,,27769,25423,26431.61
20220222,딸기(일반),39904,32827,28180,28269,26431.61
20220223,딸기(일반),38496,30656,,27193,26431.61
20220224,딸기(일반),39354,30808,27923,,26431.61
20220225,딸기(일반),43162,32373,28011,24394,26431.61
20220226,딸기(일반),40187,34629,28642,21468,26431.61
20220228,딸기(일반),38530,,30708,22226,26431.61
20220301,딸기(일반),36316,39937,,24287,27132.61
20220302,딸기(일반),35036,36709,29306,26223,27132.61
20220303,딸기(일반),33460,38371,28808,,27132.61
20220304,딸기(일반),35845,40896,28091,22480,27132.61
20220305,딸기(일반),36023,41327,30124,21647,27132.61
20220307,딸기(일반),32215,,28965,23120,27132.61
20220308,딸기(일반),32963,39414,,25524,27132.61
20220309,딸기(일반),30731,31242,28974,27449,27132.61
20220310,딸기(일반),31914,29732,29374,,27132.61
20220311,딸기(일반),33600,30152,29298,24320,27087.65
20220312,딸기(일반),37490,30820,29661,22787,27087.65
20220314,딸기(일반),32051,,34221,27293,27087.65
20220315,딸기(일반),32057,31328,,29258,27087.65
20220316,딸기(일반),32467,31078,29919,31209,27087.65
20220317,딸기(일반),38174,30542,27334,,27087.65
20220318,딸기(일반),35089,28711,26980,25423,27087.65
20220319,딸기(일반),38206,28694,27262,23868,27087.65
20220321,딸기(일반),37685,,27800,22385,26589.07
20220322,딸기(일반),47360,30342,,24710,26589.07
20220323,딸기(일반),49084,30412,26449,28050,26589.07
20220324,딸기(일반),42924,30042,26002,,26589.07
20220325,딸기(일반),39358,30478,25355,25619,26589.07
20220326,딸기(일반),44122,31722,27027,23624,26589.07
20220328,딸기(일반),38484,,32425,24271,26589.07
20220329,딸기(일반),36986,34786,,25279,26589.07
20220330,딸기(일반),35970,29448,31932,25875,26589.07
20220331,딸기(일반),34026,28342,30953,,26589.07
20220401,딸기(일반),32526,27820,28942,22863,26000.32
20220402,딸기(일반),34021,28814,31913,21027,26000.32
20220404,딸기(일반),33859,,31919,23630,26000.32
20220405,딸기(일반),32849,28835,,27004,26000.32
20220406,딸기(일반),31516,28081,31888,28294,26000.32
20220407,딸기(일반),30473,28784,30564,,26000.32
20220408,딸기(일반),33125,30876,27009,26335,26000.32
20220409,딸기(일반),35247,34065,29450,23396,26000.32
20220411,딸기(일반),30698,,28845,24093,28318.7
20220412,딸기(일반),29806,37482,,26496,28318.7
20220413,딸기(일반),28887,33347,28522,30824,28318.7
20220414,딸기(일반),28169,31347,28784,,28318.7
20220415,딸기(일반),30751,35672,32392,24746,28318.7
20220416,딸기(일반),41580,40188,35716,25685,28318.7
20220418,딸기(일반),32730,,32860,29097,28318.7
20220419,딸기(일반),32675,33357,,31397,28318.7
20220420,딸기(일반),34796,32208,29204,30591,28318.7
20220421,딸기(일반),39335,33833,27492,,29769.2
20220422,딸기(일반),44182,34630,30149,23573,29769.2
20220423,딸기(일반),50246,34252,28391,21052,29769.2
20220425,딸기(일반),35001,,35247,25078,29769.2
20220426,딸기(일반),32517,31708,,26302,29769.2
20220427,딸기(일반),31325,28122,34140,33242,29769.2
20220428,딸기(일반),33933,31767,35008,,29769.2
20220429,딸기(일반),40847,35626,37748,30182,29769.2
20220430,딸기(일반),48808,41821,38309,30340,29769.2
20220502,딸기(일반),40727,,39809,36022,32309.37
20220503,딸기(일반),38747,45435,,35607,32309.37
20220504,딸기(일반),39464,42078,28546,32598,32309.37
20220505,딸기(일반),43857,39556,26441,,32309.37
20220506,딸기(일반),50219,44409,29197,25732,32309.37
20220507,딸기(일반),47264,46077,31459,26196,32309.37
20220509,딸기(일반),36257,,40265,30678,32309.37
20220510,딸기(일반),31941,33518,,29332,32309.37
20220511,딸기(일반),32159,29634,31988,31086,25560.69
20220512,딸기(일반),32622,27486,31015,,25560.69
20220513,딸기(일반),32105,28168,34534,24469,25560.69
20220514,딸기(일반),29618,27176,29357,22492,25560.69
20220516,딸기(일반),29003,,30073,22376,25560.69
20220517,딸기(일반),31186,27236,,21129,25560.69
20220518,딸기(일반),31883,22424,25592,25629,25560.69
20220519,딸기(일반),35374,24663,28338,,25560.69
20220520,딸기(일반),32018,25364,21786,21099,25560.69
20220521,딸기(일반),33026,25304,24478,18451,21835.61
20220523,딸기(일반),26376,,28744,20528,21835.61
20220524,딸기(일반),25196,23222,,20936,21835.61
20220525,딸기(일반),25711,24326,24605,21960,21835.61
20220526,딸기(일반),26120,22815,20521,,21835.61
20220527,딸기(일반),28680,23226,21485,20154,21835.61
20220528,딸기(일반),28667,22703,21442,17663,21835.61
20220530,딸기(일반),28410,,21389,22750,21835.61
20220531,딸기(일반),27884,22463,,22404,21835.61
20220601,딸기(일반),28440,23053,18543,22925,18586.87
20220602,딸기(일반),24826,21929,18470,,18586.87
20220603,딸기(일반),27250,22585,15786,18297,18586.87
20220604,딸기(일반),33542,21727,15560,18106,18586.87
20220606,딸기(일반),29941,,15751,18000,18586.87
20220607,딸기(일반),30077,20602,,17231,18586.87
20220608,딸기(일반),30276,21593,15643,19281,18586.87
20220609,딸기(일반),23000,23476,14770,,18586.87
20220610,딸기(일반),35952,20462,14347,20895,18586.87
20220611,딸기(일반),31400,26000,14000,18000,21405.56
20220613,딸기(일반),23000,,15000,21000,21405.56
20220614,딸기(일반),15250,25000,,22333,21405.56
20220615,딸기(일반),15250,23000,17000,22000,21405.56
20220616,딸기(일반),15250,23000,17000,,21405.56
20220617,딸기(일반),15250,23000,17000,24067,21405.56
20220618,딸기(일반),15250,23000,17000,21692,21405.56
20220620,딸기(일반),15250,,17000,21857,21405.56
20220621,딸기(일반),15250,24000,,21000,18444.65
20221021,딸기(일반),50000,61000,70000,45000,56109.98
20221022,딸기(일반),100000,57844,70000,55000,56109.98
20221024,딸기(일반),97600,,69333,42600,56109.98
20221025,딸기(일반),100000,62810,,54364,56109.98
20221026,딸기(일반),83000,53157,68867,63556,56109.98
20221027,딸기(일반),80000,51839,52300,,56109.98
20221028,딸기(일반),100000,54767,77000,38976,56109.98
20221029,딸기(일반),89333,57255,80000,47814,56109.98
20221031,딸기(일반),100000,,84579,60836,56109.98
20221101,딸기(일반),77656,47623,,58964,48081.92
20221102,딸기(일반),93214,50179,68177,58901,48081.92
20221103,딸기(일반),110690,54167,78222,,48081.92
20221104,딸기(일반),126944,58000,68297,41487,48081.92
20221105,딸기(일반),104489,53928,77581,33267,48081.92
20221107,딸기(일반),77019,,79157,42176,48081.92
20221108,딸기(일반),68500,46220,,42835,48081.92
20221109,딸기(일반),69769,40682,72069,45709,48081.92
20221110,딸기(일반),74228,42287,74313,,48081.92
20221111,딸기(일반),76466,53602,71141,37437,43756.63
20221112,딸기(일반),76801,57013,69455,34307,43756.63
20221114,딸기(일반),53002,,75650,44310,43756.63
20221115,딸기(일반),46729,46442,,46697,43756.63
20221116,딸기(일반),52223,48600,64106,48728,43756.63
20221117,딸기(일반),52198,51185,52571,,43756.63
20221118,딸기(일반),56542,50666,55538,36744,43756.63
20221119,딸기(일반),64532,49339,53770,32692,43756.63
20221121,딸기(일반),48189,,54649,39397,36030.99
20221122,딸기(일반),44716,32199,,36608,36030.99
20221123,딸기(일반),45040,35024,44192,33571,36030.99
20221124,딸기(일반),49026,35290,40512,,36030.99
20221125,딸기(일반),49637,35862,42051,28781,36030.99
20221126,딸기(일반),41398,39567,50467,25586,36030.99
20221128,딸기(일반),41207,,53414,29924,36030.99
20221129,딸기(일반),39275,37975,,30119,36030.99
20221130,딸기(일반),43872,37598,48577,34778,36030.99
20221201,딸기(일반),42215,35504,46147,,35419.43
20221202,딸기(일반),42336,38557,49001,31790,35419.43
20221203,딸기(일반),43689,42712,49144,30789,35419.43
20221205,딸기(일반),41934,,47637,36315,35419.43
20221206,딸기(일반),39894,47244,,37148,35419.43
20221207,딸기(일반),41825,43791,42073,35890,35419.43
20221208,딸기(일반),41912,41782,38868,,35419.43
20221209,딸기(일반),45537,43162,39876,32524,35419.43
20221210,딸기(일반),45460,42724,43031,31218,35419.43
20221212,딸기(일반),44367,,38008,32316,34233.48
20221213,딸기(일반),41348,41607,,31939,34233.48
20221214,딸기(일반),40092,42064,35950,31986,34233.48
20221215,딸기(일반),43262,42223,34350,,34233.48
20221216,딸기(일반),44839,43837,35922,30995,34233.48
20221217,딸기(일반),41777,46517,35147,29253,34233.48
20221219,딸기(일반),43672,,37448,28301,34233.48
20221220,딸기(일반),41543,52824,,28395,34233.48
20221221,딸기(일반),45035,57772,38806,30242,37932.51
20221222,딸기(일반),49847,61410,40128,,37932.51
20221223,딸기(일반),49201,64860,46218,30451,37932.51
20221224,딸기(일반),48855,62193,47094,34294,37932.51
20221226,딸기(일반),51246,,45662,44506,37932.51
20221227,딸기(일반),49419,65217,,38428,37932.51
20221228,딸기(일반),48503,59221,39922,39351,37932.51
20221229,딸기(일반),47581,58968,36488,,37932.51
20221230,딸기(일반),52238,58475,38963,38569,37932.51
20221231,딸기(일반),46907,64946,34669,39893,37932.51
20230103,딸기(일반),46532,60356,,37246,36205.99
20230104,딸기(일반),42116,54344,38368,38257,36205.99
20230105,딸기(일반),40157,55958,33747,,36205.99
20230106,딸기(일반),46724,59268,39811,36150,36205.99
20230107,딸기(일반),44646,58103,37443,35187,36205.99
20230109,딸기(일반),45459,,35006,38511,36205.99
20230110,딸기(일반),41925,53632,,39515,36205.99
20230111,딸기(일반),44253,49913,37013,42102,37228.94
20230112,딸기(일반),41418,51592,38757,,37228.94
20230113,딸기(일반),47999,52001,48655,38441,37228.94
20230114,딸기(일반),42061,53823,46021,35498,37228.94
20230116,딸기(일반),46232,,47454,37837,37228.94
20230117,딸기(일반),40928,53856,,40156,37228.94
20230118,딸기(일반),44392,52126,40814,41659,37228.94
20230119,딸기(일반),47334,55087,34290,,37228.94
20230120,딸기(일반),57860,57600,37627,41470,37228.94
20230121,딸기(일반),55601,57161,32134,39717,36821.84
20230125,딸기(일반),49179,51721,37473,,36821.84
20230126,딸기(일반),35970,58479,35783,,36821.84
20230127,딸기(일반),47922,57180,40353,,36821.84
20230128,딸기(일반),61433,68702,38251,39471,36821.84
20230130,딸기(일반),55246,,40691,34655,36821.84
20230131,딸기(일반),46753,,,35761,36821.84
20230201,딸기(일반),56664,,41719,34088,36126.55
20230202,딸기(일반),40524,,40630,,36126.55
20230203,딸기(일반),46575,,41716,32450,36126.55
20230204,딸기(일반),42379,45066,41775,32477,36126.55
20230206,딸기(일반),43251,,41129,32296,36126.55
20230207,딸기(일반),33036,52329,,32474,36126.55
20230208,딸기(일반),41484,40926,42065,31386,36126.55
20230209,딸기(일반),35697,53368,42396,,36126.55
20230210,딸기(일반),42012,41020,42933,30008,36126.55
20230211,딸기(일반),45506,50530,42370,35790,31741.37
20230213,딸기(일반),41797,,,30254,31741.37
20230214,딸기(일반),37935,43991,,31843,31741.37
20230215,딸기(일반),46420,39992,34361,32314,31741.37
20230216,딸기(일반),45597,41127,28555,,31741.37
20230217,딸기(일반),45276,39298,27502,29122,31741.37
20230218,딸기(일반),46633,39704,31299,26857,31741.37
20230220,딸기(일반),46128,,36449,26780,31741.37
20230221,딸기(일반),44986,40462,,27769,30140.73
20230222,딸기(일반),42460,39904,32827,28180,30140.73
20230223,딸기(일반),42886,38496,30656,,30140.73
20230224,딸기(일반),44499,39354,30808,27923,30140.73
20230225,딸기(일반),43596,43162,32373,28011,30140.73
20230227,딸기(일반),42056,,42268,30348,30140.73
20230228,딸기(일반),40270,38530,,30708,30140.73
20230301,딸기(일반),39647,36316,39937,,29705.16
20230302,딸기(일반),40410,35036,36709,29306,29705.16
20230303,딸기(일반),43854,33460,38371,28808,29705.16
20230304,딸기(일반),41238,35845,40896,28091,29705.16
20230306,딸기(일반),36844,,37934,28869,29705.16
20230307,딸기(일반),36711,32215,,28965,29705.16
20230308,딸기(일반),33284,32963,39414,,29705.16
20230309,딸기(일반),34303,30731,31242,28974,29705.16
20230310,딸기(일반),35232,31914,29732,29374,29705.16
20230311,딸기(일반),37500,33600,30152,29298,29407.03
20230313,딸기(일반),35111,,31838,32304,29407.03
20230314,딸기(일반),33619,32051,,34221,29407.03
20230315,딸기(일반),35480,32057,31328,,29407.03
20230316,딸기(일반),36499,32467,31078,29919,29407.03
20230317,딸기(일반),39405,38174,30542,27334,29407.03
20230318,딸기(일반),39038,35089,28711,26980,29407.03
20230320,딸기(일반),34867,,31188,26694,29407.03
20230321,딸기(일반),35379,37685,,27800,30255.72
20230322,딸기(일반),32662,47360,30342,,30255.72
20230323,딸기(일반),31904,49084,30412,26449,30255.72
20230324,딸기(일반),33881,42924,30042,26002,30255.72
20230325,딸기(일반),36316,39358,30478,25355,30255.72
20230327,딸기(일반),33583,,33569,29407,30255.72
20230328,딸기(일반),33525,38484,,32425,30255.72
20230329,딸기(일반),31311,36986,34786,,30255.72
20230330,딸기(일반),31167,35970,29448,31932,30255.72
20230331,딸기(일반),34265,34026,28342,30953,30255.72
20230401,딸기(일반),38835,32526,27820,28942,28474.96
20230403,딸기(일반),32957,,30709,32327,28474.96
20230404,딸기(일반),30764,33859,,31919,28474.96
20230405,딸기(일반),28517,32849,28835,,28474.96
20230406,딸기(일반),29346,31516,28081,31888,28474.96
20230407,딸기(일반),33229,30473,28784,30564,28474.96
20230408,딸기(일반),38097,33125,30876,27009,28474.96
20230410,딸기(일반),33184,,40993,28414,28474.96
20230411,딸기(일반),32342,30698,,28845,30360.27
20230412,딸기(일반),32855,29806,37482,,30360.27
20230413,딸기(일반),34810,28887,33347,28522,30360.27
20230414,딸기(일반),36023,28169,31347,28784,30360.27
20230415,딸기(일반),39984,30751,35672,32392,30360.27
20230417,딸기(일반),32430,,42786,33329,30360.27
20230418,딸기(일반),32458,32730,,32860,30360.27
20230419,딸기(일반),31787,32675,33357,,30360.27
20230420,딸기(일반),31358,34796,32208,29204,30360.27
20230421,딸기(일반),31424,39335,33833,27492,31745.85
20230422,딸기(일반),31882,44182,34630,30149,31745.85
20230424,딸기(일반),31505,,39547,30845,31745.85
20230425,딸기(일반),34338,35001,,35247,31745.85
20230426,딸기(일반),37062,32517,31708,,31745.85
20230427,딸기(일반),44734,31325,28122,34140,31745.85
20230428,딸기(일반),51428,33933,31767,35008,31745.85
20230429,딸기(일반),50634,40847,35626,37748,31745.85
20230501,딸기(일반),41957,,52884,39321,35339.58
20230502,딸기(일반),37125,40727,,39809,35339.58
20230503,딸기(일반),38936,38747,45435,,35339.58
20230504,딸기(일반),38669,39464,42078,28546,35339.58
20230505,딸기(일반),35939,43857,39556,26441,35339.58
20230506,딸기(일반),44074,50219,44409,29197,35339.58
20230508,딸기(일반),40273,,40895,38253,35339.58
20230509,딸기(일반),40136,36257,,40265,35339.58
20230510,딸기(일반),35734,31941,33518,,35339.58
20230511,딸기(일반),32784,32159,29634,31988,26704.65
20230512,딸기(일반),34088,32622,27486,31015,26704.65
20230513,딸기(일반),31069,32105,28168,34534,26704.65
20230515,딸기(일반),29865,,26002,29545,26704.65
20230516,딸기(일반),28303,29003,,30073,26704.65
20230517,딸기(일반),25771,31186,27236,,26704.65
20230518,딸기(일반),26718,31883,22424,25592,26704.65
20230519,딸기(일반),28731,35374,24663,28338,26704.65
20230520,딸기(일반),28261,32018,25364,21786,26704.65
20230522,딸기(일반),23413,,25216,26787,23692.66
20230523,딸기(일반),23456,26376,,28744,23692.66
20230524,딸기(일반),23088,25196,23222,,23692.66
20230525,딸기(일반),23233,25711,24326,24605,23692.66
20230526,딸기(일반),23856,26120,22815,20521,23692.66
20230527,딸기(일반),24068,28680,23226,21485,23692.66
20230529,딸기(일반),21765,,23758,21145,23692.66
20230530,딸기(일반),21321,28410,,21389,23692.66
20230531,딸기(일반),21364,27884,22463,,23692.66
20230601,딸기(일반),20821,28440,23053,18543,19894.68
20230602,딸기(일반),19278,24826,21929,18470,19894.68
20230603,딸기(일반),20681,27250,22585,15786,19894.68
20230605,딸기(일반),22881,,24101,15326,19894.68
20230606,딸기(일반),22000,29941,,15751,19894.68
20230607,딸기(일반),23222,30077,20602,,19894.68
20230608,딸기(일반),26000,30276,21593,15643,19894.68
20230609,딸기(일반),33000,23000,23476,14770,19894.68
20230610,딸기(일반),41000,35952,20462,14347,19894.68
20230612,딸기(일반),30000,,24912,14000,21627.77
20230613,딸기(일반),30000,23000,,15000,21627.77
20230614,딸기(일반),30000,15250,25000,,21627.77
20230615,딸기(일반),30000,15250,23000,17000,21627.77
20231021,딸기(일반),100000,50000,61000,70000,60023.53
20231023,딸기(일반),100000,,60395,71200,60023.53
20231024,딸기(일반),102857,97600,,69333,60023.53
20231025,딸기(일반),100000,100000,62810,,60023.53
20231026,딸기(일반),121667,83000,53157,68867,60023.53
20231027,딸기(일반),130000,80000,51839,52300,60023.53
20231028,딸기(일반),107368,100000,54767,77000,60023.53
20231030,딸기(일반),88132,,56401,84034,60023.53
20231031,딸기(일반),92727,100000,,84579,60023.53
20231101,딸기(일반),103500,77656,47623,,54228
20231102,딸기(일반),96714,93214,50179,68177,54228
20231103,딸기(일반),97852,110690,54167,78222,54228
20231106,딸기(일반),75678,,53859,75958,54228
20231107,딸기(일반),80535,77019,,79157,54228
20231108,딸기(일반),80268,68500,46220,,54228
20231109,딸기(일반),81320,69769,40682,72069,54228
20231110,딸기(일반),84914,74228,42287,74313,54228
20231111,딸기(일반),88235,76466,53602,71141,49654.99
20231113,딸기(일반),77057,,60027,69342,49654.99
20231114,딸기(일반),78087,53002,,75650,49654.99
20231115,딸기(일반),90296,46729,46442,,49654.99
20231116,딸기(일반),104125,52223,48600,64106,49654.99
20231117,딸기(일반),90127,52198,51185,52571,49654.99
20231118,딸기(일반),92688,56542,50666,55538,49654.99
20231120,딸기(일반),82247,,38315,52227,49654.99
20231121,딸기(일반),70949,48189,,54649,39403.24
20231122,딸기(일반),72729,44716,32199,,39403.24
20231123,딸기(일반),73506,45040,35024,44192,39403.24
20231124,딸기(일반),67991,49026,35290,40512,39403.24
20231125,딸기(일반),65763,49637,35862,42051,39403.24
20231127,딸기(일반),57500,,38267,53397,39403.24
20231128,딸기(일반),56239,41207,,53414,39403.24
20231129,딸기(일반),63000,39275,37975,,39403.24
20231130,딸기(일반),67434,43872,37598,48577,39403.24
20231201,딸기(일반),68560,42215,35504,46147,38866.28
20231202,딸기(일반),68560,42336,38557,49001,38866.28
20231204,딸기(일반),55196,,49287,47844,38866.28
20231205,딸기(일반),51612,41934,,47637,38866.28
20231206,딸기(일반),53852,39894,47244,,38866.28
20231207,딸기(일반),58035,41825,43791,42073,38866.28
20231208,딸기(일반),56185,41912,41782,38868,38866.28
20231209,딸기(일반),52847,45537,43162,39876,38866.28
20231211,딸기(일반),48747,,42054,41115,36851.99
20231212,딸기(일반),47708,44367,,38008,36851.99
20231213,딸기(일반),45152,41348,41607,,36851.99
20231214,딸기(일반),46375,40092,42064,35950,36851.99
20231215,딸기(일반),45727,43262,42223,34350,36851.99
20231216,딸기(일반),48048,44839,43837,35922,36851.99
20231218,딸기(일반),47898,,51245,37025,36851.99
20231219,딸기(일반),47818,43672,,37448,36851.99
20231220,딸기(일반),52085,41543,52824,,36851.99
20231221,딸기(일반),57640,45035,57772,38806,41595.75
20231222,딸기(일반),56961,49847,61410,40128,41595.75
20231223,딸기(일반),62857,49201,64860,46218,41595.75
20231225,딸기(일반),63487,,66741,44180,41595.75
20231226,딸기(일반),54995,51246,,45662,41595.75
20231227,딸기(일반),54989,49419,65217,,41595.75
20231228,딸기(일반),59099,48503,59221,39922,41595.75
20231229,딸기(일반),59986,47581,58968,36488,41595.75
20231230,딸기(일반),57720,52238,58475,38963,41595.75
20240103,딸기(일반),51760,46532,60356,,38851.48
20240104,딸기(일반),42349,42116,54344,38368,38851.48
20240105,딸기(일반),47076,40157,55958,33747,38851.48
20240106,딸기(일반),47128,46724,59268,39811,38851.48
20240108,딸기(일반),46159,,53231,34756,38851.48
20240109,딸기(일반),39772,45459,,35006,38851.48
20240110,딸기(일반),44546,41925,53632,,38851.48
20240111,딸기(일반),44095,44253,49913,37013,39970.08
20240112,딸기(일반),51937,41418,51592,38757,39970.08
20240113,딸기(일반),56047,47999,52001,48655,39970.08
20240115,딸기(일반),55305,,55318,48484,39970.08
20240116,딸기(일반),50710,46232,,47454,39970.08
20240117,딸기(일반),53457,40928,53856,,39970.08
20240118,딸기(일반),53457,44392,52126,40814,39970.08
20240119,딸기(일반),60779,47334,55087,34290,39970.08
20240120,딸기(일반),55367,57860,57600,37627,39970.08
20240122,딸기(일반),63895,,56969,35574,40232.1
20240123,딸기(일반),58541,,,35723,40232.1
20240124,딸기(일반),61192,,58870,,40232.1
20240125,딸기(일반),58554,49179,51721,37473,40232.1
20240126,딸기(일반),62410,35970,58479,35783,40232.1
20240127,딸기(일반),58499,47922,57180,40353,40232.1
20240129,딸기(일반),66665,,64453,37964,40232.1
20240130,딸기(일반),55291,55246,,40691,40232.1
20240131,딸기(일반),61933,46753,,,40232.1
20240201,딸기(일반),56146,56664,,41719,38627.88
20240202,딸기(일반),65705,40524,,40630,38627.88
20240203,딸기(일반),54568,46575,,41716,38627.88
20240205,딸기(일반),66417,,44853,44537,38627.88
20240206,딸기(일반),50386,43251,,41129,38627.88
20240207,딸기(일반),66644,33036,52329,,38627.88
20240208,딸기(일반),67837,41484,40926,42065,38627.88
20240209,딸기(일반),59417,35697,53368,42396,38627.88
20240213,딸기(일반),51107,41797,,,34523.55
20240214,딸기(일반),39318,37935,43991,,34523.55
20240215,딸기(일반),42758,46420,39992,34361,34523.55
20240216,딸기(일반),44036,45597,41127,28555,34523.55
20240217,딸기(일반),42758,45276,39298,27502,34523.55
20240219,딸기(일반),41958,,42726,34033,34523.55
20240220,딸기(일반),34903,46128,,36449,34523.55
20240221,딸기(일반),36924,44986,40462,,33299.57
20240222,딸기(일반),33316,42460,39904,32827,33299.57
20240223,딸기(일반),49671,42886,38496,30656,33299.57
20240224,딸기(일반),63406,44499,39354,30808,33299.57
20240226,딸기(일반),54756,,40187,34629,33299.57
20240227,딸기(일반),47367,42056,,42268,33299.57
20240228,딸기(일반),47089,40270,38530,,33299.57
20240229,딸기(일반),46846,,,,33299.57
20240301,딸기(일반),49999,39647,36316,39937,32196.5
20240302,딸기(일반),30000,40410,35036,36709,32196.5
20240304,딸기(일반),43644,41238,35845,40896,32196.5
20240305,딸기(일반),40809,,36023,41327,32196.5
20240306,딸기(일반),42652,36844,,37934,32196.5
20240307,딸기(일반),46805,36711,32215,,32196.5
20240308,딸기(일반),48031,33284,32963,39414,32196.5
20240309,딸기(일반),46919,34303,30731,31242,32196.5
20240311,딸기(일반),42449,37500,33600,30152,31147.78
20240312,딸기(일반),37485,,37490,30820,31147.78
20240313,딸기(일반),40915,35111,,31838,31147.78
20240314,딸기(일반),43151,33619,32051,,31147.78
20240315,딸기(일반),45863,35480,32057,31328,31147.78
20240316,딸기(일반),43821,36499,32467,31078,31147.78
20240318,딸기(일반),38552,39038,35089,28711,31147.78
20240319,딸기(일반),35080,,38206,28694,31147.78
20240320,딸기(일반),33576,34867,,31188,31147.78
20240321,딸기(일반),33567,35379,37685,,31462.68
20240322,딸기(일반),35288,32662,47360,30342,31462.68
20240323,딸기(일반),36233,31904,49084,30412,31462.68
20240325,딸기(일반),34145,36316,39358,30478,31462.68
20240326,딸기(일반),33008,,44122,31722,31462.68
20240327,딸기(일반),34219,33583,,33569,31462.68
20240328,딸기(일반),38744,33525,38484,,31462.68
20240329,딸기(일반),40541,31311,36986,34786,31462.68
20240330,딸기(일반),42231,31167,35970,29448,31462.68
20240401,딸기(일반),39399,38835,32526,27820,29915.07
20240402,딸기(일반),38623,,34021,28814,29915.07
20240403,딸기(일반),35112,32957,,30709,29915.07
20240404,딸기(일반),34683,30764,33859,,29915.07
20240405,딸기(일반),34670,28517,32849,28835,29915.07
20240406,딸기(일반),40574,29346,31516,28081,29915.07
20240408,딸기(일반),33947,38097,33125,30876,29915.07
20240409,딸기(일반),32113,,35247,34065,29915.07
20240410,딸기(일반),31798,33184,,40993,29915.07
20240411,딸기(일반),33685,32342,30698,,31688.12
20240412,딸기(일반),36422,32855,29806,37482,31688.12
20240413,딸기(일반),39623,34810,28887,33347,31688.12
20240415,딸기(일반),31130,39984,30751,35672,31688.12
20240416,딸기(일반),34499,,41580,40188,31688.12
20240417,딸기(일반),34574,32430,,42786,31688.12
20240418,딸기(일반),34802,32458,32730,,31688.12
20240419,딸기(일반),37695,31787,32675,33357,31688.12
20240420,딸기(일반),40910,31358,34796,32208,31688.12
20240422,딸기(일반),36350,31882,44182,34630,33528.29
20240423,딸기(일반),37524,,50246,34252,33528.29
20240424,딸기(일반),39346,31505,,39547,33528.29
20240425,딸기(일반),42331,34338,35001,,33528.29
20240426,딸기(일반),45236,37062,32517,31708,33528.29
20240427,딸기(일반),46367,44734,31325,28122,33528.29
20240429,딸기(일반),32482,50634,40847,35626,33528.29
20240430,딸기(일반),31000,,48808,41821,33528.29
20240501,딸기(일반),33975,41957,,52884,37110.44
20240502,딸기(일반),39515,37125,40727,,37110.44
20240503,딸기(일반),38228,38936,38747,45435,37110.44
20240504,딸기(일반),42278,38669,39464,42078,37110.44
20240506,딸기(일반),29792,44074,50219,44409,37110.44
20240507,딸기(일반),29319,,47264,46077,37110.44
20240508,딸기(일반),32304,40273,,40895,37110.44
20240509,딸기(일반),37884,40136,36257,,37110.44
20240510,딸기(일반),38398,35734,31941,33518,37110.44
20240511,딸기(일반),34936,32784,32159,29634,28350.68
20240513,딸기(일반),28392,31069,32105,28168,28350.68
20240514,딸기(일반),27859,,29618,27176,28350.68
20240515,딸기(일반),28474,29865,,26002,28350.68
20240516,딸기(일반),32534,28303,29003,,28350.68
20240517,딸기(일반),34436,25771,31186,27236,28350.68
20240518,딸기(일반),33495,26718,31883,22424,28350.68
20240520,딸기(일반),28161,28261,32018,25364,28350.68
20240521,딸기(일반),28427,,33026,25304,23838.57
20240522,딸기(일반),28014,23413,,25216,23838.57
20240523,딸기(일반),29156,23456,26376,,23838.57
20240524,딸기(일반),25690,23088,25196,23222,23838.57
20240525,딸기(일반),27325,23233,25711,24326,23838.57
20240527,딸기(일반),23734,24068,28680,23226,23838.57
20240528,딸기(일반),24251,,28667,22703,23838.57
20240529,딸기(일반),25717,21765,,23758,23838.57
20240530,딸기(일반),26407,21321,28410,,23838.57
20240531,딸기(일반),27677,21364,27884,22463,23838.57
20240601,딸기(일반),30967,20821,28440,23053,20455.65
20240603,딸기(일반),24863,20681,27250,22585,20455.65
20240604,딸기(일반),23897,,33542,21727,20455.65
20240605,딸기(일반),22330,22881,,24101,20455.65
20240606,딸기(일반),23685,22000,29941,,20455.65
20240607,딸기(일반),25328,23222,30077,20602,20455.65
20240608,딸기(일반),25635,26000,30276,21593,20455.65
20240610,딸기(일반),24574,41000,35952,20462,20455.65
20240611,딸기(일반),27875,,31400,26000,20748.78
20240612,딸기(일반),27000,30000,,24912,20748.78
20240613,딸기(일반),27211,30000,23000,,20748.78
20240614,딸기(일반),32474,30000,15250,25000,20748.78
20240615,딸기(일반),38000,30000,15250,23000,20748.78
20240617,딸기(일반),29450,,15250,23000,20748.78
20240618,딸기(일반),29450,,15250,23000,20748.78
20240715,딸기(일반),8000,,,,501.82
20240716,딸기(일반),8000,,,,501.82
20240717,딸기(일반),8000,,,,501.82
20240718,딸기(일반),8000,,,,501.82
20240719,딸기(일반),8000,,,,501.82
20240720,딸기(일반),8000,,,,501.82
20240722,딸기(일반),8000,,,,705.37
20241025,딸기(일반),80000,100000,100000,62810,64471.25
20241026,딸기(일반),80000,121667,83000,53157,64471.25
20241028,딸기(일반),118571,107368,100000,54767,64471.25
20241029,딸기(일반),66000,,89333,57255,64471.25
20241030,딸기(일반),120000,88132,,56401,64471.25
20241031,딸기(일반),105000,92727,100000,,64471.25
20241101,딸기(일반),90533,103500,77656,47623,56675.81
20241102,딸기(일반),100000,96714,93214,50179,56675.81
20241104,딸기(일반),120889,,126944,58000,56675.81
20241105,딸기(일반),107176,,104489,53928,56675.81
20241106,딸기(일반),102840,75678,,53859,56675.81
20241107,딸기(일반),115357,80535,77019,,56675.81
20241108,딸기(일반),112345,80268,68500,46220,56675.81
20241109,딸기(일반),120417,81320,69769,40682,56675.81
20241111,딸기(일반),98296,88235,76466,53602,53064.45
20241112,딸기(일반),84149,,76801,57013,53064.45
20241113,딸기(일반),111787,77057,,60027,53064.45
20241114,딸기(일반),103219,78087,53002,,53064.45
20241115,딸기(일반),95791,90296,46729,46442,53064.45
20241116,딸기(일반),87375,104125,52223,48600,53064.45
20241118,딸기(일반),77589,92688,56542,50666,53064.45
20241119,딸기(일반),70713,,64532,49339,53064.45
20241120,딸기(일반),87351,82247,,38315,53064.45
20241121,딸기(일반),87223,70949,48189,,42706.02
20241122,딸기(일반),87992,72729,44716,32199,42706.02
20241123,딸기(일반),80958,73506,45040,35024,42706.02
20241125,딸기(일반),72566,65763,49637,35862,42706.02
20241126,딸기(일반),67731,,41398,39567,42706.02
20241127,딸기(일반),72200,57500,,38267,42706.02
20241128,딸기(일반),71005,56239,41207,,42706.02
20241129,딸기(일반),70267,63000,39275,37975,42706.02
20241130,딸기(일반),67305,67434,43872,37598,42706.02
20241202,딸기(일반),69433,68560,42336,38557,43717.81
20241203,딸기(일반),64926,,43689,42712,43717.81
20241204,딸기(일반),64152,55196,,49287,43717.81
20241205,딸기(일반),62636,51612,41934,,43717.81
20241206,딸기(일반),58894,53852,39894,47244,43717.81
20241207,딸기(일반),59025,58035,41825,43791,43717.81
20241209,딸기(일반),61894,52847,45537,43162,43717.81
20241210,딸기(일반),54884,,45460,42724,43717.81
20241211,딸기(일반),55985,48747,,42054,40520.34
20241212,딸기(일반),60415,47708,44367,,40520.34
20241213,딸기(일반),61449,45152,41348,41607,40520.34
20241214,딸기(일반),52998,46375,40092,42064,40520.34
20241216,딸기(일반),57306,48048,44839,43837,40520.34
20241217,딸기(일반),54016,,41777,46517,40520.34
20241218,딸기(일반),58210,47898,,51245,40520.34
20241219,딸기(일반),57258,47818,43672,,40520.34
20241220,딸기(일반),56064,52085,41543,52824,40520.34
20241221,딸기(일반),61830,57640,45035,57772,48901.72
20241223,딸기(일반),66794,62857,49201,64860,48901.72
20241224,딸기(일반),58852,,48855,62193,48901.72
20241225,딸기(일반),58164,63487,,66741,48901.72
20241226,딸기(일반),60617,54995,51246,,48901.72
20241227,딸기(일반),58366,54989,49419,65217,48901.72
20241228,딸기(일반),53985,59099,48503,59221,48901.72
20241230,딸기(일반),54245,57720,52238,58475,48901.72
20241231,딸기(일반),52943,,46907,64946,48901.72
20250102,딸기(일반),52943,,,,43475.68
20250103,딸기(일반),54701,51760,46532,60356,43475.68
20250104,딸기(일반),49587,42349,42116,54344,43475.68
20250106,딸기(일반),46580,47128,46724,59268,43475.68
20250107,딸기(일반),43970,,44646,58103,43475.68
20250108,딸기(일반),49361,46159,,53231,43475.68
20250109,딸기(일반),52832,39772,45459,,43475.68
20250110,딸기(일반),55648,44546,41925,53632,43475.68
20250111,딸기(일반),59093,44095,44253,49913,46647.91
20250113,딸기(일반),55838,56047,47999,52001,46647.91
20250114,딸기(일반),49836,,42061,53823,46647.91
20250115,딸기(일반),52888,55305,,55318,46647.91
20250116,딸기(일반),53055,50710,46232,,46647.91
20250117,딸기(일반),54681,53457,40928,53856,46647.91
20250118,딸기(일반),53521,53457,44392,52126,46647.91
20250120,딸기(일반),53990,55367,57860,57600,46647.91
20250121,딸기(일반),44528,,55601,57161,47448.57
20250122,딸기(일반),50015,63895,,56969,47448.57
20250123,딸기(일반),50587,58541,,,47448.57
20250124,딸기(일반),61572,61192,,58870,47448.57
20250125,딸기(일반),59505,58554,49179,51721,47448.57
20250127,딸기(일반),62237,58499,47922,57180,47448.57
20250128,딸기(일반),45232,,61433,68702,47448.57
20250201,딸기(일반),44859,56146,56664,,43842.51
20250203,딸기(일반),47657,54568,46575,,43842.51
20250204,딸기(일반),42054,,42379,45066,43842.51
20250205,딸기(일반),57327,66417,,44853,43842.51
20250206,딸기(일반),40320,50386,43251,,43842.51
20250207,딸기(일반),50850,66644,33036,52329,43842.51
20250208,딸기(일반),44885,67837,41484,40926,43842.51
20250210,딸기(일반),49858,,42012,41020,43842.51
20250211,딸기(일반),53269,,45506,50530,38149.82
20250213,딸기(일반),44767,51107,41797,,38149.82
20250214,딸기(일반),57886,39318,37935,43991,38149.82
20250215,딸기(일반),48952,42758,46420,39992,38149.82
20250217,딸기(일반),49952,42758,45276,39298,38149.82
20250218,딸기(일반),37894,,46633,39704,38149.82
20250219,딸기(일반),45507,41958,,42726,38149.82
20250220,딸기(일반),33510,34903,46128,,38149.82
20250221,딸기(일반),42258,36924,44986,40462,37542.75
20250222,딸기(일반),38028,33316,42460,39904,37542.75
20250224,딸기(일반),38915,63406,44499,39354,37542.75
20250225,딸기(일반),36412,,43596,43162,37542.75
20250226,딸기(일반),37180,54756,,40187,37542.75
20250227,딸기(일반),34295,47367,42056,,37542.75
20250228,딸기(일반),43350,47089,40270,38530,37542.75
20250301,딸기(일반),39932,49999,39647,36316,35867.61
20250303,딸기(일반),40563,,43854,33460,35867.61
20250304,딸기(일반),39693,43644,41238,35845,35867.61
20250306,딸기(일반),39685,42652,36844,,35867.61
20250307,딸기(일반),39110,46805,36711,32215,35867.61
20250308,딸기(일반),41336,48031,33284,32963,35867.61
20250310,딸기(일반),37412,,35232,31914,35867.61
20250311,딸기(일반),34138,42449,37500,33600,33957.2
20250312,딸기(일반),32942,37485,,37490,33957.2
20250313,딸기(일반),32097,40915,35111,,33957.2
20250314,딸기(일반),36718,43151,33619,32051,33957.2
20250315,딸기(일반),42202,45863,35480,32057,33957.2
20250317,딸기(일반),36583,,39405,38174,33957.2
20250318,딸기(일반),35350,38552,39038,35089,33957.2
20250319,딸기(일반),35058,35080,,38206,33957.2
20250320,딸기(일반),37205,33576,34867,,33957.2
20250321,딸기(일반),42662,33567,35379,37685,33800.39
20250322,딸기(일반),42645,35288,32662,47360,33800.39
20250324,딸기(일반),35266,,33881,42924,33800.39
20250325,딸기(일반),31708,34145,36316,39358,33800.39
20250326,딸기(일반),29862,33008,,44122,33800.39
20250327,딸기(일반),29734,34219,33583,,33800.39
20250328,딸기(일반),33313,38744,33525,38484,33800.39
20250329,딸기(일반),39855,40541,31311,36986,33800.39
20250331,딸기(일반),34364,,34265,34026,33800.39
20250401,딸기(일반),34569,39399,38835,32526,32603.25
20250402,딸기(일반),35990,38623,,34021,32603.25
20250403,딸기(일반),38756,35112,32957,,32603.25
20250404,딸기(일반),46667,34683,30764,33859,32603.25
20250405,딸기(일반),54471,34670,28517,32849,32603.25
20250407,딸기(일반),44204,,33229,30473,32603.25
20250408,딸기(일반),39852,33947,38097,33125,32603.25
20250409,딸기(일반),36729,32113,,35247,32603.25
20250410,딸기(일반),33083,31798,33184,,32603.25
20250411,딸기(일반),37622,33685,32342,30698,33621.87
20250412,딸기(일반),33223,36422,32855,29806,33621.87
20250414,딸기(일반),30328,,36023,28169,33621.87
20250415,딸기(일반),31718,31130,39984,30751,33621.87
20250416,딸기(일반),34969,34499,,41580,33621.87
20250417,딸기(일반),37623,34574,32430,,33621.87
20250418,딸기(일반),39348,34802,32458,32730,33621.87
20250419,딸기(일반),39129,37695,31787,32675,33621.87
20250421,딸기(일반),30535,,31424,39335,36263.5
20250422,딸기(일반),24548,36350,31882,44182,36263.5
20250423,딸기(일반),26130,37524,,50246,36263.5
20250424,딸기(일반),31567,39346,31505,,36263.5
20250425,딸기(일반),35614,42331,34338,35001,36263.5
20250426,딸기(일반),44217,45236,37062,32517,36263.5
20250428,딸기(일반),36619,,51428,33933,36263.5
20250429,딸기(일반),35290,32482,50634,40847,36263.5
20250430,딸기(일반),37772,31000,,48808,36263.5
20250501,딸기(일반),38182,33975,41957,,38179.52
20250502,딸기(일반),39961,39515,37125,40727,38179.52
20250503,딸기(일반),44567,38228,38936,38747,38179.52
20250505,딸기(일반),37871,,35939,43857,38179.52
20250506,딸기(일반),39512,29792,44074,50219,38179.52
20250507,딸기(일반),41812,29319,,47264,38179.52
20250508,딸기(일반),43615,32304,40273,,38179.52
20250509,딸기(일반),45019,37884,40136,36257,38179.52
20250510,딸기(일반),42006,38398,35734,31941,38179.52
20250512,딸기(일반),36098,,34088,32622,29616.11
20250513,딸기(일반),32868,28392,31069,32105,29616.11
20250514,딸기(일반),31372,27859,,29618,29616.11
20250515,딸기(일반),27768,28474,29865,,29616.11
20250516,딸기(일반),29169,32534,28303,29003,29616.11
20250517,딸기(일반),27990,34436,25771,31186,29616.11
20250519,딸기(일반),24831,,28731,35374,29616.11
20250520,딸기(일반),24079,28161,28261,32018,29616.11
20250521,딸기(일반),26071,28427,,33026,24990.55
20250522,딸기(일반),25363,28014,23413,,24990.55
20250523,딸기(일반),23660,29156,23456,26376,24990.55
20250524,딸기(일반),24505,25690,23088,25196,24990.55
20250526,딸기(일반),21889,,23856,26120,24990.55
20250527,딸기(일반),21519,23734,24068,28680,24990.55
20250528,딸기(일반),21853,24251,,28667,24990.55
20250529,딸기(일반),22374,25717,21765,,24990.55
20250530,딸기(일반),22143,26407,21321,28410,24990.55
20250531,딸기(일반),26322,27677,21364,27884,24990.55
20250602,딸기(일반),23438,,19278,24826,21446.17
20250603,딸기(일반),19922,24863,20681,27250,21446.17
20250604,딸기(일반),19679,23897,,33542,21446.17
20250605,딸기(일반),22188,22330,22881,,21446.17
20250606,딸기(일반),24057,23685,22000,29941,21446.17
20250607,딸기(일반),29644,25328,23222,30077,21446.17
20250609,딸기(일반),26981,,33000,23000,21446.17
20250610,딸기(일반),20684,24574,41000,35952,21446.17
20250611,딸기(일반),23600,27875,,31400,22113.29
20250612,딸기(일반),25381,27000,30000,,22113.29
20250613,딸기(일반),26000,27211,30000,23000,22113.29
20250614,딸기(일반),35000,32474,30000,15250,22113.29
20250616,딸기(일반),20556,,,15250,22113.29
20250617,딸기(일반),20556,29450,,15250,22113.29
20250618,딸기(일반),20556,29450,,15250,22113.29
20250619,딸기(일반),20556,,,,22113.29
20250620,딸기(일반),20556,,,15250,22113.29
20250621,딸기(일반),20556,,,15250,6450.21
20250623,딸기(일반),20556,,,,6450.21
20250624,딸기(일반),20556,,,,6450.21
20250625,딸기(일반),20556,,,,6450.21
20250626,딸기(일반),20556,,,,6450.21
20251020,딸기(일반),100000,,,,26759.09
20251021,딸기(일반),80000,,100000,50000,69096.28
20251022,딸기(일반),96667,,,100000,69096.28
20251023,딸기(일반),80000,,100000,,69096.28
20251024,딸기(일반),101667,,102857,97600,69096.28
20251025,딸기(일반),104000,80000,100000,100000,69096.28
20251027,딸기(일반),90333,,130000,80000,69096.28
20251028,딸기(일반),80714,118571,107368,100000,69096.28
20251029,딸기(일반),103733,66000,,89333,69096.28
20251030,딸기(일반),102455,120000,88132,,69096.28
20251031,딸기(일반),118148,105000,92727,100000,69096.28
20251103,딸기(일반),95475,,97852,110690,63567.09
20251104,딸기(일반),92500,120889,,126944,63567.09
20251105,딸기(일반),96033,107176,,104489,63567.09
20251106,딸기(일반),92165,102840,75678,,63567.09
20251107,딸기(일반),80877,115357,80535,77019,63567.09
20251108,딸기(일반),86808,112345,80268,68500,63567.09
20251110,딸기(일반),67623,,84914,74228,63567.09
20251111,딸기(일반),63222,98296,88235,76466,59793.3
20251112,딸기(일반),65300,84149,,76801,59793.3
20251113,딸기(일반),76441,111787,77057,,59793.3
20251114,딸기(일반),75536,103219,78087,53002,59793.3
20251115,딸기(일반),77531,95791,90296,46729,59793.3
20251117,딸기(일반),63341,,90127,52198,59793.3
20251118,딸기(일반),63304,77589,92688,56542,59793.3
20251119,딸기(일반),62603,70713,,64532,59793.3
20251120,딸기(일반),62385,87351,82247,,59793.3
20251121,딸기(일반),67101,87223,70949,48189,49604.37
20251122,딸기(일반),59264,87992,72729,44716,49604.37
20251124,딸기(일반),54610,,67991,49026,49604.37
20251125,딸기(일반),49912,72566,65763,49637,49604.37
20251126,딸기(일반),49598,67731,,41398,49604.37
20251127,딸기(일반),54441,72200,57500,,49604.37
20251128,딸기(일반),50752,71005,56239,41207,49604.37
20251129,딸기(일반),54422,70267,63000,39275,49604.37
20251201,딸기(일반),47582,,68560,42215,48606.58
20251202,딸기(일반),43299,69433,68560,42336,48606.58
20251203,딸기(일반),42629,64926,,43689,48606.58
20251204,딸기(일반),41566,64152,55196,,48606.58
20251205,딸기(일반),44315,62636,51612,41934,48606.58
20251206,딸기(일반),44508,58894,53852,39894,48606.58
20251208,딸기(일반),41925,,56185,41912,48606.58
20251209,딸기(일반),39139,61894,52847,45537,48606.58
20251210,딸기(일반),42797,54884,,45460,48606.58
20251211,딸기(일반),44251,55985,48747,,45766.97
20251212,딸기(일반),53515,60415,47708,44367,45766.97
20251215,딸기(일반),40497,,45727,43262,45766.97
20251216,딸기(일반),37849,57306,48048,44839,45766.97
20251217,딸기(일반),39783,54016,,41777,45766.97
20251218,딸기(일반),44887,58210,47898,,45766.97
20251219,딸기(일반),50169,57258,47818,43672,45766.97
20251220,딸기(일반),53317,56064,52085,41543,45766.97
20251222,딸기(일반),52632,,56961,49847,53208.28
20251223,딸기(일반),50637,66794,62857,49201,53208.28
20251224,딸기(일반),52617,58852,,48855,53208.28
20251225,딸기(일반),53707,58164,63487,,53208.28
20251226,딸기(일반),56748,60617,54995,51246,53208.28
20251227,딸기(일반),58885,58366,54989,49419,53208.28
20251229,딸기(일반),54240,,59986,47581,53208.28
20251230,딸기(일반),55239,54245,57720,52238,53208.28
20251231,딸기(일반),54325,52943,,46907,53208.28
20260103,딸기(일반),52105,54701,51760,46532,45965.7
20260105,딸기(일반),51731,,47076,40157,45965.7
20260106,딸기(일반),47199,46580,47128,46724,45965.7
20260107,딸기(일반),50112,43970,,44646,45965.7
20260108,딸기(일반),46037,49361,46159,,45965.7
20260109,딸기(일반),48507,52832,39772,45459,45965.7
20260110,딸기(일반),46299,55648,44546,41925,45965.7
20260112,딸기(일반),47891,,51937,41418,49204.89
20260113,딸기(일반),40967,55838,56047,47999,49204.89
20260114,딸기(일반),46684,49836,,42061,49204.89
20260115,딸기(일반),45418,52888,55305,,49204.89
20260116,딸기(일반),53016,53055,50710,46232,49204.89
20260117,딸기(일반),49626,54681,53457,40928,49204.89
20260119,딸기(일반),53860,,60779,47334,49204.89
20260120,딸기(일반),42560,53990,55367,57860,49204.89
20260121,딸기(일반),47179,44528,,55601,50428.95
20260122,딸기(일반),42826,50015,63895,,50428.95
20260123,딸기(일반),54322,50587,58541,,50428.95
20260124,딸기(일반),50383,61572,61192,,50428.95
20260126,딸기(일반),55904,,62410,35970,50428.95
20260127,딸기(일반),44835,62237,58499,47922,50428.95
20260128,딸기(일반),58274,45232,,61433,50428.95
20260129,딸기(일반),51688,,66665,,50428.95
20260130,딸기(일반),67323,,55291,55246,50428.95
20260131,딸기(일반),48665,,61933,46753,50428.95
20260202,딸기(일반),61625,,65705,40524,46802.05
20260203,딸기(일반),43131,47657,54568,46575,46802.05
20260204,딸기(일반),59655,42054,,42379,46802.05
20260205,딸기(일반),41446,57327,66417,,46802.05
20260206,딸기(일반),59091,40320,50386,43251,46802.05
20260207,딸기(일반),47581,50850,66644,33036,46802.05
20260209,딸기(일반),49467,,59417,35697,46802.05
20260210,딸기(일반),36385,49858,,42012,46802.05
20260211,딸기(일반),48892,53269,,45506,41596.36
20260212,딸기(일반),36380,,,,41596.36
20260213,딸기(일반),58651,44767,51107,41797,41596.36
20260214,딸기(일반),61108,57886,39318,37935,41596.36
20260216,딸기(일반),36712,,44036,45597,41596.36
20260220,딸기(일반),39031,33510,34903,46128,41596.36
20260221,딸기(일반),33920,42258,36924,44986,40187.22
20260223,딸기(일반),32489,,49671,42886,40187.22
20260224,딸기(일반),29641,38915,63406,44499,40187.22
20260225,딸기(일반),37487,36412,,43596,40187.22
20260226,딸기(일반),27978,37180,54756,,40187.22
20260227,딸기(일반),43130,34295,47367,42056,40187.22
20260228,딸기(일반),40500,43350,47089,40270,40187.22
20260302,딸기(일반),36840,,30000,40410,37978.34
20260303,딸기(일반),33327,40563,,43854,37978.34
20260304,딸기(일반),34384,39693,43644,41238,37978.34
20260305,딸기(일반),35155,,40809,,37978.34
20260306,딸기(일반),41572,39685,42652,36844,37978.34
20260309,딸기(일반),34111,,46919,34303,37978.34
20260310,딸기(일반),33108,37412,,35232,37978.34
20260311,딸기(일반),31484,34138,42449,37500,35253.55
20260312,딸기(일반),35226,32942,37485,,35253.55
20260313,딸기(일반),39804,32097,40915,35111,35253.55
20260314,딸기(일반),37089,36718,43151,33619,35253.55
20260316,딸기(일반),35537,,43821,36499,35253.55
20260317,딸기(일반),34951,36583,,39405,35253.55
20260318,딸기(일반),33325,35350,38552,39038,35253.55
20260319,딸기(일반),33075,35058,35080,,35253.55
20260320,딸기(일반),38940,37205,33576,34867,35253.55
20260321,딸기(일반),37378,42662,33567,35379,35288.64
20260323,딸기(일반),36039,,36233,31904,35288.64
20260324,딸기(일반),32116,35266,,33881,35288.64
20260325,딸기(일반),30197,31708,34145,36316,35288.64
20260326,딸기(일반),29600,29862,33008,,35288.64
20260327,딸기(일반),34841,29734,34219,33583,35288.64
20260328,딸기(일반),38387,33313,38744,33525,35288.64
20260330,딸기(일반),31245,,42231,31167,35288.64
20260331,딸기(일반),29434,34364,,34265,35288.64
20260401,딸기(일반),28127,34569,39399,38835,34562.84
20260402,딸기(일반),32508,35990,38623,,34562.84
20260403,딸기(일반),41466,38756,35112,32957,34562.84
20260406,딸기(일반),32087,,40574,29346,34562.84
20260407,딸기(일반),30126,44204,,33229,34562.84
20260408,딸기(일반),27636,39852,33947,38097,34562.84
20260409,딸기(일반),30766,36729,32113,,34562.84
20260410,딸기(일반),33500,33083,31798,33184,34562.84
20260411,딸기(일반),37380,37622,33685,32342,34509.34
20260413,딸기(일반),33479,,39623,34810,34509.34
20260414,딸기(일반),34612,30328,,36023,34509.34
20260415,딸기(일반),31759,31718,31130,39984,34509.34
20260416,딸기(일반),34076,34969,34499,,34509.34
20260417,딸기(일반),36945,37623,34574,32430,34509.34
20260418,딸기(일반),41170,39348,34802,32458,34509.34
20260420,딸기(일반),31837,,40910,31358,34509.34
20260421,딸기(일반),31429,30535,,31424,36225.36
20260422,딸기(일반),32471,24548,36350,31882,36225.36
20260423,딸기(일반),34695,26130,37524,,36225.36
20260424,딸기(일반),37164,31567,39346,31505,36225.36
20260425,딸기(일반),43181,35614,42331,34338,36225.36
20260427,딸기(일반),33256,,46367,44734,36225.36
20260428,딸기(일반),32367,36619,,51428,36225.36
20260429,딸기(일반),33168,35290,32482,50634,36225.36
20260430,딸기(일반),35700,37772,31000,,36225.36
20260501,딸기(일반),38554,38182,33975,41957,40029.62
20260502,딸기(일반),43521,39961,39515,37125,40029.62
20260504,딸기(일반),35637,,42278,38669,40029.62
20260505,딸기(일반),34360,37871,,35939,40029.62
20260506,딸기(일반),38938,39512,29792,44074,40029.62
20260507,딸기(일반),41916,41812,29319,,40029.62
20260508,딸기(일반),41745,43615,32304,40273,40029.62
20260509,딸기(일반),38334,45019,37884,40136,40029.62
20260511,딸기(일반),32976,,34936,32784,29624.76
20260512,딸기(일반),30565,36098,,34088,29624.76
20260513,딸기(일반),28732,32868,28392,31069,29624.76
20260514,딸기(일반),31193,31372,27859,,29624.76
20260515,딸기(일반),30320,27768,28474,29865,29624.76
20260516,딸기(일반),28058,29169,32534,28303,29624.76
20260518,딸기(일반),25973,,33495,26718,29624.76
20260519,딸기(일반),25819,24831,,28731,29624.76
20260520,딸기(일반),23446,24079,28161,28261,29624.76
20260521,딸기(일반),29170,26071,28427,,25009.15
20260522,딸기(일반),27969,25363,28014,23413,25009.15
20260523,딸기(일반),29251,23660,29156,23456,25009.15
20260525,딸기(일반),25218,,27325,23233,25009.15
20260526,딸기(일반),23424,21889,,23856,25009.15
20260527,딸기(일반),24473,21519,23734,24068,25009.15
20260528,딸기(일반),22605,21853,24251,,25009.15
