id,날짜,작물분류,품목명,평균가,평균기온,강수량,월,전년도가격,7일평균가,30일평균가,전일가격,가격변화율,7일내_폭염발생,환절기여부,봄_환절기여부,7일누적강수량
5260,2022-03-19,토마토,대추방울토마토,27426.0,3.4,14.6,3,20981.0,25612.0,24379.133333333335,26683.0,0.027845444665142605,0,0,1,27.099999999999998
5261,2022-03-21,토마토,대추방울토마토,27106.0,5.0,0.0,3,20284.0,26235.14285714286,24424.333333333332,27426.0,-0.011667760519215364,0,0,1,24.499999999999996
5262,2022-03-22,토마토,대추방울토마토,33042.0,7.1,0.0,3,17744.0,27339.285714285714,24623.266666666666,27106.0,0.21899210506898847,0,0,1,15.799999999999999
5263,2022-03-23,토마토,대추방울토마토,29699.0,6.2,0.0,3,16829.0,27580.85714285714,24703.6,33042.0,-0.1011742630591369,0,0,1,15.799999999999999
5264,2022-03-24,토마토,대추방울토마토,28044.0,8.2,0.0,3,18660.0,27957.85714285714,24888.566666666666,29699.0,-0.05572578201286238,0,0,1,15.799999999999999
5265,2022-03-25,토마토,대추방울토마토,31266.0,12.0,10.9,3,16936.0,29038.0,25131.533333333333,28044.0,0.11489088575096273,0,0,1,25.5
5266,2022-03-26,토마토,대추방울토마토,26858.0,11.8,19.8,3,16188.0,29063.0,25306.5,31266.0,-0.1409838162860615,0,0,1,45.3
5267,2022-03-28,토마토,대추방울토마토,27537.0,8.2,0.0,3,18498.0,29078.85714285714,25483.366666666665,26858.0,0.02528110804974304,0,0,1,30.7
5268,2022-03-29,토마토,대추방울토마토,29354.0,9.7,0.0,3,16819.0,29400.0,25687.633333333335,27537.0,0.06598394886879477,0,0,1,30.700000000000003
5269,2022-03-30,토마토,대추방울토마토,27423.0,10.8,0.4,3,17520.0,28597.285714285714,25839.766666666666,29354.0,-0.06578319820126732,0,0,1,31.1
5270,2022-03-31,토마토,대추방울토마토,25041.0,10.9,0.0,3,19124.0,27931.85714285714,25933.566666666666,27423.0,-0.08686139372059953,0,0,1,31.1
5271,2022-04-01,토마토,대추방울토마토,25737.0,9.2,0.0,4,19346.0,27602.285714285714,26072.2,25041.0,0.027794417155864393,0,0,1,31.1
5272,2022-04-02,토마토,대추방울토마토,23600.0,8.2,0.0,4,22142.0,26507.14285714286,26098.066666666666,25737.0,-0.0830322104363368,0,0,1,20.2
5273,2022-04-04,토마토,대추방울토마토,24442.0,10.3,0.0,4,22033.0,26162.0,26096.566666666666,23600.0,0.035677966101694825,0,0,1,0.4
5274,2022-04-05,토마토,대추방울토마토,22917.0,10.3,0.0,4,20425.0,25502.0,26008.433333333334,24442.0,-0.06239260289665327,0,0,1,0.4
5275,2022-04-06,토마토,대추방울토마토,22846.0,11.7,0.0,4,19575.0,24572.285714285714,25977.9,22917.0,-0.0030981367543745364,0,0,1,0.4
5276,2022-04-07,토마토,대추방울토마토,21207.0,10.9,0.0,4,20543.0,23684.285714285714,25871.633333333335,22846.0,-0.07174122384662518,0,0,1,0.0
5277,2022-04-08,토마토,대추방울토마토,21132.0,12.9,0.0,4,19201.0,23125.85714285714,25753.2,21207.0,-0.003536568114301919,0,0,1,0.0
5278,2022-04-09,토마토,대추방울토마토,18232.0,17.8,0.5,4,16959.0,22053.714285714286,25509.9,21132.0,-0.13723263297368915,0,0,1,0.5
5279,2022-04-11,토마토,대추방울토마토,20824.0,19.6,0.0,4,18733.0,21657.14285714286,25405.633333333335,18232.0,0.14216761737604222,0,0,1,0.5
5280,2022-04-12,토마토,대추방울토마토,21909.0,19.3,0.5,4,15989.0,21295.285714285714,25315.033333333333,20824.0,0.05210334229734914,0,0,1,1.0
5281,2022-04-13,토마토,대추방울토마토,19292.0,13.1,1.3,4,17113.0,20777.428571428572,25204.7,21909.0,-0.11944862841754533,0,0,1,2.3
5282,2022-04-14,토마토,대추방울토마토,17202.0,13.2,0.0,4,16893.0,19971.14285714286,24970.533333333333,19292.0,-0.10833506116524982,0,0,1,2.3
5283,2022-04-15,토마토,대추방울토마토,20175.0,13.3,0.0,4,16046.0,19823.714285714286,24805.633333333335,17202.0,0.17282874084408784,0,0,1,2.3
5284,2022-04-16,토마토,대추방울토마토,18246.0,13.2,0.0,4,15306.0,19411.428571428572,24655.7,20175.0,-0.09561338289962829,0,0,1,2.3
5285,2022-04-18,토마토,대추방울토마토,20124.0,15.2,0.0,4,17943.0,19681.714285714286,24482.733333333334,18246.0,0.1029266688589281,0,0,1,1.8
5286,2022-04-19,토마토,대추방울토마토,22620.0,15.2,0.0,4,15207.0,19938.285714285714,24303.133333333335,20124.0,0.12403100775193798,0,0,1,1.8
5287,2022-04-20,토마토,대추방울토마토,21161.0,15.7,0.0,4,14615.0,19831.428571428572,24161.666666666668,22620.0,-0.06450044208664896,0,0,1,1.3
5288,2022-04-21,토마토,대추방울토마토,19199.0,16.3,0.0,4,15828.0,19818.14285714286,24011.466666666667,21161.0,-0.09271773545673645,0,0,1,0.0
5289,2022-04-22,토마토,대추방울토마토,21541.0,15.0,0.0,4,15320.0,20438.0,23840.066666666666,19199.0,0.12198552007917085,0,0,1,0.0
5290,2022-04-23,토마토,대추방울토마토,19294.0,17.7,0.0,4,15627.0,20312.14285714286,23569.0,21541.0,-0.10431270600250686,0,0,1,0.0
5291,2022-04-25,토마토,대추방울토마토,21978.0,20.0,1.3,4,17559.0,20845.285714285714,23398.066666666666,19294.0,0.1391106043329533,0,0,1,1.3
5292,2022-04-26,토마토,대추방울토마토,21397.0,21.9,1.0,4,15483.0,21027.14285714286,23009.9,21978.0,-0.02643552643552649,0,0,1,2.3
5293,2022-04-27,토마토,대추방울토마토,19611.0,17.7,0.0,4,17000.0,20597.285714285714,22673.633333333335,21397.0,-0.08346964527737533,0,0,1,2.3
5294,2022-04-28,토마토,대추방울토마토,19004.0,18.2,0.0,4,16334.0,20289.14285714286,22372.3,19611.0,-0.03095201672530723,0,0,1,2.3
5295,2022-04-29,토마토,대추방울토마토,17033.0,13.4,15.5,4,17679.0,19979.714285714286,21897.866666666665,19004.0,-0.10371500736687012,0,0,1,17.8
5296,2022-04-30,토마토,대추방울토마토,17252.0,13.0,0.0,4,13599.0,19367.0,21577.666666666668,17033.0,0.012857394469559136,0,0,1,17.8
5297,2022-05-02,토마토,대추방울토마토,19270.0,14.2,0.0,5,13355.0,19363.571428571428,21302.1,17252.0,0.1169719452817064,0,0,0,17.8
5298,2022-05-03,토마토,대추방울토마토,19987.0,14.8,0.0,5,17414.0,19079.14285714286,20989.866666666665,19270.0,0.03720809548521009,0,0,0,16.5
5299,2022-05-04,토마토,대추방울토마토,17400.0,17.8,0.0,5,15192.0,18508.14285714286,20655.766666666666,19987.0,-0.1294341321859208,0,0,0,15.5
5300,2022-05-05,토마토,대추방울토마토,18769.0,18.9,0.0,5,15463.0,18387.85714285714,20446.7,17400.0,0.07867816091954016,0,0,0,15.5
5301,2022-05-06,토마토,대추방울토마토,17348.0,19.6,0.0,5,18358.0,18151.285714285714,20167.066666666666,18769.0,-0.07570994725344982,0,0,0,15.5
5302,2022-05-07,토마토,대추방울토마토,16079.0,18.4,0.5,5,15909.0,18015.0,19916.366666666665,17348.0,-0.07314964261009915,0,0,0,0.5
5303,2022-05-09,토마토,대추방울토마토,18803.0,17.9,0.0,5,14914.0,18236.571428571428,19728.4,16079.0,0.16941352074133964,0,0,0,0.5
5304,2022-05-10,토마토,대추방울토마토,18567.0,19.9,0.0,5,16795.0,18136.14285714286,19583.4,18803.0,-0.012551188640110622,0,0,0,0.5
5305,2022-05-11,토마토,대추방울토마토,19601.0,19.7,0.0,5,21108.0,18081.0,19475.233333333334,18567.0,0.05569020304841921,0,0,0,0.5
5306,2022-05-12,토마토,대추방울토마토,17053.0,20.9,0.0,5,18953.0,18031.428571428572,19336.766666666666,19601.0,-0.12999336768532221,0,0,0,0.5
5307,2022-05-13,토마토,대추방울토마토,16301.0,19.4,0.0,5,18751.0,17678.85714285714,19175.733333333334,17053.0,-0.04409781270157742,0,0,0,0.5
5308,2022-05-14,토마토,대추방울토마토,15557.0,15.7,0.0,5,18338.0,17423.0,19086.566666666666,16301.0,-0.04564137169498805,0,0,0,0.5
5309,2022-05-16,토마토,대추방울토마토,20058.0,17.3,0.0,5,18818.0,17991.428571428572,19061.033333333333,15557.0,0.28932313428038814,0,0,0,0.0
5310,2022-05-17,토마토,대추방울토마토,15453.0,20.0,0.0,5,22974.0,17512.85714285714,18845.833333333332,20058.0,-0.22958420580317085,0,0,0,0.0
5311,2022-05-18,토마토,대추방울토마토,16769.0,20.0,1.5,5,24074.0,17256.0,18761.733333333334,15453.0,0.08516145732220282,0,0,0,1.5
5312,2022-05-19,토마토,대추방울토마토,13788.0,19.9,0.0,5,21954.0,16425.571428571428,18647.933333333334,16769.0,-0.17776850140139544,0,0,0,1.5
5313,2022-05-20,토마토,대추방울토마토,13251.0,20.6,0.0,5,22868.0,15882.42857142857,18417.133333333335,13788.0,-0.038946910356832065,0,0,0,1.5
5314,2022-05-21,토마토,대추방울토마토,14630.0,20.1,0.0,5,21788.0,15643.714285714286,18296.6,13251.0,0.10406761753829907,0,0,0,1.5
5315,2022-05-23,토마토,대추방울토마토,16999.0,23.0,0.0,5,23056.0,15849.714285714286,18192.433333333334,14630.0,0.16192754613807248,0,0,0,1.5
5316,2022-05-24,토마토,대추방울토마토,17052.0,22.9,0.0,5,25986.0,15420.285714285714,18006.833333333332,16999.0,0.003117830460615423,0,0,0,1.5
5317,2022-05-25,토마토,대추방울토마토,15966.0,21.0,3.5,5,24227.0,15493.57142857143,17833.666666666668,17052.0,-0.0636875439831105,0,0,0,5.0
5318,2022-05-26,토마토,대추방울토마토,15232.0,18.7,0.0,5,22965.0,15274.0,17701.433333333334,15966.0,-0.045972691970437185,0,0,0,3.5
5319,2022-05-27,토마토,대추방울토마토,15764.0,20.0,0.0,5,23022.0,15556.285714285714,17508.866666666665,15232.0,0.03492647058823528,0,0,0,3.5
5320,2022-05-28,토마토,대추방울토마토,17992.0,22.3,0.0,5,21921.0,16233.57142857143,17465.466666666667,15764.0,0.1413346866277594,0,0,0,3.5
5321,2022-05-30,토마토,대추방울토마토,16820.0,20.8,0.0,5,20549.0,16546.428571428572,17293.533333333333,17992.0,-0.06514006224988889,0,0,0,3.5
5322,2022-05-31,토마토,대추방울토마토,16232.0,20.7,0.0,5,21665.0,16436.85714285714,17121.366666666665,16820.0,-0.03495838287752673,0,0,0,3.5
5323,2022-06-01,토마토,대추방울토마토,14452.0,22.1,0.0,6,18515.0,16065.42857142857,16949.4,16232.0,-0.10965993100049287,0,0,0,3.5
5324,2022-06-02,토마토,대추방울토마토,18486.0,21.5,0.0,6,17673.0,16425.428571428572,16932.133333333335,14452.0,0.279130916136175,0,0,0,0.0
5325,2022-06-03,토마토,대추방울토마토,15065.0,24.5,0.0,6,18033.0,16401.571428571428,16866.533333333333,18486.0,-0.1850589635399762,0,0,0,0.0
5326,2022-06-04,토마토,대추방울토마토,14905.0,25.6,0.0,6,17905.0,16278.857142857143,16788.3,15065.0,-0.010620643876535052,0,0,0,0.0
5327,2022-06-06,토마토,대추방울토마토,15463.0,19.7,4.3,6,15894.0,15917.57142857143,16661.4,14905.0,0.03743710164374381,0,0,0,4.3
5328,2022-06-07,토마토,대추방울토마토,17023.0,20.6,0.0,6,19501.0,15946.57142857143,16562.6,15463.0,0.10088598590183007,0,0,0,4.3
5329,2022-06-08,토마토,대추방울토마토,14409.0,21.2,0.0,6,17514.0,15686.142857142857,16462.9,17023.0,-0.1535569523585737,0,0,0,4.3
5330,2022-06-09,토마토,대추방울토마토,15047.0,20.9,2.6,6,18380.0,15771.142857142857,16338.833333333334,14409.0,0.044277881879380976,0,0,0,6.9
5331,2022-06-10,토마토,대추방울토마토,14014.0,20.9,1.2,6,19022.0,15132.285714285714,16227.7,15047.0,-0.06865155845018944,0,0,0,8.1
5332,2022-06-11,토마토,대추방울토마토,13990.0,24.6,0.0,6,19915.0,14978.714285714286,16158.066666666668,14014.0,-0.001712573141144591,0,0,0,8.1
5333,2022-06-13,토마토,대추방울토마토,15187.0,23.6,18.0,6,19794.0,15019.0,16037.533333333333,13990.0,0.08556111508220154,0,0,0,26.1
5334,2022-06-14,토마토,대추방울토마토,14127.0,21.5,0.0,6,24641.0,14828.142857142857,15889.533333333333,15187.0,-0.06979653651149009,0,0,0,21.8
5335,2022-06-15,토마토,대추방울토마토,13863.0,17.5,18.5,6,24953.0,14376.714285714286,15698.266666666666,14127.0,-0.018687619452112947,0,0,0,40.3
5336,2022-06-16,토마토,대추방울토마토,12836.0,20.3,0.7,6,23755.0,14152.0,15557.7,13863.0,-0.07408208901392199,0,0,0,41.0
5337,2022-06-17,토마토,대추방울토마토,12849.0,22.5,0.0,6,21601.0,13838.0,15442.633333333333,12836.0,0.0010127765659084798,0,0,0,38.4
5338,2022-06-18,토마토,대추방울토마토,11726.0,23.3,0.0,6,23532.0,13511.142857142857,15314.933333333332,12849.0,-0.08739979764962258,0,0,0,37.2
5339,2022-06-20,토마토,대추방울토마토,12444.0,25.2,0.0,6,19436.0,13290.285714285714,15061.133333333333,11726.0,0.061231451475353804,0,0,0,37.2
5340,2022-06-21,토마토,대추방울토마토,12685.0,26.5,0.0,6,24866.0,12932.857142857143,14968.866666666667,12444.0,0.019366763098682016,0,0,0,19.2
5341,2022-06-22,토마토,대추방울토마토,11107.0,25.9,0.0,6,19213.0,12501.42857142857,14780.133333333333,12685.0,-0.12439889633425305,0,0,0,19.2
5342,2022-06-23,토마토,대추방울토마토,11147.0,24.3,103.0,6,22090.0,12113.42857142857,14692.1,11107.0,0.0036013324930224133,0,0,0,103.7
5343,2022-06-24,토마토,대추방울토마토,10988.0,22.6,19.1,6,21153.0,11849.42857142857,14616.666666666666,11147.0,-0.014263927514129415,0,0,0,122.1
5344,2022-06-25,토마토,대추방울토마토,12126.0,26.0,0.0,6,22689.0,11746.142857142857,14533.2,10988.0,0.10356752821259563,0,0,0,122.1
5345,2022-06-27,토마토,대추방울토마토,12831.0,26.8,6.1,6,20862.0,11904.0,14394.266666666666,12126.0,0.058139534883721034,0,0,0,128.2
5346,2022-06-28,토마토,대추방울토마토,11665.0,26.9,6.3,6,21707.0,11792.714285714286,14214.7,12831.0,-0.09087366534175045,0,0,0,134.5
5347,2022-06-29,토마토,대추방울토마토,10952.0,25.1,37.8,6,22690.0,11545.142857142857,14047.566666666668,11665.0,-0.06112301757393912,0,0,0,172.3
5348,2022-06-30,토마토,대추방울토마토,10752.0,22.3,176.2,6,23467.0,11494.42857142857,13898.233333333334,10952.0,-0.018261504747991264,0,0,0,348.5
5349,2022-07-01,토마토,대추방울토마토,11281.0,26.6,0.0,7,23990.0,11513.57142857143,13748.8,10752.0,0.049200148809523725,0,0,0,245.5
5350,2022-07-02,토마토,대추방울토마토,13103.0,28.8,0.0,7,23183.0,11815.714285714286,13585.833333333334,11281.0,0.16151050438790882,0,0,0,226.4
5351,2022-07-04,토마토,대추방울토마토,14033.0,29.3,0.0,7,16191.0,12088.142857142857,13492.933333333332,13103.0,0.07097611234068535,0,0,0,226.4
5352,2022-07-05,토마토,대추방울토마토,14611.0,29.2,0.0,7,19305.0,12342.42857142857,13438.9,14033.0,0.04118862680823776,0,0,0,220.3
5353,2022-07-06,토마토,대추방울토마토,14021.0,29.5,16.1,7,15711.0,12679.0,13424.533333333333,14611.0,-0.04038053521319551,0,0,0,230.1
5354,2022-07-07,토마토,대추방울토마토,14737.0,28.2,0.0,7,16999.0,13219.714285714286,13299.566666666668,14021.0,0.051066257756222866,0,0,0,192.3
5355,2022-07-08,토마토,대추방울토마토,15551.0,25.8,1.7,7,15344.0,13905.285714285714,13315.766666666666,14737.0,0.05523512248083051,0,0,0,17.80000000000003
5356,2022-07-09,토마토,대추방울토마토,15351.0,26.9,0.1,7,21216.0,14486.714285714286,13330.633333333333,15551.0,-0.012860909266285137,0,0,0,17.90000000000003
5357,2022-07-11,토마토,대추방울토마토,15066.0,27.0,9.0,7,15736.0,14767.142857142857,13317.4,15351.0,-0.018565565761188174,0,0,0,26.90000000000003
5358,2022-07-12,토마토,대추방울토마토,16897.0,26.8,0.0,7,18461.0,15176.285714285714,13313.2,15066.0,0.1215319261914245,0,0,0,26.90000000000003
5359,2022-07-13,토마토,대추방울토마토,15573.0,25.0,114.5,7,15935.0,15313.714285714286,13352.0,16897.0,-0.07835710481150504,0,0,0,141.40000000000003
5360,2022-07-14,토마토,대추방울토마토,16292.0,25.7,0.9,7,16968.0,15638.142857142857,13393.5,15573.0,0.04616965260386574,0,0,0,126.20000000000005
5361,2022-07-15,토마토,대추방울토마토,15458.0,26.0,0.0,7,18620.0,15741.142857142857,13441.633333333333,16292.0,-0.05119076847532533,0,0,0,126.20000000000005
5362,2022-07-16,토마토,대추방울토마토,15225.0,24.8,34.0,7,19383.0,15694.57142857143,13482.8,15458.0,-0.015073101306766756,0,0,0,158.50000000000003
5363,2022-07-18,토마토,대추방울토마토,19725.0,26.8,0.0,7,16055.0,16319.42857142857,13634.066666666668,15225.0,0.29556650246305427,0,0,0,158.40000000000003
5364,2022-07-19,토마토,대추방울토마토,19759.0,27.4,0.0,7,17472.0,16989.85714285714,13821.8,19725.0,0.0017237008871990867,0,0,0,149.40000000000003
5365,2022-07-20,토마토,대추방울토마토,18104.0,27.1,1.1,7,16758.0,17162.285714285714,13963.166666666666,19759.0,-0.0837592995596943,0,0,0,150.50000000000003
5366,2022-07-21,토마토,대추방울토마토,16334.0,23.2,10.4,7,20502.0,17271.0,14079.766666666666,18104.0,-0.09776844896155545,0,0,0,46.40000000000003
5367,2022-07-22,토마토,대추방울토마토,16858.0,25.1,5.2,7,20862.0,17351.85714285714,14213.4,16334.0,0.032080323252112075,0,0,0,50.70000000000003
5368,2022-07-23,토마토,대추방울토마토,18107.0,24.8,9.9,7,19178.0,17730.285714285714,14426.1,16858.0,0.07408945307865711,0,0,0,60.60000000000003
5369,2022-07-25,토마토,대추방울토마토,19234.0,27.5,0.0,7,18069.0,18303.0,14652.433333333332,18107.0,0.06224112221792666,0,0,0,26.60000000000003
5370,2022-07-26,토마토,대추방울토마토,22043.0,28.9,0.0,7,20768.0,18634.14285714286,14964.366666666667,19234.0,0.14604346469793072,0,0,0,26.60000000000003
5371,2022-07-27,토마토,대추방울토마토,19576.0,29.3,0.0,7,18140.0,18608.0,15246.666666666666,22043.0,-0.11191761556956858,0,0,0,26.60000000000003
5372,2022-07-28,토마토,대추방울토마토,18715.0,29.7,0.0,7,16814.0,18695.285714285714,15498.933333333332,19576.0,-0.0439824274621986,0,0,0,25.50000000000003
5373,2022-07-29,토마토,대추방울토마토,18207.0,30.7,0.0,7,17525.0,18962.85714285714,15739.566666666668,18715.0,-0.027144002137323042,0,0,0,15.10000000000003
5374,2022-07-30,토마토,대추방울토마토,23132.0,30.9,1.0,7,16497.0,19859.14285714286,16106.433333333332,18207.0,0.2705003570055473,0,0,0,10.90000000000003
5375,2022-08-01,토마토,대추방울토마토,23721.0,28.6,30.0,8,16035.0,20661.14285714286,16469.433333333334,23132.0,0.02546256268372815,0,0,0,31.00000000000003
5376,2022-08-02,토마토,대추방울토마토,26305.0,26.8,33.5,8,14632.0,21671.285714285714,16957.433333333334,23721.0,0.10893301294211888,0,0,0,64.50000000000003
5377,2022-08-03,토마토,대추방울토마토,24174.0,27.1,51.1,8,14552.0,21975.714285714286,17398.166666666668,26305.0,-0.08101121459798521,0,0,0,115.60000000000002
5378,2022-08-04,토마토,대추방울토마토,28787.0,28.9,0.0,8,14359.0,23291.571428571428,17999.333333333332,24174.0,0.19082485314801034,0,0,0,115.60000000000002
5379,2022-08-05,토마토,대추방울토마토,31631.0,29.4,0.0,8,12596.0,25136.714285714286,18677.666666666668,28787.0,0.09879459478236696,0,0,0,115.60000000000002
5380,2022-08-06,토마토,대추방울토마토,31631.0,28.7,13.6,8,13474.0,27054.428571428572,19295.266666666666,31631.0,0.0,0,0,0,129.20000000000002
5381,2022-08-08,토마토,대추방울토마토,26381.0,26.8,129.6,8,13837.0,27518.571428571428,19706.866666666665,31631.0,-0.16597641554171538,0,0,0,257.8
5382,2022-08-09,토마토,대추방울토마토,21267.0,25.1,123.1,8,14061.0,27168.0,19928.733333333334,26381.0,-0.19385163564686703,0,0,0,350.9
5383,2022-08-10,토마토,대추방울토마토,22160.0,24.7,7.6,8,12668.0,26575.85714285714,20200.033333333333,21267.0,0.04198993746179536,0,0,0,325.0
5384,2022-08-11,토마토,대추방울토마토,22399.0,25.0,38.8,8,12787.0,26322.285714285714,20455.433333333334,22160.0,0.01078519855595661,0,0,0,312.7
5385,2022-08-12,토마토,대추방울토마토,20964.0,27.0,0.0,8,14738.0,25204.714285714286,20635.866666666665,22399.0,-0.06406536006071695,0,0,0,312.7
5386,2022-08-13,토마토,대추방울토마토,20958.0,25.8,4.0,8,13146.0,23680.0,20822.766666666666,20964.0,-0.00028620492272468656,0,0,0,316.7
5387,2022-08-15,토마토,대추방울토마토,21057.0,28.1,0.9,8,13141.0,22169.428571428572,21022.466666666667,20958.0,0.004723733180647116,0,0,0,304.0
5388,2022-08-16,토마토,대추방울토마토,21227.0,26.7,0.0,8,12955.0,21433.14285714286,21166.8,21057.0,0.008073324785107028,0,0,0,174.40000000000003
5389,2022-08-17,토마토,대추방울토마토,19232.0,26.0,0.0,8,11543.0,21142.428571428572,21288.766666666666,21227.0,-0.09398407688321475,0,0,0,51.300000000000026
5390,2022-08-18,토마토,대추방울토마토,19493.0,25.6,0.0,8,12940.0,20761.428571428572,21395.466666666667,19232.0,0.013571131447587259,0,0,0,43.700000000000024
5391,2022-08-19,토마토,대추방울토마토,21147.0,26.0,66.1,8,13342.0,20582.571428571428,21585.1,19493.0,0.0848509721438464,0,0,0,71.00000000000003
5392,2022-08-20,토마토,대추방울토마토,23278.0,28.2,0.0,8,14090.0,20913.14285714286,21853.533333333333,21147.0,0.10077079491180774,0,0,0,71.00000000000003
5393,2022-08-22,토마토,대추방울토마토,23201.0,26.8,3.2,8,15667.0,21233.571428571428,21969.4,23278.0,-0.0033078443165220905,0,0,0,70.20000000000003
5394,2022-08-23,토마토,대추방울토마토,24598.0,25.4,2.2,8,13927.0,21739.428571428572,22130.7,23201.0,0.06021292185681659,0,0,0,71.50000000000003
5395,2022-08-24,토마토,대추방울토마토,24259.0,24.8,0.0,8,16124.0,22172.571428571428,22335.866666666665,24598.0,-0.013781608260834188,0,0,0,71.50000000000003
5396,2022-08-25,토마토,대추방울토마토,23051.0,22.2,1.6,8,13395.0,22718.14285714286,22559.766666666666,24259.0,-0.04979595201780784,0,0,0,73.10000000000002
5397,2022-08-26,토마토,대추방울토마토,26236.0,23.8,0.0,8,13544.0,23681.428571428572,22872.366666666665,23051.0,0.1381718797449134,0,0,0,73.10000000000002
5398,2022-08-27,토마토,대추방울토마토,24275.0,21.5,17.6,8,15711.0,24128.285714285714,23077.966666666667,26236.0,-0.07474462570513796,0,0,0,24.60000000000003
5399,2022-08-29,토마토,대추방울토마토,25459.0,21.0,2.2,8,13580.0,24439.85714285714,23285.466666666667,24275.0,0.048774459320288344,0,0,0,26.80000000000003
5400,2022-08-30,토마토,대추방울토마토,25175.0,19.1,35.8,8,13222.0,24721.85714285714,23389.866666666665,25459.0,-0.011155190698770578,0,0,0,59.40000000000003
5401,2022-08-31,토마토,대추방울토마토,25476.0,21.7,0.0,8,12766.0,24847.285714285714,23586.533333333333,25175.0,0.011956305858987104,0,0,0,57.200000000000024
5402,2022-09-01,토마토,대추방울토마토,29609.0,24.0,0.0,9,12874.0,25611.571428571428,23949.666666666668,25476.0,0.16223111948500546,0,1,0,57.200000000000024
5403,2022-09-02,토마토,대추방울토마토,33495.0,24.7,0.0,9,12868.0,27103.571428571428,24459.266666666666,29609.0,0.13124387855044084,0,1,0,55.60000000000002
5404,2022-09-03,토마토,대추방울토마토,35644.0,24.2,0.0,9,12649.0,28447.571428571428,24876.333333333332,33495.0,0.06415882967607112,0,1,0,55.60000000000002
5405,2022-09-05,토마토,대추방울토마토,34540.0,19.2,120.0,9,11606.0,29914.0,25236.966666666667,35644.0,-0.030972954774997175,0,1,0,158.00000000000003
5406,2022-09-06,토마토,대추방울토마토,29623.0,21.0,25.3,9,13853.0,30508.85714285714,25347.566666666666,34540.0,-0.1423566878980892,0,1,0,181.10000000000002
5407,2022-09-07,토마토,대추방울토마토,26861.0,22.8,0.0,9,13416.0,30749.714285714286,25437.133333333335,29623.0,-0.09323836208351621,0,1,0,145.30000000000004
5408,2022-09-08,토마토,대추방울토마토,30513.0,23.2,0.0,9,12551.0,31469.285714285714,25494.666666666668,26861.0,0.13595919734931683,0,1,0,145.30000000000004
5409,2022-09-09,토마토,대추방울토마토,33686.0,24.3,0.0,9,12873.0,32051.714285714286,25563.166666666668,30513.0,0.10398846393340544,0,1,0,145.30000000000004
5410,2022-09-13,토마토,대추방울토마토,27876.0,24.3,0.0,9,13731.0,31249.0,25438.0,33686.0,-0.17247521225434903,0,1,0,145.30000000000004
5411,2022-09-14,토마토,대추방울토마토,31624.0,24.6,0.0,9,12710.0,30674.714285714286,25612.766666666666,27876.0,0.1344525756923518,0,1,0,145.30000000000004
5412,2022-09-15,토마토,대추방울토마토,29809.0,25.2,0.1,9,14302.0,29998.85714285714,25897.5,31624.0,-0.05739311915001266,0,1,0,25.40000000000003
5413,2022-09-16,토마토,대추방울토마토,28323.0,25.7,14.6,9,15473.0,29813.14285714286,26102.933333333334,29809.0,-0.049850716226642944,0,1,0,14.700000000000028
5414,2022-09-17,토마토,대추방울토마토,30068.0,25.6,4.3,9,18234.0,30271.285714285714,26358.566666666666,28323.0,0.06161070508067645,0,1,0,19.00000000000003
5415,2022-09-19,토마토,대추방울토마토,26457.0,24.6,0.0,9,18990.0,29691.85714285714,26541.666666666668,30068.0,-0.12009445257416518,0,1,0,19.00000000000003
5416,2022-09-20,토마토,대추방울토마토,25085.0,19.9,0.0,9,17285.0,28463.14285714286,26679.233333333334,26457.0,-0.051857731413236574,0,1,0,19.00000000000003
5417,2022-09-21,토마토,대추방울토마토,24204.0,19.4,0.0,9,17675.0,27938.571428571428,26784.133333333335,25085.0,-0.035120589994020346,0,1,0,19.00000000000003
5418,2022-09-22,토마토,대추방울토마토,25526.0,19.8,0.0,9,18476.0,27067.428571428572,26927.433333333334,24204.0,0.05461907122789622,0,1,0,19.00000000000003
5419,2022-09-23,토마토,대추방울토마토,24353.0,17.5,3.3,9,14744.0,26288.0,27098.133333333335,25526.0,-0.04595314581211318,0,1,0,22.200000000000024
5420,2022-09-24,토마토,대추방울토마토,22357.0,18.5,0.0,9,16374.0,25435.714285714286,27193.6,24353.0,-0.0819611546832012,0,1,0,7.600000000000028
5421,2022-09-26,토마토,대추방울토마토,25739.0,20.0,0.0,9,16047.0,24817.285714285714,27346.666666666668,22357.0,0.15127253209285674,0,1,0,3.3000000000000282
5422,2022-09-27,토마토,대추방울토마토,24034.0,20.9,0.0,9,14129.0,24471.14285714286,27371.866666666665,25739.0,-0.06624188973930611,0,1,0,3.3000000000000282
5423,2022-09-28,토마토,대추방울토마토,23383.0,20.4,0.0,9,15532.0,24228.0,27377.933333333334,24034.0,-0.0270866272780228,0,1,0,3.3000000000000282
5424,2022-09-29,토마토,대추방울토마토,23332.0,20.4,0.0,9,14472.0,24103.428571428572,27335.733333333334,23383.0,-0.0021810717187700224,0,1,0,3.3000000000000282
5425,2022-09-30,토마토,대추방울토마토,24076.0,20.7,0.0,9,16018.0,23896.285714285714,27329.633333333335,23332.0,0.03188753643065323,0,1,0,3.3000000000000282
5426,2022-10-01,토마토,대추방울토마토,25715.0,20.9,0.0,10,16670.0,24090.85714285714,27418.433333333334,24076.0,0.06807609237414858,0,1,0,0.0
5427,2022-10-03,토마토,대추방울토마토,26153.0,21.4,76.0,10,14360.0,24633.14285714286,27415.666666666668,25715.0,0.017032860198327837,0,1,0,76.00000000000003
5428,2022-10-04,토마토,대추방울토마토,27442.0,17.9,11.8,10,15529.0,24876.428571428572,27521.233333333334,26153.0,0.04928688869345765,0,1,0,87.80000000000003
5429,2022-10-05,토마토,대추방울토마토,28443.0,16.6,0.1,10,14461.0,25506.285714285714,27620.7,27442.0,0.036476933168136494,0,1,0,87.90000000000003
5430,2022-10-06,토마토,대추방울토마토,34177.0,15.8,0.0,10,13959.0,27048.285714285714,27920.766666666666,28443.0,0.20159617480575176,0,1,0,87.90000000000003
5431,2022-10-07,토마토,대추방울토마토,32118.0,14.3,0.0,10,15637.0,28303.428571428572,28142.166666666668,34177.0,-0.0602451941364075,0,1,0,87.90000000000003
5432,2022-10-08,토마토,대추방울토마토,29876.0,15.8,0.0,10,15767.0,29132.0,28151.066666666666,32118.0,-0.0698050937169189,0,1,0,87.90000000000003
5433,2022-10-10,토마토,대추방울토마토,29732.0,9.9,0.0,10,15746.0,29705.85714285714,28025.633333333335,29876.0,-0.004819922345695504,0,1,0,87.90000000000003
5434,2022-10-11,토마토,대추방울토마토,30915.0,11.1,0.0,10,13914.0,30386.14285714286,27868.0,29732.0,0.03978877976590889,0,1,0,11.900000000000029
5435,2022-10-12,토마토,대추방울토마토,32902.0,13.5,0.0,10,14410.0,31166.14285714286,27813.4,30915.0,0.06427300663108526,0,1,0,0.10000000000002843
5436,2022-10-13,토마토,대추방울토마토,34208.0,16.3,0.0,10,13846.0,31989.714285714286,27966.233333333334,32902.0,0.039693635645249525,0,1,0,0.0
5437,2022-10-14,토마토,대추방울토마토,35492.0,17.1,0.0,10,14623.0,32177.571428571428,28253.933333333334,34208.0,0.03753507951356405,0,1,0,0.0
5438,2022-10-15,토마토,대추방울토마토,35546.0,18.2,0.0,10,13568.0,32667.285714285714,28421.7,35492.0,0.001521469626958094,0,1,0,0.0
5439,2022-10-17,토마토,대추방울토마토,31828.0,11.2,0.0,10,13636.0,32946.142857142855,28359.766666666666,35546.0,-0.10459686040623417,0,1,0,0.0
5440,2022-10-18,토마토,대추방울토마토,30836.0,9.4,0.0,10,13446.0,33103.857142857145,28458.433333333334,31828.0,-0.031167525449289912,0,1,0,0.0
5441,2022-10-19,토마토,대추방울토마토,31326.0,10.5,0.0,10,15367.0,33162.57142857143,28448.5,30836.0,0.01589051757685822,0,1,0,0.0
5442,2022-10-20,토마토,대추방울토마토,29312.0,12.9,0.0,10,20546.0,32649.714285714286,28431.933333333334,31326.0,-0.06429164272489307,0,1,0,0.0
5443,2022-10-21,토마토,대추방울토마토,25399.0,14.0,0.0,10,14964.0,31391.285714285714,28334.466666666667,29312.0,-0.1334948144104804,0,1,0,0.0
5444,2022-10-22,토마토,대추방울토마토,24180.0,15.1,0.0,10,14263.0,29775.285714285714,28138.2,25399.0,-0.04799401551242177,0,1,0,0.0
5445,2022-10-24,토마토,대추방울토마토,24333.0,10.6,0.0,10,13347.0,28173.428571428572,28067.4,24180.0,0.006327543424317517,0,1,0,0.0
5446,2022-10-25,토마토,대추방울토마토,24067.0,11.3,0.0,10,14749.0,27064.714285714286,28033.466666666667,24333.0,-0.010931656598035633,0,1,0,0.0
5447,2022-10-26,토마토,대추방울토마토,24099.0,12.9,0.0,10,15669.0,26102.285714285714,28029.966666666667,24067.0,0.0013296214733868883,0,1,0,0.0
5448,2022-10-27,토마토,대추방울토마토,22139.0,13.2,0.0,10,15803.0,24789.85714285714,27917.066666666666,24099.0,-0.08133117556745095,0,1,0,0.0
5449,2022-10-28,토마토,대추방울토마토,20700.0,13.6,0.0,10,15402.0,23559.571428571428,27795.3,22139.0,-0.06499841907945259,0,1,0,0.0
5450,2022-10-29,토마토,대추방울토마토,17938.0,14.8,0.0,10,16531.0,22493.714285714286,27648.0,20700.0,-0.13342995169082128,0,1,0,0.0
5451,2022-10-31,토마토,대추방울토마토,19018.0,14.9,0.0,10,15543.0,21756.285714285714,27423.966666666667,17938.0,0.060207380978927416,0,1,0,0.0
5452,2022-11-01,토마토,대추방울토마토,19017.0,13.1,0.0,11,16455.0,20996.85714285714,27256.733333333334,19018.0,-5.2581764644066276e-05,0,0,0,0.0
5453,2022-11-02,토마토,대추방울토마토,16877.0,11.1,0.0,11,16989.0,19969.714285714286,27039.866666666665,19017.0,-0.1125308934111584,0,0,0,0.0
5454,2022-11-03,토마토,대추방울토마토,15512.0,9.3,0.0,11,19740.0,18743.0,26779.2,16877.0,-0.08087930319369552,0,0,0,0.0
5455,2022-11-04,토마토,대추방울토마토,16125.0,4.9,0.0,11,18307.0,17883.85714285714,26514.166666666668,15512.0,0.039517792676637464,0,0,0,0.0
5456,2022-11-05,토마토,대추방울토마토,16254.0,6.5,0.0,11,18371.0,17248.714285714286,26198.8,16125.0,0.008000000000000007,0,0,0,0.0
5457,2022-11-07,토마토,대추방울토마토,18223.0,11.4,0.0,11,19632.0,17289.428571428572,25934.466666666667,16254.0,0.12113941183708632,0,0,0,0.0
5458,2022-11-08,토마토,대추방울토마토,20011.0,12.9,0.0,11,23119.0,17431.285714285714,25686.766666666666,18223.0,0.09811776326620203,0,0,0,0.0
5459,2022-11-09,토마토,대추방울토마토,19817.0,11.4,0.0,11,26735.0,17545.571428571428,25399.233333333334,20011.0,-0.009694667932637069,0,0,0,0.0
5460,2022-11-10,토마토,대추방울토마토,17082.0,13.5,0.0,11,28197.0,17574.85714285714,24829.4,19817.0,-0.13801281727809456,0,0,0,0.0
5461,2022-11-11,토마토,대추방울토마토,18576.0,15.6,0.0,11,23045.0,18012.571428571428,24378.0,17082.0,0.08746048472075874,0,0,0,0.0
5462,2022-11-12,토마토,대추방울토마토,18486.0,16.3,57.9,11,20268.0,18349.85714285714,23998.333333333332,18576.0,-0.004844961240310086,0,0,0,57.90000000000003
5463,2022-11-14,토마토,대추방울토마토,19007.0,9.7,0.0,11,22108.0,18743.14285714286,23640.833333333332,18486.0,0.028183490208806727,0,0,0,57.90000000000003
5464,2022-11-15,토마토,대추방울토마토,23547.0,8.1,1.6,11,25279.0,19503.714285714286,23395.233333333334,19007.0,0.2388593676014099,0,0,0,59.50000000000003
5465,2022-11-16,토마토,대추방울토마토,19968.0,8.5,0.0,11,24569.0,19497.571428571428,22964.1,23547.0,-0.15199388457128293,0,0,0,59.50000000000003
5466,2022-11-17,토마토,대추방울토마토,19977.0,10.2,0.0,11,26099.0,19520.428571428572,22489.733333333334,19968.0,0.00045072115384625633,0,0,0,59.50000000000003
5467,2022-11-18,토마토,대추방울토마토,19302.0,11.0,0.0,11,26472.0,19837.571428571428,21950.066666666666,19977.0,-0.03378885718576363,0,0,0,59.50000000000003
5468,2022-11-19,토마토,대추방울토마토,16629.0,12.9,0.0,11,25705.0,19559.428571428572,21319.5,19302.0,-0.13848305875038858,0,0,0,59.50000000000003
5469,2022-11-21,토마토,대추방울토마토,17397.0,11.8,0.0,11,24444.0,19403.85714285714,20838.466666666667,16629.0,0.04618437669132236,0,0,0,1.6000000000000285
5470,2022-11-22,토마토,대추방울토마토,18430.0,10.7,0.0,11,23444.0,19321.428571428572,20424.933333333334,17397.0,0.05937805368741733,0,0,0,1.6000000000000285
5471,2022-11-23,토마토,대추방울토마토,16742.0,10.8,0.0,11,22253.0,18349.285714285714,19938.8,18430.0,-0.09158979924036892,0,0,0,0.0
5472,2022-11-24,토마토,대추방울토마토,17489.0,9.4,0.0,11,28167.0,17995.14285714286,19544.7,16742.0,0.044618325170230566,0,0,0,0.0
5473,2022-11-25,토마토,대추방울토마토,13619.0,12.3,1.7,11,26509.0,17086.85714285714,19152.033333333333,17489.0,-0.2212819486534393,0,0,0,1.7000000000000284
5474,2022-11-26,토마토,대추방울토마토,12463.0,6.7,0.0,11,22770.0,16109.857142857143,18761.466666666667,13619.0,-0.08488141566928553,0,0,0,1.7000000000000284
5475,2022-11-28,토마토,대추방울토마토,12433.0,12.3,19.5,11,23323.0,15510.42857142857,18364.8,12463.0,-0.0024071250902671926,0,0,0,21.200000000000028
5476,2022-11-29,토마토,대추방울토마토,12468.0,6.9,3.8,11,22104.0,14806.285714285714,17978.166666666668,12433.0,0.0028150888763773807,0,0,0,25.00000000000003
5477,2022-11-30,토마토,대추방울토마토,11819.0,-5.4,0.0,11,23730.0,13861.857142857143,17568.833333333332,12468.0,-0.05205325633622071,0,0,0,25.00000000000003
5478,2022-12-01,토마토,대추방울토마토,12609.0,-5.4,0.0,12,29186.0,13271.42857142857,17251.166666666668,11819.0,0.06684152635586771,0,0,0,25.00000000000003
5479,2022-12-02,토마토,대추방울토마토,13141.0,-2.5,0.0,12,22284.0,12650.285714285714,16999.2,12609.0,0.04219208501863747,0,0,0,25.00000000000003
5480,2022-12-03,토마토,대추방울토마토,12166.0,2.1,1.1,12,20588.0,12442.714285714286,16806.8,13141.0,-0.07419526672247168,0,0,0,24.400000000000027
5481,2022-12-05,토마토,대추방울토마토,13441.0,-3.1,0.0,12,20657.0,12582.42857142857,16620.9,12166.0,0.10480026302811107,0,0,0,24.400000000000027
5482,2022-12-06,토마토,대추방울토마토,16513.0,0.9,0.1,12,20710.0,13165.285714285714,16537.433333333334,13441.0,0.22855442303400042,0,0,0,5.000000000000028
5483,2022-12-07,토마토,대추방울토마토,15604.0,4.9,0.1,12,17884.0,13613.285714285714,16495.0,16513.0,-0.05504753830315512,0,0,0,1.3000000000000285
5484,2022-12-08,토마토,대추방울토마토,15480.0,3.7,0.0,12,16979.0,14136.285714285714,16493.933333333334,15604.0,-0.007946680338374756,0,0,0,1.3000000000000285
5485,2022-12-09,토마토,대추방울토마토,15706.0,4.5,0.0,12,17252.0,14578.714285714286,16479.966666666667,15480.0,0.01459948320413429,0,0,0,1.3000000000000285
5486,2022-12-10,토마토,대추방울토마토,15425.0,2.6,0.0,12,17529.0,14905.0,16452.333333333332,15706.0,-0.01789125175092321,0,0,0,1.3000000000000285
5487,2022-12-12,토마토,대추방울토마토,16990.0,2.0,5.4,12,18568.0,15594.142857142857,16411.233333333334,15425.0,0.10145867098865469,0,0,0,5.600000000000029
5488,2022-12-13,토마토,대추방울토마토,15961.0,0.0,0.6,12,19230.0,15954.142857142857,16276.233333333334,16990.0,-0.06056503825779869,0,0,0,6.200000000000029
5489,2022-12-14,토마토,대추방울토마토,18461.0,-8.4,0.0,12,17998.0,16232.42857142857,16231.033333333333,15961.0,0.15663178998809602,0,0,0,6.100000000000029
5490,2022-12-15,토마토,대추방울토마토,15120.0,-4.5,2.4,12,17568.0,16163.285714285714,16165.633333333333,18461.0,-0.1809761118032609,0,0,0,8.400000000000029
5491,2022-12-16,토마토,대추방울토마토,16197.0,-6.3,0.0,12,16928.0,16265.714285714286,16086.333333333334,15120.0,0.0712301587301587,0,0,0,8.400000000000029
5492,2022-12-17,토마토,대추방울토마토,14020.0,-7.0,0.2,12,16343.0,16024.857142857143,15937.466666666667,16197.0,-0.13440760634685434,0,0,0,8.600000000000028
5493,2022-12-19,토마토,대추방울토마토,15369.0,-7.0,0.0,12,16369.0,16016.857142857143,15816.2,14020.0,0.09621968616262477,0,0,0,8.600000000000028
5494,2022-12-20,토마토,대추방울토마토,14182.0,-3.2,0.0,12,14525.0,15615.714285714286,15504.033333333333,15369.0,-0.07723339189277112,0,0,0,3.2000000000000286
5495,2022-12-21,토마토,대추방울토마토,14467.0,-0.1,3.6,12,14531.0,15402.285714285714,15320.666666666666,14182.0,0.020095896206458796,0,0,0,6.200000000000029
5496,2022-12-22,토마토,대추방울토마토,15252.0,-7.8,0.0,12,14347.0,14943.857142857143,15163.166666666666,14467.0,0.05426142254786748,0,0,0,6.200000000000029
5497,2022-12-23,토마토,대추방울토마토,15965.0,-11.8,0.0,12,14798.0,15064.57142857143,15051.933333333332,15252.0,0.04674796747967469,0,0,0,3.8000000000000287
5498,2022-12-24,토마토,대추방울토마토,16888.0,-8.4,0.0,12,13360.0,15163.285714285714,15060.566666666668,15965.0,0.057813968055120624,0,0,0,3.8000000000000287
5499,2022-12-26,토마토,대추방울토마토,18729.0,-3.9,0.0,12,13629.0,15836.0,15104.966666666667,16888.0,0.10901231643770726,0,0,0,3.6000000000000285
5500,2022-12-27,토마토,대추방울토마토,19595.0,-2.6,0.0,12,13083.0,16439.714285714286,15143.8,18729.0,0.046238453734849694,0,0,0,3.6000000000000285
5501,2022-12-28,토마토,대추방울토마토,19103.0,-3.3,0.1,12,12615.0,17142.714285714286,15222.5,19595.0,-0.02510844603215101,0,0,0,3.7000000000000286
5502,2022-12-29,토마토,대추방울토마토,17526.0,-2.9,0.0,12,12475.0,17579.714285714286,15223.733333333334,19103.0,-0.08255247866827198,0,0,0,0.10000000000002843
5503,2022-12-30,토마토,대추방울토마토,18103.0,-1.8,0.0,12,14691.0,17987.0,15373.2,17526.0,0.03292251512039246,0,0,0,0.10000000000002843
5504,2022-12-31,토마토,대추방울토마토,20249.0,-1.2,0.0,12,15700.0,18599.0,15632.733333333334,18103.0,0.11854388775341107,0,0,0,0.10000000000002843
5505,2023-01-03,토마토,대추방울토마토,20849.0,-5.0,0.0,1,17254.0,19164.85714285714,15913.266666666666,20249.0,0.029631092893476207,0,0,0,0.10000000000002843
5506,2023-01-04,토마토,대추방울토마토,18150.0,-1.8,0.0,1,19419.0,19082.14285714286,16102.666666666666,20849.0,-0.1294546501031224,0,0,0,0.10000000000002843
5507,2023-01-05,토마토,대추방울토마토,16291.0,-1.6,0.0,1,21440.0,18610.14285714286,16251.733333333334,18150.0,-0.10242424242424242,0,0,0,0.10000000000002843
5508,2023-01-06,토마토,대추방울토마토,16337.0,0.6,3.9,1,24440.0,18215.0,16376.0,16291.0,0.0028236449573384448,0,0,0,3.9000000000000283
5509,2023-01-07,토마토,대추방울토마토,15986.0,1.5,0.1,1,25336.0,17995.0,16470.833333333332,16337.0,-0.02148497276121686,0,0,0,4.000000000000028
5510,2023-01-09,토마토,대추방울토마토,14359.0,3.1,0.0,1,24692.0,17460.14285714286,16543.933333333334,15986.0,-0.10177655448517453,0,0,0,4.000000000000028
5511,2023-01-10,토마토,대추방울토마토,14725.0,1.6,0.0,1,22616.0,16671.0,16586.733333333334,14359.0,0.025489240197785312,0,0,0,4.000000000000028
5512,2023-01-11,토마토,대추방울토마토,14414.0,2.6,0.0,1,23562.0,15751.714285714286,16516.766666666666,14725.0,-0.021120543293718153,0,0,0,4.000000000000028
5513,2023-01-12,토마토,대추방울토마토,17793.0,5.9,0.0,1,22952.0,15700.714285714286,16589.733333333334,14414.0,0.23442486471486057,0,0,0,4.000000000000028
5514,2023-01-13,토마토,대추방울토마토,14517.0,8.3,37.3,1,21803.0,15447.285714285714,16557.633333333335,17793.0,-0.184117349519474,0,0,0,41.300000000000026
5515,2023-01-14,토마토,대추방울토마토,14758.0,6.6,1.6,1,22509.0,15221.714285714286,16526.033333333333,14517.0,0.016601226148653225,0,0,0,39.00000000000003
5516,2023-01-16,토마토,대추방울토마토,14070.0,-4.6,0.0,1,22361.0,14948.0,16480.866666666665,14758.0,-0.04661878303293132,0,0,0,38.90000000000003
5517,2023-01-17,토마토,대추방울토마토,14888.0,-3.7,0.0,1,23441.0,15023.57142857143,16410.8,14070.0,0.058137882018479026,0,0,0,38.90000000000003
5518,2023-01-18,토마토,대추방울토마토,14461.0,-1.9,0.0,1,25357.0,14985.857142857143,16360.8,14888.0,-0.028680816765179973,0,0,0,38.90000000000003
5519,2023-01-19,토마토,대추방울토마토,15276.0,-0.4,1.0,1,22561.0,15109.0,16254.633333333333,14461.0,0.056358481432819296,0,0,0,39.90000000000003
5520,2023-01-20,토마토,대추방울토마토,14117.0,-3.3,0.0,1,21963.0,14583.857142857143,16221.2,15276.0,-0.07587064676616917,0,0,0,39.90000000000003
5521,2023-01-21,토마토,대추방울토마토,17745.0,-4.5,0.0,1,20864.0,15045.0,16272.8,14117.0,0.25699511227597926,0,0,0,2.6000000000000285
5522,2023-01-25,토마토,대추방울토마토,14412.0,-11.3,0.0,1,20000.0,14995.57142857143,16285.866666666667,17745.0,-0.18782755705832632,0,0,0,1.0000000000000284
5523,2023-01-26,토마토,대추방울토마토,15057.0,-6.0,0.8,1,24778.0,15136.57142857143,16275.466666666667,14412.0,0.04475437135720228,0,0,0,1.8000000000000285
5524,2023-01-27,토마토,대추방울토마토,14875.0,-7.3,0.0,1,25585.0,15134.714285714286,16298.566666666668,15057.0,-0.012087401208740078,0,0,0,1.8000000000000285
5525,2023-01-28,토마토,대추방울토마토,15720.0,-6.0,0.0,1,24100.0,15314.57142857143,16340.333333333334,14875.0,0.056806722689075606,0,0,0,1.8000000000000285
5526,2023-01-30,토마토,대추방울토마토,16299.0,-0.9,0.0,1,22278.0,15460.714285714286,16375.233333333334,15720.0,0.03683206106870229,0,0,0,0.8000000000000285
5527,2023-01-31,토마토,대추방울토마토,15978.0,2.4,0.0,1,23297.0,15726.57142857143,16375.666666666666,16299.0,-0.019694459782808815,0,0,0,0.8000000000000285
5528,2023-02-01,토마토,대추방울토마토,16054.0,0.9,0.0,2,22952.0,15485.0,16347.866666666667,15978.0,0.0047565402428340064,0,0,0,0.8000000000000285
5529,2023-02-02,토마토,대추방울토마토,16073.0,-2.4,0.0,2,23111.0,15722.285714285714,16259.333333333334,16054.0,0.0011835056683693335,0,0,0,0.8000000000000285
5530,2023-02-03,토마토,대추방울토마토,18405.0,-1.6,0.0,2,23648.0,16200.57142857143,16219.666666666666,16073.0,0.14508803583649588,0,0,0,0.0
5531,2023-02-04,토마토,대추방울토마토,17990.0,-0.2,0.0,2,22855.0,16645.571428571428,16182.566666666668,18405.0,-0.022548220592230384,0,0,0,0.0
5532,2023-02-06,토마토,대추방울토마토,19098.0,3.0,0.0,2,21321.0,17128.14285714286,16234.966666666667,17990.0,0.061589772095608675,0,0,0,0.0
5533,2023-02-07,토마토,대추방울토마토,21819.0,3.5,0.0,2,20434.0,17916.714285714286,16358.833333333334,19098.0,0.14247565190072264,0,0,0,0.0
5534,2023-02-08,토마토,대추방울토마토,20731.0,2.1,0.0,2,19041.0,18595.714285714286,16374.9,21819.0,-0.04986479673678901,0,0,0,0.0
5535,2023-02-09,토마토,대추방울토마토,19200.0,4.0,0.0,2,20426.0,19045.14285714286,16319.933333333332,20731.0,-0.07385075490810866,0,0,0,0.0
5536,2023-02-10,토마토,대추방울토마토,17777.0,3.8,0.6,2,18709.0,19288.571428571428,16307.5,19200.0,-0.07411458333333332,0,0,0,0.6000000000000284
5537,2023-02-11,토마토,대추방울토마토,19403.0,2.8,0.0,2,19466.0,19431.14285714286,16411.233333333334,17777.0,0.09146650165944759,0,0,0,0.6000000000000284
5538,2023-02-13,토마토,대추방울토마토,21211.0,5.9,0.0,2,19498.0,19891.285714285714,16573.7,19403.0,0.09318146678348715,0,0,0,0.6000000000000284
5539,2023-02-14,토마토,대추방울토마토,22535.0,1.7,0.0,2,17756.0,20382.285714285714,16792.0,21211.0,0.06242044222337473,0,0,0,0.6000000000000284
5540,2023-02-15,토마토,대추방울토마토,22292.0,3.2,0.0,2,16783.0,20449.85714285714,17056.433333333334,22535.0,-0.010783226092744624,0,0,0,0.6000000000000284
5541,2023-02-16,토마토,대추방울토마토,20918.0,2.3,0.0,2,18480.0,20476.571428571428,17262.866666666665,22292.0,-0.06163646151085589,0,0,0,0.6000000000000284
5542,2023-02-17,토마토,대추방울토마토,24897.0,3.4,0.0,2,18706.0,21290.428571428572,17612.3,20918.0,0.1902189501864422,0,0,0,0.6000000000000284
5543,2023-02-18,토마토,대추방울토마토,26385.0,5.7,0.0,2,19741.0,22520.14285714286,17898.7,24897.0,0.05976623689601146,0,0,0,0.0
5544,2023-02-20,토마토,대추방울토마토,25303.0,-0.5,0.0,2,17711.0,23363.0,18258.233333333334,26385.0,-0.041008148569262826,0,0,0,0.0
5545,2023-02-21,토마토,대추방울토마토,25714.0,-1.3,0.0,2,18676.0,24006.285714285714,18623.433333333334,25303.0,0.016243133225309236,0,0,0,0.0
5546,2023-02-22,토마토,대추방울토마토,26082.0,1.2,0.0,2,19455.0,24513.0,19023.833333333332,25714.0,0.014311270125223707,0,0,0,0.0
5547,2023-02-23,토마토,대추방울토마토,26173.0,2.9,0.0,2,21213.0,25067.428571428572,19400.0,26082.0,0.0034889962426194465,0,0,0,0.0
5548,2023-02-24,토마토,대추방울토마토,27188.0,3.5,0.0,2,21377.0,25963.14285714286,19824.233333333334,26173.0,0.0387804225728805,0,0,0,0.0
5549,2023-02-25,토마토,대추방울토마토,24522.0,0.7,0.0,2,22054.0,25909.571428571428,20132.433333333334,27188.0,-0.09805796675003675,0,0,0,0.0
5550,2023-02-27,토마토,대추방울토마토,24762.0,4.4,0.0,2,20473.0,25677.714285714286,20487.266666666666,24522.0,0.009787129924149651,0,0,0,0.0
5551,2023-02-28,토마토,대추방울토마토,24964.0,4.3,0.0,2,19502.0,25629.285714285714,20727.9,24762.0,0.008157660932073263,0,0,0,0.0
5552,2023-03-01,토마토,대추방울토마토,26250.0,6.0,0.0,3,21160.0,25705.85714285714,21122.5,24964.0,0.05151418041980449,0,0,1,0.0
5553,2023-03-02,토마토,대추방울토마토,25408.0,2.2,0.0,3,20310.0,25609.571428571428,21467.533333333333,26250.0,-0.03207619047619048,0,0,1,0.0
5554,2023-03-03,토마토,대추방울토마토,25088.0,4.6,0.0,3,20865.0,25454.571428571428,21807.966666666667,25408.0,-0.012594458438287104,0,0,1,0.0
5555,2023-03-04,토마토,대추방울토마토,26453.0,7.7,0.0,3,21388.0,25349.571428571428,22165.733333333334,25088.0,0.054408482142857206,0,0,1,0.0
5556,2023-03-06,토마토,대추방울토마토,25922.0,9.2,0.0,3,22794.0,25549.571428571428,22486.5,26453.0,-0.020073337617661502,0,0,1,0.0
5557,2023-03-07,토마토,대추방울토마토,26456.0,11.7,0.0,3,23476.0,25791.571428571428,22835.766666666666,25922.0,0.020600262325437768,0,0,1,0.0
5558,2023-03-08,토마토,대추방울토마토,24924.0,12.5,1.2,3,24221.0,25785.85714285714,23131.433333333334,26456.0,-0.057907469005140655,0,0,1,1.2000000000000284
5559,2023-03-09,토마토,대추방울토마토,22655.0,10.3,3.7,3,28282.0,25272.285714285714,23350.833333333332,24924.0,-0.09103675172524472,0,0,1,4.900000000000029
5560,2023-03-10,토마토,대추방울토마토,22984.0,13.5,0.0,3,27225.0,24926.0,23503.466666666667,22655.0,0.014522180534098483,0,0,1,4.900000000000029
5561,2023-03-11,토마토,대추방울토마토,22064.0,15.2,0.0,3,26216.0,24494.0,23639.266666666666,22984.0,-0.040027845457709765,0,0,1,4.900000000000029
5562,2023-03-13,토마토,대추방울토마토,23477.0,2.9,0.0,3,27858.0,24068.85714285714,23785.233333333334,22064.0,0.06404097171863676,0,0,1,4.900000000000029
5563,2023-03-14,토마토,대추방울토마토,24592.0,9.2,0.0,3,25864.0,23878.85714285714,23877.666666666668,23477.0,0.04749329130638502,0,0,1,4.900000000000029
5564,2023-03-15,토마토,대추방울토마토,25422.0,8.6,0.0,3,27583.0,23731.14285714286,24034.033333333333,24592.0,0.03375081327260898,0,0,1,4.900000000000029
5565,2023-03-16,토마토,대추방울토마토,24472.0,4.6,0.0,3,29742.0,23666.571428571428,24209.766666666666,25422.0,-0.03736920777279518,0,0,1,3.7000000000000286
5566,2023-03-17,토마토,대추방울토마토,29634.0,7.2,0.0,3,26052.0,24663.571428571428,24605.0,24472.0,0.2109349460608041,0,0,1,0.0
5567,2023-03-18,토마토,대추방울토마토,28118.0,7.7,0.0,3,25726.0,25397.0,24895.5,29634.0,-0.05115745427549434,0,0,1,0.0
5568,2023-03-20,토마토,대추방울토마토,29290.0,9.5,0.0,3,22824.0,26429.285714285714,25164.8,28118.0,0.04168148516964232,0,0,1,0.0
5569,2023-03-21,토마토,대추방울토마토,28106.0,13.0,0.0,3,23680.0,27090.571428571428,25350.5,29290.0,-0.04042335268009556,0,0,1,0.0
5570,2023-03-22,토마토,대추방울토마토,26237.0,17.0,0.0,3,24832.0,27325.571428571428,25482.0,28106.0,-0.06649825660001418,0,0,1,0.0
5571,2023-03-23,토마토,대추방울토마토,26683.0,17.4,0.0,3,25120.0,27505.714285714286,25674.166666666668,26237.0,0.016998894690704036,0,0,1,0.0
5572,2023-03-24,토마토,대추방울토마토,31931.0,12.5,0.0,3,21788.0,28571.285714285714,25908.633333333335,26683.0,0.19667953378555625,0,0,1,0.0
5573,2023-03-25,토마토,대추방울토마토,36012.0,12.5,0.0,3,25981.0,29482.428571428572,26229.533333333333,31931.0,0.12780683348470134,0,0,1,0.0
5574,2023-03-27,토마토,대추방울토마토,32033.0,7.3,0.0,3,21359.0,30041.714285714286,26453.866666666665,36012.0,-0.11049094746195709,0,0,1,0.0
5575,2023-03-28,토마토,대추방울토마토,31379.0,9.2,0.0,3,25825.0,30340.14285714286,26642.7,32033.0,-0.020416445540536343,0,0,1,0.0
5576,2023-03-29,토마토,대추방울토마토,31152.0,11.8,0.0,3,24013.0,30775.285714285714,26811.7,31379.0,-0.007234137480480629,0,0,1,0.0
5577,2023-03-30,토마토,대추방울토마토,35824.0,13.3,0.0,3,24876.0,32144.85714285714,27133.4,31152.0,0.14997431946584494,0,0,1,0.0
5578,2023-03-31,토마토,대추방울토마토,30808.0,15.0,0.0,3,23434.0,32734.14285714286,27254.066666666666,35824.0,-0.14001786511835645,0,0,1,0.0
5579,2023-04-01,토마토,대추방울토마토,24038.0,17.5,0.0,4,26175.0,31606.571428571428,27237.933333333334,30808.0,-0.21974811737211108,0,0,1,0.0
5580,2023-04-03,토마토,대추방울토마토,27441.0,19.0,0.0,4,21591.0,30382.14285714286,27327.233333333334,24038.0,0.14156751809634738,0,0,1,0.0
5581,2023-04-04,토마토,대추방울토마토,21073.0,17.6,6.9,4,22014.0,28816.428571428572,27197.533333333333,27441.0,-0.23206151379322915,0,0,1,6.900000000000029
5582,2023-04-05,토마토,대추방울토마토,18184.0,11.9,50.3,4,21113.0,26931.428571428572,26928.666666666668,21073.0,-0.1370948607222512,0,0,1,57.200000000000024
5583,2023-04-06,토마토,대추방울토마토,17569.0,8.8,2.7,4,22403.0,24991.0,26667.366666666665,18184.0,-0.03382094148702153,0,0,1,59.90000000000003
5584,2023-04-07,토마토,대추방울토마토,17296.0,8.9,0.0,4,21966.0,22344.14285714286,26407.633333333335,17569.0,-0.015538732995617255,0,0,1,59.90000000000003
5585,2023-04-08,토마토,대추방울토마토,15443.0,8.8,0.0,4,21646.0,20149.14285714286,26040.633333333335,17296.0,-0.10713459759481958,0,0,1,59.90000000000003
5586,2023-04-10,토마토,대추방울토마토,17664.0,13.2,0.0,4,22528.0,19238.571428571428,25765.366666666665,15443.0,0.14381920611280186,0,0,1,59.90000000000003
5587,2023-04-11,토마토,대추방울토마토,16183.0,13.1,2.9,4,23426.0,17630.285714285714,25422.933333333334,17664.0,-0.08384284420289856,0,0,1,62.800000000000026
5588,2023-04-12,토마토,대추방울토마토,17268.0,10.1,0.0,4,22968.0,17086.714285714286,25167.733333333334,16183.0,0.06704566520422661,0,0,1,55.90000000000003
5589,2023-04-13,토마토,대추방울토마토,16128.0,11.9,0.0,4,23165.0,16793.0,24950.166666666668,17268.0,-0.06601806810284916,0,0,1,5.600000000000028
5590,2023-04-14,토마토,대추방울토마토,17442.0,16.2,0.0,4,23208.0,16774.85714285714,24765.433333333334,16128.0,0.08147321428571419,0,0,1,2.9000000000000283
5591,2023-04-15,토마토,대추방울토마토,14836.0,13.5,4.6,4,20164.0,16423.428571428572,24524.5,17442.0,-0.14940947139089555,0,0,1,7.500000000000028
5592,2023-04-17,토마토,대추방울토마토,15908.0,13.1,0.0,4,24622.0,16489.85714285714,24272.2,14836.0,0.07225667295767058,0,0,1,7.500000000000028
5593,2023-04-18,토마토,대추방울토마토,15246.0,14.0,1.5,4,21545.0,16144.42857142857,23960.666666666668,15908.0,-0.04161428212220264,0,0,1,9.000000000000028
5594,2023-04-19,토마토,대추방울토마토,17288.0,19.1,0.0,4,21052.0,16302.285714285714,23689.533333333333,15246.0,0.13393677030040663,0,0,1,6.100000000000028
5595,2023-04-20,토마토,대추방울토마토,15882.0,15.8,0.5,4,24455.0,16104.285714285714,23403.2,17288.0,-0.08132808884775566,0,0,1,6.600000000000028
5596,2023-04-21,토마토,대추방울토마토,17045.0,16.7,0.0,4,25750.0,16235.285714285714,22983.566666666666,15882.0,0.07322755320488605,0,0,1,6.600000000000028
5597,2023-04-22,토마토,대추방울토마토,16539.0,16.9,0.0,4,27074.0,16106.285714285714,22597.6,17045.0,-0.02968612496333234,0,0,1,6.600000000000028
5598,2023-04-24,토마토,대추방울토마토,16690.0,15.8,0.0,4,27289.0,16371.142857142857,22177.6,16539.0,0.009129935304431847,0,0,1,2.0000000000000284
5599,2023-04-25,토마토,대추방울토마토,15377.0,10.9,0.4,4,22495.0,16295.285714285714,21753.3,16690.0,-0.07866986219292993,0,0,1,2.4000000000000283
5600,2023-04-26,토마토,대추방울토마토,16698.0,10.2,0.0,4,23977.0,16502.714285714286,21435.333333333332,15377.0,0.0859075242244911,0,0,1,0.9000000000000284
5601,2023-04-27,토마토,대추방울토마토,16578.0,12.9,0.0,4,21609.0,16401.285714285714,21098.5,16698.0,-0.007186489399928164,0,0,1,0.9000000000000284
5602,2023-04-28,토마토,대추방울토마토,16300.0,15.7,1.9,4,22231.0,16461.0,20577.466666666667,16578.0,-0.016769212208951667,0,0,1,2.3000000000000282
5603,2023-04-29,토마토,대추방울토마토,14222.0,13.2,25.1,4,23226.0,16057.714285714286,19851.133333333335,16300.0,-0.1274846625766871,0,0,1,27.40000000000003
5604,2023-05-01,토마토,대추방울토마토,14573.0,14.6,0.0,5,22859.0,15776.857142857143,19269.133333333335,14222.0,0.02468007312614251,0,0,0,27.40000000000003
5605,2023-05-02,토마토,대추방울토마토,13533.0,16.7,0.0,5,22227.0,15325.857142857143,18674.266666666666,14573.0,-0.07136485280999105,0,0,0,27.40000000000003
5606,2023-05-03,토마토,대추방울토마토,14023.0,19.5,0.0,5,21578.0,15132.42857142857,18103.3,13533.0,0.0362077883691716,0,0,0,27.000000000000032
5607,2023-05-04,토마토,대추방울토마토,13583.0,21.4,0.0,5,22824.0,14687.42857142857,17361.933333333334,14023.0,-0.03137702346145621,0,0,0,27.000000000000032
5608,2023-05-05,토마토,대추방울토마토,13454.0,18.4,30.2,5,24487.0,14241.142857142857,16783.466666666667,13583.0,-0.00949716557461533,0,0,0,57.20000000000003
5609,2023-05-06,토마토,대추방울토마토,12761.0,12.6,47.5,5,25561.0,13735.57142857143,16407.566666666666,13454.0,-0.05150884495317376,0,0,0,102.80000000000004
5610,2023-05-08,토마토,대추방울토마토,14643.0,15.3,0.0,5,23762.0,13795.714285714286,15980.966666666667,12761.0,0.14748060496826265,0,0,0,77.70000000000002
5611,2023-05-09,토마토,대추방울토마토,13327.0,17.0,0.0,5,24395.0,13617.714285714286,15722.766666666666,14643.0,-0.08987229392883966,0,0,0,77.70000000000002
5612,2023-05-10,토마토,대추방울토마토,14725.0,18.4,0.0,5,24685.0,13788.0,15607.466666666667,13327.0,0.1048998274180235,0,0,0,77.70000000000002
5613,2023-05-11,토마토,대추방울토마토,13975.0,19.5,0.0,5,25531.0,13781.142857142857,15487.666666666666,14725.0,-0.05093378607809851,0,0,0,77.70000000000002
5614,2023-05-12,토마토,대추방울토마토,16397.0,18.4,0.0,5,23952.0,14183.142857142857,15457.7,13975.0,0.17330948121645795,0,0,0,77.70000000000002
5615,2023-05-13,토마토,대추방울토마토,12051.0,17.8,0.0,5,24627.0,13982.714285714286,15344.633333333333,16397.0,-0.2650484844788681,0,0,0,47.50000000000003
5616,2023-05-15,토마토,대추방울토마토,13713.0,20.6,0.0,5,22602.0,14118.714285714286,15212.933333333332,12051.0,0.13791386606920586,0,0,0,0.0
5617,2023-05-16,토마토,대추방울토마토,15048.0,24.0,0.0,5,24227.0,14176.57142857143,15175.1,13713.0,0.09735287683220295,0,0,0,0.0
5618,2023-05-17,토마토,대추방울토마토,12713.0,23.5,0.0,5,25122.0,14088.857142857143,15023.266666666666,15048.0,-0.1551701222753854,0,0,0,0.0
5619,2023-05-18,토마토,대추방울토마토,12768.0,21.2,1.3,5,22744.0,13809.285714285714,14911.266666666666,12713.0,0.004326280185636744,0,0,0,1.3000000000000285
5620,2023-05-19,토마토,대추방울토마토,13155.0,22.3,0.0,5,25313.0,13692.142857142857,14768.366666666667,12768.0,0.03031015037593976,0,0,0,1.3000000000000285
5621,2023-05-20,토마토,대추방울토마토,15254.0,21.2,0.0,5,28008.0,13528.857142857143,14782.3,13155.0,0.15955910300266063,0,0,0,1.3000000000000285
5622,2023-05-22,토마토,대추방울토마토,15313.0,20.3,0.0,5,25405.0,13994.857142857143,14762.466666666667,15254.0,0.003867837944145691,0,0,0,1.3000000000000285
5623,2023-05-23,토마토,대추방울토마토,13958.0,20.5,0.0,5,23705.0,14029.857142857143,14719.533333333333,15313.0,-0.08848690654999025,0,0,0,1.3000000000000285
5624,2023-05-24,토마토,대추방울토마토,13415.0,20.6,0.0,5,26683.0,13796.57142857143,14590.433333333332,13958.0,-0.038902421550365385,0,0,0,1.3000000000000285
5625,2023-05-25,토마토,대추방울토마토,11631.0,21.2,0.0,5,27426.0,13642.0,14448.733333333334,13415.0,-0.1329854640327991,0,0,0,1.3000000000000285
5626,2023-05-26,토마토,대추방울토마토,15650.0,21.4,0.5,5,27106.0,14053.714285714286,14402.233333333334,11631.0,0.34554208580517587,0,0,0,0.5000000000000284
5627,2023-05-27,토마토,대추방울토마토,16642.0,19.3,31.8,5,33042.0,14551.857142857143,14405.666666666666,15650.0,0.0633865814696486,0,0,0,32.300000000000026
5628,2023-05-29,토마토,대추방울토마토,11864.0,23.2,2.3,5,29699.0,14067.57142857143,14244.8,16642.0,-0.28710491527460646,0,0,0,34.60000000000003
5629,2023-05-30,토마토,대추방울토마토,15932.0,24.0,0.0,5,28044.0,14156.0,14263.3,11864.0,0.34288604180714777,0,0,0,34.60000000000003
5630,2023-05-31,토마토,대추방울토마토,11907.0,22.8,0.0,5,31266.0,13863.0,14103.6,15932.0,-0.2526362038664324,0,0,0,34.60000000000003
5631,2023-06-01,토마토,대추방울토마토,12312.0,22.8,0.0,6,26858.0,13705.42857142857,13961.4,11907.0,0.03401360544217691,0,0,0,34.60000000000003
5632,2023-06-02,토마토,대추방울토마토,13017.0,20.4,0.0,6,27537.0,13903.42857142857,13851.966666666667,12312.0,0.057261208576998124,0,0,0,34.60000000000003
5633,2023-06-03,토마토,대추방울토마토,17166.0,22.0,0.0,6,29354.0,14120.0,13950.1,13017.0,0.3187370361834525,0,0,0,34.10000000000003
5634,2023-06-05,토마토,대추방울토마토,15093.0,21.5,0.0,6,27423.0,13898.714285714286,13967.433333333332,17166.0,-0.12076197133869282,0,0,0,2.3000000000000282
5635,2023-06-06,토마토,대추방울토마토,15773.0,20.3,0.0,6,25041.0,14457.142857142857,14042.1,15093.0,0.04505399854237058,0,0,0,0.0
5636,2023-06-07,토마토,대추방울토마토,14622.0,21.4,0.0,6,25737.0,14270.0,14062.066666666668,15773.0,-0.07297280162302666,0,0,0,0.0
5637,2023-06-08,토마토,대추방울토마토,14348.0,20.4,1.9,6,23600.0,14618.714285714286,14087.566666666668,14622.0,-0.018738886609218963,0,0,0,1.9000000000000283
5638,2023-06-09,토마토,대추방울토마토,14246.0,23.3,1.2,6,24442.0,14895.0,14113.966666666667,14348.0,-0.007109004739336511,0,0,0,3.100000000000028
5639,2023-06-10,토마토,대추방울토마토,14653.0,23.2,0.8,6,22917.0,15128.714285714286,14177.033333333333,14246.0,0.028569422995928573,0,0,0,3.9000000000000283
5640,2023-06-12,토마토,대추방울토마토,15198.0,22.2,0.0,6,22846.0,14847.57142857143,14195.533333333333,14653.0,0.0371937487203986,0,0,0,3.9000000000000283
5641,2023-06-13,토마토,대추방울토마토,16278.0,22.0,0.0,6,21207.0,15016.857142857143,14293.9,15198.0,0.0710619818397158,0,0,0,3.9000000000000283
5642,2023-06-14,토마토,대추방울토마토,14674.0,20.6,30.6,6,21132.0,14859.857142857143,14292.2,16278.0,-0.09853790391940043,0,0,0,34.50000000000003
5643,2023-06-15,토마토,대추방울토마토,12709.0,22.7,0.0,6,18232.0,14586.57142857143,14250.0,14674.0,-0.13391031756848848,0,0,0,34.50000000000003
5644,2023-06-16,토마토,대추방울토마토,12596.0,23.7,0.0,6,20824.0,14336.285714285714,14123.3,12709.0,-0.008891336847903109,0,0,0,32.60000000000003
5645,2023-06-17,토마토,대추방울토마토,13769.0,24.2,0.0,6,21909.0,14268.142857142857,14180.566666666668,12596.0,0.09312480152429337,0,0,0,31.400000000000027
5646,2023-06-19,토마토,대추방울토마토,14049.0,28.5,0.0,6,19292.0,14181.857142857143,14191.766666666666,13769.0,0.020335536349771255,0,0,0,30.60000000000003
5647,2023-06-20,토마토,대추방울토마토,15135.0,24.7,6.4,6,17202.0,14172.857142857143,14194.666666666666,14049.0,0.07730087550715359,0,0,0,37.00000000000003
5648,2023-06-21,토마토,대추방울토마토,14340.0,20.5,24.9,6,20175.0,13896.0,14248.9,15135.0,-0.05252725470763131,0,0,0,61.90000000000003
5649,2023-06-22,토마토,대추방울토마토,15040.0,22.5,0.0,6,18246.0,13948.285714285714,14324.633333333333,14340.0,0.04881450488145056,0,0,0,31.300000000000026
5650,2023-06-23,토마토,대추방울토마토,15460.0,24.4,0.0,6,20124.0,14341.285714285714,14401.466666666667,15040.0,0.027925531914893664,0,0,0,31.300000000000026
5651,2023-06-24,토마토,대추방울토마토,16555.0,26.4,0.0,6,22620.0,14906.857142857143,14444.833333333334,15460.0,0.07082794307891338,0,0,0,31.300000000000026
5652,2023-06-26,토마토,대추방울토마토,15613.0,24.2,30.3,6,21161.0,15170.285714285714,14454.833333333334,16555.0,-0.05690123829658711,0,0,0,61.60000000000002
5653,2023-06-27,토마토,대추방울토마토,15384.0,25.3,2.5,6,19199.0,15361.0,14502.366666666667,15613.0,-0.0146672644591046,0,0,0,64.10000000000002
5654,2023-06-28,토마토,대추방울토마토,17014.0,26.5,0.0,6,21541.0,15629.42857142857,14622.333333333334,15384.0,0.10595423816952687,0,0,0,57.70000000000003
5655,2023-06-29,토마토,대추방울토마토,15610.0,24.2,63.8,6,19294.0,15810.857142857143,14754.966666666667,17014.0,-0.08252027741859647,0,0,0,96.60000000000002
5656,2023-06-30,토마토,대추방울토마토,16601.0,25.3,1.0,6,21978.0,16033.857142857143,14786.666666666666,15610.0,0.06348494554772577,0,0,0,97.60000000000002
5657,2023-07-01,토마토,대추방울토마토,15954.0,27.7,0.0,7,21397.0,16104.42857142857,14763.733333333334,16601.0,-0.038973555809890925,0,0,0,97.60000000000002
5658,2023-07-03,토마토,대추방울토마토,16368.0,29.1,0.0,7,19611.0,16077.714285714286,14913.866666666667,15954.0,0.025949605114704788,0,0,0,97.60000000000002
5659,2023-07-04,토마토,대추방울토마토,17577.0,26.1,61.8,7,19004.0,16358.285714285714,14968.7,16368.0,0.07386363636363646,0,0,0,129.10000000000002
5660,2023-07-05,토마토,대추방울토마토,17229.0,24.5,15.3,7,17033.0,16621.85714285714,15146.1,17577.0,-0.019798600443761694,0,0,0,141.90000000000003
5661,2023-07-06,토마토,대추방울토마토,17764.0,27.3,0.0,7,17252.0,16729.0,15327.833333333334,17229.0,0.031052295548203546,0,0,0,141.90000000000003
5662,2023-07-07,토마토,대추방울토마토,16348.0,26.7,0.0,7,19270.0,16834.428571428572,15438.866666666667,17764.0,-0.07971177662688589,0,0,0,78.10000000000004
5663,2023-07-08,토마토,대추방울토마토,16591.0,25.6,0.0,7,19987.0,16833.0,15419.7,16348.0,0.014864203572302337,0,0,0,77.10000000000004
5664,2023-07-10,토마토,대추방울토마토,16191.0,26.3,11.5,7,17400.0,16866.85714285714,15456.3,16591.0,-0.02410945693448252,0,0,0,88.60000000000004
5665,2023-07-11,토마토,대추방울토마토,15165.0,23.5,58.3,7,18769.0,16695.0,15436.033333333333,16191.0,-0.06336853807670928,0,0,0,146.90000000000003
5666,2023-07-12,토마토,대추방울토마토,14707.0,25.8,0.7,7,17348.0,16285.0,15438.866666666667,15165.0,-0.030201121002307985,0,0,0,85.80000000000004
5667,2023-07-13,토마토,대추방울토마토,13994.0,25.2,91.6,7,16079.0,15822.857142857143,15427.066666666668,14707.0,-0.048480315496022275,0,0,0,162.10000000000002
5668,2023-07-14,토마토,대추방울토마토,14133.0,24.6,72.7,7,18803.0,15304.142857142857,15423.3,13994.0,0.009932828355009304,0,0,0,234.80000000000004
5669,2023-07-15,토마토,대추방울토마토,16292.0,24.5,2.3,7,18567.0,15296.142857142857,15477.933333333332,14133.0,0.15276303686407688,0,0,0,237.10000000000005
5670,2023-07-17,토마토,대추방울토마토,18875.0,25.5,1.4,7,19601.0,15622.42857142857,15600.5,16292.0,0.15854407070955068,0,0,0,238.50000000000003
5671,2023-07-18,토마토,대추방울토마토,23575.0,25.2,2.3,7,17053.0,16677.285714285714,15843.733333333334,18875.0,0.24900662251655636,0,0,0,229.30000000000004
5672,2023-07-19,토마토,대추방울토마토,24049.0,27.2,0.0,7,16301.0,17946.428571428572,16156.233333333334,23575.0,0.020106044538706236,0,0,0,171.00000000000006
5673,2023-07-20,토마토,대추방울토마토,23472.0,27.9,0.0,7,15557.0,19198.571428571428,16515.0,24049.0,-0.02399268160838286,0,0,0,170.30000000000004
5674,2023-07-21,토마토,대추방울토마토,22323.0,29.5,0.0,7,20058.0,20388.428571428572,16839.233333333334,23472.0,-0.04895194274028625,0,0,0,78.70000000000005
5675,2023-07-22,토마토,대추방울토마토,24165.0,27.7,12.3,7,15453.0,21821.571428571428,17185.766666666666,22323.0,0.0825157908883214,0,0,0,18.300000000000043
5676,2023-07-24,토마토,대추방울토마토,23678.0,26.9,0.4,7,16769.0,22876.714285714286,17506.733333333334,24165.0,-0.02015311400786257,0,0,0,16.40000000000004
5677,2023-07-25,토마토,대추방울토마토,22029.0,27.8,5.6,7,13788.0,23327.285714285714,17736.533333333333,23678.0,-0.06964270630965452,0,0,0,20.600000000000044
5678,2023-07-26,토마토,대추방울토마토,20521.0,27.6,1.0,7,13251.0,22891.0,17942.566666666666,22029.0,-0.06845521812156707,0,0,0,19.300000000000043
5679,2023-07-27,토마토,대추방울토마토,20239.0,28.4,0.0,7,14630.0,22346.714285714286,18115.866666666665,20521.0,-0.013742020369377661,0,0,0,19.300000000000043
5680,2023-07-28,토마토,대추방울토마토,19508.0,29.5,0.0,7,16999.0,21780.428571428572,18250.8,20239.0,-0.036118385295716204,0,0,0,19.300000000000043
5681,2023-07-29,토마토,대추방울토마토,19593.0,29.1,0.0,7,17052.0,21390.428571428572,18352.066666666666,19508.0,0.004357186795161061,0,0,0,19.300000000000043
5682,2023-07-31,토마토,대추방울토마토,21762.0,28.7,0.3,7,15966.0,21047.14285714286,18557.033333333333,19593.0,0.11070280202113003,0,0,0,7.3000000000000425
5683,2023-08-01,토마토,대추방울토마토,19055.0,29.9,0.0,8,15232.0,20386.714285714286,18679.4,21762.0,-0.12439114052017275,0,0,0,6.900000000000042
5684,2023-08-02,토마토,대추방울토마토,19176.0,29.7,0.0,8,15764.0,19979.14285714286,18751.466666666667,19055.0,0.006350039359748205,0,0,0,1.3000000000000427
5685,2023-08-03,토마토,대추방울토마토,26982.0,29.5,0.0,8,17992.0,20902.14285714286,19130.533333333333,19176.0,0.40707133917396754,0,0,0,0.3000000000000426
5686,2023-08-04,토마토,대추방울토마토,35448.0,30.0,0.0,8,16820.0,23074.85714285714,19758.766666666666,26982.0,0.31376473204358457,0,0,0,0.3000000000000426
5687,2023-08-07,토마토,대추방울토마토,23423.0,30.4,0.0,8,16232.0,23634.14285714286,20007.733333333334,35448.0,-0.3392292936131799,0,0,0,0.3000000000000426
5688,2023-08-08,토마토,대추방울토마토,25264.0,30.9,0.0,8,14452.0,24444.285714285714,20304.266666666666,23423.0,0.07859795927080215,0,0,0,0.3000000000000426
5689,2023-08-09,토마토,대추방울토마토,27868.0,28.3,0.2,8,18486.0,25316.571428571428,20647.3,25264.0,0.10307156428119058,0,0,0,0.20000000000004264
5690,2023-08-10,토마토,대추방울토마토,28720.0,22.2,86.1,8,15065.0,26697.285714285714,21030.333333333332,27868.0,0.030572699870819564,0,0,0,86.30000000000004
5691,2023-08-11,토마토,대추방울토마토,28083.0,23.5,46.7,8,14905.0,27969.714285714286,21374.3,28720.0,-0.022179665738161547,0,0,0,133.00000000000006
5692,2023-08-12,토마토,대추방울토마토,29543.0,23.3,1.5,8,15463.0,28335.571428571428,21814.133333333335,28083.0,0.05198874764092154,0,0,0,134.50000000000006
5693,2023-08-14,토마토,대추방울토마토,25831.0,28.1,0.0,8,17023.0,26961.714285714286,22122.133333333335,29543.0,-0.12564736147310696,0,0,0,134.50000000000006
5694,2023-08-15,토마토,대추방울토마토,25558.0,28.6,0.0,8,14409.0,27266.714285714286,22434.366666666665,25831.0,-0.010568696527428312,0,0,0,134.50000000000006
5695,2023-08-16,토마토,대추방울토마토,23820.0,27.3,0.3,8,15047.0,27060.428571428572,22722.866666666665,25558.0,-0.0680021910947648,0,0,0,134.80000000000004
5696,2023-08-17,토마토,대추방울토마토,23791.0,28.2,0.0,8,14014.0,26478.0,23025.666666666668,23820.0,-0.0012174643157011333,0,0,0,134.60000000000005
5697,2023-08-18,토마토,대추방울토마토,26101.0,29.1,0.1,8,13990.0,26103.85714285714,23429.233333333334,23791.0,0.09709554033037704,0,0,0,48.600000000000044
5698,2023-08-19,토마토,대추방울토마토,26040.0,29.1,0.0,8,15187.0,25812.0,23826.133333333335,26101.0,-0.0023370752078464285,0,0,0,1.9000000000000425
5699,2023-08-21,토마토,대추방울토마토,29616.0,29.5,0.0,8,14127.0,25822.428571428572,24270.266666666666,26040.0,0.13732718894009222,0,0,0,0.40000000000004265
5700,2023-08-22,토마토,대추방울토마토,30925.0,27.6,42.6,8,13863.0,26550.14285714286,24671.933333333334,29616.0,0.04419908157752572,0,0,0,43.00000000000004
5701,2023-08-23,토마토,대추방울토마토,28996.0,24.8,41.8,8,12836.0,27041.285714285714,24852.633333333335,30925.0,-0.06237671786580434,0,0,0,84.80000000000004
5702,2023-08-24,토마토,대추방울토마토,25435.0,25.1,5.2,8,12849.0,27272.0,24898.833333333332,28996.0,-0.12281004276451923,0,0,0,89.70000000000005
5703,2023-08-25,토마토,대추방울토마토,29232.0,26.5,0.0,8,11726.0,28049.285714285714,25090.833333333332,25435.0,0.14928248476508754,0,0,0,89.70000000000005
5704,2023-08-26,토마토,대추방울토마토,25139.0,26.4,0.0,8,12444.0,27911.85714285714,25184.7,29232.0,-0.1400177887246853,0,0,0,89.60000000000004
5705,2023-08-28,토마토,대추방울토마토,23685.0,22.7,10.4,8,12685.0,27575.428571428572,25168.7,25139.0,-0.05783841839373083,0,0,0,100.00000000000003
5706,2023-08-29,토마토,대추방울토마토,24693.0,23.9,54.8,8,11107.0,26872.14285714286,25202.533333333333,23685.0,0.04255858138062063,0,0,0,154.80000000000004
5707,2023-08-30,토마토,대추방울토마토,24960.0,22.8,3.5,8,11147.0,26020.0,25300.233333333334,24693.0,0.01081278095006688,0,0,0,115.70000000000005
5708,2023-08-31,토마토,대추방울토마토,24622.0,23.9,0.0,8,10988.0,25395.14285714286,25436.933333333334,24960.0,-0.013541666666666674,0,0,0,73.90000000000003
5709,2023-09-01,토마토,대추방울토마토,28155.0,24.5,0.0,9,12126.0,25783.714285714286,25700.8,24622.0,0.14348956218016418,0,1,0,68.70000000000005
5710,2023-09-02,토마토,대추방울토마토,29392.0,25.4,0.0,9,12831.0,25806.571428571428,26030.266666666666,28155.0,0.04393535784052571,0,1,0,68.70000000000005
5711,2023-09-04,토마토,대추방울토마토,30071.0,27.0,0.3,9,11665.0,26511.14285714286,26379.533333333333,29392.0,0.02310152422427869,0,1,0,69.00000000000004
5712,2023-09-05,토마토,대추방울토마토,33905.0,28.5,0.0,9,10952.0,27971.14285714286,26784.3,30071.0,0.12749825413188787,0,1,0,58.60000000000004
5713,2023-09-06,토마토,대추방울토마토,37723.0,27.9,0.0,9,10752.0,29832.571428571428,27406.566666666666,33905.0,0.11260875976994544,0,1,0,3.8000000000000425
5714,2023-09-07,토마토,대추방울토마토,40097.0,26.3,0.0,9,11281.0,31995.0,28103.933333333334,37723.0,0.0629324284919015,0,1,0,0.3000000000000426
5715,2023-09-08,토마토,대추방울토마토,36283.0,25.3,0.0,9,13103.0,33660.857142857145,28413.966666666667,40097.0,-0.09511933561114294,0,1,0,0.3000000000000426
5716,2023-09-09,토마토,대추방울토마토,35599.0,25.8,0.0,9,14033.0,34724.28571428572,28419.0,36283.0,-0.018851803875093,0,1,0,0.3000000000000426
5717,2023-09-11,토마토,대추방울토마토,38997.0,25.5,0.0,9,14611.0,36096.42857142857,28938.133333333335,35599.0,0.0954521194415574,0,1,0,0.3000000000000426
5718,2023-09-12,토마토,대추방울토마토,43938.0,25.7,0.0,9,14021.0,38077.42857142857,29560.6,38997.0,0.12670205400415413,0,1,0,0.0
5719,2023-09-13,토마토,대추방울토마토,44243.0,22.1,15.9,9,14737.0,39554.28571428572,30106.433333333334,43938.0,0.0069415995266057795,0,1,0,15.900000000000043
5720,2023-09-14,토마토,대추방울토마토,42064.0,23.4,0.0,9,15551.0,40174.42857142857,30551.233333333334,44243.0,-0.04925072892887006,0,1,0,15.900000000000043
5721,2023-09-15,토마토,대추방울토마토,37677.0,22.3,2.1,9,15351.0,39828.71428571428,30871.033333333333,42064.0,-0.10429345758843667,0,1,0,18.000000000000043
5722,2023-09-16,토마토,대추방울토마토,41297.0,23.9,38.7,9,15066.0,40545.0,31262.833333333332,37677.0,0.09607983650502949,0,1,0,56.700000000000045
5723,2023-09-18,토마토,대추방울토마토,35339.0,24.7,0.0,9,16897.0,40507.857142857145,31579.766666666666,41297.0,-0.14427198101557015,0,1,0,56.700000000000045
5724,2023-09-19,토마토,대추방울토마토,36935.0,24.1,0.0,9,15573.0,40213.28571428572,31959.0,35339.0,0.04516256826735332,0,1,0,56.700000000000045
5725,2023-09-20,토마토,대추방울토마토,29984.0,20.6,35.8,9,16292.0,38219.857142857145,32164.466666666667,36935.0,-0.18819547854338703,0,1,0,92.50000000000004
5726,2023-09-21,토마토,대추방울토마토,32391.0,20.1,0.0,9,15458.0,36526.71428571428,32451.133333333335,29984.0,0.08027614727854848,0,1,0,76.60000000000004
5727,2023-09-22,토마토,대추방울토마토,29875.0,20.5,0.0,9,15225.0,34785.42857142857,32576.933333333334,32391.0,-0.07767589762588378,0,1,0,76.60000000000004
5728,2023-09-23,토마토,대추방울토마토,35241.0,21.8,0.0,9,19725.0,34437.42857142857,32883.63333333333,29875.0,0.1796150627615063,0,1,0,74.50000000000004
5729,2023-09-25,토마토,대추방울토마토,31077.0,21.6,1.9,9,19759.0,32977.42857142857,32932.333333333336,35241.0,-0.11815782753043336,0,1,0,37.70000000000004
5730,2023-09-26,토마토,대추방울토마토,26760.0,19.9,27.8,9,18104.0,31751.85714285714,32793.5,31077.0,-0.13891302249251858,0,1,0,65.50000000000004
5731,2023-09-27,토마토,대추방울토마토,24307.0,21.5,4.4,9,16334.0,29947.85714285714,32637.2,26760.0,-0.09166666666666667,0,1,0,69.90000000000003
5732,2023-09-28,토마토,대추방울토마토,24047.0,22.7,0.0,9,16858.0,29099.714285714286,32590.933333333334,24307.0,-0.010696507179001946,0,1,0,34.100000000000044
5733,2023-10-02,토마토,대추방울토마토,26364.0,18.2,0.0,10,18107.0,28238.714285714286,32495.333333333332,24047.0,0.0963529754231296,0,1,0,34.100000000000044
5734,2023-10-03,토마토,대추방울토마토,24762.0,17.5,0.0,10,19234.0,27508.285714285714,32482.766666666666,26364.0,-0.06076467910787442,0,1,0,34.100000000000044
5735,2023-10-04,토마토,대추방울토마토,24698.0,17.3,14.7,10,22043.0,26002.14285714286,32516.533333333333,24762.0,-0.0025846054438252164,0,1,0,48.80000000000004
5736,2023-10-05,토마토,대추방울토마토,23480.0,14.2,0.0,10,19576.0,24916.85714285714,32476.1,24698.0,-0.049315734067535866,0,1,0,46.90000000000004
5737,2023-10-06,토마토,대추방울토마토,24570.0,15.5,0.0,10,18715.0,24604.0,32463.1,23480.0,0.04642248722316866,0,1,0,19.100000000000044
5738,2023-10-07,토마토,대추방울토마토,25814.0,16.8,0.0,10,18207.0,24819.285714285714,32502.833333333332,24570.0,0.0506308506308506,0,1,0,14.700000000000042
5739,2023-10-09,토마토,대추방울토마토,26638.0,17.4,1.2,10,23132.0,25189.428571428572,32452.266666666666,25814.0,0.03192066320601228,0,1,0,15.900000000000041
5740,2023-10-10,토마토,대추방울토마토,25927.0,17.1,0.0,10,23721.0,25127.0,32336.766666666666,26638.0,-0.026691193032509997,0,1,0,15.900000000000041
5741,2023-10-11,토마토,대추방울토마토,28014.0,17.6,0.0,10,26305.0,25591.571428571428,32268.2,25927.0,0.08049523662591129,0,1,0,15.900000000000041
5742,2023-10-12,토마토,대추방울토마토,29379.0,17.5,0.0,10,24174.0,26260.285714285714,32117.333333333332,28014.0,0.04872563718140932,0,1,0,1.2000000000000426
5743,2023-10-13,토마토,대추방울토마토,29892.0,17.5,0.0,10,28787.0,27176.285714285714,31856.3,29379.0,0.017461452057592197,0,1,0,1.2000000000000426
5744,2023-10-14,토마토,대추방울토마토,32271.0,14.7,5.8,10,31631.0,28276.428571428572,31595.433333333334,29892.0,0.07958651144118822,0,1,0,7.000000000000043
5745,2023-10-16,토마토,대추방울토마토,30073.0,14.7,0.0,10,31631.0,28884.85714285714,31388.433333333334,32271.0,-0.06811068761426664,0,1,0,7.000000000000043
5746,2023-10-17,토마토,대추방울토마토,29592.0,13.8,0.0,10,26381.0,29306.85714285714,31188.2,30073.0,-0.015994413593588885,0,1,0,5.8000000000000425
5747,2023-10-18,토마토,대추방울토마토,29664.0,15.7,0.0,10,21267.0,29840.714285714286,30877.1,29592.0,0.0024330900243310083,0,1,0,5.8000000000000425
5748,2023-10-19,토마토,대추방울토마토,29380.0,17.0,8.2,10,22160.0,30035.85714285714,30391.833333333332,29664.0,-0.009573894282632112,0,1,0,14.000000000000043
5749,2023-10-20,토마토,대추방울토마토,28779.0,11.6,0.0,10,22399.0,29950.14285714286,29876.366666666665,29380.0,-0.020456092579986374,0,1,0,14.000000000000043
5750,2023-10-21,토마토,대추방울토마토,26785.0,10.4,1.1,10,20964.0,29506.285714285714,29367.066666666666,28779.0,-0.06928663261405887,0,1,0,15.100000000000042
5751,2023-10-23,토마토,대추방울토마토,28039.0,15.2,0.0,10,20958.0,28901.714285714286,29045.8,26785.0,0.04681724845995894,0,1,0,9.300000000000043
5752,2023-10-24,토마토,대추방울토마토,30191.0,15.6,0.0,10,21057.0,28918.571428571428,28675.6,28039.0,0.07675024073611758,0,1,0,9.300000000000043
5753,2023-10-25,토마토,대추방울토마토,32026.0,16.6,0.0,10,21227.0,29266.285714285714,28565.166666666668,30191.0,0.06077970256036558,0,1,0,9.300000000000043
5754,2023-10-26,토마토,대추방울토마토,30498.0,17.2,0.0,10,19232.0,29385.428571428572,28350.6,32026.0,-0.04771123462186977,0,1,0,9.300000000000043
5755,2023-10-27,토마토,대추방울토마토,30000.0,15.7,0.0,10,19493.0,29474.0,28351.133333333335,30498.0,-0.016328939602596848,0,1,0,1.1000000000000445
5756,2023-10-28,토마토,대추방울토마토,31895.0,14.2,0.0,10,21147.0,29919.14285714286,28334.6,30000.0,0.0631666666666666,0,1,0,1.1000000000000445
5757,2023-10-30,토마토,대추방울토마토,30053.0,15.1,0.0,10,23278.0,30386.0,28340.533333333333,31895.0,-0.05775199874588488,0,1,0,0.0
5758,2023-10-31,토마토,대추방울토마토,30734.0,16.5,0.0,10,23201.0,30771.0,28190.3,30053.0,0.02265996739094267,0,1,0,0.0
5759,2023-11-01,토마토,대추방울토마토,30927.0,19.0,0.0,11,24598.0,30876.14285714286,28185.3,30734.0,0.006279690245330816,0,0,0,0.0
5760,2023-11-02,토마토,대추방울토마토,30149.0,20.8,0.0,11,24259.0,30608.0,28298.266666666666,30927.0,-0.025156012545672013,0,0,0,0.0
5761,2023-11-03,토마토,대추방울토마토,29768.0,19.5,8.5,11,23051.0,30503.714285714286,28480.3,30149.0,-0.012637235065839691,0,0,0,8.500000000000044
5762,2023-11-06,토마토,대추방울토마토,28810.0,13.3,45.8,11,26236.0,30333.714285714286,28639.066666666666,29768.0,-0.032182209083579716,0,0,0,54.30000000000004
5763,2023-11-07,토마토,대추방울토마토,25851.0,5.8,0.0,11,24275.0,29470.285714285714,28621.966666666667,28810.0,-0.10270739326622702,0,0,0,54.30000000000004
5764,2023-11-08,토마토,대추방울토마토,24189.0,8.4,0.0,11,25459.0,28632.571428571428,28602.866666666665,25851.0,-0.06429151676917721,0,0,0,54.30000000000004
5765,2023-11-09,토마토,대추방울토마토,21762.0,11.4,5.1,11,25175.0,27350.85714285714,28505.0,24189.0,-0.10033486295423544,0,0,0,59.40000000000004
5766,2023-11-10,토마토,대추방울토마토,23767.0,3.4,0.0,11,25476.0,26328.0,28514.566666666666,21762.0,0.09213307600404375,0,0,0,59.40000000000004
5767,2023-11-11,토마토,대추방울토마토,19267.0,1.7,0.0,11,29609.0,24773.428571428572,28337.8,23767.0,-0.1893381579500989,0,0,0,59.40000000000004
5768,2023-11-13,토마토,대추방울토마토,21655.0,2.0,0.0,11,33495.0,23614.428571428572,28199.166666666668,19267.0,0.123942492344423,0,0,0,50.90000000000004
5769,2023-11-14,토마토,대추방울토마토,20719.0,5.0,0.0,11,35644.0,22458.571428571428,28001.866666666665,21655.0,-0.043223274070653406,0,0,0,5.100000000000042
5770,2023-11-15,토마토,대추방울토마토,18704.0,7.0,0.0,11,34540.0,21437.571428571428,27761.1,20719.0,-0.09725372846179836,0,0,0,5.100000000000042
5771,2023-11-16,토마토,대추방울토마토,18517.0,6.6,8.4,11,29623.0,20627.285714285714,27444.533333333333,18704.0,-0.009997861420017129,0,0,0,13.500000000000043
5772,2023-11-17,토마토,대추방울토마토,19200.0,1.6,0.0,11,26861.0,20261.285714285714,27105.233333333334,18517.0,0.036885024572014924,0,0,0,8.400000000000043
5773,2023-11-18,토마토,대추방울토마토,19779.0,0.6,0.0,11,30513.0,19691.571428571428,26768.133333333335,19200.0,0.030156250000000107,0,0,0,8.400000000000043
5774,2023-11-20,토마토,대추방울토마토,20439.0,6.2,0.0,11,33686.0,19859.0,26373.733333333334,19779.0,0.033368724404671646,0,0,0,8.400000000000043
5775,2023-11-21,토마토,대추방울토마토,21587.0,7.4,0.0,11,27876.0,19849.285714285714,26090.866666666665,20439.0,0.056167131464357256,0,0,0,8.400000000000043
5776,2023-11-22,토마토,대추방울토마토,22055.0,9.5,0.0,11,31624.0,20040.14285714286,25839.633333333335,21587.0,0.02167971464307228,0,0,0,8.400000000000043
5777,2023-11-23,토마토,대추방울토마토,21159.0,9.9,0.1,11,29809.0,20390.85714285714,25556.133333333335,22055.0,-0.04062570845613245,0,0,0,8.500000000000043
5778,2023-11-24,토마토,대추방울토마토,23373.0,-1.5,0.0,11,28323.0,21084.571428571428,25355.9,21159.0,0.1046363249680986,0,0,0,0.10000000000004264
5779,2023-11-25,토마토,대추방울토마토,23000.0,-1.3,0.0,11,30068.0,21627.428571428572,25163.266666666666,23373.0,-0.015958584691738276,0,0,0,0.10000000000004264
5780,2023-11-27,토마토,대추방울토마토,25769.0,6.2,3.6,11,26457.0,22483.14285714286,25129.4,23000.0,0.12039130434782619,0,0,0,3.700000000000043
5781,2023-11-28,토마토,대추방울토마토,24808.0,1.3,0.0,11,25085.0,23107.285714285714,25021.7,25769.0,-0.03729287127944425,0,0,0,3.700000000000043
5782,2023-11-29,토마토,대추방울토마토,25920.0,-1.4,0.0,11,24204.0,23726.285714285714,24879.333333333332,24808.0,0.04482425024185743,0,0,0,3.700000000000043
5783,2023-11-30,토마토,대추방울토마토,23656.0,-4.3,0.0,11,25526.0,23955.0,24600.333333333332,25920.0,-0.08734567901234569,0,0,0,3.700000000000043
5784,2023-12-01,토마토,대추방울토마토,24095.0,-3.2,0.0,12,24353.0,24374.428571428572,24386.9,23656.0,0.018557659790328085,0,0,0,3.6000000000000427
5785,2023-12-02,토마토,대추방울토마토,24095.0,2.0,0.0,12,22357.0,24477.571428571428,24190.066666666666,24095.0,0.0,0,0,0,3.6000000000000427
5786,2023-12-04,토마토,대추방울토마토,25102.0,2.7,0.0,12,25739.0,24777.85714285714,23963.633333333335,24095.0,0.041792903091927736,0,0,0,3.6000000000000427
5787,2023-12-05,토마토,대추방울토마토,27481.0,6.8,0.0,12,24034.0,25022.428571428572,23877.9,25102.0,0.09477332483467449,0,0,0,0.0
5788,2023-12-06,토마토,대추방울토마토,25207.0,6.1,3.8,12,23383.0,25079.428571428572,23693.666666666668,27481.0,-0.08274808049197624,0,0,0,3.8000000000000425
5789,2023-12-07,토마토,대추방울토마토,23397.0,6.6,0.0,12,23332.0,24719.0,23442.666666666668,25207.0,-0.07180545086682266,0,0,0,3.8000000000000425
5790,2023-12-08,토마토,대추방울토마토,25965.0,11.2,0.0,12,24076.0,25048.85714285714,23303.2,23397.0,0.10975766123862041,0,0,0,3.8000000000000425
5791,2023-12-09,토마토,대추방울토마토,25000.0,13.7,0.0,12,25715.0,25178.14285714286,23144.266666666666,25965.0,-0.03716541498170611,0,0,0,3.8000000000000425
5792,2023-12-11,토마토,대추방울토마토,24245.0,8.9,11.4,12,26153.0,25199.571428571428,22992.1,25000.0,-0.030200000000000005,0,0,0,15.200000000000042
5793,2023-12-12,토마토,대추방울토마토,23895.0,5.4,0.4,12,27442.0,25027.14285714286,22926.9,24245.0,-0.014435966178593551,0,0,0,15.600000000000044
5794,2023-12-13,토마토,대추방울토마토,24749.0,6.8,0.0,12,28443.0,24636.85714285714,22945.566666666666,23895.0,0.035739694496756735,0,0,0,15.600000000000044
5795,2023-12-14,토마토,대추방울토마토,23327.0,7.6,17.0,12,34177.0,24368.285714285714,22997.733333333334,24749.0,-0.057456866944119,0,0,0,28.800000000000043
5796,2023-12-15,토마토,대추방울토마토,24105.0,4.9,31.1,12,32118.0,24469.428571428572,23009.0,23327.0,0.03335190980408975,0,0,0,59.90000000000005
5797,2023-12-16,토마토,대추방울토마토,23558.0,-4.1,1.5,12,29876.0,24125.571428571428,23152.033333333333,24105.0,-0.022692387471478948,0,0,0,61.40000000000005
5798,2023-12-18,토마토,대추방울토마토,26002.0,-7.7,0.0,12,29732.0,24268.714285714286,23296.933333333334,23558.0,0.10374395109941426,0,0,0,61.40000000000005
5799,2023-12-19,토마토,대추방울토마토,26845.0,-3.7,0.3,12,30915.0,24640.14285714286,23501.133333333335,26002.0,0.03242058303207451,0,0,0,50.30000000000005
5800,2023-12-20,토마토,대추방울토마토,26456.0,-7.4,0.8,12,32902.0,25006.0,23759.533333333333,26845.0,-0.014490594151611136,0,0,0,50.700000000000045
5801,2023-12-21,토마토,대추방울토마토,27422.0,-11.7,0.0,12,34208.0,25387.85714285714,24056.366666666665,26456.0,0.036513456304807956,0,0,0,50.700000000000045
5802,2023-12-22,토마토,대추방울토마토,26166.0,-11.6,0.0,12,35492.0,25793.428571428572,24288.566666666666,27422.0,-0.04580264021588509,0,0,0,33.700000000000045
5803,2023-12-23,토마토,대추방울토마토,26501.0,-6.8,0.0,12,35546.0,26135.714285714286,24512.633333333335,26166.0,0.012802873958572158,0,0,0,2.6000000000000463
5804,2023-12-25,토마토,대추방울토마토,27381.0,-0.7,0.7,12,31828.0,26681.85714285714,24744.033333333333,26501.0,0.0332062941021094,0,0,0,1.8000000000000462
5805,2023-12-26,토마토,대추방울토마토,28246.0,1.9,0.0,12,30836.0,27002.428571428572,24966.0,27381.0,0.03159124940652269,0,0,0,1.8000000000000462
5806,2023-12-27,토마토,대추방울토마토,28270.0,1.5,0.0,12,31326.0,27206.0,25173.166666666668,28246.0,0.0008496778304891706,0,0,0,1.5000000000000462
5807,2023-12-28,토마토,대추방울토마토,25969.0,1.2,0.0,12,29312.0,27136.428571428572,25333.5,28270.0,-0.08139370357269193,0,0,0,0.7000000000000461
5808,2023-12-29,토마토,대추방울토마토,27252.0,1.3,0.0,12,25399.0,27112.14285714286,25462.8,25969.0,0.0494050598790865,0,0,0,0.7000000000000461
5809,2023-12-30,토마토,대추방울토마토,27410.0,0.6,13.1,12,24180.0,27289.85714285714,25609.8,27252.0,0.0057977396154411664,0,0,0,13.800000000000045
5810,2024-01-03,토마토,대추방울토마토,26914.0,1.8,0.6,1,24333.0,27348.85714285714,25647.966666666667,27410.0,-0.018095585552717952,0,0,0,14.400000000000045
5811,2024-01-04,토마토,대추방울토마토,26443.0,1.4,0.0,1,24067.0,27214.85714285714,25702.466666666667,26914.0,-0.01750018577691903,0,0,0,13.700000000000045
5812,2024-01-05,토마토,대추방울토마토,25260.0,5.0,0.0,1,24099.0,26788.285714285714,25680.466666666667,26443.0,-0.044737737775592756,0,0,0,13.700000000000045
5813,2024-01-06,토마토,대추방울토마토,25378.0,0.7,2.4,1,22139.0,26375.14285714286,25737.866666666665,25260.0,0.004671417260490918,0,0,0,16.100000000000044
5814,2024-01-08,토마토,대추방울토마토,26586.0,-4.7,0.0,1,20700.0,26463.285714285714,25820.9,25378.0,0.04760028371030023,0,0,0,16.100000000000044
5815,2024-01-09,토마토,대추방울토마토,26760.0,-0.6,1.6,1,17938.0,26393.0,25909.733333333334,26586.0,0.006544798013992326,0,0,0,17.700000000000045
5816,2024-01-10,토마토,대추방울토마토,25834.0,-1.0,0.0,1,19018.0,26167.85714285714,25934.133333333335,26760.0,-0.03460388639760836,0,0,0,4.600000000000046
5817,2024-01-11,토마토,대추방울토마토,24221.0,1.7,0.0,1,19017.0,25783.14285714286,25825.466666666667,25834.0,-0.0624370983974607,0,0,0,4.000000000000046
5818,2024-01-12,토마토,대추방울토마토,22060.0,0.9,0.0,1,16877.0,25157.0,25720.566666666666,24221.0,-0.08922009826183885,0,0,0,4.000000000000046
5819,2024-01-13,토마토,대추방울토마토,23764.0,0.4,0.0,1,15512.0,24943.285714285714,25732.8,22060.0,0.07724388032638263,0,0,0,4.000000000000046
5820,2024-01-15,토마토,대추방울토마토,26482.0,-3.7,0.0,1,16125.0,25101.0,25750.033333333333,23764.0,0.11437468439656628,0,0,0,1.6000000000000463
5821,2024-01-16,토마토,대추방울토마토,26245.0,-2.1,0.0,1,16254.0,25052.285714285714,25791.533333333333,26482.0,-0.008949475115172523,0,0,0,1.6000000000000463
5822,2024-01-17,토마토,대추방울토마토,24468.0,0.6,9.7,1,18223.0,24724.85714285714,25798.966666666667,26245.0,-0.06770813488283478,0,0,0,9.700000000000045
5823,2024-01-18,토마토,대추방울토마토,24821.0,4.5,0.5,1,20011.0,24580.14285714286,25829.833333333332,24468.0,0.014427006702631973,0,0,0,10.200000000000045
5824,2024-01-19,토마토,대추방울토마토,23643.0,5.4,0.0,1,19817.0,24497.571428571428,25792.966666666667,24821.0,-0.04745981225575113,0,0,0,10.200000000000045
5825,2024-01-20,토마토,대추방울토마토,26617.0,3.4,0.4,1,17082.0,25148.571428571428,25902.633333333335,23643.0,0.12578775959057653,0,0,0,10.600000000000046
5826,2024-01-22,토마토,대추방울토마토,28071.0,-8.7,0.2,1,18576.0,25763.85714285714,26034.833333333332,26617.0,0.054626742307547715,0,0,0,10.800000000000045
5827,2024-01-23,토마토,대추방울토마토,27440.0,-11.7,0.0,1,18486.0,25900.714285714286,26164.233333333334,28071.0,-0.022478714687756085,0,0,0,10.800000000000045
5828,2024-01-24,토마토,대추방울토마토,27343.0,-8.0,0.0,1,19007.0,26057.571428571428,26208.933333333334,27440.0,-0.0035349854227405553,0,0,0,10.800000000000045
5829,2024-01-25,토마토,대추방울토마토,30206.0,-5.3,0.0,1,23547.0,26877.285714285714,26320.966666666667,27343.0,0.10470687195991668,0,0,0,1.1000000000000463
5830,2024-01-26,토마토,대추방울토마토,29376.0,-1.7,0.0,1,19968.0,27528.0,26418.3,30206.0,-0.027477984506389497,0,0,0,0.6000000000000463
5831,2024-01-27,토마토,대추방울토마토,31875.0,-0.5,0.0,1,19977.0,28704.0,26566.733333333334,29376.0,0.08506944444444442,0,0,0,0.6000000000000463
5832,2024-01-29,토마토,대추방울토마토,31075.0,-0.4,0.0,1,19302.0,29340.85714285714,26730.366666666665,31875.0,-0.02509803921568632,0,0,0,0.2000000000000462
5833,2024-01-30,토마토,대추방울토마토,31279.0,1.4,0.0,1,16629.0,29799.14285714286,26889.633333333335,31075.0,0.0065647626709572915,0,0,0,0.0
5834,2024-01-31,토마토,대추방울토마토,32788.0,4.7,0.0,1,17397.0,30563.14285714286,27069.866666666665,31279.0,0.04824323028229793,0,0,0,0.0
5835,2024-02-01,토마토,대추방울토마토,29539.0,2.4,0.0,2,18430.0,30876.85714285714,27112.966666666667,32788.0,-0.0990911309015493,0,0,0,0.0
5836,2024-02-02,토마토,대추방울토마토,28937.0,3.1,0.0,2,16742.0,30695.571428571428,27135.2,29539.0,-0.020379836825891173,0,0,0,0.0
5837,2024-02-03,토마토,대추방울토마토,30230.0,4.7,0.0,2,17489.0,30817.571428571428,27277.233333333334,28937.0,0.044683277464837357,0,0,0,0.0
5838,2024-02-05,토마토,대추방울토마토,30305.0,2.7,3.9,2,13619.0,30593.285714285714,27379.0,30230.0,0.0024809791597750763,0,0,0,3.900000000000046
5839,2024-02-06,토마토,대추방울토마토,29099.0,1.2,0.2,2,12463.0,30311.0,27435.3,30305.0,-0.03979541329813563,0,0,0,4.100000000000046
5840,2024-02-07,토마토,대추방울토마토,27010.0,0.6,0.0,2,12433.0,29701.14285714286,27438.5,29099.0,-0.07178940857074123,0,0,0,4.100000000000046
5841,2024-02-08,토마토,대추방울토마토,25849.0,0.6,0.0,2,12468.0,28709.85714285714,27418.7,27010.0,-0.04298407997038134,0,0,0,4.100000000000046
5842,2024-02-09,토마토,대추방울토마토,26943.0,1.1,0.0,2,11819.0,28339.0,27474.8,25849.0,0.0423227204147163,0,0,0,4.100000000000046
5843,2024-02-13,토마토,대추방울토마토,26890.0,8.2,0.0,2,12609.0,28046.571428571428,27525.2,26943.0,-0.001967115762906868,0,0,0,4.100000000000046
5844,2024-02-14,토마토,대추방울토마토,24677.0,12.9,0.0,2,13141.0,27253.285714285714,27461.566666666666,26890.0,-0.08229825213834141,0,0,0,4.100000000000046
5845,2024-02-15,토마토,대추방울토마토,26107.0,4.5,10.9,2,12166.0,26653.571428571428,27439.8,24677.0,0.05794869716740281,0,0,0,11.100000000000046
5846,2024-02-16,토마토,대추방울토마토,21882.0,2.3,0.0,2,13441.0,25622.571428571428,27308.066666666666,26107.0,-0.161833990883671,0,0,0,10.900000000000047
5847,2024-02-17,토마토,대추방울토마토,24757.0,4.4,0.0,2,16513.0,25300.714285714286,27325.933333333334,21882.0,0.13138652773969484,0,0,0,10.900000000000047
5848,2024-02-19,토마토,대추방울토마토,23573.0,9.1,8.9,2,15604.0,24975.571428571428,27376.366666666665,24757.0,-0.04782485761602784,0,0,0,19.800000000000047
5849,2024-02-20,토마토,대추방울토마토,27253.0,4.3,2.6,2,15480.0,25019.85714285714,27492.666666666668,23573.0,0.1561108047342299,0,0,0,22.40000000000005
5850,2024-02-21,토마토,대추방울토마토,26669.0,1.9,17.8,2,15706.0,24988.285714285714,27498.9,27253.0,-0.021428833522914914,0,0,0,40.200000000000045
5851,2024-02-22,토마토,대추방울토마토,24967.0,0.2,8.8,2,15425.0,25029.714285714286,27456.3,26669.0,-0.06381941580111739,0,0,0,49.00000000000005
5852,2024-02-23,토마토,대추방울토마토,27285.0,1.8,0.4,2,16990.0,25198.0,27550.2,24967.0,0.09284255216886295,0,0,0,38.50000000000005
5853,2024-02-24,토마토,대추방울토마토,30276.0,2.0,2.3,2,15961.0,26397.14285714286,27732.033333333333,27285.0,0.10962067069818571,0,0,0,40.800000000000054
5854,2024-02-26,토마토,대추방울토마토,30061.0,3.8,0.0,2,18461.0,27154.85714285714,27945.966666666667,30276.0,-0.007101334390276159,0,0,0,40.800000000000054
5855,2024-02-27,토마토,대추방울토마토,35936.0,5.3,0.0,2,15120.0,28921.0,28256.6,30061.0,0.19543594690795385,0,0,0,31.90000000000005
5856,2024-02-28,토마토,대추방울토마토,34236.0,6.4,0.0,2,16197.0,29918.571428571428,28462.1,35936.0,-0.047306322350845975,0,0,0,29.300000000000047
5857,2024-02-29,토마토,대추방울토마토,36692.0,4.8,0.0,2,14020.0,31350.428571428572,28770.5,34236.0,0.07173735249445023,0,0,0,11.500000000000046
5858,2024-03-01,토마토,대추방울토마토,38354.0,-4.1,0.0,3,15369.0,33262.857142857145,29137.533333333333,36692.0,0.04529597732475743,0,0,1,2.700000000000046
5859,2024-03-02,토마토,대추방울토마토,38354.0,-0.5,0.0,3,14182.0,34844.142857142855,29409.133333333335,38354.0,0.0,0,0,1,2.300000000000046
5860,2024-03-04,토마토,대추방울토마토,37093.0,5.4,0.0,3,14467.0,35818.0,29666.366666666665,38354.0,-0.03287792668300571,0,0,1,0.0
5861,2024-03-05,토마토,대추방울토마토,35883.0,8.0,0.0,3,15252.0,36649.71428571428,29799.966666666667,37093.0,-0.03262071010702827,0,0,1,0.0
5862,2024-03-06,토마토,대추방울토마토,33729.0,6.2,0.0,3,15965.0,36334.42857142857,29888.433333333334,35883.0,-0.06002842571691325,0,0,1,0.0
5863,2024-03-07,토마토,대추방울토마토,34128.0,3.9,2.1,3,16888.0,36319.0,29983.4,33729.0,0.011829582851552,0,0,1,2.1000000000000463
5864,2024-03-08,토마토,대추방울토마토,33183.0,2.1,0.0,3,18729.0,35817.71428571428,29996.566666666666,34128.0,-0.027689873417721556,0,0,1,2.1000000000000463
5865,2024-03-09,토마토,대추방울토마토,32183.0,2.0,0.0,3,19595.0,34936.142857142855,30084.7,33183.0,-0.030135912967483303,0,0,1,2.1000000000000463
5866,2024-03-11,토마토,대추방울토마토,30542.0,6.2,0.0,3,19103.0,33820.142857142855,30138.2,32183.0,-0.05098965292235036,0,0,1,2.1000000000000463
5867,2024-03-12,토마토,대추방울토마토,31716.0,6.6,2.1,3,17526.0,33052.0,30187.733333333334,30542.0,0.03843887106279875,0,0,1,4.200000000000046
5868,2024-03-13,토마토,대추방울토마토,30791.0,6.5,0.0,3,18103.0,32324.571428571428,30203.933333333334,31716.0,-0.029165090175305886,0,0,1,4.200000000000046
5869,2024-03-14,토마토,대추방울토마토,28088.0,8.5,0.0,3,20249.0,31518.714285714286,30170.233333333334,30791.0,-0.08778539183527656,0,0,1,4.200000000000046
5870,2024-03-15,토마토,대추방울토마토,26550.0,8.9,0.0,3,20849.0,30436.14285714286,30154.9,28088.0,-0.05475647963543151,0,0,1,2.1000000000000463
5871,2024-03-16,토마토,대추방울토마토,29455.0,10.9,0.0,3,18150.0,29903.571428571428,30275.1,26550.0,0.10941619585687379,0,0,1,2.1000000000000463
5872,2024-03-18,토마토,대추방울토마토,30877.0,7.1,0.0,3,16291.0,29717.0,30406.233333333334,29455.0,0.04827703276184003,0,0,1,2.1000000000000463
5873,2024-03-19,토마토,대추방울토마토,30442.0,6.7,0.2,3,16337.0,29702.714285714286,30524.633333333335,30877.0,-0.01408815623279469,0,0,1,2.3000000000000465
5874,2024-03-20,토마토,대추방울토마토,28831.0,4.4,0.0,3,15986.0,29290.571428571428,30663.1,30442.0,-0.05292030746994281,0,0,1,0.2000000000000462
5875,2024-03-21,토마토,대추방울토마토,26782.0,5.0,0.0,3,14359.0,28717.85714285714,30685.6,28831.0,-0.07106933509070101,0,0,1,0.2000000000000462
5876,2024-03-22,토마토,대추방울토마토,30701.0,10.4,5.4,3,14725.0,29091.14285714286,30979.566666666666,26782.0,0.14632962437457997,0,0,1,5.600000000000047
5877,2024-03-23,토마토,대추방울토마토,33725.0,13.0,0.1,3,14414.0,30116.14285714286,31278.5,30701.0,0.09849842024689748,0,0,1,5.700000000000046
5878,2024-03-25,토마토,대추방울토마토,29013.0,10.6,5.1,3,17793.0,30053.0,31459.833333333332,33725.0,-0.1397183098591549,0,0,1,10.800000000000047
5879,2024-03-26,토마토,대추방울토마토,29396.0,7.4,11.5,3,14517.0,29841.428571428572,31531.266666666666,29013.0,0.01320097887154037,0,0,1,22.300000000000047
5880,2024-03-27,토마토,대추방울토마토,29848.0,10.4,0.0,3,14758.0,29756.571428571428,31637.233333333334,29396.0,0.015376241665532753,0,0,1,22.100000000000048
5881,2024-03-28,토마토,대추방울토마토,32057.0,10.3,1.9,3,14070.0,30217.428571428572,31873.566666666666,29848.0,0.07400830876440634,0,0,1,24.000000000000046
5882,2024-03-29,토마토,대추방울토마토,32818.0,7.6,1.4,3,14888.0,31079.714285714286,32058.0,32057.0,0.02373896496864969,0,0,1,25.40000000000005
5883,2024-03-30,토마토,대추방울토마토,36095.0,8.8,0.0,3,14461.0,31850.285714285714,32251.966666666667,32818.0,0.09985373880187698,0,0,1,20.000000000000046
5884,2024-04-01,토마토,대추방울토마토,36378.0,12.2,0.0,4,15276.0,32229.285714285714,32462.533333333333,36095.0,0.007840421110957285,0,0,1,19.90000000000005
5885,2024-04-02,토마토,대추방울토마토,38129.0,15.4,0.0,4,14117.0,33531.57142857143,32535.633333333335,36378.0,0.04813348727252742,0,0,1,14.800000000000047
5886,2024-04-03,토마토,대추방울토마토,40391.0,16.6,0.0,4,17745.0,35102.28571428572,32740.8,38129.0,0.05932492328673722,0,0,1,3.300000000000046
5887,2024-04-04,토마토,대추방울토마토,41748.0,15.5,0.0,4,14412.0,36802.28571428572,32909.333333333336,40391.0,0.03359659330048781,0,0,1,3.300000000000046
5888,2024-04-05,토마토,대추방울토마토,42728.0,14.0,0.0,4,15057.0,38326.71428571428,33055.13333333333,41748.0,0.023474178403755763,0,0,1,1.400000000000046
5889,2024-04-06,토마토,대추방울토마토,43080.0,12.7,0.0,4,14875.0,39792.71428571428,33212.666666666664,42728.0,0.00823815764838054,0,0,1,0.0
5890,2024-04-08,토마토,대추방울토마토,43395.0,16.2,0.0,4,15720.0,40835.57142857143,33422.73333333333,43080.0,0.007311977715877438,0,0,1,0.0
5891,2024-04-09,토마토,대추방울토마토,41352.0,15.3,0.0,4,16299.0,41546.142857142855,33605.03333333333,43395.0,-0.04707915658486006,0,0,1,0.0
5892,2024-04-10,토마토,대추방울토마토,34061.0,13.8,0.0,4,15978.0,40965.0,33616.1,41352.0,-0.17631553491971363,0,0,1,0.0
5893,2024-04-11,토마토,대추방울토마토,32104.0,15.5,0.0,4,16054.0,39781.142857142855,33548.63333333333,34061.0,-0.057455741170253316,0,0,1,0.0
5894,2024-04-12,토마토,대추방울토마토,31867.0,17.2,0.0,4,16073.0,38369.57142857143,33504.76666666667,32104.0,-0.007382257662596592,0,0,1,0.0
5895,2024-04-13,토마토,대추방울토마토,33714.0,19.1,0.0,4,18405.0,37081.857142857145,33555.8,31867.0,0.05795964477359017,0,0,1,0.0
5896,2024-04-15,토마토,대추방울토마토,26996.0,16.0,17.1,4,17990.0,34784.142857142855,33437.6,33714.0,-0.19926440054576733,0,0,1,17.100000000000048
5897,2024-04-16,토마토,대추방울토마토,25751.0,13.3,2.3,4,19098.0,32263.571428571428,33238.76666666667,26996.0,-0.04611794339902209,0,0,1,19.40000000000005
5898,2024-04-17,토마토,대추방울토마토,25042.0,15.0,0.0,4,21819.0,29933.571428571428,33047.13333333333,25751.0,-0.027532911343248756,0,0,1,19.40000000000005
5899,2024-04-18,토마토,대추방울토마토,28562.0,17.3,0.0,4,20731.0,29148.0,33062.933333333334,25042.0,0.140563852727418,0,0,1,19.40000000000005
5900,2024-04-19,토마토,대추방울토마토,26760.0,17.6,0.0,4,19200.0,28384.571428571428,33069.933333333334,28562.0,-0.0630908199705903,0,0,1,19.40000000000005
5901,2024-04-20,토마토,대추방울토마토,27756.0,14.9,4.8,4,17777.0,27797.285714285714,33013.3,26760.0,0.037219730941703943,0,0,1,24.200000000000045
5902,2024-04-22,토마토,대추방울토마토,26870.0,18.8,0.0,4,19403.0,26819.571428571428,32879.73333333333,27756.0,-0.031921026084450244,0,0,1,24.200000000000045
5903,2024-04-23,토마토,대추방울토마토,28177.0,17.3,0.0,4,21211.0,26988.285714285714,32804.23333333333,26870.0,0.048641607740975035,0,0,1,7.100000000000046
5904,2024-04-24,토마토,대추방울토마토,25462.0,13.2,9.0,4,22535.0,26947.0,32691.933333333334,28177.0,-0.09635518330553283,0,0,1,13.800000000000047
5905,2024-04-25,토마토,대추방울토마토,22445.0,14.4,0.0,4,22292.0,26576.0,32547.366666666665,25462.0,-0.11849029926949961,0,0,1,13.800000000000047
5906,2024-04-26,토마토,대추방울토마토,23607.0,17.8,0.0,4,20918.0,25868.14285714286,32310.9,22445.0,0.051770995767431494,0,0,1,13.800000000000047
5907,2024-04-27,토마토,대추방울토마토,21959.0,18.2,0.0,4,24897.0,25182.285714285714,31918.7,23607.0,-0.06980980217732025,0,0,1,13.800000000000047
5908,2024-04-29,토마토,대추방울토마토,23005.0,20.9,0.0,4,26385.0,24503.571428571428,31718.433333333334,21959.0,0.047634227423835274,0,0,1,9.000000000000046
5909,2024-04-30,토마토,대추방울토마토,22850.0,18.6,0.0,4,25303.0,23929.285714285714,31500.233333333334,23005.0,-0.006737665724842468,0,0,1,9.000000000000046
5910,2024-05-01,토마토,대추방울토마토,24551.0,18.5,0.0,5,25714.0,23411.285714285714,31323.666666666668,22850.0,0.07444201312910281,0,0,0,9.000000000000046
5911,2024-05-02,토마토,대추방울토마토,25395.0,18.1,0.0,5,26082.0,23401.714285714286,31101.6,24551.0,0.03437741843509423,0,0,0,0.0
5912,2024-05-03,토마토,대추방울토마토,28369.0,19.7,0.0,5,26173.0,24248.0,30953.3,25395.0,0.11710966725733418,0,0,0,0.0
5913,2024-05-04,토마토,대추방울토마토,26973.0,21.4,0.0,5,27188.0,24728.85714285714,30649.233333333334,28369.0,-0.049208643237336536,0,0,0,0.0
5914,2024-05-06,토마토,대추방울토마토,25269.0,13.9,12.3,5,24522.0,25201.714285714286,30278.933333333334,26973.0,-0.0631742853965076,0,0,0,12.300000000000047
5915,2024-05-07,토마토,대추방울토마토,23669.0,13.3,2.4,5,24762.0,25296.571428571428,29796.933333333334,25269.0,-0.0633186908860659,0,0,0,14.700000000000047
5916,2024-05-08,토마토,대추방울토마토,24588.0,14.7,0.0,5,24964.0,25544.85714285714,29270.166666666668,23669.0,0.038827157885842345,0,0,0,14.700000000000047
5917,2024-05-09,토마토,대추방울토마토,22667.0,16.1,0.0,5,26250.0,25275.714285714286,28634.133333333335,24588.0,-0.07812754189035298,0,0,0,14.700000000000047
5918,2024-05-10,토마토,대추방울토마토,21674.0,17.9,0.0,5,25408.0,24744.14285714286,27932.333333333332,22667.0,-0.04380817929148095,0,0,0,14.700000000000047
5919,2024-05-11,토마토,대추방울토마토,20316.0,17.0,31.7,5,25088.0,23593.714285714286,27173.533333333333,21674.0,-0.06265571652671409,0,0,0,46.40000000000005
5920,2024-05-13,토마토,대추방울토마토,22481.0,18.3,0.0,5,26453.0,22952.0,26476.4,20316.0,0.10656625319944868,0,0,0,46.40000000000005
5921,2024-05-14,토마토,대추방울토마토,22943.0,18.8,0.0,5,25922.0,22619.714285714286,25862.766666666666,22481.0,0.02055068724700848,0,0,0,34.10000000000005
5922,2024-05-15,토마토,대추방울토마토,22400.0,12.6,20.6,5,26456.0,22438.428571428572,25474.066666666666,22943.0,-0.023667349518371572,0,0,0,52.30000000000005
5923,2024-05-16,토마토,대추방울토마토,21545.0,13.7,0.1,5,24924.0,22003.714285714286,25122.1,22400.0,-0.03816964285714286,0,0,0,52.40000000000005
5924,2024-05-17,토마토,대추방울토마토,21077.0,18.3,0.0,5,22655.0,21776.571428571428,24762.433333333334,21545.0,-0.021721977256904168,0,0,0,52.40000000000005
5925,2024-05-18,토마토,대추방울토마토,18281.0,20.7,0.0,5,22984.0,21291.85714285714,24248.0,21077.0,-0.132656450158941,0,0,0,52.40000000000005
5926,2024-05-20,토마토,대추방울토마토,20238.0,19.4,0.0,5,22064.0,21280.714285714286,24022.733333333334,18281.0,0.1070510365953723,0,0,0,20.70000000000005
5927,2024-05-21,토마토,대추방울토마토,18479.0,21.7,0.0,5,23477.0,20709.0,23780.333333333332,20238.0,-0.08691570313272068,0,0,0,20.70000000000005
5928,2024-05-22,토마토,대추방울토마토,18023.0,20.5,0.0,5,24592.0,20006.14285714286,23546.366666666665,18479.0,-0.024676659992423855,0,0,0,20.70000000000005
5929,2024-05-23,토마토,대추방울토마토,17516.0,20.2,0.0,5,25422.0,19308.428571428572,23178.166666666668,18023.0,-0.028130721855406993,0,0,0,0.10000000000004619
5930,2024-05-24,토마토,대추방울토마토,17715.0,20.1,0.0,5,24472.0,18761.285714285714,22876.666666666668,17516.0,0.0113610413336378,0,0,0,0.0
5931,2024-05-25,토마토,대추방울토마토,16816.0,21.4,0.0,5,29634.0,18152.571428571428,22512.0,17715.0,-0.050747953711543836,0,0,0,0.0
5932,2024-05-27,토마토,대추방울토마토,16587.0,18.5,0.0,5,28118.0,17910.571428571428,22169.233333333334,16816.0,-0.013617982873453838,0,0,0,0.0
5933,2024-05-28,토마토,대추방울토마토,17094.0,20.4,0.0,5,29290.0,17461.428571428572,21799.8,16587.0,0.03056610598661602,0,0,0,0.0
5934,2024-05-29,토마토,대추방울토마토,17606.0,21.2,0.0,5,28106.0,17336.714285714286,21537.933333333334,17094.0,0.029952029952029946,0,0,0,0.0
5935,2024-05-30,토마토,대추방울토마토,16407.0,20.7,0.0,5,26237.0,17105.85714285714,21336.666666666668,17606.0,-0.06810178348290352,0,0,0,0.0
5936,2024-05-31,토마토,대추방울토마토,15187.0,20.4,1.0,5,26683.0,16773.14285714286,21056.0,16407.0,-0.07435850551593837,0,0,0,1.0000000000000462
5937,2024-06-01,토마토,대추방울토마토,16419.0,20.7,0.0,6,31931.0,16588.0,20871.333333333332,15187.0,0.08112201224731685,0,0,0,1.0000000000000462
5938,2024-06-03,토마토,대추방울토마토,17045.0,22.2,0.0,6,36012.0,16620.714285714286,20672.666666666668,16419.0,0.03812656069188125,0,0,0,1.0000000000000462
5939,2024-06-04,토마토,대추방울토마토,16565.0,22.8,0.0,6,32033.0,16617.571428571428,20463.166666666668,17045.0,-0.028160750953358793,0,0,0,1.0000000000000462
5940,2024-06-05,토마토,대추방울토마토,17209.0,23.6,0.0,6,31379.0,16634.0,20218.433333333334,16565.0,0.038877150618774614,0,0,0,1.0000000000000462
5941,2024-06-06,토마토,대추방울토마토,17175.0,24.1,0.0,6,31152.0,16572.428571428572,19944.433333333334,17209.0,-0.0019757103841013812,0,0,0,1.0000000000000462
5942,2024-06-07,토마토,대추방울토마토,15890.0,23.1,0.8,6,35824.0,16498.571428571428,19528.466666666667,17175.0,-0.07481804949053861,0,0,0,1.8000000000000462
5943,2024-06-08,토마토,대추방울토마토,16142.0,20.3,16.9,6,30808.0,16635.0,19167.433333333334,15890.0,0.01585903083700435,0,0,0,17.700000000000045
5944,2024-06-10,토마토,대추방울토마토,17355.0,24.7,0.0,6,24038.0,16768.714285714286,18903.633333333335,16142.0,0.07514558295130724,0,0,0,17.700000000000045
5945,2024-06-11,토마토,대추방울토마토,16491.0,25.4,0.0,6,27441.0,16689.571428571428,18664.366666666665,17355.0,-0.049783923941227326,0,0,0,17.700000000000045
5946,2024-06-12,토마토,대추방울토마토,15201.0,24.8,0.0,6,21073.0,16494.714285714286,18351.466666666667,16491.0,-0.07822448608331822,0,0,0,17.700000000000045
5947,2024-06-13,토마토,대추방울토마토,14307.0,26.4,0.0,6,18184.0,16080.142857142857,18072.8,15201.0,-0.05881192026840343,0,0,0,17.700000000000045
5948,2024-06-14,토마토,대추방울토마토,14518.0,26.3,0.0,6,17569.0,15700.57142857143,17834.266666666666,14307.0,0.014748025442091306,0,0,0,17.700000000000045
5949,2024-06-15,토마토,대추방울토마토,12988.0,24.2,6.1,6,17296.0,15286.0,17590.0,14518.0,-0.1053864168618267,0,0,0,23.000000000000043
5950,2024-06-17,토마토,대추방울토마토,15240.0,24.8,0.0,6,15443.0,15157.142857142857,17348.633333333335,12988.0,0.17339082229750535,0,0,0,6.100000000000046
5951,2024-06-18,토마토,대추방울토마토,14635.0,26.0,0.0,6,17664.0,14768.57142857143,17071.7,15240.0,-0.03969816272965876,0,0,0,6.100000000000046
5952,2024-06-19,토마토,대추방울토마토,13525.0,28.8,0.0,6,16183.0,14344.857142857143,16775.866666666665,14635.0,-0.07584557567475225,0,0,0,6.100000000000046
5953,2024-06-20,토마토,대추방울토마토,12665.0,29.4,0.0,6,17268.0,13982.57142857143,16479.866666666665,13525.0,-0.06358595194085026,0,0,0,6.100000000000046
5954,2024-06-21,토마토,대추방울토마토,11796.0,28.1,0.0,6,16128.0,13623.857142857143,16170.5,12665.0,-0.06861429135412556,0,0,0,6.100000000000046
5955,2024-06-22,토마토,대추방울토마토,11834.0,24.2,16.5,6,17442.0,13240.42857142857,15955.6,11796.0,0.003221430993557206,0,0,0,22.600000000000044
5956,2024-06-24,토마토,대추방울토마토,11926.0,24.3,0.0,6,14836.0,13088.714285714286,15678.533333333333,11834.0,0.007774209903667506,0,0,0,16.500000000000043
5957,2024-06-25,토마토,대추방울토마토,11825.0,22.9,0.0,6,15908.0,12600.857142857143,15456.733333333334,11926.0,-0.008468891497568354,0,0,0,16.500000000000043
5958,2024-06-26,토마토,대추방울토마토,11314.0,24.9,0.0,6,15246.0,12126.42857142857,15233.1,11825.0,-0.04321353065539113,0,0,0,16.500000000000043
5959,2024-06-27,토마토,대추방울토마토,11429.0,26.3,0.0,6,17288.0,11827.0,15030.2,11314.0,0.010164398090860782,0,0,0,16.500000000000043
5960,2024-06-28,토마토,대추방울토마토,11489.0,26.6,0.0,6,15882.0,11659.0,14822.666666666666,11429.0,0.005249803132382436,0,0,0,16.500000000000043
5961,2024-06-29,토마토,대추방울토마토,12238.0,26.7,38.3,6,17045.0,11722.142857142857,14670.066666666668,11489.0,0.06519279310644954,0,0,0,54.80000000000004
5962,2024-07-01,토마토,대추방울토마토,12795.0,26.3,0.0,7,16539.0,11859.42857142857,14543.666666666666,12238.0,0.045513972871384256,0,0,0,38.30000000000004
5963,2024-07-02,토마토,대추방울토마토,12927.0,23.2,65.1,7,16690.0,12002.42857142857,14404.766666666666,12795.0,0.010316529894490056,0,0,0,103.40000000000003
5964,2024-07-03,토마토,대추방울토마토,12593.0,24.7,0.8,7,15377.0,12112.142857142857,14237.666666666666,12927.0,-0.02583739460044865,0,0,0,104.20000000000003
5965,2024-07-04,토마토,대추방울토마토,14404.0,26.8,3.6,7,16698.0,12553.57142857143,14170.9,12593.0,0.14381005320416107,0,0,0,107.80000000000004
5966,2024-07-05,토마토,대추방울토마토,14324.0,23.4,4.1,7,16578.0,12967.142857142857,14142.133333333333,14404.0,-0.0055540127742294,0,0,0,111.90000000000003
5967,2024-07-06,토마토,대추방울토마토,15567.0,25.1,2.8,7,16300.0,13549.714285714286,14113.733333333334,14324.0,0.0867774364702596,0,0,0,114.70000000000003
5968,2024-07-08,토마토,대추방울토마토,15223.0,23.8,21.1,7,14222.0,13976.142857142857,14053.0,15567.0,-0.02209802787948867,0,0,0,97.50000000000004
5969,2024-07-09,토마토,대추방울토마토,13850.0,24.5,0.3,7,14573.0,14126.857142857143,13962.5,15223.0,-0.09019247191749324,0,0,0,97.80000000000004
5970,2024-07-10,토마토,대추방울토마토,13673.0,26.6,1.4,7,13533.0,14233.42857142857,13844.633333333333,13850.0,-0.012779783393501831,0,0,0,34.100000000000044
5971,2024-07-11,토마토,대추방울토마토,16003.0,25.7,0.0,7,14023.0,14720.57142857143,13805.566666666668,13673.0,0.17040883493015424,0,0,0,33.30000000000005
5972,2024-07-12,토마토,대추방울토마토,16095.0,25.6,0.0,7,13583.0,14962.142857142857,13812.4,16003.0,0.00574892207711053,0,0,0,29.700000000000045
5973,2024-07-13,토마토,대추방울토마토,17577.0,28.1,0.0,7,13454.0,15426.857142857143,13860.233333333334,16095.0,0.09207828518173344,0,0,0,25.600000000000044
5974,2024-07-15,토마토,대추방울토마토,18699.0,28.4,0.0,7,12761.0,15874.285714285714,13905.033333333333,17577.0,0.06383341867212833,0,0,0,22.800000000000043
5975,2024-07-16,토마토,대추방울토마토,18831.0,27.0,17.0,7,14643.0,16389.714285714286,13983.033333333333,18699.0,0.007059201026792916,0,0,0,18.700000000000042
5976,2024-07-17,토마토,대추방울토마토,18624.0,25.4,98.8,7,13327.0,17071.714285714286,14097.133333333333,18831.0,-0.01099251234666243,0,0,0,117.20000000000005
5977,2024-07-18,토마토,대추방울토마토,19040.0,24.3,128.8,7,14725.0,17838.428571428572,14254.9,18624.0,0.022336769759450092,0,0,0,244.60000000000005
5978,2024-07-19,토마토,대추방울토마토,20420.0,27.0,0.1,7,13975.0,18469.428571428572,14451.633333333333,19040.0,0.07247899159663862,0,0,0,244.70000000000005
5979,2024-07-20,토마토,대추방울토마토,19214.0,27.2,14.9,7,16397.0,18915.0,14659.166666666666,20420.0,-0.05905974534769831,0,0,0,259.6
5980,2024-07-22,토마토,대추방울토마토,20824.0,26.6,79.9,7,12051.0,19378.85714285714,14845.3,19214.0,0.0837930675549079,0,0,0,339.50000000000006
5981,2024-07-23,토마토,대추방울토마토,18765.0,26.4,2.0,7,13713.0,19388.285714285714,14982.966666666667,20824.0,-0.09887629658086827,0,0,0,341.50000000000006
5982,2024-07-24,토마토,대추방울토마토,20035.0,28.1,14.7,7,15048.0,19560.285714285714,15199.966666666667,18765.0,0.06767918998134825,0,0,0,339.20000000000005
5983,2024-07-25,토마토,대추방울토마토,22200.0,28.8,25.3,7,12713.0,20071.14285714286,15517.8,20035.0,0.10806089343648617,0,0,0,265.70000000000005
5984,2024-07-26,토마토,대추방울토마토,22733.0,28.7,5.5,7,12768.0,20598.714285714286,15882.366666666667,22200.0,0.02400900900900904,0,0,0,142.40000000000006
5985,2024-07-27,토마토,대추방울토마토,21477.0,28.9,33.5,7,13155.0,20749.714285714286,16203.8,22733.0,-0.055250076980600915,0,0,0,175.80000000000007
5986,2024-07-29,토마토,대추방울토마토,23103.0,27.4,0.0,7,15254.0,21305.285714285714,16576.366666666665,21477.0,0.07570889789076696,0,0,0,160.90000000000006
5987,2024-07-30,토마토,대추방울토마토,22579.0,28.6,0.0,7,15313.0,21556.0,16934.833333333332,23103.0,-0.022681037094749557,0,0,0,81.00000000000006
5988,2024-07-31,토마토,대추방울토마토,22501.0,29.4,0.0,7,13958.0,22089.714285714286,17307.733333333334,22579.0,-0.0034545374020107378,0,0,0,79.00000000000006
5989,2024-08-01,토마토,대추방울토마토,26508.0,29.9,0.3,8,13415.0,23014.428571428572,17810.366666666665,22501.0,0.17808097417892532,0,0,0,64.60000000000005
5990,2024-08-02,토마토,대추방울토마토,23934.0,29.6,0.0,8,11631.0,23262.14285714286,18225.2,26508.0,-0.09710276143051155,0,0,0,39.300000000000054
5991,2024-08-05,토마토,대추방울토마토,21621.0,30.0,1.3,8,15650.0,23103.285714285714,18537.966666666667,23934.0,-0.09664076209576333,0,0,0,35.10000000000006
5992,2024-08-06,토마토,대추방울토마토,21014.0,29.5,0.0,8,16642.0,23037.14285714286,18811.933333333334,21621.0,-0.02807455714351792,0,0,0,1.600000000000057
5993,2024-08-07,토마토,대추방울토마토,20877.0,29.6,3.4,8,11864.0,22719.14285714286,19076.933333333334,21014.0,-0.006519463214999521,0,0,0,5.000000000000057
5994,2024-08-08,토마토,대추방울토마토,21121.0,28.5,0.0,8,15932.0,22510.85714285714,19361.2,20877.0,0.011687502993725118,0,0,0,5.000000000000057
5995,2024-08-09,토마토,대추방울토마토,19447.0,29.3,0.0,8,11907.0,22074.571428571428,19529.3,21121.0,-0.07925761090857442,0,0,0,5.000000000000057
5996,2024-08-10,토마토,대추방울토마토,19451.0,30.0,0.0,8,12312.0,21066.428571428572,19700.2,19447.0,0.00020568725253244935,0,0,0,4.700000000000057
5997,2024-08-12,토마토,대추방울토마토,21866.0,31.1,0.0,8,13017.0,20771.0,19910.166666666668,19451.0,0.12415814096961597,0,0,0,4.700000000000057
5998,2024-08-13,토마토,대추방울토마토,20858.0,31.3,0.0,8,17166.0,20662.0,20098.0,21866.0,-0.046098966431903365,0,0,0,3.4000000000000568
5999,2024-08-14,토마토,대추방울토마토,19038.0,30.0,3.0,8,15093.0,20379.714285714286,20270.933333333334,20858.0,-0.0872566880813117,0,0,0,6.400000000000057
6000,2024-08-15,토마토,대추방울토마토,22221.0,29.2,6.4,8,15773.0,20571.714285714286,20555.866666666665,19038.0,0.16719193192562254,0,0,0,9.400000000000057
6001,2024-08-16,토마토,대추방울토마토,22679.0,29.8,0.0,8,14622.0,20794.285714285714,20778.4,22221.0,0.020611133612348675,0,0,0,9.400000000000057
6002,2024-08-17,토마토,대추방울토마토,25667.0,29.8,11.0,8,14348.0,21682.85714285714,21097.466666666667,22679.0,0.13175184091009307,0,0,0,20.400000000000055
6003,2024-08-19,토마토,대추방울토마토,22863.0,29.7,2.3,8,14246.0,22170.285714285714,21273.666666666668,25667.0,-0.10924533447617568,0,0,0,22.700000000000056
6004,2024-08-20,토마토,대추방울토마토,20511.0,31.4,0.0,8,14653.0,21976.714285714286,21334.066666666666,22863.0,-0.10287363863010102,0,0,0,22.700000000000056
6005,2024-08-21,토마토,대추방울토마토,20167.0,28.4,42.2,8,15198.0,21878.0,21378.6,20511.0,-0.016771488469601636,0,0,0,64.90000000000006
6006,2024-08-22,토마토,대추방울토마토,23021.0,28.6,0.6,8,16278.0,22447.0,21525.166666666668,20167.0,0.1415183220112064,0,0,0,62.500000000000064
6007,2024-08-23,토마토,대추방울토마토,29563.0,28.4,0.0,8,14674.0,23495.85714285714,21875.933333333334,23021.0,0.28417531818774155,0,0,0,56.100000000000065
6008,2024-08-24,토마토,대추방울토마토,22992.0,27.6,2.0,8,12709.0,23540.571428571428,21961.666666666668,29563.0,-0.2222710820958631,0,0,0,58.100000000000065
6009,2024-08-26,토마토,대추방울토마토,28723.0,28.1,0.0,8,12596.0,23977.14285714286,22278.633333333335,22992.0,0.2492606123869172,0,0,0,47.100000000000065
6010,2024-08-27,토마토,대추방울토마토,25095.0,26.5,0.3,8,13769.0,24296.0,22421.0,28723.0,-0.12630992584340073,0,0,0,45.10000000000006
6011,2024-08-28,토마토,대추방울토마토,23949.0,28.2,0.0,8,14049.0,24787.14285714286,22593.8,25095.0,-0.04566646742378955,0,0,0,45.10000000000006
6012,2024-08-29,토마토,대추방울토마토,21185.0,28.4,0.0,8,15135.0,24932.571428571428,22632.133333333335,23949.0,-0.11541191699027098,0,0,0,2.9000000000000568
6013,2024-08-30,토마토,대추방울토마토,25395.0,28.0,0.0,8,14340.0,25271.714285714286,22738.633333333335,21185.0,0.19872551333490684,0,0,0,2.3000000000000567
6014,2024-08-31,토마토,대추방울토마토,27605.0,27.6,0.0,8,15040.0,24992.0,22901.033333333333,25395.0,0.08702500492222875,0,0,0,2.3000000000000567
6015,2024-09-02,토마토,대추방울토마토,33026.0,24.5,2.7,9,15460.0,26425.428571428572,23286.0,27605.0,0.1963774678500272,0,1,0,3.000000000000057
6016,2024-09-03,토마토,대추방울토마토,27685.0,27.0,0.0,9,16555.0,26277.14285714286,23438.733333333334,33026.0,-0.16172106824925814,0,1,0,3.000000000000057
6017,2024-09-04,토마토,대추방울토마토,36781.0,27.9,0.0,9,15613.0,27946.571428571428,23912.133333333335,27685.0,0.32855336824995485,0,1,0,2.700000000000057
6018,2024-09-05,토마토,대추방울토마토,28887.0,26.3,6.9,9,15384.0,28652.0,24125.0,36781.0,-0.21462167967156953,0,1,0,9.600000000000058
6019,2024-09-06,토마토,대추방울토마토,37773.0,24.0,0.7,9,17014.0,31021.714285714286,24500.5,28887.0,0.30761242081213,0,1,0,10.300000000000058
6020,2024-09-07,토마토,대추방울토마토,29954.0,26.5,0.0,9,15610.0,31673.0,24701.166666666668,37773.0,-0.2069997087866995,0,1,0,10.300000000000058
6021,2024-09-09,토마토,대추방울토마토,32419.0,28.5,0.0,9,16601.0,32360.714285714286,25061.1,29954.0,0.0822928490351873,0,1,0,10.300000000000058
6022,2024-09-10,토마토,대추방울토마토,26081.0,29.4,0.0,9,15954.0,31368.571428571428,25230.0,32419.0,-0.19550263734229922,0,1,0,7.600000000000057
6023,2024-09-11,토마토,대추방울토마토,29169.0,29.0,0.4,9,16368.0,31580.571428571428,25506.4,26081.0,0.11840036808404575,0,1,0,8.000000000000057
6024,2024-09-12,토마토,대추방울토마토,28249.0,25.4,32.7,9,17577.0,30361.714285714286,25744.0,29169.0,-0.03154033391614386,0,1,0,40.70000000000006
6025,2024-09-13,토마토,대추방울토마토,31368.0,25.9,7.6,9,17229.0,30716.14285714286,26141.366666666665,28249.0,0.11041098799957516,0,1,0,41.40000000000006
6026,2024-09-14,토마토,대추방울토마토,30444.0,28.0,0.0,9,17764.0,29669.14285714286,26507.8,31368.0,-0.02945677123182866,0,1,0,40.70000000000006
6027,2024-09-16,토마토,대추방울토마토,56638.0,26.8,9.5,9,16348.0,33481.142857142855,27666.866666666665,30444.0,0.8603994218893707,0,1,0,50.20000000000006
6028,2024-09-20,토마토,대추방울토마토,36740.0,25.0,54.5,9,16591.0,34098.42857142857,28196.266666666666,56638.0,-0.3513189025036195,0,1,0,104.70000000000006
6029,2024-09-21,토마토,대추방울토마토,34392.0,19.3,27.0,9,16191.0,35285.71428571428,28708.066666666666,36740.0,-0.06390854654327704,0,1,0,131.70000000000005
6030,2024-09-23,토마토,대추방울토마토,32822.0,20.8,0.0,9,15165.0,35807.57142857143,29061.433333333334,34392.0,-0.045650151197953015,0,1,0,131.30000000000007
6031,2024-09-24,토마토,대추방울토마토,33705.0,21.0,0.0,9,14707.0,36587.0,29428.966666666667,32822.0,0.0269026872219853,0,1,0,98.60000000000007
6032,2024-09-25,토마토,대추방울토마토,35698.0,23.3,0.0,9,13994.0,37205.57142857143,29763.333333333332,33705.0,0.05913069277555261,0,1,0,91.00000000000006
6033,2024-09-26,토마토,대추방울토마토,38901.0,23.6,1.2,9,14133.0,38413.71428571428,30297.933333333334,35698.0,0.08972491456103993,0,1,0,92.20000000000006
6034,2024-09-27,토마토,대추방울토마토,36864.0,22.7,0.0,9,16292.0,35588.857142857145,30843.033333333333,38901.0,-0.05236369245006556,0,1,0,82.70000000000006
6035,2024-09-28,토마토,대추방울토마토,36151.0,23.2,0.0,9,18875.0,35504.71428571428,31375.833333333332,36864.0,-0.01934136284722221,0,1,0,28.200000000000056
6036,2024-09-30,토마토,대추방울토마토,33053.0,23.0,0.0,9,23575.0,35313.42857142857,31710.233333333334,36151.0,-0.0856961079914802,0,1,0,1.2000000000000568
6037,2024-10-01,토마토,대추방울토마토,37554.0,18.3,2.5,10,24049.0,35989.42857142857,31976.6,33053.0,0.13617523371554774,0,1,0,3.700000000000057
6038,2024-10-02,토마토,대추방울토마토,38913.0,14.9,0.0,10,23472.0,36733.42857142857,32507.3,37554.0,0.03618788943920759,0,1,0,3.700000000000057
6039,2024-10-03,토마토,대추방울토마토,38524.0,16.4,0.0,10,22323.0,37137.142857142855,32834.0,38913.0,-0.009996659214144388,0,1,0,3.700000000000057
6040,2024-10-04,토마토,대추방울토마토,40196.0,17.6,0.0,10,24165.0,37322.142857142855,33337.36666666667,38524.0,0.043401515938116475,0,1,0,2.500000000000057
6041,2024-10-05,토마토,대추방울토마토,42966.0,17.5,0.0,10,23678.0,38193.857142857145,33971.26666666667,40196.0,0.06891232958503335,0,1,0,2.500000000000057
6042,2024-10-07,토마토,대추방울토마토,42423.0,16.9,0.0,10,22029.0,39089.857142857145,34679.2,42966.0,-0.012637899734673885,0,1,0,2.500000000000057
6043,2024-10-08,토마토,대추방울토마토,42617.0,17.7,0.0,10,20521.0,40456.142857142855,35253.26666666667,42423.0,0.0045729910661669315,0,1,0,2.500000000000057
6044,2024-10-09,토마토,대추방울토마토,38943.0,18.8,0.0,10,20239.0,40654.57142857143,35631.2,42617.0,-0.08620972851209607,0,1,0,0.0
6045,2024-10-10,토마토,대추방울토마토,34028.0,18.8,0.0,10,19508.0,39956.71428571428,35664.6,38943.0,-0.12621010194386673,0,1,0,0.0
6046,2024-10-11,토마토,대추방울토마토,32883.0,18.6,0.0,10,19593.0,39150.857142857145,35837.86666666667,34028.0,-0.03364875984483362,0,1,0,0.0
6047,2024-10-12,토마토,대추방울토마토,34686.0,18.3,0.0,10,21762.0,38363.71428571428,35768.03333333333,32883.0,0.054830763616458444,0,1,0,0.0
6048,2024-10-14,토마토,대추방울토마토,40867.0,19.3,0.0,10,19055.0,38063.857142857145,36167.36666666667,34686.0,0.17819869688058576,0,1,0,0.0
6049,2024-10-15,토마토,대추방울토마토,43439.0,19.2,0.5,10,19176.0,38209.0,36356.23333333333,40867.0,0.06293586512344929,0,1,0,0.5000000000000568
6050,2024-10-16,토마토,대추방울토마토,36136.0,18.2,0.0,10,26982.0,37283.142857142855,36562.3,43439.0,-0.1681208130942241,0,1,0,0.5000000000000568
6051,2024-10-17,토마토,대추방울토마토,35439.0,19.0,0.0,10,35448.0,36782.57142857143,36662.96666666667,36136.0,-0.01928824441000665,0,1,0,0.5000000000000568
6052,2024-10-18,토마토,대추방울토마토,36242.0,17.4,47.1,10,23423.0,37098.857142857145,37001.666666666664,35439.0,0.022658652896526466,0,1,0,47.60000000000006
6053,2024-10-19,토마토,대추방울토마토,34996.0,16.6,1.0,10,25264.0,37400.71428571428,37195.9,36242.0,-0.03438000110369188,0,1,0,48.60000000000006
6054,2024-10-21,토마토,대추방울토마토,32327.0,14.8,0.0,10,27868.0,37063.71428571428,37331.833333333336,34996.0,-0.07626585895530913,0,1,0,48.60000000000006
6055,2024-10-22,토마토,대추방울토마토,30353.0,15.5,20.6,10,28720.0,35561.71428571428,37298.0,32327.0,-0.06106350728493215,0,1,0,69.20000000000006
6056,2024-10-23,토마토,대추방울토마토,32897.0,12.7,2.3,10,28083.0,34055.71428571428,37379.76666666667,30353.0,0.08381379105854436,0,1,0,71.00000000000006
6057,2024-10-24,토마토,대추방울토마토,29484.0,12.5,0.0,10,29543.0,33105.42857142857,36474.63333333333,32897.0,-0.10374806213332521,0,1,0,71.00000000000006
6058,2024-10-25,토마토,대추방울토마토,31176.0,14.9,0.0,10,25831.0,32496.428571428572,36289.166666666664,29484.0,0.057387057387057405,0,1,0,71.00000000000006
6059,2024-10-26,토마토,대추방울토마토,26488.0,17.0,0.0,10,25558.0,31103.0,36025.7,31176.0,-0.15037208108801647,0,1,0,23.90000000000006
6060,2024-10-28,토마토,대추방울토마토,26752.0,15.7,0.0,10,23820.0,29925.285714285714,35823.36666666667,26488.0,0.009966777408637828,0,1,0,22.90000000000006
6061,2024-10-29,토마토,대추방울토마토,25240.0,15.0,0.0,10,23791.0,28912.85714285714,35541.2,26752.0,-0.05651913875598091,0,1,0,22.90000000000006
6062,2024-10-30,토마토,대추방울토마토,26135.0,15.7,0.0,10,26101.0,28310.285714285714,35222.433333333334,25240.0,0.03545958795562609,0,1,0,2.3000000000000567
6063,2024-10-31,토마토,대추방울토마토,27983.0,15.9,0.0,10,26040.0,27608.285714285714,34858.5,26135.0,0.07070977616223462,0,1,0,0.0
6064,2024-11-01,토마토,대추방울토마토,30716.0,15.3,0.0,11,29616.0,27784.285714285714,34653.566666666666,27983.0,0.09766644033877703,0,0,0,0.0
6065,2024-11-02,토마토,대추방울토마토,32848.0,18.1,0.0,11,30925.0,28023.14285714286,34543.46666666667,30716.0,0.06941007943742683,0,0,0,0.0
6066,2024-11-04,토마토,대추방울토마토,30702.0,14.8,0.1,11,28996.0,28625.14285714286,34465.1,32848.0,-0.0653312226010716,0,0,0,0.10000000000005685
6067,2024-11-05,토마토,대추방울토마토,30064.0,9.1,0.0,11,25435.0,29098.285714285714,34215.433333333334,30702.0,-0.020780405185329975,0,0,0,0.10000000000005685
6068,2024-11-06,토마토,대추방울토마토,31167.0,7.5,0.0,11,29232.0,29945.0,33957.23333333333,30064.0,0.036688398084087304,0,0,0,0.10000000000005685
6069,2024-11-07,토마토,대추방울토마토,30199.0,7.8,0.0,11,25139.0,30525.571428571428,33679.73333333333,31167.0,-0.031058491353033624,0,0,0,0.10000000000005685
6070,2024-11-08,토마토,대추방울토마토,29748.0,10.2,0.0,11,23685.0,30777.714285714286,33331.46666666667,30199.0,-0.014934269346667084,0,0,0,0.10000000000005685
6071,2024-11-09,토마토,대추방울토마토,30832.0,12.9,0.0,11,24693.0,30794.285714285714,32927.0,29748.0,0.03643942449912596,0,0,0,0.10000000000005685
6072,2024-11-11,토마토,대추방울토마토,29504.0,14.6,0.0,11,24960.0,30316.571428571428,32496.366666666665,30832.0,-0.04307213284898803,0,0,0,0.10000000000005685
6073,2024-11-12,토마토,대추방울토마토,31646.0,14.3,0.0,11,24622.0,30451.428571428572,32130.666666666668,29504.0,0.07260032537960948,0,0,0,0.0
6074,2024-11-13,토마토,대추방울토마토,27306.0,14.2,0.0,11,28155.0,30057.428571428572,31742.766666666666,31646.0,-0.1371421348669658,0,0,0,0.0
6075,2024-11-14,토마토,대추방울토마토,28794.0,14.8,0.1,11,29392.0,29718.428571428572,31568.3,27306.0,0.054493517908152045,0,0,0,0.10000000000005685
6076,2024-11-15,토마토,대추방울토마토,26187.0,17.0,0.0,11,30071.0,29145.285714285714,31345.1,28794.0,-0.09053969576995202,0,0,0,0.10000000000005685
6077,2024-11-16,토마토,대추방울토마토,27299.0,17.0,6.5,11,33905.0,28795.428571428572,31098.866666666665,26187.0,0.042463817924924596,0,0,0,6.6000000000000565
6078,2024-11-18,토마토,대추방울토마토,25919.0,2.8,0.0,11,37723.0,28093.571428571428,30600.6,27299.0,-0.05055130224550353,0,0,0,6.6000000000000565
6079,2024-11-19,토마토,대추방울토마토,25359.0,5.7,0.0,11,40097.0,27501.428571428572,29997.933333333334,25919.0,-0.021605771827616804,0,0,0,6.6000000000000565
6080,2024-11-20,토마토,대추방울토마토,26716.0,6.5,0.0,11,36283.0,26797.14285714286,29683.933333333334,25359.0,0.05351157380022875,0,0,0,6.6000000000000565
6081,2024-11-21,토마토,대추방울토마토,28103.0,9.7,0.0,11,35599.0,26911.0,29439.4,26716.0,0.051916454559065794,0,0,0,6.6000000000000565
6082,2024-11-22,토마토,대추방울토마토,28509.0,6.2,0.0,11,38997.0,26870.285714285714,29181.633333333335,28103.0,0.014446856207522396,0,0,0,6.500000000000057
6083,2024-11-23,토마토,대추방울토마토,29437.0,6.4,0.0,11,43938.0,27334.571428571428,28996.333333333332,28509.0,0.03255112420639095,0,0,0,6.500000000000057
6084,2024-11-25,토마토,대추방울토마토,26226.0,10.1,0.0,11,44243.0,27181.285714285714,28792.966666666667,29437.0,-0.10908040900907023,0,0,0,0.0
6085,2024-11-26,토마토,대추방울토마토,28443.0,5.8,26.0,11,42064.0,27541.85714285714,28729.3,26226.0,0.08453443148021056,0,0,0,26.000000000000057
6086,2024-11-27,토마토,대추방울토마토,26687.0,-0.4,22.4,11,37677.0,27731.571428571428,28522.3,28443.0,-0.061737510107935156,0,0,0,48.400000000000055
6087,2024-11-28,토마토,대추방울토마토,30460.0,0.8,4.9,11,41297.0,28266.428571428572,28554.833333333332,26687.0,0.14137969798028993,0,0,0,53.300000000000054
6088,2024-11-29,토마토,대추방울토마토,28604.0,0.2,0.0,11,35339.0,28338.0,28469.1,30460.0,-0.060932370321733376,0,0,0,53.300000000000054
6089,2024-11-30,토마토,대추방울토마토,25770.0,2.5,0.0,11,36935.0,27946.714285714286,28445.166666666668,28604.0,-0.09907705216053697,0,0,0,53.300000000000054
6090,2024-12-02,토마토,대추방울토마토,27189.0,6.4,0.0,12,29984.0,27625.571428571428,28459.733333333334,25770.0,0.05506402793946452,0,0,0,53.300000000000054
6091,2024-12-03,토마토,대추방울토마토,28068.0,1.3,0.0,12,32391.0,27888.714285714286,28554.0,27189.0,0.032329250799955966,0,0,0,53.300000000000054
6092,2024-12-04,토마토,대추방울토마토,29965.0,3.1,0.0,12,29875.0,28106.14285714286,28681.666666666668,28068.0,0.06758586290437507,0,0,0,27.300000000000054
6093,2024-12-05,토마토,대추방울토마토,34822.0,3.9,1.8,12,35241.0,29268.285714285714,28909.633333333335,29965.0,0.16208910395461373,0,0,0,6.700000000000057
6094,2024-12-06,토마토,대추방울토마토,31980.0,2.1,0.0,12,31077.0,29485.428571428572,28951.766666666666,34822.0,-0.08161507093216935,0,0,0,1.8000000000000569
6095,2024-12-07,토마토,대추방울토마토,29713.0,0.2,0.0,12,26760.0,29643.85714285714,28847.266666666666,31980.0,-0.07088805503439655,0,0,0,1.8000000000000569
6096,2024-12-09,토마토,대추방울토마토,35217.0,1.0,0.0,12,24307.0,30993.428571428572,28997.766666666666,29713.0,0.18523878437047747,0,0,0,1.8000000000000569
6097,2024-12-10,토마토,대추방울토마토,32793.0,2.6,0.0,12,24047.0,31794.0,29088.733333333334,35217.0,-0.06883039441178973,0,0,0,1.8000000000000569
6098,2024-12-11,토마토,대추방울토마토,34667.0,3.0,0.0,12,26364.0,32736.714285714286,29205.4,32793.0,0.05714634220717829,0,0,0,1.8000000000000569
6099,2024-12-12,토마토,대추방울토마토,33307.0,0.5,0.0,12,24762.0,33214.142857142855,29309.0,34667.0,-0.03923039201546141,0,0,0,1.8000000000000569
6100,2024-12-13,토마토,대추방울토마토,34112.0,1.0,0.0,12,24698.0,33112.71428571428,29454.466666666667,33307.0,0.024169093583931378,0,0,0,0.0
6101,2024-12-14,토마토,대추방울토마토,27497.0,-0.8,0.0,12,23480.0,32472.285714285714,29343.3,34112.0,-0.19392002814258913,0,0,0,0.0
6102,2024-12-16,토마토,대추방울토마토,33772.0,-0.2,0.0,12,24570.0,33052.142857142855,29485.566666666666,27497.0,0.22820671345965016,0,0,0,0.0
6103,2024-12-17,토마토,대추방울토마토,33107.0,-0.8,0.0,12,25814.0,32750.714285714286,29534.266666666666,33772.0,-0.019690868174819354,0,0,0,0.0
6104,2024-12-18,토마토,대추방울토마토,34021.0,-3.4,0.0,12,26638.0,32926.142857142855,29758.1,33107.0,0.027607454616848326,0,0,0,0.0
6105,2024-12-19,토마토,대추방울토마토,30390.0,-1.4,0.0,12,25927.0,32315.14285714286,29811.3,34021.0,-0.10672819728990912,0,0,0,0.0
6106,2024-12-20,토마토,대추방울토마토,33434.0,1.4,0.4,12,28014.0,32333.285714285714,30052.866666666665,30390.0,0.10016452780519902,0,0,0,0.40000000000005687
6107,2024-12-21,토마토,대추방울토마토,27642.0,-0.7,2.9,12,29379.0,31409.0,30064.3,33434.0,-0.17323682478913682,0,0,0,3.3000000000000567
6108,2024-12-23,토마토,대추방울토마토,28003.0,0.3,0.0,12,29892.0,31481.285714285714,30133.766666666666,27642.0,0.013059836480717735,0,0,0,3.3000000000000567
6109,2024-12-24,토마토,대추방울토마토,30593.0,-0.4,0.0,12,32271.0,31027.14285714286,30308.233333333334,28003.0,0.0924900903474628,0,0,0,3.3000000000000567
6110,2024-12-25,토마토,대추방울토마토,28945.0,2.7,0.1,12,30073.0,30432.571428571428,30382.533333333333,30593.0,-0.053868532017128046,0,0,0,3.4000000000000568
6111,2024-12-26,토마토,대추방울토마토,27320.0,0.1,0.0,12,29592.0,29475.285714285714,30356.433333333334,28945.0,-0.056140956987389856,0,0,0,3.4000000000000568
6112,2024-12-27,토마토,대추방울토마토,28195.0,-2.6,0.0,12,29664.0,29161.714285714286,30345.966666666667,27320.0,0.03202781844802338,0,0,0,3.4000000000000568
6113,2024-12-28,토마토,대추방울토마토,25676.0,-3.0,0.0,12,29380.0,28053.428571428572,30220.6,28195.0,-0.08934208192942006,0,0,0,3.000000000000057
6114,2024-12-30,토마토,대추방울토마토,24066.0,5.5,0.0,12,28779.0,27542.571428571428,30148.6,25676.0,-0.06270447110141764,0,0,0,0.10000000000005685
6115,2024-12-31,토마토,대추방울토마토,22472.0,0.6,0.0,12,26785.0,26752.428571428572,29949.566666666666,24066.0,-0.06623452173190392,0,0,0,0.10000000000005685
6116,2025-01-02,토마토,대추방울토마토,22472.0,0.5,0.0,1,28039.0,25592.285714285714,29809.066666666666,22472.0,0.0,0,0,0,0.10000000000005685
6117,2025-01-03,토마토,대추방울토마토,23868.0,-1.1,0.0,1,30191.0,24867.0,29589.333333333332,22472.0,0.06212175151299393,0,0,0,0.0
6118,2025-01-04,토마토,대추방울토마토,21213.0,-0.1,0.0,1,32026.0,23994.571428571428,29342.966666666667,23868.0,-0.11123680241327305,0,0,0,0.0
6119,2025-01-06,토마토,대추방울토마토,18062.0,1.0,3.0,1,30498.0,22547.0,29086.033333333333,21213.0,-0.1485409890161693,0,0,0,3.000000000000057
6120,2025-01-07,토마토,대추방울토마토,17064.0,-2.6,0.1,1,30000.0,21316.714285714286,28748.533333333333,18062.0,-0.05525412468165214,0,0,0,3.100000000000057
6121,2025-01-08,토마토,대추방울토마토,18266.0,-3.4,0.0,1,31895.0,20488.14285714286,28421.8,17064.0,0.07044069385841545,0,0,0,3.100000000000057
6122,2025-01-09,토마토,대추방울토마토,18182.0,-9.7,0.0,1,30053.0,19875.285714285714,28029.033333333333,18266.0,-0.004598707982043093,0,0,0,3.100000000000057
6123,2025-01-10,토마토,대추방울토마토,17426.0,-7.3,0.0,1,30734.0,19154.428571428572,27449.166666666668,18182.0,-0.04157958420415797,0,0,0,3.100000000000057
6124,2025-01-11,토마토,대추방울토마토,19538.0,-5.1,0.0,1,30927.0,18535.85714285714,27034.433333333334,17426.0,0.12119820957190397,0,0,0,3.100000000000057
6125,2025-01-13,토마토,대추방울토마토,18412.0,-0.4,1.3,1,30149.0,18135.714285714286,26657.733333333334,19538.0,-0.057631282628723524,0,0,0,4.400000000000057
6126,2025-01-14,토마토,대추방울토마토,27944.0,2.3,0.1,1,29768.0,19547.428571428572,26415.3,18412.0,0.517705844014773,0,0,0,1.500000000000057
6127,2025-01-15,토마토,대추방울토마토,24754.0,-3.5,0.0,1,28810.0,20646.0,26147.333333333332,27944.0,-0.11415688519896938,0,0,0,1.400000000000057
6128,2025-01-16,토마토,대추방울토마토,24597.0,-0.5,0.0,1,25851.0,21550.428571428572,25811.666666666668,24754.0,-0.006342409307586672,0,0,0,1.400000000000057
6129,2025-01-17,토마토,대추방울토마토,23005.0,-0.5,0.0,1,24189.0,22239.428571428572,25468.266666666666,24597.0,-0.06472334024474524,0,0,0,1.400000000000057
6130,2025-01-18,토마토,대추방울토마토,29154.0,1.0,0.0,1,21762.0,23914.85714285714,25303.0,23005.0,0.2672897196261683,0,0,0,1.400000000000057
6131,2025-01-20,토마토,대추방울토마토,23690.0,3.9,0.0,1,23767.0,24508.0,25176.1,29154.0,-0.18741853604994174,0,0,0,1.400000000000057
6132,2025-01-21,토마토,대추방울토마토,23219.0,2.4,0.0,1,19267.0,25194.714285714286,24824.333333333332,23690.0,-0.019881806669480806,0,0,0,0.10000000000005685
6133,2025-01-22,토마토,대추방울토마토,21722.0,3.6,0.0,1,21655.0,24305.85714285714,24444.833333333332,23219.0,-0.064473060855334,0,0,0,0.0
6134,2025-01-23,토마토,대추방울토마토,21398.0,2.0,0.0,1,20719.0,23826.428571428572,24024.066666666666,21722.0,-0.014915753613847671,0,0,0,0.0
6135,2025-01-24,토마토,대추방울토마토,18959.0,3.1,0.0,1,18704.0,23021.0,23643.033333333333,21398.0,-0.11398261519768205,0,0,0,0.0
6136,2025-01-25,토마토,대추방울토마토,18318.0,5.2,0.0,1,18517.0,22351.428571428572,23139.166666666668,18959.0,-0.03380980009494172,0,0,0,0.0
6137,2025-01-27,토마토,대추방울토마토,17324.0,0.2,5.6,1,19200.0,20661.428571428572,22795.233333333334,18318.0,-0.054263565891472854,0,0,0,5.6000000000000565
6138,2025-01-28,토마토,대추방울토마토,25494.0,-3.9,0.1,1,19779.0,20919.14285714286,22711.6,17324.0,0.4716000923574233,0,0,0,5.700000000000056
6139,2025-02-01,토마토,대추방울토마토,20507.0,1.6,0.0,2,20439.0,20531.714285714286,22375.4,25494.0,-0.19561465442849302,0,0,0,5.700000000000056
6140,2025-02-03,토마토,대추방울토마토,18532.0,-4.1,0.0,2,21587.0,20076.0,22028.3,20507.0,-0.09630857755888234,0,0,0,5.700000000000056
6141,2025-02-04,토마토,대추방울토마토,16902.0,-9.0,0.0,2,22055.0,19433.714285714286,21681.033333333333,18532.0,-0.08795596805525574,0,0,0,5.700000000000056
6142,2025-02-05,토마토,대추방울토마토,18064.0,-8.6,0.0,2,21159.0,19305.85714285714,21343.333333333332,16902.0,0.06874926044255125,0,0,0,5.700000000000056
6143,2025-02-06,토마토,대추방울토마토,18048.0,-5.6,2.3,2,23373.0,19267.285714285714,21089.066666666666,18064.0,-0.0008857395925597755,0,0,0,8.000000000000057
6144,2025-02-07,토마토,대추방울토마토,18613.0,-8.0,0.4,2,23000.0,19451.428571428572,20907.3,18048.0,0.03130540780141855,0,0,0,2.8000000000000567
6145,2025-02-08,토마토,대추방울토마토,21434.0,-7.9,0.0,2,25769.0,18871.428571428572,20872.7,18613.0,0.1515607371192178,0,0,0,2.7000000000000566
6146,2025-02-10,토마토,대추방울토마토,21747.0,-2.6,0.0,2,24808.0,19048.571428571428,20848.533333333333,21434.0,0.014602967248297016,0,0,0,2.7000000000000566
6147,2025-02-11,토마토,대추방울토마토,26805.0,0.5,0.0,2,25920.0,20230.428571428572,20946.433333333334,21747.0,0.232583804662712,0,0,0,2.7000000000000566
6148,2025-02-13,토마토,대추방울토마토,28454.0,0.2,0.0,2,23656.0,21880.714285714286,21187.8,26805.0,0.06151837343779154,0,0,0,2.7000000000000566
6149,2025-02-14,토마토,대추방울토마토,26554.0,3.7,0.0,2,24095.0,23093.571428571428,21470.866666666665,28454.0,-0.06677444296056789,0,0,0,2.7000000000000566
6150,2025-02-15,토마토,대추방울토마토,23544.0,4.1,0.0,2,24095.0,23878.714285714286,21686.866666666665,26554.0,-0.11335392031332381,0,0,0,0.40000000000005687
6151,2025-02-17,토마토,대추방울토마토,25192.0,-0.3,0.0,2,25102.0,24818.571428571428,21917.733333333334,23544.0,0.06999660210669378,0,0,0,0.0
6152,2025-02-18,토마토,대추방울토마토,25648.0,-2.3,0.0,2,27481.0,25420.571428571428,22166.6,25192.0,0.018100984439504586,0,0,0,0.0
6153,2025-02-19,토마토,대추방울토마토,22440.0,-3.0,0.0,2,25207.0,25519.571428571428,22333.733333333334,25648.0,-0.12507797878976923,0,0,0,0.0
6154,2025-02-20,토마토,대추방울토마토,27114.0,-2.9,0.0,2,23397.0,25563.714285714286,22586.266666666666,22440.0,0.2082887700534759,0,0,0,0.0
6155,2025-02-21,토마토,대추방울토마토,24045.0,-2.5,0.0,2,25965.0,24933.85714285714,22774.033333333333,27114.0,-0.11318875857490596,0,0,0,0.0
6156,2025-02-22,토마토,대추방울토마토,28479.0,-2.3,0.0,2,25000.0,25208.85714285714,22791.866666666665,24045.0,0.18440424204616335,0,0,0,0.0
6157,2025-02-24,토마토,대추방울토마토,30190.0,-1.3,0.0,2,24245.0,26158.285714285714,22973.066666666666,28479.0,0.0600793567189859,0,0,0,0.0
6158,2025-02-25,토마토,대추방울토마토,25546.0,2.1,0.0,2,23895.0,26208.85714285714,23004.7,30190.0,-0.15382577012255716,0,0,0,0.0
6159,2025-02-26,토마토,대추방울토마토,25080.0,3.7,0.0,2,24749.0,26127.714285714286,23073.866666666665,25546.0,-0.01824160338213421,0,0,0,0.0
6160,2025-02-27,토마토,대추방울토마토,26097.0,5.8,0.0,2,23327.0,26650.14285714286,22971.966666666667,25080.0,0.04055023923444967,0,0,0,0.0
6161,2025-02-28,토마토,대추방울토마토,23175.0,7.8,0.0,2,24105.0,26087.428571428572,22954.8,26097.0,-0.11196689274629268,0,0,0,0.0
6162,2025-03-01,토마토,대추방울토마토,24790.0,8.5,0.6,3,23558.0,26193.85714285714,23007.166666666668,23175.0,0.06968716289104648,0,0,1,0.6000000000000568
6163,2025-03-03,토마토,대추방울토마토,25485.0,3.1,10.4,3,26002.0,25766.14285714286,23132.6,24790.0,0.028035498184751928,0,0,1,11.000000000000057
6164,2025-03-04,토마토,대추방울토마토,26153.0,2.5,4.0,3,26845.0,25189.428571428572,23291.1,25485.0,0.026211496958995495,0,0,1,15.000000000000057
6165,2025-03-06,토마토,대추방울토마토,23370.0,4.8,0.0,3,26456.0,24878.571428571428,23438.133333333335,26153.0,-0.1064122662792032,0,0,1,15.000000000000057
6166,2025-03-07,토마토,대추방울토마토,22589.0,5.3,0.0,3,27422.0,24522.714285714286,23580.5,23370.0,-0.033418913136499806,0,0,1,15.000000000000057
6167,2025-03-08,토마토,대추방울토마토,24652.0,5.8,0.0,3,26166.0,24316.285714285714,23824.766666666666,22589.0,0.09132763734561067,0,0,1,15.000000000000057
6168,2025-03-10,토마토,대추방울토마토,26432.0,8.0,0.0,3,26501.0,24781.571428571428,23856.033333333333,24652.0,0.07220509492130467,0,0,1,15.000000000000057
6169,2025-03-11,토마토,대추방울토마토,26676.0,9.4,0.0,3,27381.0,25051.0,24061.666666666668,26432.0,0.009231234866828197,0,0,1,14.400000000000057
6170,2025-03-12,토마토,대추방울토마토,29013.0,8.5,0.0,3,28246.0,25555.0,24411.033333333333,26676.0,0.08760683760683752,0,0,1,4.000000000000057
6171,2025-03-13,토마토,대추방울토마토,29703.0,8.9,0.0,3,28270.0,26062.14285714286,24837.733333333334,29013.0,0.023782442353427857,0,0,1,0.0
6172,2025-03-14,토마토,대추방울토마토,27172.0,12.4,0.0,3,25969.0,26605.285714285714,25141.333333333332,29703.0,-0.0852102481230852,0,0,1,0.0
6173,2025-03-15,토마토,대추방울토마토,28851.0,12.6,0.0,3,27252.0,27499.85714285714,25501.433333333334,27172.0,0.061791550125128714,0,0,1,0.0
6174,2025-03-17,토마토,대추방울토마토,26020.0,2.5,0.4,3,27410.0,27695.285714285714,25748.333333333332,28851.0,-0.09812484835880908,0,0,1,0.40000000000005687
6175,2025-03-18,토마토,대추방울토마토,26832.0,2.1,9.9,3,26914.0,27752.428571428572,25928.266666666666,26020.0,0.031206764027670975,0,0,1,10.300000000000058
6176,2025-03-19,토마토,대추방울토마토,29081.0,2.4,0.0,3,26443.0,28096.0,26172.733333333334,26832.0,0.08381782945736438,0,0,1,10.300000000000058
6177,2025-03-20,토마토,대추방울토마토,28776.0,8.2,0.0,3,25260.0,28062.14285714286,26238.433333333334,29081.0,-0.010487947457102575,0,0,1,10.300000000000058
6178,2025-03-21,토마토,대추방울토마토,26606.0,11.6,0.0,3,25378.0,27619.714285714286,26176.833333333332,28776.0,-0.07541006394217409,0,0,1,10.300000000000058
6179,2025-03-22,토마토,대추방울토마토,27288.0,12.8,0.0,3,26586.0,27636.285714285714,26201.3,26606.0,0.02563331579343009,0,0,1,10.300000000000058
6180,2025-03-24,토마토,대추방울토마토,24949.0,15.5,0.0,3,26760.0,27078.85714285714,26248.133333333335,27288.0,-0.08571533274699505,0,0,1,10.300000000000058
6181,2025-03-25,토마토,대추방울토마토,27849.0,12.7,0.0,3,25834.0,27340.14285714286,26336.7,24949.0,0.11623712373241402,0,0,1,9.900000000000057
6182,2025-03-26,토마토,대추방울토마토,25247.0,15.5,0.0,3,24221.0,27113.714285714286,26323.333333333332,27849.0,-0.093432439225825,0,0,1,0.0
6183,2025-03-27,토마토,대추방울토마토,26192.0,13.7,0.3,3,22060.0,26701.0,26448.4,25247.0,0.03743018972551204,0,0,1,0.30000000000005683
6184,2025-03-28,토마토,대추방울토마토,25902.0,6.5,0.0,3,23764.0,26290.428571428572,26408.0,26192.0,-0.011072083078802697,0,0,1,0.30000000000005683
6185,2025-03-29,토마토,대추방울토마토,25182.0,3.3,0.0,3,26482.0,26087.0,26445.9,25902.0,-0.027797081306462856,0,0,1,0.30000000000005683
6186,2025-03-31,토마토,대추방울토마토,25552.0,7.7,0.0,3,26245.0,25839.0,26348.333333333332,25182.0,0.014693034707330632,0,0,1,0.30000000000005683
6187,2025-04-01,토마토,대추방울토마토,27711.0,10.1,0.0,4,24468.0,26233.571428571428,26265.7,25552.0,0.08449436443331249,0,0,1,0.30000000000005683
6188,2025-04-02,토마토,대추방울토마토,27366.0,8.9,0.0,4,24821.0,26164.571428571428,26326.366666666665,27711.0,-0.012449929630832468,0,0,1,0.30000000000005683
6189,2025-04-03,토마토,대추방울토마토,23670.0,9.8,0.0,4,23643.0,25939.285714285714,26279.366666666665,27366.0,-0.13505810129357598,0,0,1,0.30000000000005683
6190,2025-04-04,토마토,대추방울토마토,25761.0,10.6,0.0,4,26617.0,25877.714285714286,26268.166666666668,23670.0,0.08833967046894808,0,0,1,0.0
6191,2025-04-05,토마토,대추방울토마토,25717.0,8.0,22.8,4,28071.0,25851.285714285714,26352.9,25761.0,-0.00170800822949424,0,0,1,22.800000000000058
6192,2025-04-07,토마토,대추방울토마토,27809.0,13.5,0.0,4,27440.0,26226.571428571428,26453.533333333333,25717.0,0.0813469689310573,0,0,1,22.800000000000058
6193,2025-04-08,토마토,대추방울토마토,25419.0,13.8,0.0,4,27343.0,26207.571428571428,26451.333333333332,27809.0,-0.08594339961882846,0,0,1,22.800000000000058
6194,2025-04-09,토마토,대추방울토마토,24162.0,12.7,0.8,4,30206.0,25700.571428571428,26384.966666666667,25419.0,-0.049451197922813606,0,0,1,23.60000000000006
6195,2025-04-10,토마토,대추방울토마토,23016.0,13.2,0.0,4,29376.0,25079.14285714286,26373.166666666668,24162.0,-0.04742984852247334,0,0,1,23.60000000000006
6196,2025-04-11,토마토,대추방울토마토,25953.0,16.2,0.0,4,31875.0,25405.285714285714,26485.3,23016.0,0.12760688216892602,0,0,1,23.60000000000006
6197,2025-04-12,토마토,대추방울토마토,23827.0,12.9,15.4,4,31075.0,25129.0,26457.8,25953.0,-0.0819173120641159,0,0,1,39.00000000000006
6198,2025-04-14,토마토,대추방울토마토,27428.0,4.4,7.4,4,31279.0,25373.428571428572,26491.0,23827.0,0.15113106979477053,0,0,1,23.60000000000006
6199,2025-04-15,토마토,대추방울토마토,26506.0,8.2,0.0,4,32788.0,25187.285714285714,26485.333333333332,27428.0,-0.03361528365174271,0,0,1,23.60000000000006
6200,2025-04-16,토마토,대추방울토마토,25078.0,14.6,0.0,4,29539.0,25138.571428571428,26354.166666666668,26506.0,-0.053874594431449485,0,0,1,23.60000000000006
6201,2025-04-17,토마토,대추방울토마토,24127.0,19.7,0.0,4,28937.0,25133.571428571428,26168.3,25078.0,-0.03792168434484411,0,0,1,22.800000000000058
6202,2025-04-18,토마토,대추방울토마토,27528.0,18.6,0.0,4,30230.0,25778.14285714286,26180.166666666668,24127.0,0.14096240726157427,0,0,1,22.800000000000058
6203,2025-04-19,토마토,대추방울토마토,23267.0,15.3,9.2,4,30305.0,25394.428571428572,25994.033333333333,27528.0,-0.15478785236849757,0,0,1,32.00000000000006
6204,2025-04-21,토마토,대추방울토마토,26324.0,20.7,0.0,4,29099.0,25751.14285714286,26004.166666666668,23267.0,0.13138780246701343,0,0,1,16.60000000000006
6205,2025-04-22,토마토,대추방울토마토,22528.0,17.8,34.8,4,27010.0,25051.14285714286,25860.7,26324.0,-0.14420300866129765,0,0,1,44.00000000000006
6206,2025-04-23,토마토,대추방울토마토,24020.0,16.8,0.0,4,25849.0,24696.0,25692.0,22528.0,0.06622869318181812,0,0,1,44.00000000000006
6207,2025-04-24,토마토,대추방울토마토,20038.0,14.7,0.0,4,26943.0,23976.0,25400.733333333334,24020.0,-0.16577851790174858,0,0,1,44.00000000000006
6208,2025-04-25,토마토,대추방울토마토,21588.0,12.5,0.0,4,26890.0,23613.285714285714,25233.466666666667,20038.0,0.07735302924443554,0,0,1,44.00000000000006
6209,2025-04-26,토마토,대추방울토마토,19935.0,13.8,0.0,4,24677.0,22528.571428571428,24988.366666666665,21588.0,-0.07657031684269033,0,0,1,44.00000000000006
6210,2025-04-28,토마토,대추방울토마토,19440.0,15.1,0.0,4,26107.0,21981.85714285714,24804.733333333334,19935.0,-0.02483069977426633,0,0,1,34.800000000000054
6211,2025-04-29,토마토,대추방울토마토,18142.0,14.8,0.0,4,21882.0,20813.0,24481.166666666668,19440.0,-0.06676954732510287,0,0,1,34.800000000000054
6212,2025-04-30,토마토,대추방울토마토,17503.0,18.4,0.0,4,24757.0,20095.14285714286,24223.033333333333,18142.0,-0.03522213647888872,0,0,1,0.0
6213,2025-05-01,토마토,대추방울토마토,16425.0,14.7,21.1,5,23573.0,19010.14285714286,23897.466666666667,17503.0,-0.06158944180997539,0,0,0,21.10000000000006
6214,2025-05-02,토마토,대추방울토마토,16305.0,13.4,0.0,5,27253.0,18476.85714285714,23577.566666666666,16425.0,-0.007305936073059405,0,0,0,21.10000000000006
6215,2025-05-03,토마토,대추방울토마토,15078.0,11.2,7.3,5,26669.0,17546.85714285714,23240.766666666666,16305.0,-0.07525298988040474,0,0,0,28.40000000000006
6216,2025-05-05,토마토,대추방울토마토,17212.0,12.1,0.0,5,24967.0,17157.85714285714,22962.766666666666,15078.0,0.1415307069903171,0,0,0,28.40000000000006
6217,2025-05-06,토마토,대추방울토마토,14216.0,14.4,0.0,5,27285.0,16411.571428571428,22512.933333333334,17212.0,-0.17406460608877528,0,0,0,28.40000000000006
6218,2025-05-07,토마토,대추방울토마토,16971.0,14.9,0.0,5,30276.0,16244.285714285714,22166.433333333334,14216.0,0.19379572312886895,0,0,0,28.40000000000006
6219,2025-05-08,토마토,대추방울토마토,15178.0,17.4,0.0,5,30061.0,15912.142857142857,21883.366666666665,16971.0,-0.1056508160980496,0,0,0,28.40000000000006
6220,2025-05-09,토마토,대추방울토마토,17310.0,15.1,17.6,5,35936.0,16038.57142857143,21601.666666666668,15178.0,0.14046646461984458,0,0,0,24.90000000000006
6221,2025-05-10,토마토,대추방울토마토,15214.0,12.3,14.1,5,34236.0,15882.714285714286,21251.566666666666,17310.0,-0.12108607741190058,0,0,0,39.00000000000006
6222,2025-05-12,토마토,대추방울토마토,16004.0,17.0,0.0,5,36692.0,16015.0,20858.066666666666,15214.0,0.05192585776258718,0,0,0,31.70000000000006
6223,2025-05-13,토마토,대추방울토마토,15775.0,19.9,0.0,5,38354.0,15809.714285714286,20536.6,16004.0,-0.01430892276930762,0,0,0,31.70000000000006
6224,2025-05-14,토마토,대추방울토마토,17177.0,21.0,0.0,5,38354.0,16232.714285714286,20303.766666666666,15775.0,0.08887480190174335,0,0,0,31.70000000000006
6225,2025-05-15,토마토,대추방울토마토,18631.0,19.5,1.1,5,37093.0,16469.85714285714,20157.6,17177.0,0.08464807591546841,0,0,0,32.80000000000006
6226,2025-05-16,토마토,대추방울토마토,18972.0,19.4,51.3,5,35883.0,17011.85714285714,19924.9,18631.0,0.01830282861896837,0,0,0,84.10000000000005
6227,2025-05-17,토마토,대추방울토마토,17177.0,18.3,2.2,5,33729.0,16992.85714285714,19703.233333333334,18972.0,-0.09461311406282946,0,0,0,68.70000000000006
6228,2025-05-19,토마토,대추방울토마토,16381.0,16.1,1.6,5,34128.0,17159.571428571428,19335.0,17177.0,-0.04634103743377771,0,0,0,56.20000000000005
6229,2025-05-20,토마토,대추방울토마토,17745.0,22.2,1.0,5,33183.0,17408.285714285714,19042.966666666667,16381.0,0.08326719980465169,0,0,0,57.20000000000005
6230,2025-05-21,토마토,대추방울토마토,18498.0,25.5,0.0,5,32183.0,17797.285714285714,18823.633333333335,17745.0,0.04243448858833476,0,0,0,57.20000000000005
6231,2025-05-22,토마토,대추방울토마토,15192.0,23.9,0.8,5,30542.0,17513.714285714286,18525.8,18498.0,-0.17872202400259485,0,0,0,58.00000000000006
6232,2025-05-23,토마토,대추방울토마토,15847.0,19.4,1.2,5,31716.0,17116.0,18136.433333333334,15192.0,0.04311479726171674,0,0,0,58.10000000000005
6233,2025-05-24,토마토,대추방울토마토,13338.0,15.6,4.3,5,30791.0,16311.142857142857,17805.466666666667,15847.0,-0.1583264971287941,0,0,0,11.100000000000056
6234,2025-05-26,토마토,대추방울토마토,14970.0,19.7,0.0,5,28088.0,15995.857142857143,17427.0,13338.0,0.12235717498875398,0,0,0,8.900000000000055
6235,2025-05-27,토마토,대추방울토마토,13340.0,20.8,0.0,5,26550.0,15561.42857142857,17120.733333333334,14970.0,-0.10888443553774219,0,0,0,7.300000000000056
6236,2025-05-28,토마토,대추방울토마토,13921.0,20.8,0.0,5,29455.0,15015.142857142857,16784.1,13340.0,0.043553223388305806,0,0,0,6.300000000000056
6237,2025-05-29,토마토,대추방울토마토,13564.0,21.2,0.0,5,30877.0,14310.285714285714,16568.3,13921.0,-0.025644709431793644,0,0,0,6.300000000000056
6238,2025-05-30,토마토,대추방울토마토,13621.0,22.2,0.0,5,30442.0,14085.857142857143,16302.733333333334,13564.0,0.004202300206428866,0,0,0,5.500000000000056
6239,2025-05-31,토마토,대추방울토마토,12367.0,21.5,0.0,5,28831.0,13588.714285714286,16050.466666666667,13621.0,-0.09206372513031347,0,0,0,4.300000000000056
6240,2025-06-02,토마토,대추방울토마토,13649.0,21.0,0.0,6,26782.0,13633.142857142857,15857.433333333332,12367.0,0.1036629740438264,0,0,0,0.0
6241,2025-06-03,토마토,대추방울토마토,15039.0,20.9,0.0,6,30701.0,13643.0,15754.0,13649.0,0.10183896256135982,0,0,0,0.0
6242,2025-06-04,토마토,대추방울토마토,13452.0,20.5,0.0,6,33725.0,13659.0,15618.966666666667,15039.0,-0.10552563335328147,0,0,0,0.0
6243,2025-06-05,토마토,대추방울토마토,14668.0,21.7,0.0,6,29013.0,13765.714285714286,15560.4,13452.0,0.09039548022598876,0,0,0,0.0
6244,2025-06-06,토마토,대추방울토마토,14167.0,24.1,0.0,6,29396.0,13851.857142857143,15489.133333333333,14668.0,-0.03415598581947099,0,0,0,0.0
6245,2025-06-07,토마토,대추방울토마토,14965.0,23.7,0.1,6,29848.0,14043.857142857143,15485.366666666667,14167.0,0.05632808639796716,0,0,0,0.10000000000005685
6246,2025-06-09,토마토,대추방울토마토,16457.0,24.2,0.0,6,32057.0,14628.142857142857,15460.2,14965.0,0.09969929836284663,0,0,0,0.10000000000005685
6247,2025-06-10,토마토,대추방울토마토,15688.0,21.7,0.0,6,32818.0,14919.42857142857,15509.266666666666,16457.0,-0.04672783617913345,0,0,0,0.10000000000005685
6248,2025-06-11,토마토,대추방울토마토,15408.0,22.7,0.0,6,36095.0,14972.142857142857,15457.166666666666,15688.0,-0.017848036715961246,0,0,0,0.10000000000005685
6249,2025-06-12,토마토,대추방울토마토,16773.0,25.5,0.0,6,36378.0,15446.57142857143,15510.333333333334,15408.0,0.08859034267912769,0,0,0,0.10000000000005685
6250,2025-06-13,토마토,대추방울토마토,15199.0,24.0,1.5,6,38129.0,15522.42857142857,15439.966666666667,16773.0,-0.09384129255350859,0,0,0,1.600000000000057
6251,2025-06-14,토마토,대추방울토마토,17495.0,25.6,0.0,6,40391.0,15997.857142857143,15516.0,15199.0,0.15106256990591493,0,0,0,1.600000000000057
6252,2025-06-16,토마토,대추방울토마토,17202.0,23.0,20.0,6,41748.0,16317.42857142857,15555.933333333332,17495.0,-0.016747642183481015,0,0,0,21.500000000000057
6253,2025-06-17,토마토,대추방울토마토,15384.0,24.8,0.0,6,42728.0,16164.142857142857,15542.9,17202.0,-0.10568538542029993,0,0,0,21.500000000000057
6254,2025-06-18,토마토,대추방울토마토,15068.0,25.5,0.0,6,43080.0,16075.57142857143,15472.6,15384.0,-0.020540821632865303,0,0,0,21.500000000000057
6255,2025-06-19,토마토,대추방울토마토,14359.0,28.1,0.8,6,43395.0,15925.714285714286,15330.2,15068.0,-0.047053358109901744,0,0,0,22.300000000000058
6256,2025-06-20,토마토,대추방울토마토,12949.0,24.1,51.1,6,41352.0,15379.42857142857,15129.433333333332,14359.0,-0.09819625322097636,0,0,0,73.40000000000006
6257,2025-06-21,토마토,대추방울토마토,13239.0,22.0,0.2,6,34061.0,15099.42857142857,14998.166666666666,12949.0,0.022395551780060252,0,0,0,72.10000000000005
6258,2025-06-23,토마토,대추방울토마토,13950.0,26.1,0.0,6,32104.0,14593.0,14917.133333333333,13239.0,0.05370496261046909,0,0,0,72.10000000000005
6259,2025-06-24,토마토,대추방울토마토,13563.0,25.0,2.3,6,31867.0,14073.142857142857,14777.733333333334,13950.0,-0.02774193548387094,0,0,0,54.400000000000055
6260,2025-06-25,토마토,대추방울토마토,13151.0,20.9,8.0,6,33714.0,13754.142857142857,14599.5,13563.0,-0.03037676030376757,0,0,0,62.400000000000055
6261,2025-06-26,토마토,대추방울토마토,12649.0,22.2,1.1,6,26996.0,13408.57142857143,14514.733333333334,13151.0,-0.038172002129115645,0,0,0,63.50000000000006
6262,2025-06-27,토마토,대추방울토마토,12605.0,25.0,0.0,6,25751.0,13158.0,14406.666666666666,12649.0,-0.0034785358526365773,0,0,0,62.70000000000006
6263,2025-06-28,토마토,대추방울토마토,12090.0,26.2,0.6,6,25042.0,13035.285714285714,14365.066666666668,12605.0,-0.040856802856009566,0,0,0,12.200000000000056
6264,2025-06-30,토마토,대추방울토마토,14148.0,28.2,0.0,6,28562.0,13165.142857142857,14337.666666666666,12090.0,0.17022332506203464,0,0,0,12.000000000000057
6265,2025-07-01,토마토,대추방울토마토,12634.0,28.6,0.9,7,26760.0,12977.142857142857,14314.133333333333,14148.0,-0.10701159174441621,0,0,0,12.900000000000057
6266,2025-07-02,토마토,대추방울토마토,12439.0,28.6,0.0,7,27756.0,12816.57142857143,14264.733333333334,12634.0,-0.015434541712838423,0,0,0,10.600000000000056
6267,2025-07-03,토마토,대추방울토마토,12653.0,28.3,0.0,7,26870.0,12745.42857142857,14234.366666666667,12439.0,0.01720395530187324,0,0,0,2.600000000000057
6268,2025-07-04,토마토,대추방울토마토,13680.0,27.2,0.0,7,28177.0,12892.714285714286,14236.333333333334,12653.0,0.08116652177349248,0,0,0,1.5000000000000568
6269,2025-07-05,토마토,대추방울토마토,14887.0,28.4,0.0,7,25462.0,13218.714285714286,14320.333333333334,13680.0,0.08823099415204672,0,0,0,1.5000000000000568
6270,2025-07-07,토마토,대추방울토마토,16286.0,29.1,0.0,7,22445.0,13818.142857142857,14408.233333333334,14887.0,0.09397460871901653,0,0,0,0.9000000000000569
6271,2025-07-08,토마토,대추방울토마토,16769.0,31.3,11.8,7,23607.0,14192.57142857143,14465.9,16286.0,0.029657374432027428,0,0,0,12.700000000000058
6272,2025-07-09,토마토,대추방울토마토,15726.0,31.9,0.0,7,21959.0,14634.285714285714,14541.7,16769.0,-0.0621981036436281,0,0,0,11.800000000000058
6273,2025-07-10,토마토,대추방울토마토,14840.0,31.4,0.0,7,23005.0,14977.285714285714,14547.433333333332,15726.0,-0.05633981940735089,0,0,0,11.800000000000058
6274,2025-07-11,토마토,대추방울토마토,15274.0,30.2,0.0,7,22850.0,15351.714285714286,14584.333333333334,14840.0,0.029245283018867863,0,0,0,11.800000000000058
6275,2025-07-12,토마토,대추방울토마토,16317.0,30.3,0.0,7,24551.0,15728.42857142857,14629.4,15274.0,0.0682859761686525,0,0,0,11.800000000000058
6276,2025-07-14,토마토,대추방울토마토,15847.0,24.2,13.6,7,25395.0,15865.57142857143,14609.066666666668,16317.0,-0.028804314518600216,0,0,0,25.400000000000055
6277,2025-07-15,토마토,대추방울토마토,15722.0,23.6,4.0,7,28369.0,15785.0,14610.2,15847.0,-0.007887928314507464,0,0,0,29.400000000000055
6278,2025-07-16,토마토,대추방울토마토,15569.0,23.3,73.1,7,26973.0,15613.57142857143,14615.566666666668,15722.0,-0.009731586312174079,0,0,0,90.70000000000005
6279,2025-07-17,토마토,대추방울토마토,14212.0,23.3,75.5,7,25269.0,15397.285714285714,14530.2,15569.0,-0.08716038281199823,0,0,0,166.20000000000005
6280,2025-07-18,토마토,대추방울토마토,15066.0,24.7,16.1,7,23669.0,15429.57142857143,14525.766666666666,14212.0,0.06009006473402767,0,0,0,182.30000000000004
6281,2025-07-19,토마토,대추방울토마토,17209.0,23.9,84.0,7,24588.0,15706.0,14516.233333333334,15066.0,0.14224080711535914,0,0,0,266.30000000000007
6282,2025-07-21,토마토,대추방울토마토,16454.0,28.5,0.0,7,22667.0,15725.57142857143,14491.3,17209.0,-0.043872392352838685,0,0,0,266.30000000000007
6283,2025-07-22,토마토,대추방울토마토,17226.0,28.8,0.1,7,21674.0,15922.57142857143,14552.7,16454.0,0.04691868238726138,0,0,0,252.80000000000004
6284,2025-07-23,토마토,대추방울토마토,17106.0,28.9,0.0,7,20316.0,16120.285714285714,14620.633333333333,17226.0,-0.006966213862765636,0,0,0,248.80000000000004
6285,2025-07-24,토마토,대추방울토마토,16830.0,29.8,0.0,7,22481.0,16300.42857142857,14703.0,17106.0,-0.016134689582602557,0,0,0,175.70000000000005
6286,2025-07-25,토마토,대추방울토마토,20239.0,31.1,0.0,7,22943.0,17161.428571428572,14946.0,16830.0,0.20255496137849072,0,0,0,100.20000000000005
6287,2025-07-26,토마토,대추방울토마토,26236.0,32.3,0.0,7,22400.0,18757.14285714286,15379.233333333334,20239.0,0.2963091061811354,0,0,0,84.10000000000005
6288,2025-07-28,토마토,대추방울토마토,24479.0,32.2,0.0,7,21545.0,19795.714285714286,15730.2,26236.0,-0.06696905016008536,0,0,0,0.10000000000005685
6289,2025-07-29,토마토,대추방울토마토,23194.0,32.0,0.0,7,21077.0,20758.571428571428,16051.233333333334,24479.0,-0.05249397442705994,0,0,0,0.10000000000005685
6290,2025-07-30,토마토,대추방울토마토,22856.0,32.1,0.0,7,18281.0,21562.85714285714,16374.733333333334,23194.0,-0.01457273432784345,0,0,0,0.0
6291,2025-07-31,토마토,대추방울토마토,21044.0,30.9,0.0,7,20238.0,22125.428571428572,16654.566666666666,22856.0,-0.07927896394819745,0,0,0,0.0
6292,2025-08-01,토마토,대추방울토마토,20518.0,31.0,0.0,8,18479.0,22652.285714285714,16918.333333333332,21044.0,-0.02499524805170117,0,0,0,0.0
6293,2025-08-04,토마토,대추방울토마토,20356.0,28.1,1.9,8,18023.0,22669.0,17193.866666666665,20518.0,-0.007895506384637874,0,0,0,1.9000000000000568
6294,2025-08-05,토마토,대추방울토마토,19861.0,29.1,0.0,8,17516.0,21758.285714285714,17384.3,20356.0,-0.02431715464727846,0,0,0,1.9000000000000568
6295,2025-08-06,토마토,대추방울토마토,17728.0,27.1,22.0,8,17715.0,20793.85714285714,17554.1,19861.0,-0.10739640501485326,0,0,0,23.900000000000055
6296,2025-08-07,토마토,대추방울토마토,16881.0,28.2,0.0,8,16816.0,19892.0,17702.166666666668,17728.0,-0.04777752707581229,0,0,0,23.900000000000055
6297,2025-08-08,토마토,대추방울토마토,16349.0,26.6,6.3,8,16587.0,18962.428571428572,17825.366666666665,16881.0,-0.03151472069190209,0,0,0,30.200000000000056
6298,2025-08-09,토마토,대추방울토마토,18398.0,24.9,3.5,8,17094.0,18584.428571428572,17982.633333333335,16349.0,0.12532876628539968,0,0,0,33.70000000000005
6299,2025-08-11,토마토,대추방울토마토,18338.0,27.0,0.0,8,17606.0,18273.0,18097.666666666668,18398.0,-0.0032612240460919706,0,0,0,33.70000000000005
6300,2025-08-12,토마토,대추방울토마토,21574.0,28.6,0.0,8,16407.0,18447.0,18273.933333333334,18338.0,0.17646417275602566,0,0,0,31.800000000000058
6301,2025-08-13,토마토,대추방울토마토,21333.0,25.1,126.7,8,15187.0,18657.285714285714,18426.066666666666,21574.0,-0.011170853805506642,0,0,0,158.50000000000006
6302,2025-08-14,토마토,대추방울토마토,24203.0,25.5,47.8,8,16419.0,19582.285714285714,18708.633333333335,21333.0,0.13453335208362627,0,0,0,184.30000000000007
6303,2025-08-15,토마토,대추방울토마토,23003.0,27.1,0.0,8,17045.0,20456.85714285714,18980.733333333334,24203.0,-0.04958063050035122,0,0,0,184.30000000000007
6304,2025-08-16,토마토,대추방울토마토,22393.0,28.2,0.0,8,16565.0,21320.285714285714,19218.033333333333,23003.0,-0.02651828022431857,0,0,0,178.00000000000006
6305,2025-08-18,토마토,대추방울토마토,23596.0,28.9,2.2,8,17209.0,22062.85714285714,19460.666666666668,22393.0,0.053722145313267466,0,0,0,176.70000000000005
6306,2025-08-19,토마토,대추방울토마토,26102.0,29.1,0.0,8,17175.0,23172.0,19802.5,23596.0,0.10620444143075103,0,0,0,176.70000000000005
6307,2025-08-20,토마토,대추방울토마토,22492.0,29.4,0.0,8,15890.0,23303.14285714286,20028.166666666668,26102.0,-0.1383035782698644,0,0,0,176.70000000000005
6308,2025-08-21,토마토,대추방울토마토,24868.0,29.8,0.0,8,16142.0,23808.14285714286,20338.133333333335,22492.0,0.10563756002134084,0,0,0,50.00000000000006
6309,2025-08-22,토마토,대추방울토마토,30859.0,29.4,0.0,8,17355.0,24759.0,20893.033333333333,24868.0,0.24091201544153118,0,0,0,2.200000000000057
6310,2025-08-23,토마토,대추방울토마토,30799.0,29.3,0.0,8,16491.0,25872.714285714286,21417.466666666667,30859.0,-0.001944327424738379,0,0,0,2.200000000000057
6311,2025-08-25,토마토,대추방울토마토,29821.0,28.7,17.1,8,15201.0,26933.85714285714,21837.866666666665,30799.0,-0.03175427773629014,0,0,0,19.300000000000058
6312,2025-08-26,토마토,대추방울토마토,27856.0,27.6,5.4,8,14307.0,27542.428571428572,22217.933333333334,29821.0,-0.0658931625364676,0,0,0,22.500000000000057
6313,2025-08-27,토마토,대추방울토마토,28155.0,26.7,0.0,8,14518.0,27835.714285714286,22582.233333333334,27856.0,0.010733773693279769,0,0,0,22.500000000000057
6314,2025-08-28,토마토,대추방울토마토,28873.0,28.3,0.0,8,12988.0,28747.285714285714,22974.466666666667,28155.0,0.025501687089326985,0,0,0,22.500000000000057
6315,2025-08-29,토마토,대추방울토마토,35055.0,29.0,32.2,8,15240.0,30202.571428571428,23581.966666666667,28873.0,0.21411006822983403,0,0,0,54.70000000000006
6316,2025-08-30,토마토,대추방울토마토,27050.0,28.4,23.9,8,14635.0,29658.428571428572,23809.0,35055.0,-0.22835544144915132,0,0,0,78.60000000000005
6317,2025-09-01,토마토,대추방울토마토,32153.0,26.1,20.4,9,13525.0,29851.85714285714,24006.233333333334,27050.0,0.18865064695009237,0,1,0,99.00000000000006
6318,2025-09-02,토마토,대추방울토마토,28863.0,26.0,0.0,9,12665.0,29715.0,24152.366666666665,32153.0,-0.10232326688022886,0,1,0,81.90000000000006
6319,2025-09-03,토마토,대추방울토마토,27150.0,27.6,0.0,9,11796.0,29614.14285714286,24284.233333333334,28863.0,-0.059349339985448446,0,1,0,76.50000000000006
6320,2025-09-04,토마토,대추방울토마토,22647.0,25.8,44.2,9,11834.0,28827.285714285714,24277.266666666666,27150.0,-0.16585635359116024,0,1,0,120.70000000000006
6321,2025-09-05,토마토,대추방울토마토,30551.0,27.9,0.0,9,11926.0,29067.0,24594.166666666668,22647.0,0.34900869872389273,0,1,0,120.70000000000006
6322,2025-09-06,토마토,대추방울토마토,30815.0,26.8,36.1,9,11825.0,28461.285714285714,24937.4,30551.0,0.00864128833753397,0,1,0,124.60000000000005
6323,2025-09-08,토마토,대추방울토마토,31941.0,24.4,0.0,9,11314.0,29160.0,25323.566666666666,30815.0,0.036540645789388204,0,1,0,100.70000000000005
6324,2025-09-09,토마토,대추방울토마토,30105.0,23.7,0.0,9,11429.0,28867.428571428572,25665.033333333333,31941.0,-0.05748098055790363,0,1,0,80.30000000000007
6325,2025-09-10,토마토,대추방울토마토,31664.0,24.8,0.0,9,11489.0,29267.571428571428,26129.566666666666,30105.0,0.05178541770470013,0,1,0,80.30000000000007
6326,2025-09-11,토마토,대추방울토마토,36988.0,25.8,0.0,9,12238.0,30673.0,26799.8,31664.0,0.1681404749873674,0,1,0,80.30000000000007
6327,2025-09-12,토마토,대추방울토마토,32324.0,23.9,6.8,9,12795.0,32055.428571428572,27332.3,36988.0,-0.1260949497134206,0,1,0,42.900000000000055
6328,2025-09-13,토마토,대추방울토마토,30840.0,23.3,63.7,9,12927.0,32096.714285714286,27747.033333333333,32324.0,-0.0459101596337087,0,1,0,106.60000000000005
6329,2025-09-15,토마토,대추방울토마토,33821.0,25.7,0.0,9,12593.0,32526.14285714286,28263.133333333335,30840.0,0.09666018158236067,0,1,0,70.50000000000006
6330,2025-09-16,토마토,대추방울토마토,31911.0,23.7,17.5,9,14404.0,32521.85714285714,28607.7,33821.0,-0.05647378847461637,0,1,0,88.00000000000006
6331,2025-09-17,토마토,대추방울토마토,33259.0,22.7,52.7,9,14324.0,32972.42857142857,29005.233333333334,31911.0,0.042242486916737265,0,1,0,140.70000000000007
6332,2025-09-18,토마토,대추방울토마토,29312.0,22.1,0.0,9,15567.0,32636.428571428572,29175.533333333333,33259.0,-0.11867464445713938,0,1,0,140.70000000000007
6333,2025-09-19,토마토,대추방울토마토,29961.0,19.4,13.8,9,15223.0,31632.571428571428,29407.466666666667,29312.0,0.022141102620087283,0,1,0,154.50000000000006
6334,2025-09-20,토마토,대추방울토마토,31478.0,20.0,35.3,9,13850.0,31511.714285714286,29710.3,29961.0,0.05063248890223959,0,1,0,183.00000000000006
6335,2025-09-22,토마토,대추방울토마토,31061.0,21.3,0.0,9,13673.0,31543.285714285714,29959.133333333335,31478.0,-0.013247347353707362,0,1,0,119.30000000000007
6336,2025-09-23,토마토,대추방울토마토,27107.0,22.7,0.0,9,16003.0,30584.14285714286,29992.633333333335,31061.0,-0.12729789768520006,0,1,0,119.30000000000007
6337,2025-09-24,토마토,대추방울토마토,27340.0,22.0,35.2,9,16095.0,29931.14285714286,30154.233333333334,27107.0,0.008595565721031484,0,1,0,137.00000000000006
6338,2025-09-25,토마토,대추방울토마토,24756.0,22.5,0.3,9,17577.0,28716.428571428572,30150.5,27340.0,-0.09451353328456469,0,1,0,84.60000000000005
6339,2025-09-26,토마토,대추방울토마토,26983.0,21.7,0.0,9,18699.0,28383.714285714286,30021.3,24756.0,0.08995798998222648,0,1,0,84.60000000000005
6340,2025-09-27,토마토,대추방울토마토,25332.0,22.5,0.0,9,18831.0,27722.428571428572,29839.066666666666,26983.0,-0.06118667309046433,0,1,0,70.80000000000005
6341,2025-09-29,토마토,대추방울토마토,27288.0,19.6,0.0,9,18624.0,27123.85714285714,29754.633333333335,25332.0,0.07721459024159172,0,1,0,35.50000000000006
6342,2025-09-30,토마토,대추방울토마토,24195.0,19.8,0.0,9,19040.0,26143.0,29632.6,27288.0,-0.11334652594547057,0,1,0,35.50000000000006
6343,2025-10-01,토마토,대추방울토마토,24723.0,20.5,0.0,10,20420.0,25802.428571428572,29518.2,24195.0,0.02182269063856168,0,1,0,35.50000000000006
6344,2025-10-02,토마토,대추방울토마토,25158.0,21.4,0.0,10,19214.0,25490.714285714286,29394.366666666665,24723.0,0.017594952068923586,0,1,0,0.30000000000005683
6345,2025-10-03,토마토,대추방울토마토,26009.0,21.2,0.8,10,20824.0,25669.714285714286,29092.833333333332,25158.0,0.03382621830034194,0,1,0,0.8000000000000569
6346,2025-10-04,토마토,대추방울토마토,27739.0,22.5,0.0,10,18765.0,25777.714285714286,29115.8,26009.0,0.06651543696412787,0,1,0,0.8000000000000569
6347,2025-10-09,토마토,대추방울토마토,24086.0,20.0,0.0,10,20035.0,25599.714285714286,28846.9,27739.0,-0.13169184181116844,0,1,0,0.8000000000000569
6348,2025-10-10,토마토,대추방울토마토,21707.0,17.0,49.3,10,22200.0,24802.428571428572,28608.366666666665,24086.0,-0.09877107033131283,0,1,0,50.10000000000005
6349,2025-10-11,토마토,대추방울토마토,19946.0,20.3,22.5,10,22733.0,24195.428571428572,28368.233333333334,21707.0,-0.08112590408623943,0,1,0,72.60000000000005
6350,2025-10-13,토마토,대추방울토마토,20686.0,15.7,25.1,10,21477.0,23618.714285714286,28302.866666666665,19946.0,0.03710017046024272,0,1,0,97.70000000000005
6351,2025-10-14,토마토,대추방울토마토,21052.0,17.9,0.6,10,23103.0,23032.14285714286,27986.233333333334,20686.0,0.017693125785555486,0,1,0,98.30000000000005
6352,2025-10-15,토마토,대추방울토마토,26248.0,20.2,1.5,10,22579.0,23066.285714285714,27834.0,21052.0,0.24681740452213563,0,1,0,99.00000000000006
6353,2025-10-16,토마토,대추방울토마토,28720.0,20.2,1.3,10,22501.0,23206.428571428572,27726.633333333335,26248.0,0.0941786040841206,0,1,0,100.30000000000005
6354,2025-10-17,토마토,대추방울토마토,27158.0,19.9,11.3,10,26508.0,23645.285714285714,27628.4,28720.0,-0.05438718662952646,0,1,0,111.60000000000005
6355,2025-10-18,토마토,대추방울토마토,24397.0,15.8,11.2,10,23934.0,24029.571428571428,27386.166666666668,27158.0,-0.10166433463436186,0,1,0,73.50000000000006
6356,2025-10-20,토마토,대추방울토마토,23898.0,10.0,0.0,10,21621.0,24594.14285714286,26949.833333333332,24397.0,-0.02045333442636388,0,1,0,51.00000000000006
6357,2025-10-21,토마토,대추방울토마토,21693.0,9.2,0.0,10,21014.0,24738.0,26595.466666666667,23898.0,-0.09226713532513175,0,1,0,25.900000000000055
6358,2025-10-22,토마토,대추방울토마토,21310.0,13.1,0.0,10,20877.0,24774.85714285714,26277.8,21693.0,-0.017655464896510376,0,1,0,25.300000000000054
6359,2025-10-23,토마토,대추방울토마토,22362.0,14.9,0.0,10,21121.0,24219.714285714286,25895.833333333332,21310.0,0.049366494603472644,0,1,0,23.800000000000054
6360,2025-10-24,토마토,대추방울토마토,21788.0,15.8,0.0,10,19447.0,23229.428571428572,25558.4,22362.0,-0.025668544852875397,0,1,0,22.500000000000057
6361,2025-10-25,토마토,대추방울토마토,22419.0,14.4,0.0,10,19451.0,22552.428571428572,25197.066666666666,21788.0,0.02896089590600326,0,1,0,11.200000000000056
6362,2025-10-27,토마토,대추방울토마토,23838.0,8.1,0.0,10,21866.0,22472.571428571428,25014.6,22419.0,0.06329452696373616,0,1,0,0.0
6363,2025-10-28,토마토,대추방울토마토,23771.0,8.5,0.0,10,20858.0,22454.428571428572,24808.266666666666,23838.0,-0.002810638476382299,0,1,0,0.0
6364,2025-10-29,토마토,대추방울토마토,23919.0,11.4,0.0,10,19038.0,22772.428571428572,24556.3,23771.0,0.006226073787388042,0,1,0,0.0
6365,2025-10-30,토마토,대추방울토마토,25297.0,12.8,0.0,10,22221.0,23342.0,24364.166666666668,23919.0,0.05761110414314974,0,1,0,0.0
6366,2025-10-31,토마토,대추방울토마토,25544.0,15.1,0.1,10,22679.0,23796.571428571428,24312.066666666666,25297.0,0.009764003636794971,0,1,0,0.10000000000005685
6367,2025-11-03,토마토,대추방울토마토,28251.0,7.2,0.0,11,25667.0,24719.85714285714,24342.433333333334,25544.0,0.10597400563733173,0,0,0,0.10000000000005685
6368,2025-11-04,토마토,대추방울토마토,29253.0,10.2,0.0,11,22863.0,25696.14285714286,24492.333333333332,28251.0,0.035467771052352104,0,0,0,0.10000000000005685
6369,2025-11-05,토마토,대추방울토마토,28131.0,11.6,0.0,11,20511.0,26309.428571428572,24530.6,29253.0,-0.03835504050866578,0,0,0,0.10000000000005685
6370,2025-11-06,토마토,대추방울토마토,27902.0,12.5,0.0,11,20167.0,26899.571428571428,24616.266666666666,28131.0,-0.008140485585297341,0,0,0,0.10000000000005685
6371,2025-11-07,토마토,대추방울토마토,28012.0,13.9,0.0,11,23021.0,27484.285714285714,24640.4,27902.0,0.003942369722600425,0,0,0,0.10000000000005685
6372,2025-11-08,토마토,대추방울토마토,27347.0,14.5,0.0,11,29563.0,27777.14285714286,24745.466666666667,28012.0,-0.02373982578894762,0,0,0,0.10000000000005685
6373,2025-11-10,토마토,대추방울토마토,28550.0,8.3,0.0,11,22992.0,28206.571428571428,24873.033333333333,27347.0,0.04399020002194032,0,0,0,0.0
6374,2025-11-11,토마토,대추방울토마토,29458.0,8.9,0.0,11,28723.0,28379.0,25016.366666666665,28550.0,0.03180385288966736,0,0,0,0.0
6375,2025-11-12,토마토,대추방울토마토,29039.0,10.8,0.0,11,25095.0,28348.428571428572,25117.366666666665,29458.0,-0.014223640437232676,0,0,0,0.0
6376,2025-11-13,토마토,대추방울토마토,29352.0,11.1,0.0,11,23949.0,28522.85714285714,25171.133333333335,29039.0,0.010778608078790608,0,0,0,0.0
6377,2025-11-14,토마토,대추방울토마토,32011.0,9.1,0.0,11,21185.0,29109.85714285714,25435.3,29352.0,0.09059007904061045,0,0,0,0.0
6378,2025-11-15,토마토,대추방울토마토,29811.0,9.8,0.0,11,25395.0,29366.85714285714,25705.433333333334,32011.0,-0.06872637530848769,0,0,0,0.0
6379,2025-11-17,토마토,대추방울토마토,35140.0,3.2,0.0,11,27605.0,30480.14285714286,26211.9,29811.0,0.17875951829861458,0,0,0,0.0
6380,2025-11-18,토마토,대추방울토마토,34291.0,1.6,0.0,11,33026.0,31300.285714285714,26665.4,35140.0,-0.024160500853727895,0,0,0,0.0
6381,2025-11-19,토마토,대추방울토마토,40919.0,3.0,0.0,11,27685.0,32937.57142857143,27327.633333333335,34291.0,0.1932868682744744,0,0,0,0.0
6382,2025-11-20,토마토,대추방울토마토,27681.0,7.4,0.0,11,36781.0,32743.571428571428,27375.4,40919.0,-0.3235171925022605,0,0,0,0.0
6383,2025-11-21,토마토,대추방울토마토,42085.0,7.4,0.0,11,28887.0,34562.57142857143,27820.9,27681.0,0.520356923521549,0,0,0,0.0
6384,2025-11-22,토마토,대추방울토마토,35283.0,9.6,0.0,11,37773.0,35030.0,28091.733333333334,42085.0,-0.16162528216704286,0,0,0,0.0
6385,2025-11-24,토마토,대추방울토마토,46057.0,12.4,0.0,11,29954.0,37350.857142857145,28813.733333333334,35283.0,0.3053595215826319,0,0,0,0.0
6386,2025-11-25,토마토,대추방울토마토,40527.0,7.4,7.8,11,32419.0,38120.42857142857,29368.033333333333,46057.0,-0.12006861063464835,0,0,0,7.800000000000057
6387,2025-11-26,토마토,대추방울토마토,44238.0,6.4,0.0,11,26081.0,39541.42857142857,30119.533333333333,40527.0,0.09156858390702505,0,0,0,7.800000000000057
6388,2025-11-27,토마토,대추방울토마토,26771.0,5.1,10.0,11,29169.0,37520.28571428572,30301.566666666666,44238.0,-0.39484153894841534,0,0,0,17.800000000000058
6389,2025-11-28,토마토,대추방울토마토,39243.0,2.3,0.0,11,28249.0,39172.0,30864.266666666666,26771.0,0.4658772552388779,0,0,0,17.800000000000058
6390,2025-11-29,토마토,대추방울토마토,27686.0,5.7,0.1,11,31368.0,37115.0,31060.866666666665,39243.0,-0.2944983818770227,0,0,0,17.90000000000006
6391,2025-12-01,토마토,대추방울토마토,32462.0,5.5,0.0,12,30444.0,36712.0,31395.633333333335,27686.0,0.1725059596908185,0,0,0,17.90000000000006
6392,2025-12-02,토마토,대추방울토마토,31102.0,0.1,0.0,12,56638.0,34575.57142857143,31637.766666666666,32462.0,-0.04189513893167396,0,0,0,17.90000000000006
6393,2025-12-03,토마토,대추방울토마토,30695.0,-5.9,0.0,12,36740.0,33171.0,31868.566666666666,31102.0,-0.01308597517844512,0,0,0,10.100000000000056
6394,2025-12-04,토마토,대추방울토마토,27939.0,-3.2,4.0,12,34392.0,30842.571428571428,32002.566666666666,30695.0,-0.08978661019710055,0,0,0,14.100000000000058
6395,2025-12-05,토마토,대추방울토마토,27229.0,-2.6,0.0,12,32822.0,30908.0,32066.966666666667,27939.0,-0.025412505816242548,0,0,0,4.100000000000058
6396,2025-12-06,토마토,대추방울토마토,21822.0,2.1,0.6,12,33705.0,28419.285714285714,31942.9,27229.0,-0.19857504866135367,0,0,0,4.700000000000058
6397,2025-12-08,토마토,대추방울토마토,32884.0,3.4,0.0,12,35698.0,29161.85714285714,32097.333333333332,21822.0,0.5069196223994135,0,0,0,4.600000000000058
6398,2025-12-09,토마토,대추방울토마토,28386.0,2.8,0.0,12,38901.0,28579.571428571428,32068.433333333334,32884.0,-0.13678384624741513,0,0,0,4.600000000000058
6399,2025-12-10,토마토,대추방울토마토,25922.0,4.9,0.0,12,36864.0,27839.571428571428,31994.8,28386.0,-0.08680335376594095,0,0,0,4.600000000000058
6400,2025-12-11,토마토,대추방울토마토,28373.0,4.0,12.9,12,36151.0,27507.85714285714,32010.5,25922.0,0.09455288943754336,0,0,0,17.500000000000057
6401,2025-12-12,토마토,대추방울토마토,25093.0,2.0,0.0,12,33053.0,27101.285714285714,31913.2,28373.0,-0.11560286187572688,0,0,0,13.500000000000059
6402,2025-12-15,토마토,대추방울토마토,28089.0,0.7,0.0,12,37554.0,27224.14285714286,31937.933333333334,25093.0,0.11939584744749521,0,0,0,13.500000000000059
6403,2025-12-16,토마토,대추방울토마토,24478.0,3.8,2.1,12,38913.0,27603.571428571428,31802.2,28089.0,-0.12855566235893057,0,0,0,15.000000000000059
6404,2025-12-17,토마토,대추방울토마토,29273.0,4.2,0.0,12,38524.0,27087.714285714286,31796.033333333333,24478.0,0.19589018710678974,0,0,0,15.000000000000059
6405,2025-12-18,토마토,대추방울토마토,28174.0,2.3,0.0,12,40196.0,27057.428571428572,31767.2,29273.0,-0.037543128480169385,0,0,0,15.000000000000059
6406,2025-12-19,토마토,대추방울토마토,30711.0,4.9,0.0,12,42966.0,27741.571428571428,31812.5,28174.0,0.0900475615816001,0,0,0,15.000000000000059
6407,2025-12-20,토마토,대추방울토마토,26449.0,7.3,0.3,12,42423.0,27466.714285714286,31627.1,30711.0,-0.13877763667741205,0,0,0,2.4000000000000585
6408,2025-12-22,토마토,대추방울토마토,37478.0,-0.7,0.0,12,42617.0,29236.0,31882.666666666668,26449.0,0.4169911905932171,0,0,0,2.4000000000000585
6409,2025-12-23,토마토,대추방울토마토,32746.0,2.6,10.8,12,38943.0,29901.285714285714,31802.866666666665,37478.0,-0.1262607396339186,0,0,0,13.20000000000006
6410,2025-12-24,토마토,대추방울토마토,31042.0,2.8,0.0,12,34028.0,30839.0,31694.566666666666,32746.0,-0.052036890001832314,0,0,0,11.10000000000006
6411,2025-12-25,토마토,대추방울토마토,34176.0,-3.6,0.0,12,32883.0,31539.428571428572,31469.8,31042.0,0.10095998969138575,0,0,0,11.10000000000006
6412,2025-12-26,토마토,대추방울토마토,31248.0,-8.2,0.0,12,34686.0,31978.571428571428,31588.7,34176.0,-0.0856741573033708,0,0,0,11.10000000000006
6413,2025-12-27,토마토,대추방울토마토,23003.0,-2.6,0.0,12,40867.0,30877.428571428572,30952.633333333335,31248.0,-0.2638568868407578,0,0,0,11.10000000000006
6414,2025-12-29,토마토,대추방울토마토,26827.0,4.9,0.3,12,43439.0,30931.428571428572,30670.766666666666,23003.0,0.16623918619310518,0,0,0,11.10000000000006
6415,2025-12-30,토마토,대추방울토마토,26165.0,-0.5,0.0,12,36136.0,29315.285714285714,30007.7,26827.0,-0.024676631751593514,0,0,0,11.10000000000006
6416,2025-12-31,토마토,대추방울토마토,24878.0,-5.6,0.0,12,35439.0,28191.285714285714,29486.066666666666,26165.0,-0.0491878463596408,0,0,0,0.3000000000000586
6417,2026-01-03,토마토,대추방울토마토,23025.0,-4.7,0.0,1,36242.0,27046.0,28778.966666666667,24878.0,-0.07448347937937139,0,0,0,0.3000000000000586
6418,2026-01-05,토마토,대추방울토마토,22416.0,-1.9,0.0,1,34996.0,25366.0,28633.8,23025.0,-0.026449511400651438,0,0,0,0.3000000000000586
6419,2026-01-06,토마토,대추방울토마토,24241.0,-0.9,0.0,1,32327.0,24365.0,28133.733333333334,22416.0,0.08141506067094939,0,0,0,0.3000000000000586
6420,2026-01-07,토마토,대추방울토마토,21717.0,-0.2,0.0,1,30353.0,24181.285714285714,27934.766666666666,24241.0,-0.10412111711563055,0,0,0,0.3000000000000586
6421,2026-01-08,토마토,대추방울토마토,20118.0,-5.1,0.0,1,32897.0,23222.85714285714,27523.3,21717.0,-0.07362895427545246,0,0,0,0.0
6422,2026-01-09,토마토,대추방울토마토,18742.0,-0.3,0.0,1,29484.0,22162.428571428572,27111.3,20118.0,-0.06839646088080331,0,0,0,0.0
6423,2026-01-10,토마토,대추방울토마토,22463.0,2.0,1.7,1,31176.0,21817.428571428572,26836.9,18742.0,0.19853804289830324,0,0,0,1.7000000000000586
6424,2026-01-12,토마토,대추방울토마토,23439.0,-3.8,2.7,1,26488.0,21876.571428571428,26686.9,22463.0,0.04344922761875081,0,0,0,4.400000000000059
6425,2026-01-13,토마토,대추방울토마토,23904.0,-3.3,0.0,1,26752.0,22089.14285714286,26576.066666666666,23439.0,0.01983873032125949,0,0,0,4.400000000000059
6426,2026-01-14,토마토,대추방울토마토,20336.0,-3.3,0.0,1,25240.0,21531.285714285714,26526.533333333333,23904.0,-0.14926372155287815,0,0,0,4.400000000000059
6427,2026-01-15,토마토,대추방울토마토,21705.0,4.7,0.0,1,26135.0,21529.571428571428,26153.9,20336.0,0.06731904012588519,0,0,0,4.400000000000059
6428,2026-01-16,토마토,대추방울토마토,20600.0,3.6,0.0,1,27983.0,21598.428571428572,25894.366666666665,21705.0,-0.05090992858788301,0,0,0,4.400000000000059
6429,2026-01-17,토마토,대추방울토마토,22507.0,0.2,0.0,1,30716.0,22136.285714285714,25780.533333333333,20600.0,0.09257281553398067,0,0,0,4.400000000000059
6430,2026-01-19,토마토,대추방울토마토,20904.0,-3.9,1.0,1,32848.0,21913.571428571428,25531.566666666666,22507.0,-0.07122228639978678,0,0,0,3.700000000000059
6431,2026-01-20,토마토,대추방울토마토,21943.0,-8.4,0.0,1,30702.0,21699.85714285714,25426.566666666666,20904.0,0.04970340604668966,0,0,0,1.0000000000000586
6432,2026-01-21,토마토,대추방울토마토,20561.0,-9.7,0.0,1,30064.0,21222.285714285714,25175.633333333335,21943.0,-0.0629813607984323,0,0,0,1.0000000000000586
6433,2026-01-22,토마토,대추방울토마토,21292.0,-9.1,0.0,1,31167.0,21358.85714285714,25069.433333333334,20561.0,0.03555274548903253,0,0,0,1.0000000000000586
6434,2026-01-23,토마토,대추방울토마토,19470.0,-5.0,2.2,1,30199.0,21039.571428571428,24742.666666666668,21292.0,-0.08557204583881273,0,0,0,3.200000000000059
6435,2026-01-24,토마토,대추방울토마토,21032.0,-5.3,0.0,1,29748.0,21101.285714285714,24504.6,19470.0,0.08022598870056497,0,0,0,3.200000000000059
6436,2026-01-26,토마토,대추방울토마토,22211.0,-4.2,0.0,1,30832.0,21059.0,24221.266666666666,21032.0,0.05605743628756188,0,0,0,3.200000000000059
6437,2026-01-27,토마토,대추방울토마토,27316.0,-4.4,0.0,1,29504.0,21975.0,24250.166666666668,22211.0,0.2298410697402189,0,0,0,2.200000000000059
6438,2026-01-28,토마토,대추방울토마토,23652.0,-5.4,0.0,1,31646.0,22219.14285714286,23789.3,27316.0,-0.13413384097232395,0,0,0,2.200000000000059
6439,2026-01-29,토마토,대추방울토마토,28017.0,-5.2,0.0,1,27306.0,23284.285714285714,23631.666666666668,23652.0,0.18455098934550995,0,0,0,2.200000000000059
6440,2026-01-30,토마토,대추방울토마토,22239.0,-6.4,0.0,1,28794.0,23419.571428571428,23338.233333333334,28017.0,-0.20623193061355605,0,0,0,2.200000000000059
6441,2026-01-31,토마토,대추방울토마토,25265.0,-4.1,0.0,1,26187.0,24247.428571428572,23041.2,22239.0,0.13606726921174506,0,0,0,0.0
6442,2026-02-02,토마토,대추방울토마토,25382.0,-2.1,2.4,2,27299.0,24868.85714285714,22845.666666666668,25265.0,0.004630912329309345,0,0,0,2.4000000000000585
6443,2026-02-03,토마토,대추방울토마토,29904.0,-0.9,0.0,2,25919.0,25967.85714285714,23075.7,25382.0,0.1781577495863209,0,0,0,2.4000000000000585
6444,2026-02-04,토마토,대추방울토마토,26251.0,2.8,0.0,2,25359.0,25815.714285714286,23056.5,29904.0,-0.12215757089352597,0,0,0,2.4000000000000585
6445,2026-02-05,토마토,대추방울토마토,22591.0,3.6,0.0,2,26716.0,25664.14285714286,22937.366666666665,26251.0,-0.13942326006628314,0,0,0,2.4000000000000585
6446,2026-02-06,토마토,대추방울토마토,23302.0,-6.0,0.0,2,28103.0,24990.571428571428,22884.833333333332,22591.0,0.03147271037138677,0,0,0,2.4000000000000585
6447,2026-02-07,토마토,대추방울토마토,21231.0,-8.1,0.0,2,28509.0,24846.571428571428,22825.033333333333,23302.0,-0.08887649128830144,0,0,0,2.4000000000000585
6448,2026-02-09,토마토,대추방울토마토,25307.0,-3.1,0.0,2,29437.0,24852.571428571428,22921.4,21231.0,0.19198342047006745,0,0,0,2.4000000000000585
6449,2026-02-10,토마토,대추방울토마토,24644.0,1.4,0.8,2,26226.0,24747.14285714286,22934.833333333332,25307.0,-0.02619828505946975,0,0,0,0.8000000000000587
6450,2026-02-11,토마토,대추방울토마토,21329.0,2.7,0.0,2,28443.0,23522.14285714286,22921.9,24644.0,-0.13451550073040086,0,0,0,0.8000000000000587
6451,2026-02-12,토마토,대추방울토마토,20952.0,2.8,0.0,2,26687.0,22765.14285714286,22949.7,21329.0,-0.017675465328894968,0,0,0,0.8000000000000587
6452,2026-02-13,토마토,대추방울토마토,22621.0,5.3,0.0,2,30460.0,22769.428571428572,23079.0,20952.0,0.0796582665139367,0,0,0,0.8000000000000587
6453,2026-02-14,토마토,대추방울토마토,21304.0,7.8,0.0,2,28604.0,22484.0,23040.366666666665,22621.0,-0.05822023783210295,0,0,0,0.8000000000000587
6454,2026-02-16,토마토,대추방울토마토,24160.0,2.4,0.0,2,25770.0,22902.428571428572,23064.4,21304.0,0.13405933158092376,0,0,0,0.8000000000000587
6455,2026-02-20,토마토,대추방울토마토,20882.0,6.3,0.0,2,27189.0,22270.285714285714,22963.666666666668,24160.0,-0.13567880794701992,0,0,0,0.8000000000000587
6456,2026-02-21,토마토,대추방울토마토,18760.0,10.7,0.0,2,28068.0,21429.714285714286,22911.133333333335,20882.0,-0.10161861890623503,0,0,0,0.0
6457,2026-02-23,토마토,대추방울토마토,18694.0,1.8,0.0,2,29965.0,21053.285714285714,22810.766666666666,18760.0,-0.0035181236673773597,0,0,0,0.0
6458,2026-02-24,토마토,대추방울토마토,17118.0,2.8,0.0,2,34822.0,20505.571428571428,22694.7,18694.0,-0.08430512463892159,0,0,0,0.0
6459,2026-02-25,토마토,대추방울토마토,17323.0,7.4,0.0,2,31980.0,19748.714285714286,22521.9,17118.0,0.011975698095571863,0,0,0,0.0
6460,2026-02-26,토마토,대추방울토마토,23493.0,8.3,0.0,2,29713.0,20061.428571428572,22608.2,17323.0,0.35617387288575886,0,0,0,0.0
6461,2026-02-27,토마토,대추방울토마토,19364.0,9.6,0.0,2,35217.0,19376.285714285714,22522.233333333334,23493.0,-0.17575448005788963,0,0,0,0.0
6462,2026-02-28,토마토,대추방울토마토,23888.0,9.3,0.0,2,32793.0,19805.714285714286,22633.133333333335,19364.0,0.23362941541003934,0,0,0,0.0
6463,2026-03-02,토마토,대추방울토마토,19614.0,4.9,12.2,3,34667.0,19927.714285714286,22577.2,23888.0,-0.1789182853315472,0,0,1,12.200000000000058
6464,2026-03-03,토마토,대추방울토마토,22144.0,5.9,1.3,3,33307.0,20420.571428571428,22666.333333333332,19614.0,0.12898949729784848,0,0,1,13.500000000000059
6465,2026-03-04,토마토,대추방울토마토,21591.0,6.0,0.0,3,34112.0,21059.571428571428,22684.966666666667,22144.0,-0.02497290462427748,0,0,1,13.500000000000059
6466,2026-03-05,토마토,대추방울토마토,23598.0,6.0,15.5,3,27497.0,21956.0,22731.2,21591.0,0.09295539808253439,0,0,1,29.000000000000057
6467,2026-03-06,토마토,대추방울토마토,20568.0,1.9,0.0,3,33772.0,21538.14285714286,22506.266666666666,23598.0,-0.12840071192473934,0,0,1,29.000000000000057
6468,2026-03-09,토마토,대추방울토마토,21097.0,4.5,0.0,3,33107.0,21785.714285714286,22421.1,20568.0,0.025719564371839754,0,0,1,29.000000000000057
6469,2026-03-10,토마토,대추방울토마토,26411.0,3.9,0.0,3,34021.0,22146.14285714286,22367.566666666666,21097.0,0.2518841541451391,0,0,1,29.000000000000057
6470,2026-03-11,토마토,대추방울토마토,20399.0,4.5,0.0,3,30390.0,22258.285714285714,22306.233333333334,26411.0,-0.2276324258831548,0,0,1,16.80000000000006
6471,2026-03-12,토마토,대추방울토마토,21266.0,7.1,0.0,3,33434.0,22132.85714285714,22172.933333333334,20399.0,0.04250208343546258,0,0,1,15.500000000000059
6472,2026-03-13,토마토,대추방울토마토,18703.0,7.6,0.0,3,27642.0,21720.285714285714,21950.3,21266.0,-0.12052101946769489,0,0,1,15.500000000000059
6473,2026-03-14,토마토,대추방울토마토,26524.0,8.1,0.0,3,28003.0,22138.285714285714,21837.633333333335,18703.0,0.4181682083088274,0,0,1,0.0
6474,2026-03-16,토마토,대추방울토마토,22638.0,7.4,0.0,3,30593.0,22434.0,21717.2,26524.0,-0.14650882219876338,0,0,1,0.0
6475,2026-03-17,토마토,대추방울토마토,26058.0,8.8,0.0,3,28945.0,23142.714285714286,21832.766666666666,22638.0,0.15107341637953886,0,0,1,0.0
6476,2026-03-18,토마토,대추방울토마토,23549.0,6.8,4.8,3,27320.0,22733.85714285714,21841.0,26058.0,-0.09628520991634049,0,0,1,4.800000000000058
6477,2026-03-19,토마토,대추방울토마토,21914.0,6.1,0.0,3,28195.0,22950.285714285714,21863.766666666666,23549.0,-0.0694296997749374,0,0,1,4.800000000000058
6478,2026-03-20,토마토,대추방울토마토,22261.0,7.5,0.0,3,25676.0,23092.428571428572,21762.233333333334,21914.0,0.015834626266313823,0,0,1,4.800000000000058
6479,2026-03-21,토마토,대추방울토마토,23296.0,8.4,0.0,3,24066.0,23748.571428571428,21717.3,22261.0,0.046493868199990906,0,0,1,4.800000000000058
6480,2026-03-23,토마토,대추방울토마토,22180.0,11.9,0.0,3,22472.0,23128.0,21745.666666666668,23296.0,-0.04790521978021978,0,0,1,4.800000000000058
6481,2026-03-24,토마토,대추방울토마토,27998.0,12.9,0.0,3,22472.0,23893.714285714286,21980.533333333333,22180.0,0.2623083859332733,0,0,1,4.800000000000058
6482,2026-03-25,토마토,대추방울토마토,23463.0,12.8,0.0,3,23868.0,23523.0,22008.6,27998.0,-0.1619758554182441,0,0,1,4.800000000000058
6483,2026-03-26,토마토,대추방울토마토,24980.0,12.1,0.0,3,21213.0,23727.428571428572,22131.133333333335,23463.0,0.06465498870562159,0,0,1,0.0
6484,2026-03-27,토마토,대추방울토마토,22822.0,11.4,0.0,3,18062.0,23857.14285714286,22086.533333333333,24980.0,-0.08638911128903126,0,0,1,0.0
6485,2026-03-28,토마토,대추방울토마토,33381.0,12.2,0.0,3,17064.0,25445.714285714286,22503.166666666668,22822.0,0.46266760143720975,0,0,1,0.0
6486,2026-03-30,토마토,대추방울토마토,26418.0,16.0,1.8,3,18266.0,25891.714285714286,22758.433333333334,33381.0,-0.20859171384919561,0,0,1,1.8000000000000587
6487,2026-03-31,토마토,대추방울토마토,30446.0,14.2,8.2,3,18182.0,27072.571428571428,23150.166666666668,26418.0,0.15247179953062306,0,0,1,10.000000000000059
6488,2026-04-01,토마토,대추방울토마토,23406.0,13.3,0.0,4,17426.0,26416.571428571428,23359.766666666666,30446.0,-0.23122906128883924,0,0,1,10.000000000000059
6489,2026-04-02,토마토,대추방울토마토,23519.0,11.6,0.0,4,19538.0,26424.571428571428,23566.3,23406.0,0.004827821926001841,0,0,1,10.000000000000059
6490,2026-04-03,토마토,대추방울토마토,21759.0,14.7,0.0,4,18412.0,25964.428571428572,23508.5,23519.0,-0.07483311365279133,0,0,1,10.000000000000059
6491,2026-04-06,토마토,대추방울토마토,23977.0,10.2,1.2,4,27944.0,26129.428571428572,23662.266666666666,21759.0,0.10193483156395056,0,0,1,11.200000000000058
6492,2026-04-07,토마토,대추방울토마토,28894.0,8.2,0.0,4,24754.0,25488.428571428572,23829.133333333335,23977.0,0.20507152687992658,0,0,1,11.200000000000058
6493,2026-04-08,토마토,대추방울토마토,24622.0,10.3,0.0,4,24597.0,25231.85714285714,23996.066666666666,28894.0,-0.14785076486467774,0,0,1,9.400000000000057
6494,2026-04-09,토마토,대추방울토마토,20804.0,10.6,18.9,4,23005.0,23854.428571428572,23951.4,24622.0,-0.15506457639509386,0,0,1,20.10000000000006
6495,2026-04-10,토마토,대추방울토마토,22041.0,10.3,5.1,4,29154.0,23659.428571428572,23966.4,20804.0,0.05945971928475302,0,0,1,25.20000000000006
6496,2026-04-11,토마토,대추방울토마토,20713.0,10.9,0.0,4,23690.0,23258.571428571428,23870.233333333334,22041.0,-0.060251349757270534,0,0,1,25.20000000000006
6497,2026-04-13,토마토,대추방울토마토,24799.0,18.7,0.0,4,23219.0,23692.85714285714,24011.266666666666,20713.0,0.19726741659827152,0,0,1,25.20000000000006
6498,2026-04-14,토마토,대추방울토마토,23253.0,20.7,0.0,4,21722.0,23589.428571428572,24083.133333333335,24799.0,-0.062341223436428894,0,0,1,24.000000000000057
6499,2026-04-15,토마토,대추방울토마토,24665.0,19.7,0.0,4,21398.0,22985.285714285714,24024.933333333334,23253.0,0.0607233475250506,0,0,1,24.000000000000057
6500,2026-04-16,토마토,대추방울토마토,20350.0,19.8,0.0,4,18959.0,22375.0,24023.3,24665.0,-0.17494425299006688,0,0,1,24.000000000000057
6501,2026-04-17,토마토,대추방울토마토,24573.0,17.4,0.0,4,18318.0,22913.428571428572,24133.533333333333,20350.0,0.20751842751842742,0,0,1,5.10000000000006
6502,2026-04-18,토마토,대추방울토마토,20646.0,19.2,0.0,4,17324.0,22714.14285714286,24198.3,24573.0,-0.15980954706385053,0,0,1,0.0
6503,2026-04-20,토마토,대추방울토마토,21018.0,13.4,0.8,4,25494.0,22757.714285714286,24014.766666666666,20646.0,0.018018018018018056,0,0,1,0.8000000000000604
6504,2026-04-21,토마토,대추방울토마토,19150.0,12.2,0.0,4,20507.0,21950.714285714286,23898.5,21018.0,-0.08887620135122276,0,0,1,0.8000000000000604
6505,2026-04-22,토마토,대추방울토마토,18552.0,14.2,0.0,4,18532.0,21279.14285714286,23648.3,19150.0,-0.031227154046997385,0,0,1,0.8000000000000604
6506,2026-04-23,토마토,대추방울토마토,18096.0,17.0,0.0,4,16902.0,20340.714285714286,23466.533333333333,18552.0,-0.02457956015523932,0,0,1,0.8000000000000604
6507,2026-04-24,토마토,대추방울토마토,18144.0,18.0,0.0,4,18064.0,20025.571428571428,23340.866666666665,18096.0,0.0026525198938991412,0,0,1,0.8000000000000604
6508,2026-04-25,토마토,대추방울토마토,15918.0,18.2,0.0,4,18048.0,18789.14285714286,23129.433333333334,18144.0,-0.12268518518518523,0,0,1,0.8000000000000604
6509,2026-04-27,토마토,대추방울토마토,18554.0,16.2,1.5,4,18613.0,18490.285714285714,22971.366666666665,15918.0,0.16559869330317878,0,0,1,2.30000000000006
6510,2026-04-28,토마토,대추방울토마토,19109.0,13.3,0.2,4,21434.0,18217.571428571428,22869.0,18554.0,0.029912687291150153,0,0,1,1.7000000000000604
6511,2026-04-29,토마토,대추방울토마토,18441.0,14.9,0.0,4,21747.0,18116.285714285714,22550.433333333334,19109.0,-0.034957349939818916,0,0,1,1.7000000000000604
6512,2026-04-30,토마토,대추방울토마토,18811.0,17.4,0.0,4,26805.0,18153.285714285714,22395.366666666665,18441.0,0.02006398785315322,0,0,1,1.7000000000000604
6513,2026-05-01,토마토,대추방울토마토,19374.0,17.8,0.0,5,28454.0,18335.85714285714,22208.5,18811.0,0.029929296688107954,0,0,0,1.7000000000000604
6514,2026-05-02,토마토,대추방울토마토,17072.0,17.3,1.4,5,26554.0,18182.714285714286,22016.833333333332,19374.0,-0.11881903582120368,0,0,0,3.10000000000006
6515,2026-05-04,토마토,대추방울토마토,19250.0,13.7,1.8,5,23544.0,18658.714285714286,21545.8,17072.0,0.12757731958762886,0,0,0,4.900000000000061
6516,2026-05-05,토마토,대추방울토마토,18419.0,14.5,0.0,5,25192.0,18639.428571428572,21279.166666666668,19250.0,-0.04316883116883119,0,0,0,3.4000000000000603
6517,2026-05-06,토마토,대추방울토마토,17453.0,16.9,0.0,5,25648.0,18402.85714285714,20846.066666666666,18419.0,-0.05244584396547047,0,0,0,3.20000000000006
6518,2026-05-07,토마토,대추방울토마토,17519.0,15.4,2.7,5,22440.0,18271.14285714286,20649.833333333332,17453.0,0.0037815848278233144,0,0,0,5.900000000000061
6519,2026-05-08,토마토,대추방울토마토,18181.0,15.2,0.0,5,27114.0,18181.14285714286,20471.9,17519.0,0.03778754495119574,0,0,0,5.900000000000061
6520,2026-05-09,토마토,대추방울토마토,19105.0,15.9,0.0,5,24045.0,18142.714285714286,20383.433333333334,18181.0,0.050822287002915134,0,0,0,5.900000000000061
6521,2026-05-11,토마토,대추방울토마토,20680.0,16.8,0.9,5,28479.0,18658.14285714286,20273.533333333333,19105.0,0.08243915205443608,0,0,0,5.400000000000061
6522,2026-05-12,토마토,대추방울토마토,21729.0,19.1,18.1,5,30190.0,19012.285714285714,20034.7,20680.0,0.05072533849129601,0,0,0,21.700000000000063
6523,2026-05-13,토마토,대추방울토마토,19487.0,19.7,0.0,5,25546.0,19164.85714285714,19863.533333333333,21729.0,-0.10318008191817385,0,0,0,21.700000000000063
6524,2026-05-14,토마토,대추방울토마토,21162.0,23.5,0.0,5,25080.0,19694.714285714286,19875.466666666667,19487.0,0.08595473905680717,0,0,0,21.700000000000063
6525,2026-05-15,토마토,대추방울토마토,21577.0,24.2,0.0,5,26097.0,20274.428571428572,19860.0,21162.0,0.019610622814478784,0,0,0,19.000000000000064
6526,2026-05-16,토마토,대추방울토마토,19179.0,23.1,0.0,5,23175.0,20417.0,19808.866666666665,21577.0,-0.11113685869212586,0,0,0,19.000000000000064
6527,2026-05-18,토마토,대추방울토마토,18756.0,23.0,0.0,5,24790.0,20367.14285714286,19607.433333333334,19179.0,-0.022055373064289063,0,0,0,19.000000000000064
6528,2026-05-19,토마토,대추방울토마토,19772.0,22.1,0.0,5,25485.0,20237.428571428572,19491.4,18756.0,0.054169332480273,0,0,0,18.100000000000062
6529,2026-05-20,토마토,대추방울토마토,17072.0,16.9,63.1,5,26153.0,19572.14285714286,19238.3,19772.0,-0.136556746914829,0,0,0,63.100000000000065
6530,2026-05-21,토마토,대추방울토마토,18712.0,17.0,14.0,5,23370.0,19461.428571428572,19183.7,17072.0,0.09606373008434854,0,0,0,77.10000000000005
6531,2026-05-22,토마토,대추방울토마토,17504.0,20.6,0.0,5,22589.0,18938.85714285714,18948.066666666666,18712.0,-0.06455750320649856,0,0,0,77.10000000000005
6532,2026-05-23,토마토,대추방울토마토,18270.0,19.2,0.0,5,24652.0,18466.428571428572,18868.866666666665,17504.0,0.04376142595978072,0,0,0,77.10000000000005
6533,2026-05-25,토마토,대추방울토마토,16532.0,24.4,0.0,5,26432.0,18088.285714285714,18719.333333333332,18270.0,-0.09512862616310891,0,0,0,77.10000000000005
6534,2026-05-26,토마토,대추방울토마토,16009.0,24.9,0.6,5,26676.0,17695.85714285714,18614.633333333335,16532.0,-0.03163561577546581,0,0,0,77.70000000000006
6535,2026-05-27,토마토,대추방울토마토,16735.0,22.3,2.5,5,29013.0,17262.0,18554.066666666666,16009.0,0.04534949091136231,0,0,0,80.20000000000006
11776,2026-05-28,토마토,대추방울토마토,16745.0,20.9,3.5,5,29703.0,17215.285714285714,18509.033333333333,16735.0,0.0005975500448163196,0,0,0,20.60000000000006
11777,2026-05-29,토마토,대추방울토마토,16724.0,21.5,0.0,5,27172.0,16931.285714285714,18461.7,16745.0,-0.001254105703194952,0,0,0,6.6000000000000565
