id,날짜,작물분류,품목명,평균가,평균기온,강수량,월,전년도가격,7일평균가,30일평균가,전일가격,가격변화율,7일내_폭염발생,환절기여부,봄_환절기여부,7일누적강수량
4091,2022-06-11,딸기,딸기(일반),31400.0,24.6,0.0,6,38368.0,30598.285714285714,29964.666666666668,35952.0,-0.12661326212728086,0,0,0,8.1
4092,2022-06-13,딸기,딸기(일반),23000.0,23.6,18.0,6,33747.0,29092.285714285714,29522.766666666666,31400.0,-0.26751592356687903,0,0,0,26.1
4093,2022-06-14,딸기,딸기(일반),15250.0,21.5,0.0,6,39811.0,26993.571428571428,28966.4,23000.0,-0.3369565217391305,0,0,0,21.8
4094,2022-06-15,딸기,딸기(일반),15250.0,17.5,18.5,6,37443.0,24875.428571428572,28402.766666666666,15250.0,0.0,0,0,0,40.3
4095,2022-06-16,딸기,딸기(일반),15250.0,20.3,0.7,6,34756.0,22728.85714285714,27823.7,15250.0,0.0,0,0,0,41.0
4096,2022-06-17,딸기,딸기(일반),15250.0,22.5,0.0,6,35006.0,21621.714285714286,27261.866666666665,15250.0,0.0,0,0,0,38.4
4097,2022-06-18,딸기,딸기(일반),15250.0,23.3,0.0,6,37013.0,18664.285714285714,26782.933333333334,15250.0,0.0,0,0,0,37.2
4098,2022-06-20,딸기,딸기(일반),15250.0,25.2,0.0,6,38757.0,16357.142857142857,26324.5,15250.0,0.0,0,0,0,37.2
4099,2022-06-21,딸기,딸기(일반),15250.0,26.5,0.0,6,48655.0,15250.0,25793.3,15250.0,0.0,0,0,0,19.2
4100,2022-10-21,딸기,딸기(일반),50000.0,14.0,0.0,10,46021.0,20214.285714285714,26397.2,15250.0,2.278688524590164,0,1,0,19.2
4101,2022-10-22,딸기,딸기(일반),100000.0,15.1,0.0,10,48484.0,32321.428571428572,28551.4,50000.0,1.0,0,1,0,0.7
4102,2022-10-24,딸기,딸기(일반),97600.0,10.6,0.0,10,47454.0,44085.71428571428,30737.466666666667,100000.0,-0.02400000000000002,0,1,0,0.0
4103,2022-10-25,딸기,딸기(일반),100000.0,11.3,0.0,10,40814.0,56192.857142857145,32969.933333333334,97600.0,0.024590163934426146,0,1,0,0.0
4104,2022-10-26,딸기,딸기(일반),83000.0,12.9,0.0,10,34290.0,65871.42857142857,34857.4,100000.0,-0.17000000000000004,0,1,0,0.0
4105,2022-10-27,딸기,딸기(일반),80000.0,13.2,0.0,10,37627.0,75121.42857142857,36684.2,83000.0,-0.03614457831325302,0,1,0,0.0
4106,2022-10-28,딸기,딸기(일반),100000.0,13.6,0.0,10,32134.0,87228.57142857143,39160.5,80000.0,0.25,0,1,0,0.0
4107,2022-10-29,딸기,딸기(일반),89333.0,14.8,0.0,10,35574.0,92847.57142857143,41267.6,100000.0,-0.10667000000000004,0,1,0,0.0
4108,2022-10-31,딸기,딸기(일반),100000.0,14.9,0.0,10,35723.0,92847.57142857143,43644.933333333334,89333.0,0.11940716196702228,0,1,0,0.0
4109,2022-11-01,딸기,딸기(일반),77656.0,13.1,0.0,11,37473.0,89998.42857142857,45277.9,100000.0,-0.22343999999999997,0,0,0,0.0
4110,2022-11-02,딸기,딸기(일반),93214.0,11.1,0.0,11,35783.0,89029.0,47438.03333333333,77656.0,0.2003451117750077,0,0,0,0.0
4111,2022-11-03,딸기,딸기(일반),110690.0,9.3,0.0,11,40353.0,92984.71428571429,50198.23333333333,93214.0,0.187482566996374,0,0,0,0.0
4112,2022-11-04,딸기,딸기(일반),126944.0,4.9,0.0,11,38251.0,99691.0,53481.7,110690.0,0.14684253320083118,0,0,0,0.0
4113,2022-11-05,딸기,딸기(일반),104489.0,6.5,0.0,11,37964.0,100332.28571428571,56137.13333333333,126944.0,-0.17688902193093015,0,0,0,0.0
4114,2022-11-07,딸기,딸기(일반),77019.0,11.4,0.0,11,40691.0,98573.14285714286,57796.1,104489.0,-0.2628984869220683,0,0,0,0.0
4115,2022-11-08,딸기,딸기(일반),68500.0,12.9,0.0,11,41719.0,94073.14285714286,58961.36666666667,77019.0,-0.11060907048910007,0,0,0,0.0
4116,2022-11-09,딸기,딸기(일반),69769.0,11.4,0.0,11,40630.0,92946.42857142857,60288.96666666667,68500.0,0.018525547445255475,0,0,0,0.0
4117,2022-11-10,딸기,딸기(일반),74228.0,13.5,0.0,11,41716.0,90234.14285714286,61760.666666666664,69769.0,0.06391090598976623,0,0,0,0.0
4118,2022-11-11,딸기,딸기(일반),76466.0,15.6,0.0,11,41775.0,85345.0,63300.333333333336,74228.0,0.030150347577733383,0,0,0,0.0
4119,2022-11-12,딸기,딸기(일반),76801.0,16.3,57.9,11,44537.0,78181.71428571429,65093.7,76466.0,0.004381032092694692,0,0,0,57.9
4120,2022-11-14,딸기,딸기(일반),53002.0,9.7,0.0,11,41129.0,70826.42857142857,65662.03333333334,76801.0,-0.3098787776200831,0,0,0,57.9
4121,2022-11-15,딸기,딸기(일반),46729.0,8.1,1.6,11,42065.0,66499.28571428571,66173.0,53002.0,-0.1183540243764386,0,0,0,59.5
4122,2022-11-16,딸기,딸기(일반),52223.0,8.5,0.0,11,42396.0,64174.0,67147.1,46729.0,0.11757152945708227,0,0,0,59.5
4123,2022-11-17,딸기,딸기(일반),52198.0,10.2,0.0,11,42933.0,61663.857142857145,68378.7,52223.0,-0.0004787162744385176,0,0,0,59.5
4124,2022-11-18,딸기,딸기(일반),56542.0,11.0,0.0,11,42370.0,59137.28571428572,69755.1,52198.0,0.08322157937085706,0,0,0,59.5
4125,2022-11-19,딸기,딸기(일반),64532.0,12.9,0.0,11,34361.0,57432.42857142857,71397.83333333333,56542.0,0.1413108839446784,0,0,0,59.5
4126,2022-11-21,딸기,딸기(일반),48189.0,11.8,0.0,11,28555.0,53345.0,72495.8,64532.0,-0.2532541994669312,0,0,0,1.6
4127,2022-11-22,딸기,딸기(일반),44716.0,10.7,0.0,11,27502.0,52161.28571428572,73478.0,48189.0,-0.07207038950797895,0,0,0,1.6
4128,2022-11-23,딸기,딸기(일반),45040.0,10.8,0.0,11,31299.0,51920.0,74471.0,44716.0,0.007245728598264556,0,0,0,0.0
4129,2022-11-24,딸기,딸기(일반),49026.0,9.4,0.0,11,34033.0,51463.28571428572,75596.86666666667,45040.0,0.08849911190053295,0,0,0,0.0
4130,2022-11-25,딸기,딸기(일반),49637.0,12.3,1.7,11,36449.0,51097.42857142857,75584.76666666666,49026.0,0.012462774854159031,0,0,0,1.7
4131,2022-11-26,딸기,딸기(일반),41398.0,6.7,0.0,11,32827.0,48934.0,73631.36666666667,49637.0,-0.16598505147369902,0,0,0,1.7
4132,2022-11-28,딸기,딸기(일반),41207.0,12.3,19.5,11,30656.0,45601.857142857145,71751.6,41398.0,-0.004613749456495508,0,0,0,21.2
4133,2022-11-29,딸기,딸기(일반),39275.0,6.9,3.8,11,30808.0,44328.42857142857,69727.43333333333,41207.0,-0.04688523794500932,0,0,0,25.0
4134,2022-11-30,딸기,딸기(일반),43872.0,-5.4,0.0,11,32373.0,44207.857142857145,68423.16666666667,39275.0,0.11704646721833223,0,0,0,25.0
4135,2022-12-01,딸기,딸기(일반),42215.0,-5.4,0.0,12,34629.0,43804.28571428572,67163.66666666667,43872.0,-0.03776896425966447,0,0,0,25.0
4136,2022-12-02,딸기,딸기(일반),42336.0,-2.5,0.0,12,42268.0,42848.57142857143,65241.53333333333,42215.0,0.0028662797583798305,0,0,0,25.0
4137,2022-12-03,딸기,딸기(일반),43689.0,2.1,1.1,12,39937.0,41998.857142857145,63720.066666666666,42336.0,0.03195861678004541,0,0,0,24.4
4138,2022-12-05,딸기,딸기(일반),41934.0,-3.1,0.0,12,36709.0,42075.42857142857,61784.53333333333,43689.0,-0.04017029458216026,0,0,0,24.4
4139,2022-12-06,딸기,딸기(일반),39894.0,0.9,0.1,12,38371.0,41887.857142857145,60525.8,41934.0,-0.04864787523250824,0,0,0,5.0
4140,2022-12-07,딸기,딸기(일반),41825.0,4.9,0.1,12,40896.0,42252.142857142855,58812.833333333336,39894.0,0.04840326866195421,0,0,0,1.3
4141,2022-12-08,딸기,딸기(일반),41912.0,3.7,0.0,12,41327.0,41972.142857142855,56520.23333333333,41825.0,0.0020800956365809586,0,0,0,1.3
4142,2022-12-09,딸기,딸기(일반),45537.0,4.5,0.0,12,37934.0,42446.71428571428,53806.666666666664,41912.0,0.08649074250811228,0,0,0,1.3
4143,2022-12-10,딸기,딸기(일반),45460.0,2.6,0.0,12,39414.0,42893.0,51839.03333333333,45537.0,-0.0016909326481762132,0,0,0,1.3
4144,2022-12-12,딸기,딸기(일반),44367.0,2.0,5.4,12,31242.0,42989.857142857145,50750.63333333333,45460.0,-0.0240431148262209,0,0,0,5.6000000000000005
4145,2022-12-13,딸기,딸기(일반),41348.0,0.0,0.6,12,29732.0,42906.142857142855,49845.566666666666,44367.0,-0.06804607027745846,0,0,0,6.2
4146,2022-12-14,딸기,딸기(일반),40092.0,-8.4,0.0,12,30152.0,42934.42857142857,48856.333333333336,41348.0,-0.030376318080681086,0,0,0,6.1000000000000005
4147,2022-12-15,딸기,딸기(일반),43262.0,-4.5,2.4,12,30820.0,43139.71428571428,47824.13333333333,40092.0,0.07906814327047784,0,0,0,8.4
4148,2022-12-16,딸기,딸기(일반),44839.0,-6.3,0.0,12,31838.0,43557.857142857145,46769.9,43262.0,0.03645231380888547,0,0,0,8.4
4149,2022-12-17,딸기,딸기(일반),41777.0,-7.0,0.2,12,31328.0,43020.71428571428,45602.433333333334,44839.0,-0.06828876647561277,0,0,0,8.6
4150,2022-12-19,딸기,딸기(일반),43672.0,-7.0,0.0,12,31078.0,42765.28571428572,45291.433333333334,41777.0,0.04535988701917315,0,0,0,8.6
4151,2022-12-20,딸기,딸기(일반),41543.0,-3.2,0.0,12,30542.0,42361.857142857145,45118.566666666666,43672.0,-0.0487497710203334,0,0,0,3.2
4152,2022-12-21,딸기,딸기(일반),45035.0,-0.1,3.6,12,28711.0,42888.57142857143,44878.96666666667,41543.0,0.08405748260838175,0,0,0,6.2
4153,2022-12-22,딸기,딸기(일반),49847.0,-7.8,0.0,12,28694.0,44282.142857142855,44800.6,45035.0,0.10685022760075502,0,0,0,6.2
4154,2022-12-23,딸기,딸기(일반),49201.0,-11.8,0.0,12,31188.0,45130.57142857143,44555.9,49847.0,-0.012959656549040077,0,0,0,3.8000000000000003
4155,2022-12-24,딸기,딸기(일반),48855.0,-8.4,0.0,12,30342.0,45704.28571428572,44033.333333333336,49201.0,-0.007032377390703393,0,0,0,3.8000000000000003
4156,2022-12-26,딸기,딸기(일반),51246.0,-3.9,0.0,12,30412.0,47057.0,44135.23333333333,48855.0,0.048940743015044585,0,0,0,3.6
4157,2022-12-27,딸기,딸기(일반),49419.0,-2.6,0.0,12,30042.0,47878.0,44292.0,51246.0,-0.03565156304882333,0,0,0,3.6
4158,2022-12-28,딸기,딸기(일반),48503.0,-3.3,0.1,12,30478.0,48872.28571428572,44407.433333333334,49419.0,-0.018535381128715667,0,0,0,3.7
4159,2022-12-29,딸기,딸기(일반),47581.0,-2.9,0.0,12,31722.0,49236.0,44359.26666666667,48503.0,-0.019009133455662575,0,0,0,0.1
4160,2022-12-30,딸기,딸기(일반),52238.0,-1.8,0.0,12,33569.0,49577.57142857143,44445.96666666667,47581.0,0.09787520228662694,0,0,0,0.1
4161,2022-12-31,딸기,딸기(일반),46907.0,-1.2,0.0,12,34786.0,49249.857142857145,44629.6,52238.0,-0.10205214594739465,0,0,0,0.1
4162,2023-01-03,딸기,딸기(일반),46532.0,-5.0,0.0,1,29448.0,48918.0,44807.1,46907.0,-0.0079945423923935,0,0,0,0.1
4163,2023-01-04,딸기,딸기(일반),42116.0,-1.8,0.0,1,28342.0,47613.71428571428,44901.8,46532.0,-0.0949024327344623,0,0,0,0.1
4164,2023-01-05,딸기,딸기(일반),40157.0,-1.6,0.0,1,27820.0,46290.57142857143,44777.96666666667,42116.0,-0.04651438883084813,0,0,0,0.1
4165,2023-01-06,딸기,딸기(일반),46724.0,0.6,3.9,1,28814.0,46036.42857142857,44928.26666666667,40157.0,0.1635331324551137,0,0,0,3.9
4166,2023-01-07,딸기,딸기(일반),44646.0,1.5,0.1,1,30709.0,45617.142857142855,45005.26666666667,46724.0,-0.044473932026367624,0,0,0,4.0
4167,2023-01-09,딸기,딸기(일반),45459.0,3.1,0.0,1,28835.0,44648.71428571428,45064.26666666667,44646.0,0.018209918021771188,0,0,0,4.0
4168,2023-01-10,딸기,딸기(일반),41925.0,1.6,0.0,1,28081.0,43937.0,45063.96666666667,45459.0,-0.07774038144261863,0,0,0,4.0
4169,2023-01-11,딸기,딸기(일반),44253.0,2.6,0.0,1,28784.0,43611.42857142857,45209.26666666667,41925.0,0.0555277280858677,0,0,0,4.0
4170,2023-01-12,딸기,딸기(일반),41418.0,5.9,0.0,1,30876.0,43511.71428571428,45195.7,44253.0,-0.06406345332519825,0,0,0,4.0
4171,2023-01-13,딸기,딸기(일반),47999.0,8.3,37.3,1,34065.0,44632.0,45398.6,41418.0,0.15889226906176068,0,0,0,41.3
4172,2023-01-14,딸기,딸기(일반),42061.0,6.6,1.6,1,40993.0,43965.857142857145,45282.73333333333,47999.0,-0.12371091064397177,0,0,0,39.0
4173,2023-01-16,딸기,딸기(일반),46232.0,-4.6,0.0,1,37482.0,44192.42857142857,45308.46666666667,42061.0,0.09916549772948802,0,0,0,38.9
4174,2023-01-17,딸기,딸기(일반),40928.0,-3.7,0.0,1,33347.0,43545.142857142855,45193.833333333336,46232.0,-0.11472573109534523,0,0,0,38.9
4175,2023-01-18,딸기,딸기(일반),44392.0,-1.9,0.0,1,31347.0,43897.57142857143,45295.3,40928.0,0.0846364347146209,0,0,0,38.9
4176,2023-01-19,딸기,딸기(일반),47334.0,-0.4,1.0,1,35672.0,44337.71428571428,45536.7,44392.0,0.06627320237880707,0,0,0,39.9
4177,2023-01-20,딸기,딸기(일반),57860.0,-3.3,0.0,1,40188.0,46686.57142857143,46023.3,47334.0,0.22237714961761101,0,0,0,39.9
4178,2023-01-21,딸기,딸기(일반),55601.0,-4.5,0.0,1,42786.0,47772.57142857143,46382.03333333333,57860.0,-0.0390425164189423,0,0,0,2.6
4179,2023-01-25,딸기,딸기(일반),49179.0,-11.3,0.0,1,33357.0,48789.42857142857,46628.76666666667,55601.0,-0.11550151975683887,0,0,0,1.0
4180,2023-01-26,딸기,딸기(일반),35970.0,-6.0,0.8,1,32208.0,47323.42857142857,46372.03333333333,49179.0,-0.2685902519368023,0,0,0,1.8
4181,2023-01-27,딸기,딸기(일반),47922.0,-7.3,0.0,1,33833.0,48322.57142857143,46584.666666666664,35970.0,0.33227689741451205,0,0,0,1.8
4182,2023-01-28,딸기,딸기(일반),61433.0,-6.0,0.0,1,34630.0,50757.0,47131.26666666667,47922.0,0.2819373148032218,0,0,0,1.8
4183,2023-01-30,딸기,딸기(일반),55246.0,-0.9,0.0,1,34252.0,51887.28571428572,47311.23333333333,61433.0,-0.10071134406589288,0,0,0,0.8
4184,2023-01-31,딸기,딸기(일반),46753.0,2.4,0.0,1,39547.0,50300.57142857143,47229.63333333333,55246.0,-0.15373058682981577,0,0,0,0.8
4185,2023-02-01,딸기,딸기(일반),56664.0,0.9,0.0,2,31708.0,50452.42857142857,47489.933333333334,46753.0,0.21198639659487095,0,0,0,0.8
4186,2023-02-02,딸기,딸기(일반),40524.0,-2.4,0.0,2,28122.0,49216.0,47132.53333333333,56664.0,-0.2848369335027531,0,0,0,0.8
4187,2023-02-03,딸기,딸기(일반),46575.0,-1.6,0.0,2,31767.0,50731.0,47037.73333333333,40524.0,0.14931892212022513,0,0,0,0.0
4188,2023-02-04,딸기,딸기(일반),42379.0,-0.2,0.0,2,35626.0,49939.142857142855,46833.6,46575.0,-0.0900912506709608,0,0,0,0.0
4189,2023-02-06,딸기,딸기(일반),43251.0,3.0,0.0,2,41821.0,47341.71428571428,46689.26666666667,42379.0,0.02057622879256238,0,0,0,0.0
4190,2023-02-07,딸기,딸기(일반),33036.0,3.5,0.0,2,52884.0,44168.857142857145,46049.2,43251.0,-0.2361795103003399,0,0,0,0.0
4191,2023-02-08,딸기,딸기(일반),41484.0,2.1,0.0,2,45435.0,43416.142857142855,45868.433333333334,33036.0,0.25572103160188875,0,0,0,0.0
4192,2023-02-09,딸기,딸기(일반),35697.0,4.0,0.0,2,42078.0,40420.857142857145,45507.26666666667,41484.0,-0.1394995660977726,0,0,0,0.0
4193,2023-02-10,딸기,딸기(일반),42012.0,3.8,0.6,2,39556.0,40633.42857142857,45503.8,35697.0,0.17690562232120355,0,0,0,0.6
4194,2023-02-11,딸기,딸기(일반),45506.0,2.8,0.0,2,44409.0,40480.71428571428,45682.1,42012.0,0.08316671427211264,0,0,0,0.6
4195,2023-02-13,딸기,딸기(일반),41797.0,5.9,0.0,2,46077.0,40397.57142857143,45517.86666666667,45506.0,-0.08150573550740559,0,0,0,0.6
4196,2023-02-14,딸기,딸기(일반),37935.0,1.7,0.0,2,40895.0,39638.142857142855,45294.166666666664,41797.0,-0.09239897600306246,0,0,0,0.6
4197,2023-02-15,딸기,딸기(일반),46420.0,3.2,0.0,2,33518.0,41550.142857142855,45326.2,37935.0,0.22367207064715955,0,0,0,0.6
4198,2023-02-16,딸기,딸기(일반),45597.0,2.3,0.0,2,29634.0,42137.71428571428,45448.6,46420.0,-0.01772942697113311,0,0,0,0.6
4199,2023-02-17,딸기,딸기(일반),45276.0,3.4,0.0,2,27486.0,43506.142857142855,45482.7,45597.0,-0.0070399368379499005,0,0,0,0.6
4200,2023-02-18,딸기,딸기(일반),46633.0,5.7,0.0,2,28168.0,44166.28571428572,45656.53333333333,45276.0,0.02997172895132083,0,0,0,0.0
4201,2023-02-20,딸기,딸기(일반),46128.0,-0.5,0.0,2,27176.0,44255.142857142855,45594.166666666664,46633.0,-0.010829241095361652,0,0,0,0.0
4202,2023-02-21,딸기,딸기(일반),44986.0,-1.3,0.0,2,26002.0,44710.71428571428,45691.666666666664,46128.0,-0.024757197363857064,0,0,0,0.0
4203,2023-02-22,딸기,딸기(일반),42460.0,1.2,0.0,2,27236.0,45357.142857142855,45565.933333333334,44986.0,-0.05615080247188009,0,0,0,0.0
4204,2023-02-23,딸기,딸기(일반),42886.0,2.9,0.0,2,22424.0,44852.28571428572,45631.2,42460.0,0.010032972209137903,0,0,0,0.0
4205,2023-02-24,딸기,딸기(일반),44499.0,3.5,0.0,2,24663.0,44695.42857142857,45634.76666666667,42886.0,0.03761134169659086,0,0,0,0.0
4206,2023-02-25,딸기,딸기(일반),43596.0,0.7,0.0,2,25364.0,44455.42857142857,45510.166666666664,44499.0,-0.020292590844738112,0,0,0,0.0
4207,2023-02-27,딸기,딸기(일반),42056.0,4.4,0.0,2,25304.0,43801.57142857143,44983.36666666667,43596.0,-0.03532434168272314,0,0,0,0.0
4208,2023-02-28,딸기,딸기(일반),40270.0,4.3,0.0,2,25216.0,42964.71428571428,44472.333333333336,42056.0,-0.04246718660833171,0,0,0,0.0
4209,2023-03-01,딸기,딸기(일반),39647.0,6.0,0.0,3,23222.0,42202.0,44154.6,40270.0,-0.015470573628010964,0,0,1,0.0
4210,2023-03-02,딸기,딸기(일반),40410.0,2.2,0.0,3,24326.0,41909.142857142855,44302.6,39647.0,0.019244835674830485,0,0,1,0.0
4211,2023-03-03,딸기,딸기(일반),43854.0,4.6,0.0,3,22815.0,42047.42857142857,44167.0,40410.0,0.08522642910170752,0,0,1,0.0
4212,2023-03-04,딸기,딸기(일반),41238.0,7.7,0.0,3,23226.0,41581.57142857143,43493.833333333336,43854.0,-0.05965248323984129,0,0,1,0.0
4213,2023-03-06,딸기,딸기(일반),36844.0,9.2,0.0,3,22703.0,40617.0,42880.433333333334,41238.0,-0.10655220912750374,0,0,1,0.0
4214,2023-03-07,딸기,딸기(일반),36711.0,11.7,0.0,3,23758.0,39853.42857142857,42545.7,36844.0,-0.0036098143524047055,0,0,1,0.0
4215,2023-03-08,딸기,딸기(일반),33284.0,12.5,1.2,3,22463.0,38855.42857142857,41766.36666666667,36711.0,-0.09335076680014165,0,0,1,1.2
4216,2023-03-09,딸기,딸기(일반),34303.0,10.3,3.7,3,23053.0,38092.0,41559.0,33284.0,0.030615310659776407,0,0,1,4.9
4217,2023-03-10,딸기,딸기(일반),35232.0,13.5,0.0,3,21929.0,37352.28571428572,41180.9,34303.0,0.027082179401218598,0,0,1,4.9
4218,2023-03-11,딸기,딸기(일반),37500.0,15.2,0.0,3,22585.0,36444.57142857143,41018.26666666667,35232.0,0.06437329700272487,0,0,1,4.9
4219,2023-03-13,딸기,딸기(일반),35111.0,2.9,0.0,3,21727.0,35569.28571428572,40746.933333333334,37500.0,-0.06370666666666669,0,0,1,4.9
4220,2023-03-14,딸기,딸기(일반),33619.0,9.2,0.0,3,24101.0,35108.57142857143,40766.36666666667,35111.0,-0.04249380536014358,0,0,1,4.9
4221,2023-03-15,딸기,딸기(일반),35480.0,8.6,0.0,3,20602.0,34932.71428571428,40566.23333333333,33619.0,0.055355602486689026,0,0,1,4.9
4222,2023-03-16,딸기,딸기(일반),36499.0,4.6,0.0,3,21593.0,35392.0,40592.96666666667,35480.0,0.02872040586245772,0,0,1,3.7
4223,2023-03-17,딸기,딸기(일반),39405.0,7.2,0.0,3,23476.0,36120.857142857145,40506.066666666666,36499.0,0.07961861968821071,0,0,1,0.0
4224,2023-03-18,딸기,딸기(일반),39038.0,7.7,0.0,3,20462.0,36664.57142857143,40290.46666666667,39405.0,-0.009313538891003725,0,0,1,0.0
4225,2023-03-20,딸기,딸기(일반),34867.0,9.5,0.0,3,26000.0,36288.42857142857,40059.46666666667,39038.0,-0.1068446129412367,0,0,1,0.0
4226,2023-03-21,딸기,딸기(일반),35379.0,13.0,0.0,3,24912.0,36326.71428571428,39974.26666666667,34867.0,0.014684372042332194,0,0,1,0.0
4227,2023-03-22,딸기,딸기(일반),32662.0,17.0,0.0,3,25000.0,36190.0,39515.666666666664,35379.0,-0.07679696995392749,0,0,1,0.0
4228,2023-03-23,딸기,딸기(일반),31904.0,17.4,0.0,3,23000.0,35679.142857142855,39059.23333333333,32662.0,-0.02320739697507812,0,0,1,0.0
4229,2023-03-24,딸기,딸기(일반),33881.0,12.5,0.0,3,23000.0,35305.142857142855,38679.4,31904.0,0.061967151454363156,0,0,1,0.0
4230,2023-03-25,딸기,딸기(일반),36316.0,12.5,0.0,3,23000.0,34863.857142857145,38335.5,33881.0,0.07186918922109742,0,0,1,0.0
4231,2023-03-27,딸기,딸기(일반),33583.0,7.3,0.0,3,23000.0,34084.57142857143,37917.333333333336,36316.0,-0.07525608547196827,0,0,1,0.0
4232,2023-03-28,딸기,딸기(일반),33525.0,9.2,0.0,3,24000.0,33892.857142857145,37535.3,33583.0,-0.0017270642884792409,0,0,1,0.0
4233,2023-03-29,딸기,딸기(일반),31311.0,11.8,0.0,3,24000.0,33311.71428571428,37163.666666666664,33525.0,-0.06604026845637578,0,0,1,0.0
4234,2023-03-30,딸기,딸기(일반),31167.0,13.3,0.0,3,24000.0,33098.142857142855,36773.03333333333,31311.0,-0.004599022707674649,0,0,1,0.0
4235,2023-03-31,딸기,딸기(일반),34265.0,15.0,0.0,3,24000.0,33435.42857142857,36431.9,31167.0,0.09940000641704372,0,0,1,0.0
4236,2023-04-01,딸기,딸기(일반),38835.0,17.5,0.0,4,24000.0,34143.142857142855,36273.2,34265.0,0.1333722457317963,0,0,1,0.0
4237,2023-04-03,딸기,딸기(일반),32957.0,19.0,0.0,4,24000.0,33663.28571428572,35969.9,38835.0,-0.15135831080211148,0,0,1,0.0
4238,2023-04-04,딸기,딸기(일반),30764.0,17.6,6.9,4,24000.0,33260.57142857143,35653.03333333333,32957.0,-0.06654125072063599,0,0,1,6.9
4239,2023-04-05,딸기,딸기(일반),28517.0,11.9,50.3,4,24000.0,32545.14285714286,35282.03333333333,30764.0,-0.07303991678585364,0,0,1,57.199999999999996
4240,2023-04-06,딸기,딸기(일반),29346.0,8.8,2.7,4,24000.0,32264.428571428572,34913.23333333333,28517.0,0.0290703790721325,0,0,1,59.9
4241,2023-04-07,딸기,딸기(일반),33229.0,8.9,0.0,4,24000.0,32559.0,34559.066666666666,29346.0,0.13231786274108903,0,0,1,59.9
4242,2023-04-08,딸기,딸기(일반),38097.0,8.8,0.0,4,24000.0,33106.42857142857,34454.36666666667,33229.0,0.14649854043155086,0,0,1,59.9
4243,2023-04-10,딸기,딸기(일반),33184.0,13.2,0.0,4,24000.0,32299.14285714286,34332.36666666667,38097.0,-0.12896028558679162,0,0,1,59.9
4244,2023-04-11,딸기,딸기(일반),32342.0,13.1,2.9,4,24000.0,32211.285714285714,34186.73333333333,33184.0,-0.025373674059787854,0,0,1,62.8
4245,2023-04-12,딸기,딸기(일반),32855.0,10.1,0.0,4,30000.0,32510.0,34172.433333333334,32342.0,0.01586172778430517,0,0,1,55.9
4246,2023-04-13,딸기,딸기(일반),34810.0,11.9,0.0,4,30000.0,33409.0,34189.333333333336,32855.0,0.059503880687870936,0,0,1,5.6
4247,2023-04-14,딸기,딸기(일반),36023.0,16.2,0.0,4,30000.0,34362.857142857145,34215.7,34810.0,0.03484630853203097,0,0,1,2.9
4248,2023-04-15,딸기,딸기(일반),39984.0,13.5,4.6,4,40000.0,35327.857142857145,34298.5,36023.0,0.10995752713544116,0,0,1,7.5
4249,2023-04-17,딸기,딸기(일반),32430.0,13.1,0.0,4,40000.0,34518.28571428572,34209.13333333333,39984.0,-0.1889255702280912,0,0,1,7.5
4250,2023-04-18,딸기,딸기(일반),32458.0,14.0,1.5,4,30000.0,34414.57142857143,34170.433333333334,32430.0,0.0008633980881900261,0,0,1,9.0
4251,2023-04-19,딸기,딸기(일반),31787.0,19.1,0.0,4,31429.0,34335.28571428572,34047.333333333336,32458.0,-0.020672869554501205,0,0,1,6.1
4252,2023-04-20,딸기,딸기(일반),31358.0,15.8,0.5,4,30000.0,34121.42857142857,33875.96666666667,31787.0,-0.013496083304495587,0,0,1,6.6
4253,2023-04-21,딸기,딸기(일반),31424.0,16.7,0.0,4,45000.0,33637.71428571428,33609.933333333334,31358.0,0.002104726066713525,0,0,1,6.6
4254,2023-04-22,딸기,딸기(일반),31882.0,16.9,0.0,4,53000.0,33046.142857142855,33371.4,31424.0,0.01457484725050917,0,0,1,6.6
4255,2023-04-24,딸기,딸기(일반),31505.0,15.8,0.0,4,53333.0,31834.85714285714,33259.333333333336,31882.0,-0.011824854149676933,0,0,1,2.0
4256,2023-04-25,딸기,딸기(일반),34338.0,10.9,0.4,4,77500.0,32107.428571428572,33224.63333333333,31505.0,0.08992223456594184,0,0,1,2.4
4257,2023-04-26,딸기,딸기(일반),37062.0,10.2,0.0,4,48462.0,32765.14285714286,33371.3,34338.0,0.07932902323955959,0,0,1,0.9
4258,2023-04-27,딸기,딸기(일반),44734.0,12.9,0.0,4,46826.0,34614.71428571428,33798.96666666667,37062.0,0.2070044789811667,0,0,1,0.9
4259,2023-04-28,딸기,딸기(일반),51428.0,15.7,1.9,4,40471.0,37481.857142857145,34383.86666666667,44734.0,0.14964009478249207,0,0,1,2.3
4260,2023-04-29,딸기,딸기(일반),50634.0,13.2,25.1,4,58545.0,40226.142857142855,34861.13333333333,51428.0,-0.015439060434004781,0,0,1,27.400000000000002
4261,2023-05-01,딸기,딸기(일반),41957.0,14.6,0.0,5,61000.0,41665.42857142857,35140.26666666667,50634.0,-0.17136706560808945,0,0,0,27.400000000000002
4262,2023-05-02,딸기,딸기(일반),37125.0,16.7,0.0,5,57844.0,42468.28571428572,35260.26666666667,41957.0,-0.11516552661057755,0,0,0,27.400000000000002
4263,2023-05-03,딸기,딸기(일반),38936.0,19.5,0.0,5,60395.0,43125.142857142855,35514.433333333334,37125.0,0.048781144781144814,0,0,0,27.000000000000004
4264,2023-05-04,딸기,딸기(일반),38669.0,21.4,0.0,5,62810.0,43354.71428571428,35764.5,38936.0,-0.0068574070269159515,0,0,0,27.000000000000004
4265,2023-05-05,딸기,딸기(일반),35939.0,18.4,30.2,5,53157.0,42098.28571428572,35820.3,38669.0,-0.07059918798003573,0,0,0,57.2
4266,2023-05-06,딸기,딸기(일반),44074.0,12.6,47.5,5,51839.0,41047.71428571428,35994.933333333334,35939.0,0.22635576949831648,0,0,0,102.80000000000001
4267,2023-05-08,딸기,딸기(일반),40273.0,15.3,0.0,5,54767.0,39567.57142857143,36238.8,44074.0,-0.08624132141398555,0,0,0,77.69999999999999
4268,2023-05-09,딸기,딸기(일반),40136.0,17.0,0.0,5,57255.0,39307.42857142857,36551.2,40273.0,-0.003401782832170408,0,0,0,77.69999999999999
4269,2023-05-10,딸기,딸기(일반),35734.0,18.4,0.0,5,56401.0,39108.71428571428,36791.76666666667,40136.0,-0.10967709786725133,0,0,0,77.69999999999999
4270,2023-05-11,딸기,딸기(일반),32784.0,19.5,0.0,5,47623.0,38229.857142857145,36906.36666666667,35734.0,-0.082554429954665,0,0,0,77.69999999999999
4271,2023-05-12,딸기,딸기(일반),34088.0,18.4,0.0,5,50179.0,37575.42857142857,36935.0,32784.0,0.03977550024402143,0,0,0,77.69999999999999
4272,2023-05-13,딸기,딸기(일반),31069.0,17.8,0.0,5,54167.0,36879.71428571428,36700.73333333333,34088.0,-0.08856489087068764,0,0,0,47.5
4273,2023-05-15,딸기,딸기(일반),29865.0,20.6,0.0,5,58000.0,34849.857142857145,36590.1,31069.0,-0.038752454214812215,0,0,0,0.0
4274,2023-05-16,딸기,딸기(일반),28303.0,24.0,0.0,5,53928.0,33139.857142857145,36455.46666666667,29865.0,-0.05230202578268872,0,0,0,0.0
4275,2023-05-17,딸기,딸기(일반),25771.0,23.5,0.0,5,53859.0,31087.714285714286,36219.333333333336,28303.0,-0.08946048122107197,0,0,0,0.0
4276,2023-05-18,딸기,딸기(일반),26718.0,21.2,1.3,5,46220.0,29799.714285714286,35949.6,25771.0,0.036746730821465956,0,0,0,1.3
4277,2023-05-19,딸기,딸기(일반),28731.0,22.3,0.0,5,40682.0,29220.714285714286,35706.53333333333,26718.0,0.07534246575342474,0,0,0,1.3
4278,2023-05-20,딸기,딸기(일반),28261.0,21.2,0.0,5,42287.0,28388.285714285714,35315.76666666667,28731.0,-0.016358637012286348,0,0,0,1.3
4279,2023-05-22,딸기,딸기(일반),23413.0,20.3,0.0,5,53602.0,27294.571428571428,35015.2,28261.0,-0.17154382364389087,0,0,0,1.3
4280,2023-05-23,딸기,딸기(일반),23456.0,20.5,0.0,5,57013.0,26379.0,34715.13333333333,23413.0,0.00183658651176688,0,0,0,1.3
4281,2023-05-24,딸기,딸기(일반),23088.0,20.6,0.0,5,60027.0,25634.0,34425.166666666664,23456.0,-0.01568894952251021,0,0,0,1.3
4282,2023-05-25,딸기,딸기(일반),23233.0,21.2,0.0,5,46442.0,25271.428571428572,34154.333333333336,23088.0,0.006280318780318872,0,0,0,1.3
4283,2023-05-26,딸기,딸기(일반),23856.0,21.4,0.5,5,48600.0,24862.571428571428,33902.066666666666,23233.0,0.026815305815004464,0,0,0,0.5
4284,2023-05-27,딸기,딸기(일반),24068.0,19.3,31.8,5,51185.0,24196.428571428572,33641.6,23856.0,0.00888665325285043,0,0,0,32.3
4285,2023-05-29,딸기,딸기(일반),21765.0,23.2,2.3,5,50666.0,23268.428571428572,33316.933333333334,24068.0,-0.09568721954462356,0,0,0,34.6
4286,2023-05-30,딸기,딸기(일반),21321.0,24.0,0.0,5,49339.0,22969.571428571428,32883.03333333333,21765.0,-0.020399724328049595,0,0,0,34.6
4287,2023-05-31,딸기,딸기(일반),21364.0,22.8,0.0,5,38315.0,22670.714285714286,32359.766666666666,21321.0,0.002016790957272141,0,0,0,34.6
4288,2023-06-01,딸기,딸기(일반),20821.0,22.8,0.0,6,32199.0,22346.85714285714,31562.666666666668,21364.0,-0.025416588653810135,0,0,0,34.6
4289,2023-06-02,딸기,딸기(일반),19278.0,20.4,0.0,6,35024.0,21781.85714285714,30491.0,20821.0,-0.07410787186014123,0,0,0,34.6
4290,2023-06-03,딸기,딸기(일반),20681.0,22.0,0.0,6,35290.0,21328.285714285714,29492.566666666666,19278.0,0.0727772590517688,0,0,0,34.1
4291,2023-06-05,딸기,딸기(일반),22881.0,21.5,0.0,6,35862.0,21158.714285714286,28856.7,20681.0,0.10637783472752771,0,0,0,2.3
4292,2023-06-06,딸기,딸기(일반),22000.0,20.3,0.0,6,39567.0,21192.285714285714,28352.533333333333,22881.0,-0.03850356190725934,0,0,0,0.0
4293,2023-06-07,딸기,딸기(일반),23222.0,21.4,0.0,6,38267.0,21463.85714285714,27828.733333333334,22000.0,0.055545454545454565,0,0,0,0.0
4294,2023-06-08,딸기,딸기(일반),26000.0,20.4,1.9,6,37975.0,22126.14285714286,27406.433333333334,23222.0,0.1196279390233399,0,0,0,1.9
4295,2023-06-09,딸기,딸기(일반),33000.0,23.3,1.2,6,37598.0,23866.0,27308.466666666667,26000.0,0.26923076923076916,0,0,0,3.0999999999999996
4296,2023-06-10,딸기,딸기(일반),41000.0,23.2,0.8,6,35504.0,26969.14285714286,27206.0,33000.0,0.24242424242424243,0,0,0,3.9
4297,2023-06-12,딸기,딸기(일반),30000.0,22.2,0.0,6,38557.0,28300.428571428572,26863.566666666666,41000.0,-0.2682926829268293,0,0,0,3.9
4298,2023-06-13,딸기,딸기(일반),30000.0,22.0,0.0,6,42712.0,29317.428571428572,26525.7,30000.0,0.0,0,0,0,3.9
4299,2023-06-14,딸기,딸기(일반),30000.0,20.6,30.6,6,49287.0,30460.285714285714,26334.566666666666,30000.0,0.0,0,0,0,34.5
4300,2023-06-15,딸기,딸기(일반),30000.0,22.7,0.0,6,47244.0,31428.571428571428,26241.766666666666,30000.0,0.0,0,0,0,34.5
4301,2023-10-21,딸기,딸기(일반),100000.0,10.4,1.1,10,43791.0,42000.0,28438.833333333332,30000.0,2.3333333333333335,0,1,0,33.7
4302,2023-10-23,딸기,딸기(일반),100000.0,15.2,0.0,10,41782.0,51571.42857142857,30736.533333333333,100000.0,0.0,0,1,0,32.5
4303,2023-10-24,딸기,딸기(일반),102857.0,15.6,0.0,10,43162.0,60408.142857142855,33169.6,100000.0,0.028569999999999984,0,1,0,31.700000000000003
4304,2023-10-25,딸기,딸기(일반),100000.0,16.6,0.0,10,42724.0,70408.14285714286,35559.5,102857.0,-0.02777642746726039,0,1,0,31.700000000000003
4305,2023-10-26,딸기,딸기(일반),121667.0,17.2,0.0,10,42054.0,83503.42857142857,38756.03333333333,100000.0,0.21666999999999992,0,1,0,31.700000000000003
4306,2023-10-27,딸기,딸기(일반),130000.0,15.7,0.0,10,41607.0,97789.14285714286,42198.76666666667,121667.0,0.06849022331445664,0,1,0,1.1
4307,2023-10-28,딸기,딸기(일반),107368.0,14.2,0.0,10,42064.0,108841.71428571429,44820.0,130000.0,-0.17409230769230766,0,1,0,1.1
4308,2023-10-30,딸기,딸기(일반),88132.0,15.1,0.0,10,42223.0,107146.28571428571,46815.7,107368.0,-0.17915952611578867,0,1,0,0.0
4309,2023-10-31,딸기,딸기(일반),92727.0,16.5,0.0,10,43837.0,106107.28571428571,49126.166666666664,88132.0,0.05213770253710348,0,1,0,0.0
4310,2023-11-01,딸기,딸기(일반),103500.0,19.0,0.0,11,46517.0,106199.14285714286,51794.3,92727.0,0.1161797534698632,0,0,0,0.0
4311,2023-11-02,딸기,딸기(일반),96714.0,20.8,0.0,11,51245.0,105729.71428571429,54248.5,103500.0,-0.06556521739130439,0,0,0,0.0
4312,2023-11-03,딸기,딸기(일반),97852.0,19.5,8.5,11,52824.0,102327.57142857143,56735.8,96714.0,0.011766652190996041,0,0,0,8.5
4313,2023-11-06,딸기,딸기(일반),75678.0,13.3,45.8,11,57772.0,94567.28571428571,58463.2,97852.0,-0.22660752973878917,0,0,0,54.3
4314,2023-11-07,딸기,딸기(일반),80535.0,5.8,0.0,11,61410.0,90734.0,60345.433333333334,75678.0,0.06417981447712684,0,0,0,54.3
4315,2023-11-08,딸기,딸기(일반),80268.0,8.4,0.0,11,64860.0,89610.57142857143,62295.53333333333,80535.0,-0.003315328739057599,0,0,0,54.3
4316,2023-11-09,딸기,딸기(일반),81320.0,11.4,5.1,11,62193.0,87981.0,64295.5,80268.0,0.013106094583146488,0,0,0,59.4
4317,2023-11-10,딸기,딸기(일반),84914.0,3.4,0.0,11,66741.0,85325.85714285714,66413.83333333333,81320.0,0.04419576979832751,0,0,0,59.4
4318,2023-11-11,딸기,딸기(일반),88235.0,1.7,0.0,11,65217.0,84114.57142857143,68660.96666666666,84914.0,0.03911015851331934,0,0,0,59.4
4319,2023-11-13,딸기,딸기(일반),77057.0,2.0,0.0,11,59221.0,81143.85714285714,70586.93333333333,88235.0,-0.12668442228140764,0,0,0,50.9
4320,2023-11-14,딸기,딸기(일반),78087.0,5.0,0.0,11,58968.0,81488.0,72500.46666666666,77057.0,0.013366728525636917,0,0,0,5.1
4321,2023-11-15,딸기,딸기(일반),90296.0,7.0,0.0,11,58475.0,82882.42857142857,74747.63333333333,78087.0,0.156351249247634,0,0,0,5.1
4322,2023-11-16,딸기,딸기(일반),104125.0,6.6,8.4,11,64946.0,86290.57142857143,77485.13333333333,90296.0,0.15315185611765747,0,0,0,13.5
4323,2023-11-17,딸기,딸기(일반),90127.0,1.6,0.0,11,60356.0,87548.71428571429,79715.3,104125.0,-0.13443457382953183,0,0,0,8.4
4324,2023-11-18,딸기,딸기(일반),92688.0,0.6,0.0,11,54344.0,88659.28571428571,81938.23333333334,90127.0,0.028415458186780818,0,0,0,8.4
4325,2023-11-20,딸기,딸기(일반),82247.0,6.2,0.0,11,55958.0,87803.85714285714,83579.8,92688.0,-0.11264672881063353,0,0,0,8.4
4326,2023-11-21,딸기,딸기(일반),70949.0,7.4,0.0,11,59268.0,86931.28571428571,84578.1,82247.0,-0.1373667124636765,0,0,0,8.4
4327,2023-11-22,딸기,딸기(일반),72729.0,9.5,0.0,11,58103.0,86165.85714285714,86002.4,70949.0,0.025088443811752015,0,0,0,8.4
4328,2023-11-23,딸기,딸기(일반),73506.0,9.9,0.1,11,53231.0,83767.28571428571,87452.6,72729.0,0.010683496266963743,0,0,0,8.5
4329,2023-11-24,딸기,딸기(일반),67991.0,-1.5,0.0,11,53632.0,78605.28571428571,88718.96666666666,73506.0,-0.07502788887981937,0,0,0,0.1
4330,2023-11-25,딸기,딸기(일반),65763.0,-1.3,0.0,11,49913.0,75124.71428571429,89911.06666666667,67991.0,-0.03276904296156846,0,0,0,0.1
4331,2023-11-27,딸기,딸기(일반),57500.0,6.2,3.6,11,51592.0,70097.85714285714,88494.4,65763.0,-0.12564816081991392,0,0,0,3.7
4332,2023-11-28,딸기,딸기(일반),56239.0,1.3,0.0,11,52001.0,66382.42857142857,87035.7,57500.0,-0.0219304347826087,0,0,0,3.7
4333,2023-11-29,딸기,딸기(일반),63000.0,-1.4,0.0,11,53823.0,65246.857142857145,85707.13333333333,56239.0,0.12021906506161195,0,0,0,3.7
4334,2023-11-30,딸기,딸기(일반),67434.0,-4.3,0.0,11,55318.0,64490.42857142857,84621.6,63000.0,0.07038095238095243,0,0,0,3.7
4335,2023-12-01,딸기,딸기(일반),68560.0,-3.2,0.0,12,53856.0,63783.857142857145,82851.36666666667,67434.0,0.016697808227303712,0,0,0,3.6
4336,2023-12-02,딸기,딸기(일반),68560.0,2.0,0.0,12,52126.0,63865.142857142855,80803.36666666667,68560.0,0.0,0,0,0,3.6
4337,2023-12-04,딸기,딸기(일반),55196.0,2.7,0.0,12,55087.0,62355.57142857143,79064.3,68560.0,-0.19492415402567098,0,0,0,3.6
4338,2023-12-05,딸기,딸기(일반),51612.0,6.8,0.0,12,57600.0,61514.42857142857,77846.96666666666,55196.0,-0.0649322414667729,0,0,0,0.0
4339,2023-12-06,딸기,딸기(일반),53852.0,6.1,3.8,12,57161.0,61173.42857142857,76551.13333333333,51612.0,0.043400759513291476,0,0,0,3.8
4340,2023-12-07,딸기,딸기(일반),58035.0,6.6,0.0,12,56969.0,60464.142857142855,75035.63333333333,53852.0,0.07767585233603214,0,0,0,3.8
4341,2023-12-08,딸기,딸기(일반),56185.0,11.2,0.0,12,58870.0,58857.142857142855,73684.66666666667,58035.0,-0.03187731541311278,0,0,0,3.8
4342,2023-12-09,딸기,딸기(일반),52847.0,13.7,0.0,12,51721.0,56612.42857142857,72184.5,56185.0,-0.05941087478864471,0,0,0,3.8
4343,2023-12-11,딸기,딸기(일반),48747.0,8.9,11.4,12,58479.0,53782.0,71286.8,52847.0,-0.07758245501163741,0,0,0,15.2
4344,2023-12-12,딸기,딸기(일반),47708.0,5.4,0.4,12,57180.0,52712.28571428572,70192.56666666667,48747.0,-0.021314132151722176,0,0,0,15.600000000000001
4345,2023-12-13,딸기,딸기(일반),45152.0,6.8,0.0,12,68702.0,51789.42857142857,69022.03333333334,47708.0,-0.05357592018110169,0,0,0,15.600000000000001
4346,2023-12-14,딸기,딸기(일반),46375.0,7.6,17.0,12,64453.0,50721.28571428572,67857.2,45152.0,0.02708628632175758,0,0,0,28.8
4347,2023-12-15,딸기,딸기(일반),45727.0,4.9,31.1,12,45066.0,48963.0,66550.96666666666,46375.0,-0.013973045822102459,0,0,0,59.900000000000006
4348,2023-12-16,딸기,딸기(일반),48048.0,-4.1,1.5,12,44853.0,47800.57142857143,65211.4,45727.0,0.05075775799855675,0,0,0,61.400000000000006
4349,2023-12-18,딸기,딸기(일반),47898.0,-7.7,0.0,12,52329.0,47093.57142857143,64239.433333333334,48048.0,-0.003121878121878141,0,0,0,61.400000000000006
4350,2023-12-19,딸기,딸기(일반),47818.0,-3.7,0.3,12,40926.0,46960.857142857145,63230.46666666667,47898.0,-0.001670215875401948,0,0,0,50.300000000000004
4351,2023-12-20,딸기,딸기(일반),52085.0,-7.4,0.8,12,53368.0,47586.142857142855,61956.76666666667,47818.0,0.08923417959764102,0,0,0,50.7
4352,2023-12-21,딸기,딸기(일반),57640.0,-11.7,0.0,12,41020.0,49370.142857142855,60407.26666666667,52085.0,0.10665258711721215,0,0,0,50.7
4353,2023-12-22,딸기,딸기(일반),56961.0,-11.6,0.0,12,50530.0,50882.42857142857,59301.73333333333,57640.0,-0.01178001387925054,0,0,0,33.7
4354,2023-12-23,딸기,딸기(일반),62857.0,-6.8,0.0,12,45038.0,53329.57142857143,58307.36666666667,56961.0,0.10350941872509267,0,0,0,2.6000000000000036
4355,2023-12-25,딸기,딸기(일반),63487.0,-0.7,0.7,12,43991.0,55535.142857142855,57682.03333333333,62857.0,0.01002275005170472,0,0,0,1.8000000000000036
4356,2023-12-26,딸기,딸기(일반),54995.0,1.9,0.0,12,39992.0,56549.0,57150.23333333333,63487.0,-0.1337596673334699,0,0,0,1.8000000000000036
4357,2023-12-27,딸기,딸기(일반),54989.0,1.5,0.0,12,41127.0,57573.42857142857,56558.9,54995.0,-0.00010910082734794102,0,0,0,1.5000000000000036
4358,2023-12-28,딸기,딸기(일반),59099.0,1.2,0.0,12,39298.0,58575.42857142857,56078.666666666664,54989.0,0.07474222117150697,0,0,0,0.7000000000000035
4359,2023-12-29,딸기,딸기(일반),59986.0,1.3,0.0,12,39704.0,58910.57142857143,55811.833333333336,59099.0,0.015008714191441452,0,0,0,0.7000000000000035
4360,2023-12-30,딸기,딸기(일반),57720.0,0.6,13.1,12,42726.0,59019.0,55543.73333333333,59986.0,-0.03777548094555394,0,0,0,13.800000000000002
4361,2024-01-03,딸기,딸기(일반),51760.0,1.8,0.6,1,40462.0,57433.71428571428,55352.4,57720.0,-0.10325710325710324,0,0,0,14.400000000000002
4362,2024-01-04,딸기,딸기(일반),42349.0,1.4,0.0,1,39904.0,54414.0,54889.4,51760.0,-0.1818199381761978,0,0,0,13.700000000000003
4363,2024-01-05,딸기,딸기(일반),47076.0,5.0,0.0,1,38496.0,53282.71428571428,54358.6,42349.0,0.11162010909348519,0,0,0,13.700000000000003
4364,2024-01-06,딸기,딸기(일반),47128.0,0.7,2.4,1,39354.0,52159.71428571428,53681.73333333333,47076.0,0.001104596822159909,0,0,0,16.1
4365,2024-01-08,딸기,딸기(일반),46159.0,-4.7,0.0,1,43162.0,50311.142857142855,52935.03333333333,47128.0,-0.020561025292819557,0,0,0,16.1
4366,2024-01-09,딸기,딸기(일반),39772.0,-0.6,1.6,1,40187.0,47423.42857142857,51975.433333333334,46159.0,-0.13836954873372476,0,0,0,17.700000000000003
4367,2024-01-10,딸기,딸기(일반),44546.0,-1.0,0.0,1,38530.0,45541.42857142857,51620.433333333334,39772.0,0.12003419491099265,0,0,0,4.600000000000003
4368,2024-01-11,딸기,딸기(일반),44095.0,1.7,0.0,1,36316.0,44446.42857142857,51369.86666666667,44546.0,-0.01012436582409193,0,0,0,4.0000000000000036
4369,2024-01-12,딸기,딸기(일반),51937.0,0.9,0.0,1,35036.0,45816.142857142855,51306.03333333333,44095.0,0.1778432928903504,0,0,0,4.0000000000000036
4370,2024-01-13,딸기,딸기(일반),56047.0,0.4,0.0,1,33460.0,47097.71428571428,51239.76666666667,51937.0,0.07913433582994789,0,0,0,4.0000000000000036
4371,2024-01-15,딸기,딸기(일반),55305.0,-3.7,0.0,1,35845.0,48265.857142857145,51210.433333333334,56047.0,-0.013238888789765757,0,0,0,1.6000000000000036
4372,2024-01-16,딸기,딸기(일반),50710.0,-2.1,0.0,1,36023.0,48916.0,51139.2,55305.0,-0.0830847120513516,0,0,0,1.6000000000000036
4373,2024-01-17,딸기,딸기(일반),53457.0,0.6,9.7,1,32215.0,50871.0,51296.2,50710.0,0.05417077499506995,0,0,0,9.700000000000003
4374,2024-01-18,딸기,딸기(일반),53457.0,4.5,0.5,1,32963.0,52144.0,51487.833333333336,53457.0,0.0,0,0,0,10.200000000000003
4375,2024-01-19,딸기,딸기(일반),60779.0,5.4,0.0,1,30731.0,54527.42857142857,52008.73333333333,53457.0,0.13696990104195894,0,0,0,10.200000000000003
4376,2024-01-20,딸기,딸기(일반),55367.0,3.4,0.4,1,31914.0,55017.42857142857,52308.46666666667,60779.0,-0.08904391319370175,0,0,0,10.600000000000003
4377,2024-01-22,딸기,딸기(일반),63895.0,-8.7,0.2,1,33600.0,56138.57142857143,52914.066666666666,55367.0,0.1540267668466777,0,0,0,10.800000000000002
4378,2024-01-23,딸기,딸기(일반),58541.0,-11.7,0.0,1,37490.0,56600.857142857145,53263.833333333336,63895.0,-0.08379372407856645,0,0,0,10.800000000000002
4379,2024-01-24,딸기,딸기(일반),61192.0,-8.0,0.0,1,32051.0,58098.28571428572,53706.96666666667,58541.0,0.04528450146051477,0,0,0,10.800000000000002
4380,2024-01-25,딸기,딸기(일반),58554.0,-5.3,0.0,1,32057.0,58826.42857142857,54064.833333333336,61192.0,-0.04311021048503072,0,0,0,1.1000000000000036
4381,2024-01-26,딸기,딸기(일반),62410.0,-1.7,0.0,1,32467.0,60105.42857142857,54409.0,58554.0,0.06585374184513437,0,0,0,0.6000000000000036
4382,2024-01-27,딸기,딸기(일반),58499.0,-0.5,0.0,1,38174.0,59779.71428571428,54437.63333333333,62410.0,-0.06266623938471394,0,0,0,0.6000000000000036
4383,2024-01-29,딸기,딸기(일반),66665.0,-0.4,0.0,1,35089.0,61393.71428571428,54761.1,58499.0,0.13959212977999624,0,0,0,0.20000000000000356
4384,2024-01-30,딸기,딸기(일반),55291.0,1.4,0.0,1,38206.0,60164.57142857143,54508.9,66665.0,-0.17061426535663393,0,0,0,0.0
4385,2024-01-31,딸기,딸기(일반),61933.0,4.7,0.0,1,37685.0,60649.142857142855,54457.1,55291.0,0.12012804977301905,0,0,0,0.0
4386,2024-02-01,딸기,딸기(일반),56146.0,2.4,0.0,2,47360.0,59928.28571428572,54495.46666666667,61933.0,-0.09343968482069331,0,0,0,0.0
4387,2024-02-02,딸기,딸기(일반),65705.0,3.1,0.0,2,49084.0,60949.857142857145,54852.666666666664,56146.0,0.17025255583656884,0,0,0,0.0
4388,2024-02-03,딸기,딸기(일반),54568.0,4.7,0.0,2,42924.0,59829.57142857143,54701.63333333333,65705.0,-0.16950003804885472,0,0,0,0.0
4389,2024-02-05,딸기,딸기(일반),66417.0,2.7,3.9,2,39358.0,60960.71428571428,54916.0,54568.0,0.21714191467526756,0,0,0,3.9000000000000035
4390,2024-02-06,딸기,딸기(일반),50386.0,1.2,0.2,2,44122.0,58635.142857142855,54671.53333333333,66417.0,-0.24136892663023024,0,0,0,4.100000000000003
4391,2024-02-07,딸기,딸기(일반),66644.0,0.6,0.0,2,38484.0,60257.0,55167.666666666664,50386.0,0.3226689953558528,0,0,0,4.100000000000003
4392,2024-02-08,딸기,딸기(일반),67837.0,0.6,0.0,2,36986.0,61100.42857142857,56017.26666666667,66644.0,0.017901086369365604,0,0,0,4.100000000000003
4393,2024-02-09,딸기,딸기(일반),59417.0,1.1,0.0,2,35970.0,61567.71428571428,56428.63333333333,67837.0,-0.12412105488155434,0,0,0,4.100000000000003
4394,2024-02-13,딸기,딸기(일반),51107.0,8.2,0.0,2,34026.0,59482.28571428572,56561.26666666667,59417.0,-0.1398589629230692,0,0,0,4.100000000000003
4395,2024-02-14,딸기,딸기(일반),39318.0,12.9,0.0,2,32526.0,57303.71428571428,56333.23333333333,51107.0,-0.23067290195080914,0,0,0,4.100000000000003
4396,2024-02-15,딸기,딸기(일반),42758.0,4.5,10.9,2,34021.0,53923.857142857145,56432.76666666667,39318.0,0.08749173406582234,0,0,0,11.100000000000003
4397,2024-02-16,딸기,딸기(일반),44036.0,2.3,0.0,2,33859.0,53016.71428571428,56415.76666666667,42758.0,0.02988914355208383,0,0,0,10.900000000000004
4398,2024-02-17,딸기,딸기(일반),42758.0,4.4,0.0,2,32849.0,49604.42857142857,56371.2,44036.0,-0.029021709510400617,0,0,0,10.900000000000004
4399,2024-02-19,딸기,딸기(일반),41958.0,9.1,8.9,2,31516.0,45907.42857142857,56038.566666666666,42758.0,-0.018709949015388916,0,0,0,19.800000000000004
4400,2024-02-20,딸기,딸기(일반),34903.0,4.3,2.6,2,30473.0,42405.42857142857,55333.76666666667,41958.0,-0.16814433481100144,0,0,0,22.400000000000006
4401,2024-02-21,딸기,딸기(일반),36924.0,1.9,17.8,2,33125.0,40379.28571428572,54721.066666666666,34903.0,0.05790333209179721,0,0,0,40.2
4402,2024-02-22,딸기,딸기(일반),33316.0,0.2,8.8,2,35247.0,39521.857142857145,54141.26666666667,36924.0,-0.09771422381107142,0,0,0,49.00000000000001
4403,2024-02-23,딸기,딸기(일반),49671.0,1.8,0.4,2,30698.0,40509.42857142857,54015.066666666666,33316.0,0.49090527074078527,0,0,0,38.50000000000001
4404,2024-02-24,딸기,딸기(일반),63406.0,2.0,2.3,2,29806.0,43276.57142857143,54346.7,49671.0,0.2765194982988062,0,0,0,40.80000000000001
4405,2024-02-26,딸기,딸기(일반),54756.0,3.8,0.0,2,28887.0,44990.57142857143,54145.933333333334,63406.0,-0.1364224205911112,0,0,0,40.80000000000001
4406,2024-02-27,딸기,딸기(일반),47367.0,5.3,0.0,2,28169.0,45763.28571428572,53879.26666666667,54756.0,-0.13494411571334652,0,0,0,31.900000000000006
4407,2024-02-28,딸기,딸기(일반),47089.0,6.4,0.0,2,30751.0,47504.142857142855,53319.066666666666,47367.0,-0.005869064960837722,0,0,0,29.300000000000004
4408,2024-02-29,딸기,딸기(일반),46846.0,4.8,0.0,2,41580.0,48921.57142857143,52929.23333333333,47089.0,-0.005160440867293836,0,0,0,11.500000000000004
4409,2024-03-01,딸기,딸기(일반),49999.0,-4.1,0.0,3,32730.0,51304.857142857145,52556.13333333333,46846.0,0.06730563975579562,0,0,1,2.7000000000000033
4410,2024-03-02,딸기,딸기(일반),30000.0,-0.5,0.0,3,32675.0,48494.71428571428,51604.333333333336,49999.0,-0.3999879997599952,0,0,1,2.3000000000000034
4411,2024-03-04,딸기,딸기(일반),43644.0,5.4,0.0,3,34796.0,45671.57142857143,50978.8,30000.0,0.4548000000000001,0,0,1,0.0
4412,2024-03-05,딸기,딸기(일반),40809.0,8.0,0.0,3,39335.0,43679.142857142855,50389.13333333333,43644.0,-0.06495738245806981,0,0,1,0.0
4413,2024-03-06,딸기,딸기(일반),42652.0,6.2,0.0,3,44182.0,43005.57142857143,49588.7,40809.0,0.0451616065083682,0,0,1,0.0
4414,2024-03-07,딸기,딸기(일반),46805.0,3.9,2.1,3,50246.0,42965.0,49305.833333333336,42652.0,0.09736940823408036,0,0,1,2.1000000000000036
4415,2024-03-08,딸기,딸기(일반),48031.0,2.1,0.0,3,35001.0,43134.28571428572,48842.433333333334,46805.0,0.026193782715521863,0,0,1,2.1000000000000036
4416,2024-03-09,딸기,딸기(일반),46919.0,2.0,0.0,3,32517.0,42694.28571428572,48534.86666666667,48031.0,-0.023151714517707367,0,0,1,2.1000000000000036
4417,2024-03-11,딸기,딸기(일반),42449.0,6.2,0.0,3,31325.0,44472.71428571428,47759.666666666664,46919.0,-0.09527057268910255,0,0,1,2.1000000000000036
4418,2024-03-12,딸기,딸기(일반),37485.0,6.6,2.1,3,33933.0,43592.857142857145,47190.23333333333,42449.0,-0.11694032839407287,0,0,1,4.200000000000004
4419,2024-03-13,딸기,딸기(일반),40915.0,6.5,0.0,3,40847.0,43608.0,46340.166666666664,37485.0,0.0915032679738561,0,0,1,4.200000000000004
4420,2024-03-14,딸기,딸기(일반),43151.0,8.5,0.0,3,48808.0,43679.28571428572,46099.0,40915.0,0.05464988390565817,0,0,1,4.200000000000004
4421,2024-03-15,딸기,딸기(일반),45863.0,8.9,0.0,3,40727.0,43544.71428571428,45406.3,43151.0,0.06284906491158959,0,0,1,2.1000000000000036
4422,2024-03-16,딸기,딸기(일반),43821.0,10.9,0.0,3,38747.0,42943.28571428572,44605.76666666667,45863.0,-0.04452390816126284,0,0,1,2.1000000000000036
4423,2024-03-18,딸기,딸기(일반),38552.0,7.1,0.0,3,39464.0,41748.0,43910.26666666667,43821.0,-0.12023915474315972,0,0,1,2.1000000000000036
4424,2024-03-19,딸기,딸기(일반),35080.0,6.7,0.2,3,43857.0,40695.28571428572,43376.03333333333,38552.0,-0.09006017846026149,0,0,1,2.300000000000004
4425,2024-03-20,딸기,딸기(일반),33576.0,4.4,0.0,3,50219.0,40136.857142857145,43184.63333333333,35080.0,-0.04287343215507411,0,0,1,0.20000000000000356
4426,2024-03-21,딸기,딸기(일반),33567.0,5.0,0.0,3,47264.0,39087.142857142855,42878.26666666667,33576.0,-0.0002680486061472642,0,0,1,0.20000000000000356
4427,2024-03-22,딸기,딸기(일반),35288.0,10.4,5.4,3,36257.0,37963.857142857145,42586.666666666664,33567.0,0.05127059314207405,0,0,1,5.600000000000004
4428,2024-03-23,딸기,딸기(일반),36233.0,13.0,0.1,3,31941.0,36588.142857142855,42369.166666666664,35288.0,0.02677964180457937,0,0,1,5.700000000000004
4429,2024-03-25,딸기,딸기(일반),34145.0,10.6,5.1,3,32159.0,35205.857142857145,42108.73333333333,36233.0,-0.05762702508762729,0,0,1,10.800000000000004
4430,2024-03-26,딸기,딸기(일반),33008.0,7.4,11.5,3,32622.0,34413.857142857145,42045.566666666666,34145.0,-0.033299165324352065,0,0,1,22.300000000000004
4431,2024-03-27,딸기,딸기(일반),34219.0,10.4,0.0,3,32105.0,34290.857142857145,41955.4,33008.0,0.03668807561803189,0,0,1,22.100000000000005
4432,2024-03-28,딸기,딸기(일반),38744.0,10.3,1.9,3,29618.0,35029.142857142855,42136.333333333336,34219.0,0.13223647681112838,0,0,1,24.000000000000004
4433,2024-03-29,딸기,딸기(일반),40541.0,7.6,1.4,3,29003.0,36025.42857142857,41832.0,38744.0,0.0463813751806732,0,0,1,25.400000000000006
4434,2024-03-30,딸기,딸기(일반),42231.0,8.8,0.0,3,31186.0,37017.28571428572,41126.166666666664,40541.0,0.041686194223132134,0,0,1,20.000000000000004
4435,2024-04-01,딸기,딸기(일반),39399.0,12.2,0.0,4,31883.0,37469.57142857143,40614.26666666667,42231.0,-0.06705974284293525,0,0,1,19.900000000000006
4436,2024-04-02,딸기,딸기(일반),38623.0,15.4,0.0,4,35374.0,38109.28571428572,40322.8,39399.0,-0.01969593136881642,0,0,1,14.800000000000004
4437,2024-04-03,딸기,딸기(일반),35112.0,16.6,0.0,4,32018.0,38409.857142857145,39923.566666666666,38623.0,-0.09090438339849316,0,0,1,3.3000000000000034
4438,2024-04-04,딸기,딸기(일반),34683.0,15.5,0.0,4,33026.0,38476.142857142855,39518.13333333333,35112.0,-0.012218045112781906,0,0,1,3.3000000000000034
4439,2024-04-05,딸기,딸기(일반),34670.0,14.0,0.0,4,26376.0,37894.142857142855,39007.166666666664,34683.0,-0.0003748234005132023,0,0,1,1.4000000000000035
4440,2024-04-06,딸기,딸기(일반),40574.0,12.7,0.0,4,25196.0,37898.857142857145,39359.63333333333,34670.0,0.17029131814248633,0,0,1,0.0
4441,2024-04-08,딸기,딸기(일반),33947.0,16.2,0.0,4,25711.0,36715.42857142857,39036.4,40574.0,-0.16333119731847978,0,0,1,0.0
4442,2024-04-09,딸기,딸기(일반),32113.0,15.3,0.0,4,26120.0,35674.57142857143,38746.53333333333,33947.0,-0.054025392523639804,0,0,1,0.0
4443,2024-04-10,딸기,딸기(일반),31798.0,13.8,0.0,4,28680.0,34699.57142857143,38384.73333333333,32113.0,-0.009809111574751617,0,0,1,0.0
4444,2024-04-11,딸기,딸기(일반),33685.0,15.5,0.0,4,28667.0,34495.71428571428,37947.4,31798.0,0.05934335492798293,0,0,1,0.0
4445,2024-04-12,딸기,딸기(일반),36422.0,17.2,0.0,4,28410.0,34744.142857142855,37560.433333333334,33685.0,0.0812527831378953,0,0,1,0.0
4446,2024-04-13,딸기,딸기(일반),39623.0,19.1,0.0,4,27884.0,35451.71428571428,37317.23333333333,36422.0,0.08788644226017239,0,0,1,0.0
4447,2024-04-15,딸기,딸기(일반),31130.0,16.0,17.1,4,28440.0,34102.57142857143,36939.933333333334,39623.0,-0.21434520354339648,0,0,1,17.100000000000005
4448,2024-04-16,딸기,딸기(일반),34499.0,13.3,2.3,4,24826.0,34181.42857142857,36840.4,31130.0,0.1082235785415997,0,0,1,19.400000000000006
4449,2024-04-17,딸기,딸기(일반),34574.0,15.0,0.0,4,27250.0,34533.0,36629.03333333333,34499.0,0.002173976057276983,0,0,1,19.400000000000006
4450,2024-04-18,딸기,딸기(일반),34802.0,17.3,0.0,4,33542.0,34962.142857142855,36350.73333333333,34574.0,0.006594550818534106,0,0,1,19.400000000000006
4451,2024-04-19,딸기,딸기(일반),37695.0,17.6,0.0,4,29941.0,35535.0,36078.46666666667,34802.0,0.08312740647089245,0,0,1,19.400000000000006
4452,2024-04-20,딸기,딸기(일반),40910.0,14.9,4.8,4,30077.0,36176.142857142855,35981.433333333334,37695.0,0.08528982623690151,0,0,1,24.200000000000003
4453,2024-04-22,딸기,딸기(일반),36350.0,18.8,0.0,4,30276.0,35708.57142857143,35908.03333333333,40910.0,-0.11146418968467364,0,0,1,24.200000000000003
4454,2024-04-23,딸기,딸기(일반),37524.0,17.3,0.0,4,23000.0,36622.0,35989.5,36350.0,0.03229711141678138,0,0,1,7.100000000000003
4455,2024-04-24,딸기,딸기(일반),39346.0,13.2,9.0,4,35952.0,37314.42857142857,36181.833333333336,37524.0,0.048555591088370154,0,0,1,13.800000000000004
4456,2024-04-25,딸기,딸기(일반),42331.0,14.4,0.0,4,31400.0,38422.57142857143,36473.96666666667,39346.0,0.07586539927819858,0,0,1,13.800000000000004
4457,2024-04-26,딸기,딸기(일반),45236.0,17.8,0.0,4,23000.0,39913.142857142855,36805.566666666666,42331.0,0.06862582977014475,0,0,1,13.800000000000004
4458,2024-04-27,딸기,딸기(일반),46367.0,18.2,0.0,4,15250.0,41152.0,37143.36666666667,45236.0,0.025002210628702892,0,0,1,13.800000000000004
4459,2024-04-29,딸기,딸기(일반),32482.0,20.9,0.0,4,15250.0,39948.0,37087.933333333334,46367.0,-0.29945866672417887,0,0,1,9.000000000000004
4460,2024-04-30,딸기,딸기(일반),31000.0,18.6,0.0,4,15250.0,39183.71428571428,37021.0,32482.0,-0.04562526937996425,0,0,1,9.000000000000004
4461,2024-05-01,딸기,딸기(일반),33975.0,18.5,0.0,5,15250.0,38676.71428571428,37012.86666666667,31000.0,0.09596774193548385,0,0,0,9.000000000000004
4462,2024-05-02,딸기,딸기(일반),39515.0,18.1,0.0,5,15250.0,38700.857142857145,37038.566666666666,33975.0,0.16306107431935257,0,0,0,0.0
4463,2024-05-03,딸기,딸기(일반),38228.0,19.7,0.0,5,15250.0,38114.71428571428,36961.46666666667,39515.0,-0.032569910160698434,0,0,0,0.0
4464,2024-05-04,딸기,딸기(일반),42278.0,21.4,0.0,5,15250.0,37692.142857142855,36963.03333333333,38228.0,0.10594328764256566,0,0,0,0.0
4465,2024-05-06,딸기,딸기(일반),29792.0,13.9,12.3,5,50000.0,35324.28571428572,36642.8,42278.0,-0.2953309049623918,0,0,0,12.300000000000004
4466,2024-05-07,딸기,딸기(일반),29319.0,13.3,2.4,5,100000.0,34872.42857142857,36332.666666666664,29792.0,-0.01587674543501616,0,0,0,14.700000000000005
4467,2024-05-08,딸기,딸기(일반),32304.0,14.7,0.0,5,97600.0,35058.71428571428,36239.066666666666,29319.0,0.1018111122480303,0,0,0,14.700000000000005
4468,2024-05-09,딸기,딸기(일반),37884.0,16.1,0.0,5,100000.0,35617.142857142855,36345.76666666667,32304.0,0.17273402674591387,0,0,0,14.700000000000005
4469,2024-05-10,딸기,딸기(일반),38398.0,17.9,0.0,5,83000.0,35457.57142857143,36470.03333333333,37884.0,0.013567733079928201,0,0,0,14.700000000000005
4470,2024-05-11,딸기,딸기(일반),34936.0,17.0,31.7,5,80000.0,34987.28571428572,36282.1,38398.0,-0.09016094588259804,0,0,0,46.400000000000006
4471,2024-05-13,딸기,딸기(일반),28392.0,18.3,0.0,5,100000.0,33003.57142857143,36096.933333333334,34936.0,-0.18731394550034353,0,0,0,46.400000000000006
4472,2024-05-14,딸기,딸기(일반),27859.0,18.8,0.0,5,89333.0,32727.428571428572,35955.13333333333,28392.0,-0.018772893772893817,0,0,0,34.10000000000001
4473,2024-05-15,딸기,딸기(일반),28474.0,12.6,20.6,5,100000.0,32606.714285714286,35844.333333333336,27859.0,0.022075451380164424,0,0,0,52.300000000000004
4474,2024-05-16,딸기,딸기(일반),32534.0,13.7,0.1,5,77656.0,32639.571428571428,35805.96666666667,28474.0,0.14258621900681323,0,0,0,52.400000000000006
4475,2024-05-17,딸기,딸기(일반),34436.0,18.3,0.0,5,93214.0,32147.0,35739.76666666667,32534.0,0.05846191676400081,0,0,0,52.400000000000006
4476,2024-05-18,딸기,딸기(일반),33495.0,20.7,0.0,5,110690.0,31446.571428571428,35535.5,34436.0,-0.02732605412939948,0,0,0,52.400000000000006
4477,2024-05-20,딸기,딸기(일반),28161.0,19.4,0.0,5,126944.0,30478.714285714286,35436.53333333333,33495.0,-0.15924764890282128,0,0,0,20.700000000000006
4478,2024-05-21,딸기,딸기(일반),28427.0,21.7,0.0,5,104489.0,30483.714285714286,35234.13333333333,28161.0,0.009445687298036187,0,0,0,20.700000000000006
4479,2024-05-22,딸기,딸기(일반),28014.0,20.5,0.0,5,77019.0,30505.85714285714,35015.46666666667,28427.0,-0.014528441270623027,0,0,0,20.700000000000006
4480,2024-05-23,딸기,딸기(일반),29156.0,20.2,0.0,5,68500.0,30603.285714285714,34827.26666666667,28014.0,0.040765331619904366,0,0,0,0.10000000000000356
4481,2024-05-24,딸기,딸기(일반),25690.0,20.1,0.0,5,69769.0,29625.571428571428,34427.1,29156.0,-0.11887776100974068,0,0,0,0.0
4482,2024-05-25,딸기,딸기(일반),27325.0,21.4,0.0,5,74228.0,28609.714285714286,33974.26666666667,25690.0,0.0636434410276372,0,0,0,0.0
4483,2024-05-27,딸기,딸기(일반),23734.0,18.5,0.0,5,76466.0,27215.285714285714,33553.73333333333,27325.0,-0.13141811527904845,0,0,0,0.0
4484,2024-05-28,딸기,딸기(일반),24251.0,20.4,0.0,5,76801.0,26656.714285714286,33111.3,23734.0,0.021783095980449918,0,0,0,0.0
4485,2024-05-29,딸기,딸기(일반),25717.0,21.2,0.0,5,53002.0,26269.571428571428,32657.0,24251.0,0.06045111541792081,0,0,0,0.0
4486,2024-05-30,딸기,딸기(일반),26407.0,20.7,0.0,5,46729.0,26040.0,32126.2,25717.0,0.02683050122487063,0,0,0,0.0
4487,2024-05-31,딸기,딸기(일반),27677.0,20.4,1.0,5,52223.0,25828.714285714286,31540.9,26407.0,0.04809330859241867,0,0,0,1.0000000000000036
4488,2024-06-01,딸기,딸기(일반),30967.0,20.7,0.0,6,52198.0,26582.571428571428,31027.566666666666,27677.0,0.11887126494923583,0,0,0,1.0000000000000036
4489,2024-06-03,딸기,딸기(일반),24863.0,22.2,0.0,6,56542.0,26230.85714285714,30773.6,30967.0,-0.19711305583362937,0,0,0,1.0000000000000036
4490,2024-06-04,딸기,딸기(일반),23897.0,22.8,0.0,6,64532.0,26254.14285714286,30536.833333333332,24863.0,-0.03885291396854762,0,0,0,1.0000000000000036
4491,2024-06-05,딸기,딸기(일반),22330.0,23.6,0.0,6,48189.0,25979.714285714286,30148.666666666668,23897.0,-0.06557308448759258,0,0,0,1.0000000000000036
4492,2024-06-06,딸기,딸기(일반),23685.0,24.1,0.0,6,44716.0,25689.428571428572,29621.0,22330.0,0.0606806986117332,0,0,0,1.0000000000000036
4493,2024-06-07,딸기,딸기(일반),25328.0,23.1,0.8,6,45040.0,25535.285714285714,29191.0,23685.0,0.0693687988178171,0,0,0,1.8000000000000036
4494,2024-06-08,딸기,딸기(일반),25635.0,20.3,16.9,6,49026.0,25243.571428571428,28636.233333333334,25328.0,0.01212097283638669,0,0,0,17.700000000000003
4495,2024-06-10,딸기,딸기(일반),24574.0,24.7,0.0,6,49637.0,24330.285714285714,28462.3,25635.0,-0.04138872635069246,0,0,0,17.700000000000003
4496,2024-06-11,딸기,딸기(일반),27875.0,25.4,0.0,6,41398.0,24760.571428571428,28414.166666666668,24574.0,0.13432896557337015,0,0,0,17.700000000000003
4497,2024-06-12,딸기,딸기(일반),27000.0,24.8,0.0,6,41207.0,25203.85714285714,28237.366666666665,27875.0,-0.03139013452914796,0,0,0,17.700000000000003
4498,2024-06-13,딸기,딸기(일반),27211.0,26.4,0.0,6,39275.0,25901.14285714286,27881.6,27000.0,0.007814814814814719,0,0,0,17.700000000000003
4499,2024-06-14,딸기,딸기(일반),32474.0,26.3,0.0,6,43872.0,27156.714285714286,27684.133333333335,27211.0,0.19341442798868114,0,0,0,17.700000000000003
4500,2024-06-15,딸기,딸기(일반),38000.0,24.2,6.1,6,42215.0,28967.0,27786.266666666666,32474.0,0.17016690275297153,0,0,0,23.0
4501,2024-06-17,딸기,딸기(일반),29450.0,24.8,0.0,6,42336.0,29512.0,27821.533333333333,38000.0,-0.22499999999999998,0,0,0,6.100000000000003
4502,2024-06-18,딸기,딸기(일반),29450.0,26.0,0.0,6,43689.0,30208.571428571428,27874.566666666666,29450.0,0.0,0,0,0,6.100000000000003
4503,2024-07-15,딸기,딸기(일반),8000.0,28.4,0.0,7,41934.0,27369.285714285714,27192.1,29450.0,-0.7283531409168081,0,0,0,6.100000000000003
4504,2024-07-16,딸기,딸기(일반),8000.0,27.0,17.0,7,39894.0,24655.0,26374.3,8000.0,0.0,0,0,0,23.1
4505,2024-07-17,딸기,딸기(일반),8000.0,25.4,98.8,7,41825.0,21910.571428571428,25493.1,8000.0,0.0,0,0,0,121.9
4506,2024-07-18,딸기,딸기(일반),8000.0,24.3,128.8,7,41912.0,18414.285714285714,24643.266666666666,8000.0,0.0,0,0,0,250.70000000000002
4507,2024-07-19,딸기,딸기(일반),8000.0,27.0,0.1,7,45537.0,14128.57142857143,23971.233333333334,8000.0,0.0,0,0,0,244.70000000000002
4508,2024-07-20,딸기,딸기(일반),8000.0,27.2,14.9,7,45460.0,11064.285714285714,23290.333333333332,8000.0,0.0,0,0,0,259.6
4509,2024-07-22,딸기,딸기(일반),8000.0,26.6,79.9,7,44367.0,8000.0,22623.2,8000.0,0.0,0,0,0,339.5
4510,2024-10-25,딸기,딸기(일반),80000.0,14.9,0.0,10,41348.0,18285.714285714286,24318.0,8000.0,9.0,0,1,0,339.5
4511,2024-10-26,딸기,딸기(일반),80000.0,17.0,0.0,10,40092.0,28571.428571428572,26128.333333333332,80000.0,0.0,0,1,0,322.5
4512,2024-10-28,딸기,딸기(일반),118571.0,15.7,0.0,10,43262.0,44367.28571428572,29169.866666666665,80000.0,0.4821375000000001,0,1,0,223.70000000000002
4513,2024-10-29,딸기,딸기(일반),66000.0,15.0,0.0,10,44839.0,52653.0,30578.733333333334,118571.0,-0.44337148206559784,0,1,0,94.9
4514,2024-10-30,딸기,딸기(일반),120000.0,15.7,0.0,10,41777.0,68653.0,33770.36666666667,66000.0,0.8181818181818181,0,1,0,94.80000000000001
4515,2024-10-31,딸기,딸기(일반),105000.0,15.9,0.0,10,43672.0,82510.14285714286,36413.13333333333,120000.0,-0.125,0,1,0,79.9
4516,2024-11-01,딸기,딸기(일반),90533.0,15.3,0.0,11,41543.0,94300.57142857143,38550.666666666664,105000.0,-0.13778095238095234,0,0,0,0.0
4517,2024-11-02,딸기,딸기(일반),100000.0,18.1,0.0,11,45035.0,97157.71428571429,40961.433333333334,90533.0,0.10456960445362462,0,0,0,0.0
4518,2024-11-04,딸기,딸기(일반),120889.0,14.8,0.1,11,49847.0,102999.0,43958.833333333336,100000.0,0.20889000000000002,0,0,0,0.1
4519,2024-11-05,딸기,딸기(일반),107176.0,9.1,0.0,11,49201.0,101371.14285714286,46702.6,120889.0,-0.11343463838728085,0,0,0,0.1
4520,2024-11-06,딸기,딸기(일반),102840.0,7.5,0.0,11,48855.0,106634.0,49334.03333333333,107176.0,-0.040456818690751684,0,0,0,0.1
4521,2024-11-07,딸기,딸기(일반),115357.0,7.8,0.0,11,51246.0,105970.71428571429,52434.933333333334,102840.0,0.12171334111240761,0,0,0,0.1
4522,2024-11-08,딸기,딸기(일반),112345.0,10.2,0.0,11,49419.0,107020.0,55390.26666666667,115357.0,-0.026110249052940016,0,0,0,0.1
4523,2024-11-09,딸기,딸기(일반),120417.0,12.9,0.0,11,48503.0,111289.14285714286,58559.9,112345.0,0.07185010458854424,0,0,0,0.1
4524,2024-11-11,딸기,딸기(일반),98296.0,14.6,0.0,11,47581.0,111045.71428571429,60981.933333333334,120417.0,-0.18370329770713434,0,0,0,0.1
4525,2024-11-12,딸기,딸기(일반),84149.0,14.3,0.0,11,52238.0,105797.14285714286,62967.76666666667,98296.0,-0.14392243834947505,0,0,0,0.0
4526,2024-11-13,딸기,딸기(일반),111787.0,14.2,0.0,11,46907.0,106455.85714285714,65764.83333333333,84149.0,0.3284412173644369,0,0,0,0.0
4527,2024-11-14,딸기,딸기(일반),103219.0,14.8,0.1,11,46532.0,106510.0,68305.46666666666,111787.0,-0.07664576381869093,0,0,0,0.1
4528,2024-11-15,딸기,딸기(일반),95791.0,17.0,0.0,11,42116.0,103714.85714285714,70591.46666666666,103219.0,-0.07196349509295774,0,0,0,0.1
4529,2024-11-16,딸기,딸기(일반),87375.0,17.0,6.5,11,40157.0,100147.71428571429,72421.5,95791.0,-0.08785794072512032,0,0,0,6.6
4530,2024-11-18,딸기,딸기(일반),77589.0,2.8,0.0,11,46724.0,94029.42857142857,73741.13333333333,87375.0,-0.11199999999999999,0,0,0,6.6
4531,2024-11-19,딸기,딸기(일반),70713.0,5.7,0.0,11,44646.0,90089.0,75116.56666666667,77589.0,-0.08862080965085262,0,0,0,6.6
4532,2024-11-20,딸기,딸기(일반),87351.0,6.5,0.0,11,45459.0,90546.42857142857,77046.6,70713.0,0.23528912646896605,0,0,0,6.6
4533,2024-11-21,딸기,딸기(일반),87223.0,9.7,0.0,11,41925.0,87037.28571428571,79687.36666666667,87351.0,-0.0014653524287071562,0,0,0,6.6
4534,2024-11-22,딸기,딸기(일반),87992.0,6.2,0.0,11,44253.0,84862.0,82353.76666666666,87223.0,0.008816481891244177,0,0,0,6.5
4535,2024-11-23,딸기,딸기(일반),80958.0,6.4,0.0,11,41418.0,82743.0,84785.7,87992.0,-0.07993908537139738,0,0,0,6.5
4536,2024-11-25,딸기,딸기(일반),72566.0,10.1,0.0,11,47999.0,80627.42857142857,86937.9,80958.0,-0.10365868722053406,0,0,0,0.0
4537,2024-11-26,딸기,딸기(일반),67731.0,5.8,26.0,11,42061.0,79219.14285714286,88928.93333333333,72566.0,-0.06662899980707215,0,0,0,26.0
4538,2024-11-27,딸기,딸기(일반),72200.0,-0.4,22.4,11,46232.0,79431.57142857143,91068.93333333333,67731.0,0.06598160369697781,0,0,0,48.4
4539,2024-11-28,딸기,딸기(일반),71005.0,0.8,4.9,11,40928.0,77096.42857142857,93169.1,72200.0,-0.016551246537396147,0,0,0,53.3
4540,2024-11-29,딸기,딸기(일반),70267.0,0.2,0.0,11,44392.0,74674.14285714286,92844.66666666667,71005.0,-0.010393634251109063,0,0,0,53.3
4541,2024-11-30,딸기,딸기(일반),67305.0,2.5,0.0,11,47334.0,71718.85714285714,92421.5,70267.0,-0.04215350022058717,0,0,0,53.3
4542,2024-12-02,딸기,딸기(일반),69433.0,6.4,0.0,12,57860.0,70072.42857142857,90783.56666666667,67305.0,0.031617264690587676,0,0,0,53.3
4543,2024-12-03,딸기,딸기(일반),64926.0,1.3,0.0,12,55601.0,68981.0,90747.76666666666,69433.0,-0.06491149741477398,0,0,0,53.3
4544,2024-12-04,딸기,딸기(일반),64152.0,3.1,0.0,12,49179.0,68469.71428571429,88886.16666666667,64926.0,-0.011921264208483495,0,0,0,27.299999999999997
4545,2024-12-05,딸기,딸기(일반),62636.0,3.9,1.8,12,35970.0,67103.42857142857,87474.03333333334,64152.0,-0.023631375483227357,0,0,0,6.7
4546,2024-12-06,딸기,딸기(일반),58894.0,2.1,0.0,12,47922.0,65373.28571428572,86419.4,62636.0,-0.05974200140494279,0,0,0,1.8
4547,2024-12-07,딸기,딸기(일반),59025.0,0.2,0.0,12,61433.0,63767.28571428572,85053.56666666667,58894.0,0.0022243352463748867,0,0,0,1.8
4548,2024-12-09,딸기,딸기(일반),61894.0,1.0,0.0,12,55246.0,62994.28571428572,83087.06666666667,59025.0,0.04860652265988996,0,0,0,1.8
4549,2024-12-10,딸기,딸기(일반),54884.0,2.6,0.0,12,46753.0,60915.857142857145,81344.0,61894.0,-0.11325815103241021,0,0,0,1.8
4550,2024-12-11,딸기,딸기(일반),55985.0,3.0,0.0,12,56664.0,59638.57142857143,79782.16666666667,54884.0,0.02006049121784126,0,0,0,1.8
4551,2024-12-12,딸기,딸기(일반),60415.0,0.5,0.0,12,40524.0,59104.71428571428,77950.76666666666,55985.0,0.0791283379476646,0,0,0,1.8
4552,2024-12-13,딸기,딸기(일반),61449.0,1.0,0.0,12,46575.0,58935.142857142855,76254.23333333334,60415.0,0.017114954895307566,0,0,0,0.0
4553,2024-12-14,딸기,딸기(일반),52998.0,-0.8,0.0,12,42379.0,58092.857142857145,74006.93333333333,61449.0,-0.1375286823219255,0,0,0,0.0
4554,2024-12-16,딸기,딸기(일반),57306.0,-0.2,0.0,12,43251.0,57847.28571428572,72640.6,52998.0,0.0812860862674063,0,0,0,0.0
4555,2024-12-17,딸기,딸기(일반),54016.0,-0.8,0.0,12,33036.0,56721.857142857145,71636.16666666667,57306.0,-0.057411091334240716,0,0,0,0.0
4556,2024-12-18,딸기,딸기(일반),58210.0,-3.4,0.0,12,41484.0,57197.0,69850.26666666666,54016.0,0.0776436611374407,0,0,0,0.0
4557,2024-12-19,딸기,딸기(일반),57258.0,-1.4,0.0,12,35697.0,57378.857142857145,68318.23333333334,58210.0,-0.0163545782511596,0,0,0,0.0
4558,2024-12-20,딸기,딸기(일반),56064.0,1.4,0.4,12,42012.0,56757.28571428572,66994.0,57258.0,-0.020852981242795776,0,0,0,0.4
4559,2024-12-21,딸기,딸기(일반),61830.0,-0.7,2.9,12,45506.0,56811.71428571428,66142.5,56064.0,0.10284674657534243,0,0,0,3.3
4560,2024-12-23,딸기,딸기(일반),66794.0,0.3,0.0,12,41797.0,58782.57142857143,65782.66666666667,61830.0,0.08028465146369079,0,0,0,3.3
4561,2024-12-24,딸기,딸기(일반),58852.0,-0.4,0.0,12,37935.0,59003.42857142857,65387.3,66794.0,-0.11890289546965294,0,0,0,3.3
4562,2024-12-25,딸기,딸기(일반),58164.0,2.7,0.1,12,46420.0,59596.0,64414.4,58852.0,-0.011690341874532773,0,0,0,3.4
4563,2024-12-26,딸기,딸기(일반),60617.0,0.1,0.0,12,45597.0,59939.857142857145,63527.53333333333,58164.0,0.042173853242555515,0,0,0,3.4
4564,2024-12-27,딸기,딸기(일반),58366.0,-2.6,0.0,12,45276.0,60098.142857142855,62540.0,60617.0,-0.037134797169110945,0,0,0,3.4
4565,2024-12-28,딸기,딸기(일반),53985.0,-3.0,0.0,12,46633.0,59801.142857142855,61640.9,58366.0,-0.0750608230819313,0,0,0,3.0
4566,2024-12-30,딸기,딸기(일반),54245.0,5.5,0.0,12,46128.0,58717.57142857143,61030.2,53985.0,0.004816152634991244,0,0,0,0.1
4567,2024-12-31,딸기,딸기(일반),52943.0,0.6,0.0,12,44986.0,56738.857142857145,60537.26666666667,54245.0,-0.02400221218545484,0,0,0,0.1
4568,2025-01-02,딸기,딸기(일반),52943.0,0.5,0.0,1,42460.0,55894.71428571428,59895.36666666667,52943.0,0.0,0,0,0,0.1
4569,2025-01-03,딸기,딸기(일반),54701.0,-1.1,0.0,1,42886.0,55400.0,59351.9,52943.0,0.033205522920877195,0,0,0,0.0
4570,2025-01-04,딸기,딸기(일반),49587.0,-0.1,0.0,1,44499.0,53824.28571428572,58662.566666666666,54701.0,-0.0934900641670171,0,0,0,0.0
4571,2025-01-06,딸기,딸기(일반),46580.0,1.0,3.0,1,43596.0,52140.57142857143,57971.73333333333,49587.0,-0.06064089378264459,0,0,0,3.0
4572,2025-01-07,딸기,딸기(일반),43970.0,-2.6,0.1,1,42056.0,50709.857142857145,57122.96666666667,46580.0,-0.056032632030914575,0,0,0,3.1
4573,2025-01-08,딸기,딸기(일반),49361.0,-3.4,0.0,1,40270.0,50012.142857142855,56604.13333333333,43970.0,0.12260632249260861,0,0,0,3.1
4574,2025-01-09,딸기,딸기(일반),52832.0,-9.7,0.0,1,39647.0,49996.28571428572,56226.8,49361.0,0.07031867263629188,0,0,0,3.1
4575,2025-01-10,딸기,딸기(일반),55648.0,-7.3,0.0,1,40410.0,50382.71428571428,55993.86666666667,52832.0,0.053301029678982426,0,0,0,3.1
4576,2025-01-11,딸기,딸기(일반),59093.0,-5.1,0.0,1,43854.0,51010.142857142855,56000.5,55648.0,0.06190698677400808,0,0,0,3.1
4577,2025-01-13,딸기,딸기(일반),55838.0,-0.4,1.3,1,41238.0,51903.142857142855,55894.26666666667,59093.0,-0.05508266630565384,0,0,0,4.4
4578,2025-01-14,딸기,딸기(일반),49836.0,2.3,0.1,1,36844.0,52368.28571428572,55492.333333333336,55838.0,-0.10748952326372718,0,0,0,1.5000000000000002
4579,2025-01-15,딸기,딸기(일반),52888.0,-3.5,0.0,1,36711.0,53642.28571428572,55425.8,49836.0,0.06124087005377632,0,0,0,1.4000000000000001
4580,2025-01-16,딸기,딸기(일반),53055.0,-0.5,0.0,1,33284.0,54170.0,55328.13333333333,52888.0,0.003157616094388249,0,0,0,1.4000000000000001
4581,2025-01-17,딸기,딸기(일반),54681.0,-0.5,0.0,1,34303.0,54434.142857142855,55137.0,53055.0,0.030647441334464176,0,0,0,1.4000000000000001
4582,2025-01-18,딸기,딸기(일반),53521.0,1.0,0.0,1,35232.0,54130.28571428572,54872.73333333333,54681.0,-0.021213950000914417,0,0,0,1.4000000000000001
4583,2025-01-20,딸기,딸기(일반),53990.0,3.9,0.0,1,37500.0,53401.28571428572,54905.8,53521.0,0.008762915491115741,0,0,0,1.4000000000000001
4584,2025-01-21,딸기,딸기(일반),44528.0,2.4,0.0,1,35111.0,51785.57142857143,54479.86666666667,53990.0,-0.17525467679199846,0,0,0,0.1
4585,2025-01-22,딸기,딸기(일반),50015.0,3.6,0.0,1,33619.0,51811.142857142855,54346.5,44528.0,0.1232258354293927,0,0,0,0.0
4586,2025-01-23,딸기,딸기(일반),50587.0,2.0,0.0,1,35480.0,51482.42857142857,54092.4,50015.0,0.011436569029291244,0,0,0,0.0
4587,2025-01-24,딸기,딸기(일반),61572.0,3.1,0.0,1,36499.0,52699.142857142855,54236.2,50587.0,0.2171506513531145,0,0,0,0.0
4588,2025-01-25,딸기,딸기(일반),59505.0,5.2,0.0,1,39405.0,53388.28571428572,54350.9,61572.0,-0.033570454102514136,0,0,0,0.0
4589,2025-01-27,딸기,딸기(일반),62237.0,0.2,5.6,1,39038.0,54633.42857142857,54364.46666666667,59505.0,0.04591210822619951,0,0,0,5.6
4590,2025-01-28,딸기,딸기(일반),45232.0,-3.9,0.1,1,34867.0,53382.28571428572,53645.73333333333,62237.0,-0.27322975079132994,0,0,0,5.699999999999999
4591,2025-02-01,딸기,딸기(일반),44859.0,1.6,0.0,2,35379.0,53429.57142857143,53179.3,45232.0,-0.008246374248319754,0,0,0,5.699999999999999
4592,2025-02-03,딸기,딸기(일반),47657.0,-4.1,0.0,2,32662.0,53092.71428571428,52829.066666666666,44859.0,0.06237321384783434,0,0,0,5.699999999999999
4593,2025-02-04,딸기,딸기(일반),42054.0,-9.0,0.0,2,31904.0,51873.71428571428,52210.3,47657.0,-0.1175692972700757,0,0,0,5.699999999999999
4594,2025-02-05,딸기,딸기(일반),57327.0,-8.6,0.0,2,33881.0,51267.28571428572,52175.666666666664,42054.0,0.3631759166785562,0,0,0,5.699999999999999
4595,2025-02-06,딸기,딸기(일반),40320.0,-5.6,2.3,2,36316.0,48526.57142857143,51720.166666666664,57327.0,-0.2966664922287927,0,0,0,8.0
4596,2025-02-07,딸기,딸기(일반),50850.0,-8.0,0.4,2,33583.0,46899.857142857145,51607.0,40320.0,0.2611607142857142,0,0,0,2.8
4597,2025-02-08,딸기,딸기(일반),44885.0,-7.9,0.0,2,33525.0,46850.28571428572,51338.4,50850.0,-0.11730580137659785,0,0,0,2.6999999999999997
4598,2025-02-10,딸기,딸기(일반),49858.0,-2.6,0.0,2,31311.0,47564.42857142857,51235.566666666666,44885.0,0.11079425197727533,0,0,0,2.6999999999999997
4599,2025-02-11,딸기,딸기(일반),53269.0,0.5,0.0,2,31167.0,48366.142857142855,51187.833333333336,49858.0,0.06841429660235065,0,0,0,2.6999999999999997
4600,2025-02-13,딸기,딸기(일반),44767.0,0.2,0.0,2,34265.0,48753.71428571428,51027.166666666664,53269.0,-0.15960502355966888,0,0,0,2.6999999999999997
4601,2025-02-14,딸기,딸기(일반),57886.0,3.7,0.0,2,38835.0,48833.57142857143,51404.03333333333,44767.0,0.2930506846561083,0,0,0,2.6999999999999997
4602,2025-02-15,딸기,딸기(일반),48952.0,4.1,0.0,2,32957.0,50066.71428571428,51570.1,57886.0,-0.15433783643713506,0,0,0,0.4
4603,2025-02-17,딸기,딸기(일반),49952.0,-0.3,0.0,2,30764.0,49938.42857142857,51589.8,48952.0,0.02042817453832324,0,0,0,0.0
4604,2025-02-18,딸기,딸기(일반),37894.0,-2.3,0.0,2,28517.0,48939.71428571428,51091.86666666667,49952.0,-0.241391736066624,0,0,0,0.0
4605,2025-02-19,딸기,딸기(일반),45507.0,-3.0,0.0,2,29346.0,48318.142857142855,50753.833333333336,37894.0,0.20090251754895228,0,0,0,0.0
4606,2025-02-20,딸기,딸기(일반),33510.0,-2.9,0.0,2,33229.0,45495.42857142857,49901.066666666666,45507.0,-0.26362977124398446,0,0,0,0.0
4607,2025-02-21,딸기,딸기(일반),42258.0,-2.5,0.0,2,38097.0,45137.0,49448.4,33510.0,0.26105640107430617,0,0,0,0.0
4608,2025-02-22,딸기,딸기(일반),38028.0,-2.3,0.0,2,33184.0,42300.142857142855,49054.8,42258.0,-0.10009938946471675,0,0,0,0.0
4609,2025-02-24,딸기,딸기(일반),38915.0,-1.3,0.0,2,32342.0,40866.28571428572,48589.03333333333,38028.0,0.023324918481119283,0,0,0,0.0
4610,2025-02-25,딸기,딸기(일반),36412.0,2.1,0.0,2,32855.0,38932.0,48034.26666666667,38915.0,-0.06431967107799053,0,0,0,0.0
4611,2025-02-26,딸기,딸기(일반),37180.0,3.7,0.0,2,34810.0,38830.0,47450.9,36412.0,0.021091947709546366,0,0,0,0.0
4612,2025-02-27,딸기,딸기(일반),34295.0,5.8,0.0,2,36023.0,37228.28571428572,46810.03333333333,37180.0,-0.0775954814416353,0,0,0,0.0
4613,2025-02-28,딸기,딸기(일반),43350.0,7.8,0.0,2,39984.0,38634.0,46455.36666666667,34295.0,0.26403265782183993,0,0,0,0.0
4614,2025-03-01,딸기,딸기(일반),39932.0,8.5,0.6,3,32430.0,38301.71428571428,46302.166666666664,43350.0,-0.07884659746251443,0,0,1,0.6
4615,2025-03-03,딸기,딸기(일반),40563.0,3.1,10.4,3,32458.0,38663.857142857145,45987.1,39932.0,0.015801863167384633,0,0,1,11.0
4616,2025-03-04,딸기,딸기(일반),39693.0,2.5,4.0,3,31787.0,38775.0,45623.96666666667,40563.0,-0.021448117742770556,0,0,1,15.0
4617,2025-03-06,딸기,딸기(일반),39685.0,4.8,0.0,3,31358.0,39242.57142857143,44894.4,39693.0,-0.00020154687224449575,0,0,1,15.0
4618,2025-03-07,딸기,딸기(일반),39110.0,5.3,0.0,3,31424.0,39518.28571428572,44214.566666666666,39685.0,-0.014489101675696059,0,0,1,15.0
4619,2025-03-08,딸기,딸기(일반),41336.0,5.8,0.0,3,31882.0,40524.142857142855,43517.86666666667,39110.0,0.056916389670160994,0,0,1,15.0
4620,2025-03-10,딸기,딸기(일반),37412.0,8.0,0.0,3,31505.0,39675.857142857145,43257.2,41336.0,-0.09492935939616798,0,0,1,15.0
4621,2025-03-11,딸기,딸기(일반),34138.0,9.4,0.0,3,34338.0,38848.142857142855,42899.833333333336,37412.0,-0.0875120282262376,0,0,1,14.4
4622,2025-03-12,딸기,딸기(일반),32942.0,8.5,0.0,3,37062.0,37759.42857142857,42409.333333333336,34138.0,-0.03503427265803505,0,0,1,4.0
4623,2025-03-13,딸기,딸기(일반),32097.0,8.9,0.0,3,44734.0,36674.28571428572,42077.433333333334,32942.0,-0.025651144435674844,0,0,1,0.0
4624,2025-03-14,딸기,딸기(일반),36718.0,12.4,0.0,3,51428.0,36250.42857142857,41390.46666666667,32097.0,0.14396984141820113,0,0,1,0.0
4625,2025-03-15,딸기,딸기(일반),42202.0,12.6,0.0,3,50634.0,36692.142857142855,41453.2,36718.0,0.1493545400076257,0,0,1,0.0
4626,2025-03-17,딸기,딸기(일반),36583.0,2.5,0.4,3,41957.0,36013.142857142855,40977.63333333333,42202.0,-0.1331453485616796,0,0,1,0.4
4627,2025-03-18,딸기,딸기(일반),35350.0,2.1,9.9,3,37125.0,35718.57142857143,40659.8,36583.0,-0.03370417953694338,0,0,1,10.3
4628,2025-03-19,딸기,딸기(일반),35058.0,2.4,0.0,3,38936.0,35850.0,40166.46666666667,35350.0,-0.008260254596888283,0,0,1,10.3
4629,2025-03-20,딸기,딸기(일반),37205.0,8.2,0.0,3,38669.0,36459.0,39631.0,35058.0,0.061241371441611125,0,0,1,10.3
4630,2025-03-21,딸기,딸기(일반),42662.0,11.6,0.0,3,35939.0,37968.28571428572,39560.833333333336,37205.0,0.14667383416207502,0,0,1,10.3
4631,2025-03-22,딸기,딸기(일반),42645.0,12.8,0.0,3,44074.0,38815.0,39052.8,42662.0,-0.0003984810838685293,0,0,1,10.3
4632,2025-03-24,딸기,딸기(일반),35266.0,15.5,0.0,3,40273.0,37824.142857142855,38596.6,42645.0,-0.173033180912182,0,0,1,10.3
4633,2025-03-25,딸기,딸기(일반),31708.0,12.7,0.0,3,40136.0,37127.71428571428,37988.46666666667,35266.0,-0.10089037599954631,0,0,1,9.9
4634,2025-03-26,딸기,딸기(일반),29862.0,15.5,0.0,3,35734.0,36343.71428571428,37720.73333333333,31708.0,-0.058218746057777215,0,0,1,0.0
4635,2025-03-27,딸기,딸기(일반),29734.0,13.7,0.3,3,32784.0,35583.142857142855,37194.96666666667,29862.0,-0.004286384033219459,0,0,1,0.3
4636,2025-03-28,딸기,딸기(일반),33313.0,6.5,0.0,3,34088.0,35027.142857142855,37188.4,29734.0,0.12036725633954393,0,0,1,0.3
4637,2025-03-29,딸기,딸기(일반),39855.0,3.3,0.0,3,31069.0,34626.142857142855,37108.3,33313.0,0.1963797916729204,0,0,1,0.3
4638,2025-03-31,딸기,딸기(일반),34364.0,7.7,0.0,3,29865.0,33443.142857142855,36986.166666666664,39855.0,-0.1377744323171497,0,0,1,0.3
4639,2025-04-01,딸기,딸기(일반),34569.0,10.1,0.0,4,28303.0,33343.57142857143,36841.3,34364.0,0.00596554533814464,0,0,1,0.3
4640,2025-04-02,딸기,딸기(일반),35990.0,8.9,0.0,4,25771.0,33955.28571428572,36827.23333333333,34569.0,0.04110619341028099,0,0,1,0.3
4641,2025-04-03,딸기,딸기(일반),38756.0,9.8,0.0,4,26718.0,35225.857142857145,36879.76666666667,35990.0,0.07685468185607114,0,0,1,0.3
4642,2025-04-04,딸기,딸기(일반),46667.0,10.6,0.0,4,28731.0,37644.857142857145,37292.166666666664,38756.0,0.20412323253173703,0,0,1,0.0
4643,2025-04-05,딸기,딸기(일반),54471.0,8.0,22.8,4,28261.0,40667.42857142857,37662.86666666667,46667.0,0.1672273769473076,0,0,1,22.8
4644,2025-04-07,딸기,딸기(일반),44204.0,13.5,0.0,4,23413.0,41288.71428571428,37805.26666666667,54471.0,-0.1884856161994456,0,0,1,22.8
4645,2025-04-08,딸기,딸기(일반),39852.0,13.8,0.0,4,23456.0,42072.71428571428,37781.566666666666,44204.0,-0.09845262872138272,0,0,1,22.8
4646,2025-04-09,딸기,딸기(일반),36729.0,12.7,0.8,4,23088.0,42381.28571428572,37682.76666666667,39852.0,-0.07836495031616986,0,0,1,23.6
4647,2025-04-10,딸기,딸기(일반),33083.0,13.2,0.0,4,23233.0,41966.0,37462.7,36729.0,-0.09926760870157092,0,0,1,23.6
4648,2025-04-11,딸기,딸기(일반),37622.0,16.2,0.0,4,23856.0,41804.0,37413.1,33083.0,0.13720037481485958,0,0,1,23.6
4649,2025-04-12,딸기,딸기(일반),33223.0,12.9,15.4,4,24068.0,39883.42857142857,37142.666666666664,37622.0,-0.11692626654616978,0,0,1,39.0
4650,2025-04-14,딸기,딸기(일반),30328.0,4.4,7.4,4,21765.0,36434.42857142857,36906.53333333333,33223.0,-0.0871384281973332,0,0,1,23.6
4651,2025-04-15,딸기,딸기(일반),31718.0,8.2,0.0,4,21321.0,34650.71428571428,36825.86666666667,30328.0,0.04583223423898697,0,0,1,23.6
4652,2025-04-16,딸기,딸기(일반),34969.0,14.6,0.0,4,21364.0,33953.142857142855,36893.433333333334,31718.0,0.10249700485528712,0,0,1,23.6
4653,2025-04-17,딸기,딸기(일반),37623.0,19.7,0.0,4,20821.0,34080.857142857145,37077.63333333333,34969.0,0.07589579341702657,0,0,1,22.8
4654,2025-04-18,딸기,딸기(일반),39348.0,18.6,0.0,4,19278.0,34975.857142857145,37165.3,37623.0,0.04584961326847936,0,0,1,22.8
4655,2025-04-19,딸기,딸기(일반),39129.0,15.3,9.2,4,20681.0,35191.142857142855,37062.86666666667,39348.0,-0.0055657212564805825,0,0,1,32.0
4656,2025-04-21,딸기,딸기(일반),30535.0,20.7,0.0,4,22881.0,34807.142857142855,36861.26666666667,39129.0,-0.21963249763602444,0,0,1,16.6
4657,2025-04-22,딸기,딸기(일반),24548.0,17.8,34.8,4,22000.0,33981.42857142857,36501.2,30535.0,-0.1960700835107254,0,0,1,44.0
4658,2025-04-23,딸기,딸기(일반),26130.0,16.8,0.0,4,23222.0,33183.142857142855,36203.6,24548.0,0.06444516864917715,0,0,1,44.0
4659,2025-04-24,딸기,딸기(일반),31567.0,14.7,0.0,4,26000.0,32697.14285714286,36015.666666666664,26130.0,0.208075009567547,0,0,1,44.0
4660,2025-04-25,딸기,딸기(일반),35614.0,12.5,0.0,4,33000.0,32410.14285714286,35780.73333333333,31567.0,0.12820350365888422,0,0,1,44.0
4661,2025-04-26,딸기,딸기(일반),44217.0,13.8,0.0,4,41000.0,33105.71428571428,35833.13333333333,35614.0,0.2415623069579378,0,0,1,44.0
4662,2025-04-28,딸기,딸기(일반),36619.0,15.1,0.0,4,30000.0,32747.14285714286,35878.23333333333,44217.0,-0.1718343623493227,0,0,1,34.8
4663,2025-04-29,딸기,딸기(일반),35290.0,14.8,0.0,4,30000.0,33426.42857142857,35997.63333333333,36619.0,-0.036292634970916726,0,0,1,34.8
4664,2025-04-30,딸기,딸기(일반),37772.0,18.4,0.0,4,30000.0,35315.57142857143,36261.3,35290.0,0.0703315386795127,0,0,1,0.0
4665,2025-05-01,딸기,딸기(일반),38182.0,14.7,21.1,5,30000.0,37037.28571428572,36542.9,37772.0,0.010854601291962362,0,0,0,21.1
4666,2025-05-02,딸기,딸기(일반),39961.0,13.4,0.0,5,100000.0,38236.42857142857,36764.5,38182.0,0.04659263527316537,0,0,0,21.1
4667,2025-05-03,딸기,딸기(일반),44567.0,11.2,7.3,5,100000.0,39515.42857142857,36921.566666666666,39961.0,0.11526238082130069,0,0,0,28.400000000000002
4668,2025-05-05,딸기,딸기(일반),37871.0,12.1,0.0,5,102857.0,38608.857142857145,37038.46666666667,44567.0,-0.1502456974891736,0,0,0,28.400000000000002
4669,2025-05-06,딸기,딸기(일반),39512.0,14.4,0.0,5,100000.0,39022.142857142855,37203.23333333333,37871.0,0.043331308917113454,0,0,0,28.400000000000002
4670,2025-05-07,딸기,딸기(일반),41812.0,14.9,0.0,5,121667.0,39953.857142857145,37397.3,39512.0,0.058210164000809916,0,0,0,28.400000000000002
4671,2025-05-08,딸기,딸기(일반),43615.0,17.4,0.0,5,130000.0,40788.57142857143,37559.26666666667,41812.0,0.04312159188749631,0,0,0,28.400000000000002
4672,2025-05-09,딸기,딸기(일반),45019.0,15.1,17.6,5,107368.0,41765.28571428572,37504.333333333336,43615.0,0.03219076005961252,0,0,0,24.900000000000002
4673,2025-05-10,딸기,딸기(일반),42006.0,12.3,14.1,5,88132.0,42057.42857142857,37088.833333333336,45019.0,-0.06692729736333547,0,0,0,39.0
4674,2025-05-12,딸기,딸기(일반),36098.0,17.0,0.0,5,92727.0,40847.57142857143,36818.63333333333,42006.0,-0.1406465742989097,0,0,0,31.700000000000003
4675,2025-05-13,딸기,딸기(일반),32868.0,19.9,0.0,5,103500.0,40132.857142857145,36585.833333333336,36098.0,-0.08947864147598206,0,0,0,31.700000000000003
4676,2025-05-14,딸기,딸기(일반),31372.0,21.0,0.0,5,96714.0,38970.0,36407.26666666667,32868.0,-0.045515394912985285,0,0,0,31.700000000000003
4677,2025-05-15,딸기,딸기(일반),27768.0,19.5,1.1,5,97852.0,36963.71428571428,36230.1,31372.0,-0.11487951039143185,0,0,0,32.800000000000004
4678,2025-05-16,딸기,딸기(일반),29169.0,19.4,51.3,5,75678.0,34900.0,35948.333333333336,27768.0,0.0504537597234227,0,0,0,84.1
4679,2025-05-17,딸기,딸기(일반),27990.0,18.3,2.2,5,80535.0,32467.285714285714,35773.9,29169.0,-0.04041962357297135,0,0,0,68.7
4680,2025-05-19,딸기,딸기(일반),24831.0,16.1,1.6,5,80268.0,30013.714285714286,35590.666666666664,27990.0,-0.1128617363344051,0,0,0,56.199999999999996
4681,2025-05-20,딸기,딸기(일반),24079.0,22.2,1.0,5,81320.0,28296.714285714286,35336.03333333333,24831.0,-0.030284724739237268,0,0,0,57.199999999999996
4682,2025-05-21,딸기,딸기(일반),26071.0,25.5,0.0,5,84914.0,27325.714285714286,35039.433333333334,24079.0,0.08272768802691144,0,0,0,57.199999999999996
4683,2025-05-22,딸기,딸기(일반),25363.0,23.9,0.8,5,88235.0,26467.285714285714,34630.76666666667,26071.0,-0.0271566107936021,0,0,0,58.0
4684,2025-05-23,딸기,딸기(일반),23660.0,19.4,1.2,5,77057.0,25880.428571428572,34107.833333333336,25363.0,-0.06714505381855462,0,0,0,58.099999999999994
4685,2025-05-24,딸기,딸기(일반),24505.0,15.6,4.3,5,78087.0,25214.14285714286,33620.36666666667,23660.0,0.03571428571428581,0,0,0,11.1
4686,2025-05-26,딸기,딸기(일반),21889.0,19.7,0.0,5,90296.0,24342.571428571428,33332.166666666664,24505.0,-0.10675372372985104,0,0,0,8.899999999999999
4687,2025-05-27,딸기,딸기(일반),21519.0,20.8,0.0,5,104125.0,23869.428571428572,33231.2,21889.0,-0.016903467495088864,0,0,0,7.299999999999999
4688,2025-05-28,딸기,딸기(일반),21853.0,20.8,0.0,5,90127.0,23551.428571428572,33088.63333333333,21519.0,0.015521167340489805,0,0,0,6.299999999999999
4689,2025-05-29,딸기,딸기(일반),22374.0,21.2,0.0,5,92688.0,23023.285714285714,32782.2,21853.0,0.02384112021232787,0,0,0,6.299999999999999
4690,2025-05-30,딸기,딸기(일반),22143.0,22.2,0.0,5,82247.0,22563.285714285714,32333.166666666668,22374.0,-0.010324483775811188,0,0,0,5.499999999999999
4691,2025-05-31,딸기,딸기(일반),26322.0,21.5,0.0,5,70949.0,22943.571428571428,31736.666666666668,22143.0,0.18872781465926036,0,0,0,4.299999999999999
4692,2025-06-02,딸기,딸기(일반),23438.0,21.0,0.0,6,72729.0,22791.14285714286,31297.3,26322.0,-0.10956614239039586,0,0,0,0.0
4693,2025-06-03,딸기,딸기(일반),19922.0,20.9,0.0,6,73506.0,22510.14285714286,30785.033333333333,23438.0,-0.15001279972693915,0,0,0,0.0
4694,2025-06-04,딸기,딸기(일반),19679.0,20.5,0.0,6,67991.0,22247.285714285714,30181.933333333334,19922.0,-0.012197570525047663,0,0,0,0.0
4695,2025-06-05,딸기,딸기(일반),22188.0,21.7,0.0,6,65763.0,22295.14285714286,29648.8,19679.0,0.1274963158697089,0,0,0,0.0
4696,2025-06-06,딸기,딸기(일반),24057.0,24.1,0.0,6,57500.0,22535.571428571428,29118.666666666668,22188.0,0.08423472147106548,0,0,0,0.0
4697,2025-06-07,딸기,딸기(일반),29644.0,23.7,0.1,6,56239.0,23607.14285714286,28621.233333333334,24057.0,0.23224009643762722,0,0,0,0.1
4698,2025-06-09,딸기,딸기(일반),26981.0,24.2,0.0,6,63000.0,23701.285714285714,28258.233333333334,29644.0,-0.08983268114964238,0,0,0,0.1
4699,2025-06-10,딸기,딸기(일반),20684.0,21.7,0.0,6,67434.0,23307.85714285714,27630.633333333335,26981.0,-0.2333864571365034,0,0,0,0.1
4700,2025-06-11,딸기,딸기(일반),23600.0,22.7,0.0,6,68560.0,23833.285714285714,27023.566666666666,20684.0,0.14097853413266304,0,0,0,0.1
4701,2025-06-12,딸기,딸기(일반),25381.0,25.5,0.0,6,68560.0,24647.85714285714,26415.766666666666,23600.0,0.07546610169491519,0,0,0,0.1
4702,2025-06-13,딸기,딸기(일반),26000.0,24.0,1.5,6,55196.0,25192.428571428572,25781.8,25381.0,0.024388321973129568,0,0,0,1.6
4703,2025-06-14,딸기,딸기(일반),35000.0,25.6,0.0,6,51612.0,26755.714285714286,25548.266666666666,26000.0,0.34615384615384626,0,0,0,1.6
4704,2025-06-16,딸기,딸기(일반),20556.0,23.0,20.0,6,53852.0,25457.428571428572,25030.2,35000.0,-0.4126857142857143,0,0,0,21.5
4705,2025-06-17,딸기,딸기(일반),20556.0,24.8,0.0,6,58035.0,24539.571428571428,24619.8,20556.0,0.0,0,0,0,21.5
4706,2025-06-18,딸기,딸기(일반),20556.0,25.5,0.0,6,56185.0,24521.285714285714,24259.266666666666,20556.0,0.0,0,0,0,21.5
4707,2025-06-19,딸기,딸기(일반),20556.0,28.1,0.8,6,52847.0,24086.428571428572,24018.866666666665,20556.0,0.0,0,0,0,22.3
4708,2025-06-20,딸기,딸기(일반),20556.0,24.1,51.1,6,48747.0,23397.14285714286,23731.766666666666,20556.0,0.0,0,0,0,73.4
4709,2025-06-21,딸기,딸기(일반),20556.0,22.0,0.2,6,47708.0,22619.428571428572,23483.966666666667,20556.0,0.0,0,0,0,72.1
4710,2025-06-23,딸기,딸기(일반),20556.0,26.1,0.0,6,45152.0,20556.0,23341.466666666667,20556.0,0.0,0,0,0,72.1
4711,2025-06-24,딸기,딸기(일반),20556.0,25.0,2.3,6,46375.0,20556.0,23224.033333333333,20556.0,0.0,0,0,0,54.4
4712,2025-06-25,딸기,딸기(일반),20556.0,20.9,8.0,6,45727.0,20556.0,23040.2,20556.0,0.0,0,0,0,62.4
4713,2025-06-26,딸기,딸기(일반),20556.0,22.2,1.1,6,48048.0,20556.0,22879.966666666667,20556.0,0.0,0,0,0,63.5
4714,2025-10-20,딸기,딸기(일반),100000.0,10.0,0.0,10,47898.0,31905.14285714286,25424.633333333335,20556.0,3.8647596808717646,0,1,0,62.7
4715,2025-10-21,딸기,딸기(일반),80000.0,9.2,0.0,10,47818.0,40397.142857142855,27274.466666666667,100000.0,-0.19999999999999996,0,1,0,11.6
4716,2025-10-22,딸기,딸기(일반),96667.0,13.1,0.0,10,52085.0,51270.142857142855,29767.066666666666,80000.0,0.20833750000000006,0,1,0,11.4
4717,2025-10-23,딸기,딸기(일반),80000.0,14.9,0.0,10,57640.0,59762.142857142855,31716.433333333334,96667.0,-0.1724166468391488,0,1,0,11.4
4718,2025-10-24,딸기,딸기(일반),101667.0,15.8,0.0,10,56961.0,71349.42857142857,34376.9,80000.0,0.27083750000000006,0,1,0,9.1
4719,2025-10-25,딸기,딸기(일반),104000.0,14.4,0.0,10,62857.0,83270.0,37097.76666666667,101667.0,0.02294746574601403,0,1,0,1.1
4720,2025-10-27,딸기,딸기(일반),90333.0,8.1,0.0,10,63487.0,93238.14285714286,39370.76666666667,104000.0,-0.13141346153846156,0,1,0,0.0
4721,2025-10-28,딸기,딸기(일반),80714.0,8.5,0.0,10,54995.0,90483.0,41183.833333333336,90333.0,-0.10648378776305445,0,1,0,0.0
4722,2025-10-29,딸기,딸기(일반),103733.0,11.4,0.0,10,54989.0,93873.42857142857,43860.333333333336,80714.0,0.2851921599722478,0,1,0,0.0
4723,2025-10-30,딸기,딸기(일반),102455.0,12.8,0.0,10,59099.0,94700.28571428571,46611.433333333334,103733.0,-0.012320091002863132,0,1,0,0.0
4724,2025-10-31,딸기,딸기(일반),118148.0,15.1,0.1,10,59986.0,100150.0,49893.73333333333,102455.0,0.15316968425162258,0,1,0,0.1
4725,2025-11-03,딸기,딸기(일반),95475.0,7.2,0.0,11,57720.0,99265.42857142857,52336.63333333333,118148.0,-0.19190337542742997,0,0,0,0.1
4726,2025-11-04,딸기,딸기(일반),92500.0,10.2,0.0,11,51760.0,97622.57142857143,54618.066666666666,95475.0,-0.03115998952605392,0,0,0,0.1
4727,2025-11-05,딸기,딸기(일반),96033.0,11.6,0.0,11,42349.0,98436.85714285714,56831.03333333333,92500.0,0.03819459459459451,0,0,0,0.1
4728,2025-11-06,딸기,딸기(일반),92165.0,12.5,0.0,11,47076.0,100072.71428571429,59003.833333333336,96033.0,-0.04027782116564094,0,0,0,0.1
4729,2025-11-07,딸기,딸기(일반),80877.0,13.9,0.0,11,47128.0,96807.57142857143,61010.26666666667,92165.0,-0.1224759941409429,0,0,0,0.1
4730,2025-11-08,딸기,딸기(일반),86808.0,14.5,0.0,11,46159.0,94572.28571428571,63117.2,80877.0,0.07333358062242668,0,0,0,0.1
4731,2025-11-10,딸기,딸기(일반),67623.0,8.3,0.0,11,39772.0,87354.42857142857,64525.26666666667,86808.0,-0.22100497649986173,0,0,0,0.0
4732,2025-11-11,딸기,딸기(일반),63222.0,8.9,0.0,11,44546.0,82746.85714285714,65766.0,67623.0,-0.06508140721352207,0,0,0,0.0
4733,2025-11-12,딸기,딸기(일반),65300.0,10.8,0.0,11,44095.0,78861.14285714286,66776.0,63222.0,0.03286830533674978,0,0,0,0.0
4734,2025-11-13,딸기,딸기(일반),76441.0,11.1,0.0,11,51937.0,76062.28571428571,68638.83333333333,65300.0,0.17061255742725878,0,0,0,0.0
4735,2025-11-14,딸기,딸기(일반),75536.0,9.1,0.0,11,56047.0,73686.71428571429,70471.5,76441.0,-0.011839196242854011,0,0,0,0.0
4736,2025-11-15,딸기,딸기(일반),77531.0,9.8,0.0,11,55305.0,73208.71428571429,72370.66666666667,75536.0,0.026411247617030398,0,0,0,0.0
4737,2025-11-17,딸기,딸기(일반),63341.0,3.2,0.0,11,50710.0,69856.28571428571,73796.83333333333,77531.0,-0.18302356476764137,0,0,0,0.0
4738,2025-11-18,딸기,딸기(일반),63304.0,1.6,0.0,11,53457.0,69239.28571428571,75221.76666666666,63341.0,-0.0005841398146539944,0,0,0,0.0
4739,2025-11-19,딸기,딸기(일반),62603.0,3.0,0.0,11,53457.0,69150.85714285714,76623.33333333333,63304.0,-0.011073549854669573,0,0,0,0.0
4740,2025-11-20,딸기,딸기(일반),62385.0,7.4,0.0,11,60779.0,68734.42857142857,78017.63333333333,62603.0,-0.0034822612334871605,0,0,0,0.0
4741,2025-11-21,딸기,딸기(일반),67101.0,7.4,0.0,11,55367.0,67400.14285714286,79569.13333333333,62385.0,0.07559509497475347,0,0,0,0.0
4742,2025-11-22,딸기,딸기(일반),59264.0,9.6,0.0,11,63895.0,65075.57142857143,80859.4,67101.0,-0.11679408652628132,0,0,0,0.0
4743,2025-11-24,딸기,딸기(일반),54610.0,12.4,0.0,11,58541.0,61801.142857142855,81994.53333333334,59264.0,-0.07852996760259179,0,0,0,0.0
4744,2025-11-25,딸기,딸기(일반),49912.0,7.4,7.8,11,61192.0,59882.71428571428,80324.93333333333,54610.0,-0.08602819996337663,0,0,0,7.8
4745,2025-11-26,딸기,딸기(일반),49598.0,6.4,0.0,11,58554.0,57924.71428571428,79311.53333333334,49912.0,-0.006291072287225474,0,0,0,7.8
4746,2025-11-27,딸기,딸기(일반),54441.0,5.1,10.0,11,62410.0,56758.71428571428,77904.0,49598.0,0.09764506633331993,0,0,0,17.8
4747,2025-11-28,딸기,딸기(일반),50752.0,2.3,0.0,11,58499.0,55096.857142857145,76929.06666666667,54441.0,-0.06776142980474276,0,0,0,17.8
4748,2025-11-29,딸기,딸기(일반),54422.0,5.7,0.1,11,66665.0,53285.57142857143,75354.23333333334,50752.0,0.07231242118537207,0,0,0,17.900000000000002
4749,2025-12-01,딸기,딸기(일반),47582.0,5.5,0.0,12,55291.0,51616.71428571428,73473.63333333333,54422.0,-0.12568446584102022,0,0,0,17.900000000000002
4750,2025-12-02,딸기,딸기(일반),43299.0,0.1,0.0,12,61933.0,50000.857142857145,71905.83333333333,47582.0,-0.09001303013744688,0,0,0,17.900000000000002
4751,2025-12-03,딸기,딸기(일반),42629.0,-5.9,0.0,12,56146.0,48960.42857142857,70636.33333333333,43299.0,-0.015473798471096312,0,0,0,10.1
4752,2025-12-04,딸기,딸기(일반),41566.0,-3.2,4.0,12,65705.0,47813.0,68564.1,42629.0,-0.024936076379929117,0,0,0,14.100000000000001
4753,2025-12-05,딸기,딸기(일반),44315.0,-2.6,0.0,12,54568.0,46366.42857142857,66626.1,41566.0,0.06613578405427512,0,0,0,4.100000000000001
4754,2025-12-06,딸기,딸기(일반),44508.0,2.1,0.6,12,66417.0,45474.42857142857,64171.433333333334,44315.0,0.004355184474782892,0,0,0,4.700000000000001
4755,2025-12-08,딸기,딸기(일반),41925.0,3.4,0.0,12,50386.0,43689.142857142855,62386.433333333334,44508.0,-0.05803451064977083,0,0,0,4.600000000000001
4756,2025-12-09,딸기,딸기(일반),39139.0,2.8,0.0,12,66644.0,42483.0,60607.73333333333,41925.0,-0.06645199761478826,0,0,0,4.600000000000001
4757,2025-12-10,딸기,딸기(일반),42797.0,4.9,0.0,12,67837.0,42411.28571428572,58833.2,39139.0,0.09346176448044141,0,0,0,4.600000000000001
4758,2025-12-11,딸기,딸기(일반),44251.0,4.0,12.9,12,59417.0,42643.0,57236.066666666666,42797.0,0.03397434399607446,0,0,0,17.5
4759,2025-12-12,딸기,딸기(일반),53515.0,2.0,0.0,12,51107.0,44350.0,56324.0,44251.0,0.20935120110280003,0,0,0,13.500000000000002
4760,2025-12-15,딸기,딸기(일반),40497.0,0.7,0.0,12,39318.0,43804.57142857143,54780.3,53515.0,-0.24325889937400724,0,0,0,13.500000000000002
4761,2025-12-16,딸기,딸기(일반),37849.0,3.8,2.1,12,42758.0,42853.28571428572,53787.833333333336,40497.0,-0.06538755957231401,0,0,0,15.000000000000002
4762,2025-12-17,딸기,딸기(일반),39783.0,4.2,0.0,12,44036.0,42547.28571428572,53006.53333333333,37849.0,0.051097783296784494,0,0,0,15.000000000000002
4763,2025-12-18,딸기,딸기(일반),44887.0,2.3,0.0,12,42758.0,43368.42857142857,52326.1,39783.0,0.1282960058316367,0,0,0,15.000000000000002
4764,2025-12-19,딸기,딸기(일반),50169.0,4.9,0.0,12,41958.0,44421.57142857143,51450.36666666667,44887.0,0.11767326842961223,0,0,0,15.000000000000002
4765,2025-12-20,딸기,딸기(일반),53317.0,7.3,0.3,12,34903.0,45716.71428571428,50709.73333333333,50169.0,0.0627479120572465,0,0,0,2.4000000000000017
4766,2025-12-22,딸기,딸기(일반),52632.0,-0.7,0.0,12,36924.0,45590.57142857143,49879.76666666667,53317.0,-0.012847684603409792,0,0,0,2.4000000000000017
4767,2025-12-23,딸기,딸기(일반),50637.0,2.6,10.8,12,33316.0,47039.142857142855,49456.3,52632.0,-0.037904696762425916,0,0,0,13.200000000000003
4768,2025-12-24,딸기,딸기(일반),52617.0,2.8,0.0,12,49671.0,49148.857142857145,49100.066666666666,50637.0,0.03910184252621596,0,0,0,11.100000000000003
4769,2025-12-25,딸기,딸기(일반),53707.0,-3.6,0.0,12,63406.0,51138.0,48803.53333333333,52617.0,0.020715738259497796,0,0,0,11.100000000000003
4770,2025-12-26,딸기,딸기(일반),56748.0,-8.2,0.0,12,54756.0,52832.42857142857,48615.63333333333,53707.0,0.056622041819502034,0,0,0,11.100000000000003
4771,2025-12-27,딸기,딸기(일반),58885.0,-2.6,0.0,12,47367.0,54077.57142857143,48341.76666666667,56748.0,0.03765771480933244,0,0,0,11.100000000000003
4772,2025-12-29,딸기,딸기(일반),54240.0,4.9,0.3,12,47089.0,54209.42857142857,48174.3,58885.0,-0.07888256771673596,0,0,0,11.100000000000003
4773,2025-12-30,딸기,딸기(일반),55239.0,-0.5,0.0,12,46846.0,54581.857142857145,48195.26666666667,54240.0,0.018418141592920323,0,0,0,11.100000000000003
4774,2025-12-31,딸기,딸기(일반),54325.0,-5.6,0.0,12,49999.0,55108.71428571428,48342.36666666667,55239.0,-0.016546280707471217,0,0,0,0.30000000000000177
4775,2026-01-03,딸기,딸기(일반),52105.0,-4.7,0.0,1,30000.0,55035.57142857143,48425.933333333334,54325.0,-0.04086516336861479,0,0,0,0.30000000000000177
4776,2026-01-05,딸기,딸기(일반),51731.0,-1.9,0.0,1,43644.0,54753.28571428572,48335.6,52105.0,-0.007177814029363794,0,0,0,0.30000000000000177
4777,2026-01-06,딸기,딸기(일반),47199.0,-0.9,0.0,1,40809.0,53389.142857142855,48217.166666666664,51731.0,-0.08760704413214515,0,0,0,0.30000000000000177
4778,2026-01-07,딸기,딸기(일반),50112.0,-0.2,0.0,1,42652.0,52135.857142857145,48073.5,47199.0,0.06171740926714553,0,0,0,0.30000000000000177
4779,2026-01-08,딸기,딸기(일반),46037.0,-5.1,0.0,1,46805.0,50964.0,48022.0,50112.0,-0.08131784802043418,0,0,0,0.0
4780,2026-01-09,딸기,딸기(일반),48507.0,-0.3,0.0,1,48031.0,50002.28571428572,48195.6,46037.0,0.05365249690466367,0,0,0,0.0
4781,2026-01-10,딸기,딸기(일반),46299.0,2.0,1.7,1,46919.0,48855.71428571428,48317.933333333334,48507.0,-0.045519203413940224,0,0,0,1.7000000000000017
4782,2026-01-12,딸기,딸기(일반),47891.0,-3.8,2.7,1,42449.0,48253.71428571428,48528.76666666667,46299.0,0.03438519190479283,0,0,0,4.400000000000002
4783,2026-01-13,딸기,딸기(일반),40967.0,-3.3,0.0,1,37485.0,46716.0,48417.166666666664,47891.0,-0.14457831325301207,0,0,0,4.400000000000002
4784,2026-01-14,딸기,딸기(일반),46684.0,-3.3,0.0,1,40915.0,46642.42857142857,48489.7,40967.0,0.13955134620548248,0,0,0,4.400000000000002
4785,2026-01-15,딸기,딸기(일반),45418.0,4.7,0.0,1,43151.0,45971.857142857145,48606.13333333333,46684.0,-0.027118498843286765,0,0,0,4.400000000000002
4786,2026-01-16,딸기,딸기(일반),53016.0,3.6,0.0,1,45863.0,46968.857142857145,49068.7,45418.0,0.16729050156325687,0,0,0,4.400000000000002
4787,2026-01-17,딸기,딸기(일반),49626.0,0.2,0.0,1,43821.0,47128.71428571428,49296.333333333336,53016.0,-0.06394296061566318,0,0,0,4.400000000000002
4788,2026-01-19,딸기,딸기(일반),53860.0,-3.9,1.0,1,38552.0,48208.857142857145,49616.63333333333,49626.0,0.08531817998629743,0,0,0,3.700000000000002
4789,2026-01-20,딸기,딸기(일반),42560.0,-8.4,0.0,1,35080.0,47447.28571428572,49251.46666666667,53860.0,-0.20980319346453769,0,0,0,1.0000000000000018
4790,2026-01-21,딸기,딸기(일반),47179.0,-9.7,0.0,1,33576.0,48334.71428571428,49474.2,42560.0,0.10852913533834596,0,0,0,1.0000000000000018
4791,2026-01-22,딸기,딸기(일반),42826.0,-9.1,0.0,1,33567.0,47783.57142857143,49640.1,47179.0,-0.09226562665592741,0,0,0,1.0000000000000018
4792,2026-01-23,딸기,딸기(일반),54322.0,-5.0,2.2,1,35288.0,49055.57142857143,50124.73333333333,42826.0,0.2684350628123102,0,0,0,3.200000000000002
4793,2026-01-24,딸기,딸기(일반),50383.0,-5.3,0.0,1,36233.0,48679.42857142857,50307.933333333334,54322.0,-0.07251205772983327,0,0,0,3.200000000000002
4794,2026-01-26,딸기,딸기(일반),55904.0,-4.2,0.0,1,34145.0,49576.28571428572,50499.1,50383.0,0.10958061250818729,0,0,0,3.200000000000002
4795,2026-01-27,딸기,딸기(일반),44835.0,-4.4,0.0,1,33008.0,48287.0,50216.36666666667,55904.0,-0.1980001431024614,0,0,0,2.200000000000002
4796,2026-01-28,딸기,딸기(일반),58274.0,-5.4,0.0,1,34219.0,50531.857142857145,50404.433333333334,44835.0,0.29974350395896066,0,0,0,2.200000000000002
4797,2026-01-29,딸기,딸기(일반),51688.0,-5.2,0.0,1,38744.0,51176.0,50439.46666666667,58274.0,-0.1130178124034732,0,0,0,2.200000000000002
4798,2026-01-30,딸기,딸기(일반),67323.0,-6.4,0.0,1,40541.0,54675.57142857143,50929.666666666664,51688.0,0.3024880049527936,0,0,0,2.200000000000002
4799,2026-01-31,딸기,딸기(일반),48665.0,-4.1,0.0,1,42231.0,53867.42857142857,50761.6,67323.0,-0.2771415415236992,0,0,0,0.0
4800,2026-02-02,딸기,딸기(일반),61625.0,-2.1,2.4,2,39399.0,55473.42857142857,50924.166666666664,48665.0,0.26631049008527685,0,0,0,2.4000000000000017
4801,2026-02-03,딸기,딸기(일반),43131.0,-0.9,0.0,2,38623.0,53648.71428571428,50399.03333333333,61625.0,-0.300105476673428,0,0,0,2.4000000000000017
4802,2026-02-04,딸기,딸기(일반),59655.0,2.8,0.0,2,35112.0,55765.857142857145,50579.53333333333,43131.0,0.38311191486401897,0,0,0,2.4000000000000017
4803,2026-02-05,딸기,딸기(일반),41446.0,3.6,0.0,2,34683.0,53361.857142857145,50119.76666666667,59655.0,-0.3052384544464002,0,0,0,2.4000000000000017
4804,2026-02-06,딸기,딸기(일반),59091.0,-6.0,0.0,2,34670.0,54419.42857142857,50278.63333333333,41446.0,0.425734690923129,0,0,0,2.4000000000000017
4805,2026-02-07,딸기,딸기(일반),47581.0,-8.1,0.0,2,40574.0,51599.142857142855,50127.833333333336,59091.0,-0.1947843157164374,0,0,0,2.4000000000000017
4806,2026-02-09,딸기,딸기(일반),49467.0,-3.1,0.0,2,33947.0,51713.71428571428,50052.36666666667,47581.0,0.03963767049872846,0,0,0,2.4000000000000017
4807,2026-02-10,딸기,딸기(일반),36385.0,1.4,0.8,2,32113.0,48108.0,49691.9,49467.0,-0.26445913437240987,0,0,0,0.8000000000000018
4808,2026-02-11,딸기,딸기(일반),48892.0,2.7,0.0,2,31798.0,48931.0,49651.23333333333,36385.0,0.34374055242545,0,0,0,0.8000000000000018
4809,2026-02-12,딸기,딸기(일반),36380.0,2.8,0.0,2,33685.0,45606.0,49329.333333333336,48892.0,-0.25591098748261476,0,0,0,0.8000000000000018
4810,2026-02-13,딸기,딸기(일반),58651.0,5.3,0.0,2,36422.0,48063.857142857145,49667.46666666667,36380.0,0.6121770203408465,0,0,0,0.8000000000000018
4811,2026-02-14,딸기,딸기(일반),61108.0,7.8,0.0,2,39623.0,48352.0,50161.1,58651.0,0.041891868851340996,0,0,0,0.8000000000000018
4812,2026-02-16,딸기,딸기(일반),36712.0,2.4,0.0,2,31130.0,46799.28571428572,49788.46666666667,61108.0,-0.39922759704130395,0,0,0,0.8000000000000018
4813,2026-02-20,딸기,딸기(일반),39031.0,6.3,0.0,2,34499.0,45308.42857142857,49723.933333333334,36712.0,0.06316735672259743,0,0,0,0.8000000000000018
4814,2026-02-21,딸기,딸기(일반),33920.0,10.7,0.0,2,34574.0,44956.28571428572,49298.46666666667,39031.0,-0.13094719581870817,0,0,0,0.0
4815,2026-02-23,딸기,딸기(일반),32489.0,1.8,0.0,2,34802.0,42613.0,48867.5,33920.0,-0.042187500000000044,0,0,0,0.0
4816,2026-02-24,딸기,딸기(일반),29641.0,2.8,0.0,2,37695.0,41650.28571428572,48088.333333333336,32489.0,-0.08766043891778752,0,0,0,0.0
4817,2026-02-25,딸기,딸기(일반),37487.0,7.4,0.0,2,40910.0,38626.857142857145,47683.7,29641.0,0.26470092102155807,0,0,0,0.0
4818,2026-02-26,딸기,딸기(일반),27978.0,8.3,0.0,2,36350.0,33894.0,46820.96666666667,37487.0,-0.2536612692400032,0,0,0,0.0
4819,2026-02-27,딸기,딸기(일반),43130.0,9.6,0.0,2,37524.0,34810.857142857145,46839.96666666667,27978.0,0.5415683751519051,0,0,0,0.0
4820,2026-02-28,딸기,딸기(일반),40500.0,9.3,0.0,2,39346.0,35020.71428571428,46617.333333333336,43130.0,-0.06097843728263386,0,0,0,0.0
4821,2026-03-02,딸기,딸기(일반),36840.0,4.9,12.2,3,42331.0,35437.857142857145,46417.8,40500.0,-0.09037037037037032,0,0,1,12.200000000000001
4822,2026-03-03,딸기,딸기(일반),33327.0,5.9,1.3,3,45236.0,35557.57142857143,45717.96666666667,36840.0,-0.09535830618892505,0,0,1,13.500000000000002
4823,2026-03-04,딸기,딸기(일반),34384.0,6.0,0.0,3,46367.0,36235.142857142855,45184.666666666664,33327.0,0.0317160260449485,0,0,1,13.500000000000002
4824,2026-03-05,딸기,딸기(일반),35155.0,6.0,15.5,3,32482.0,35902.0,44493.03333333333,34384.0,0.022423220102373298,0,0,1,29.0
4825,2026-03-06,딸기,딸기(일반),41572.0,1.9,0.0,3,31000.0,37844.0,44384.26666666667,35155.0,0.18253449011520417,0,0,1,29.0
4826,2026-03-09,딸기,딸기(일반),34111.0,4.5,0.0,3,33975.0,36555.57142857143,43578.833333333336,41572.0,-0.17947175983835273,0,0,1,29.0
4827,2026-03-10,딸기,딸기(일반),33108.0,3.9,0.0,3,39515.0,35499.57142857143,42959.5,34111.0,-0.02940400457330483,0,0,1,29.0
4828,2026-03-11,딸기,딸기(일반),31484.0,4.5,0.0,3,38228.0,34734.42857142857,41764.86666666667,33108.0,-0.04905158873988158,0,0,1,16.800000000000004
4829,2026-03-12,딸기,딸기(일반),35226.0,7.1,0.0,3,42278.0,35005.71428571428,41316.9,31484.0,0.11885402109007748,0,0,1,15.500000000000002
4830,2026-03-13,딸기,딸기(일반),39804.0,7.6,0.0,3,29792.0,35780.0,40589.53333333333,35226.0,0.12996082439107481,0,0,1,15.500000000000002
4831,2026-03-14,딸기,딸기(일반),37089.0,8.1,0.0,3,29319.0,36056.28571428572,40388.13333333333,39804.0,-0.06820922520349715,0,0,1,0.0
4832,2026-03-16,딸기,딸기(일반),35537.0,7.4,0.0,3,32304.0,35194.142857142855,39584.2,37089.0,-0.04184529105664747,0,0,1,0.0
4833,2026-03-17,딸기,딸기(일반),34951.0,8.8,0.0,3,37884.0,35314.142857142855,39367.7,35537.0,-0.016489855643413875,0,0,1,0.0
4834,2026-03-18,딸기,딸기(일반),33325.0,6.8,4.8,3,38398.0,35345.142857142855,38508.833333333336,34951.0,-0.046522274040800005,0,0,1,4.800000000000002
4835,2026-03-19,딸기,딸기(일반),33075.0,6.1,0.0,3,34936.0,35572.42857142857,38025.3,33325.0,-0.0075018754688672695,0,0,1,4.800000000000002
4836,2026-03-20,딸기,딸기(일반),38940.0,7.5,0.0,3,28392.0,36103.0,37674.4,33075.0,0.17732426303854876,0,0,1,4.800000000000002
4837,2026-03-21,딸기,딸기(일반),37378.0,8.4,0.0,3,27859.0,35756.42857142857,37707.5,38940.0,-0.04011299435028248,0,0,1,4.800000000000002
4838,2026-03-23,딸기,딸기(일반),36039.0,11.9,0.0,3,28474.0,35606.42857142857,37279.066666666666,37378.0,-0.03582321151479484,0,0,1,4.800000000000002
4839,2026-03-24,딸기,딸기(일반),32116.0,12.9,0.0,3,32534.0,35117.71428571428,37136.933333333334,36039.0,-0.10885429673409364,0,0,1,4.800000000000002
4840,2026-03-25,딸기,딸기(일반),30197.0,12.8,0.0,3,34436.0,34438.57142857143,36188.46666666667,32116.0,-0.05975214846182586,0,0,1,4.800000000000002
4841,2026-03-26,딸기,딸기(일반),29600.0,12.1,0.0,3,33495.0,33906.42857142857,35138.2,30197.0,-0.019770175845282623,0,0,1,0.0
4842,2026-03-27,딸기,딸기(일반),34841.0,11.4,0.0,3,28161.0,34158.71428571428,35075.833333333336,29600.0,0.1770608108108107,0,0,1,0.0
4843,2026-03-28,딸기,딸기(일반),38387.0,12.2,0.0,3,28427.0,34079.71428571428,35054.36666666667,34841.0,0.10177664246146789,0,0,1,0.0
4844,2026-03-30,딸기,딸기(일반),31245.0,16.0,1.8,3,28014.0,33203.57142857143,34965.2,38387.0,-0.1860525698804283,0,0,1,1.8000000000000018
4845,2026-03-31,딸기,딸기(일반),29434.0,14.2,8.2,3,29156.0,32260.0,34863.36666666667,31245.0,-0.057961273803808555,0,0,1,10.000000000000002
4846,2026-04-01,딸기,딸기(일반),28127.0,13.3,0.0,4,25690.0,31690.14285714286,34812.9,29434.0,-0.04440443025073049,0,0,1,10.000000000000002
4847,2026-04-02,딸기,딸기(일반),32508.0,11.6,0.0,4,27325.0,32020.285714285714,34646.933333333334,28127.0,0.15575781277775813,0,0,1,10.000000000000002
4848,2026-04-03,딸기,딸기(일반),41466.0,14.7,0.0,4,23734.0,33715.42857142857,35096.53333333333,32508.0,0.275562938353636,0,0,1,10.000000000000002
4849,2026-04-06,딸기,딸기(일반),32087.0,10.2,1.2,4,24251.0,33322.0,34728.433333333334,41466.0,-0.22618530844547335,0,0,1,11.200000000000001
4850,2026-04-07,딸기,딸기(일반),30126.0,8.2,0.0,4,25717.0,32141.85714285714,34382.63333333333,32087.0,-0.061115093339981885,0,0,1,11.200000000000001
4851,2026-04-08,딸기,딸기(일반),27636.0,10.3,0.0,4,26407.0,31626.285714285714,34075.833333333336,30126.0,-0.08265285799641509,0,0,1,9.4
4852,2026-04-09,딸기,딸기(일반),30766.0,10.6,18.9,4,27677.0,31816.571428571428,33990.46666666667,27636.0,0.11325806918512082,0,0,1,20.1
4853,2026-04-10,딸기,딸기(일반),33500.0,10.3,5.1,4,30967.0,32584.14285714286,33961.0,30766.0,0.08886433075472921,0,0,1,25.200000000000003
4854,2026-04-11,딸기,딸기(일반),37380.0,10.9,0.0,4,24863.0,33280.142857142855,34035.166666666664,33500.0,0.11582089552238806,0,0,1,25.200000000000003
4855,2026-04-13,딸기,딸기(일반),33479.0,18.7,0.0,4,23897.0,32139.14285714286,33765.4,37380.0,-0.10436062065275553,0,0,1,25.200000000000003
4856,2026-04-14,딸기,딸기(일반),34612.0,20.7,0.0,4,22330.0,32499.85714285714,33782.1,33479.0,0.03384210997938997,0,0,1,24.0
4857,2026-04-15,딸기,딸기(일반),31759.0,19.7,0.0,4,23685.0,32733.14285714286,33737.13333333333,34612.0,-0.08242805963249744,0,0,1,24.0
4858,2026-04-16,딸기,딸기(일반),34076.0,19.8,0.0,4,25328.0,33653.142857142855,33823.53333333333,31759.0,0.0729556975975314,0,0,1,24.0
4859,2026-04-17,딸기,딸기(일반),36945.0,17.4,0.0,4,25635.0,34535.857142857145,33880.833333333336,34076.0,0.08419415424345589,0,0,1,5.100000000000003
4860,2026-04-18,딸기,딸기(일반),41170.0,19.2,0.0,4,24574.0,35631.57142857143,33926.36666666667,36945.0,0.11435918256868316,0,0,1,0.0
4861,2026-04-20,딸기,딸기(일반),31837.0,13.4,0.8,4,27875.0,34839.71428571428,33751.3,41170.0,-0.22669419480204034,0,0,1,0.8000000000000036
4862,2026-04-21,딸기,딸기(일반),31429.0,12.2,0.0,4,27000.0,34546.857142857145,33614.36666666667,31837.0,-0.012815277821402793,0,0,1,0.8000000000000036
4863,2026-04-22,딸기,딸기(일반),32471.0,14.2,0.0,4,27211.0,34241.0,33531.7,31429.0,0.03315409335327235,0,0,1,0.8000000000000036
4864,2026-04-23,딸기,딸기(일반),34695.0,17.0,0.0,4,32474.0,34660.42857142857,33577.36666666667,32471.0,0.06849188506667492,0,0,1,0.8000000000000036
4865,2026-04-24,딸기,딸기(일반),37164.0,18.0,0.0,4,38000.0,35101.57142857143,33713.666666666664,34695.0,0.07116299178555985,0,0,1,0.8000000000000036
4866,2026-04-25,딸기,딸기(일반),43181.0,18.2,0.0,4,29450.0,35992.42857142857,33855.03333333333,37164.0,0.1619039931116133,0,0,1,0.8000000000000036
4867,2026-04-27,딸기,딸기(일반),33256.0,16.2,1.5,4,29450.0,34861.857142857145,33717.63333333333,43181.0,-0.22984646024872046,0,0,1,2.3000000000000034
4868,2026-04-28,딸기,딸기(일반),32367.0,13.3,0.2,4,8000.0,34937.57142857143,33595.23333333333,33256.0,-0.026732018282415226,0,0,1,1.7000000000000035
4869,2026-04-29,딸기,딸기(일반),33168.0,14.9,0.0,4,8000.0,35186.0,33630.3,32367.0,0.0247474279358606,0,0,1,1.7000000000000035
4870,2026-04-30,딸기,딸기(일반),35700.0,17.4,0.0,4,8000.0,35647.28571428572,33813.73333333333,33168.0,0.07633863965267729,0,0,1,1.7000000000000035
4871,2026-05-01,딸기,딸기(일반),38554.0,17.8,0.0,5,8000.0,36198.57142857143,34112.2,35700.0,0.07994397759103644,0,0,0,1.7000000000000035
4872,2026-05-02,딸기,딸기(일반),43521.0,17.3,1.4,5,8000.0,37106.71428571428,34401.53333333333,38554.0,0.12883228718161543,0,0,0,3.100000000000003
4873,2026-05-04,딸기,딸기(일반),35637.0,13.7,1.8,5,8000.0,36029.0,34309.86666666667,43521.0,-0.18115392569104571,0,0,0,4.900000000000004
4874,2026-05-05,딸기,딸기(일반),34360.0,14.5,0.0,5,8000.0,36186.71428571428,34413.7,35637.0,-0.035833543788758915,0,0,0,3.4000000000000035
4875,2026-05-06,딸기,딸기(일반),38938.0,16.9,0.0,5,80000.0,37125.42857142857,34730.5,34360.0,0.13323632130384166,0,0,0,3.2000000000000033
4876,2026-05-07,딸기,딸기(일반),41916.0,15.4,2.7,5,80000.0,38375.142857142855,35190.13333333333,38938.0,0.07648055883712579,0,0,0,5.900000000000004
4877,2026-05-08,딸기,딸기(일반),41745.0,15.2,0.0,5,118571.0,39238.71428571428,35498.03333333333,41916.0,-0.0040795877469224084,0,0,0,5.900000000000004
4878,2026-05-09,딸기,딸기(일반),38334.0,15.9,0.0,5,66000.0,39207.28571428572,35393.63333333333,41745.0,-0.08171038447718293,0,0,0,5.900000000000004
4879,2026-05-11,딸기,딸기(일반),32976.0,16.8,0.9,5,120000.0,37700.857142857145,35423.26666666667,38334.0,-0.13977148223509162,0,0,0,5.400000000000004
4880,2026-05-12,딸기,딸기(일반),30565.0,19.1,18.1,5,105000.0,36976.28571428572,35437.9,32976.0,-0.07311377971858324,0,0,0,21.700000000000006
4881,2026-05-13,딸기,딸기(일반),28732.0,19.7,0.0,5,90533.0,36172.28571428572,35474.433333333334,30565.0,-0.05997055455586453,0,0,0,21.700000000000006
4882,2026-05-14,딸기,딸기(일반),31193.0,23.5,0.0,5,100000.0,35065.857142857145,35488.666666666664,28732.0,0.08565362661840448,0,0,0,21.700000000000006
4883,2026-05-15,딸기,딸기(일반),30320.0,24.2,0.0,5,120889.0,33409.28571428572,35382.666666666664,31193.0,-0.02798704837623822,0,0,0,19.000000000000007
4884,2026-05-16,딸기,딸기(일반),28058.0,23.1,0.0,5,107176.0,31454.0,35071.933333333334,30320.0,-0.07460422163588387,0,0,0,19.000000000000007
4885,2026-05-18,딸기,딸기(일반),25973.0,23.0,0.0,5,102840.0,29688.14285714286,34821.73333333333,28058.0,-0.07431035711739964,0,0,0,19.000000000000007
4886,2026-05-19,딸기,딸기(일반),25819.0,22.1,0.0,5,115357.0,28665.714285714286,34528.63333333333,25973.0,-0.00592923420475111,0,0,0,18.100000000000005
4887,2026-05-20,딸기,딸기(일반),23446.0,16.9,63.1,5,112345.0,27648.714285714286,34251.53333333333,25819.0,-0.09190905921995429,0,0,0,63.10000000000001
4888,2026-05-21,딸기,딸기(일반),29170.0,17.0,14.0,5,120417.0,27711.285714285714,34088.0,23446.0,0.24413546020643184,0,0,0,77.1
4889,2026-05-22,딸기,딸기(일반),27969.0,20.6,0.0,5,98296.0,27250.714285714286,33788.8,29170.0,-0.04117243743572163,0,0,0,77.1
4890,2026-05-23,딸기,딸기(일반),29251.0,19.2,0.0,5,84149.0,27098.0,33391.5,27969.0,0.045836461796989525,0,0,0,77.1
4891,2026-05-25,딸기,딸기(일반),25218.0,24.4,0.0,5,111787.0,26692.285714285714,33170.86666666667,29251.0,-0.13787562818365184,0,0,0,77.1
4892,2026-05-26,딸기,딸기(일반),23424.0,24.9,0.6,5,103219.0,26328.14285714286,32904.03333333333,25218.0,-0.07113966214608614,0,0,0,77.7
4893,2026-05-27,딸기,딸기(일반),24473.0,22.3,2.5,5,95791.0,26135.85714285714,32637.433333333334,23424.0,0.04478312841530063,0,0,0,80.2
4894,2026-05-28,딸기,딸기(일반),22605.0,20.9,3.5,5,87375.0,26015.714285714286,32234.433333333334,24473.0,-0.07632901564989991,0,0,0,20.6
11774,2026-05-29,딸기,딸기(일반),26144.0,21.5,0.0,5,77589.0,25583.428571428572,31867.1,22605.0,0.15655828356558277,0,0,0,6.6
