id,날짜,작물분류,품목명,평균가,평균기온,강수량,월,전년도가격,7일평균가,30일평균가,전일가격,가격변화율,7일내_폭염발생,환절기여부,봄_환절기여부,7일누적강수량
6901,2022-03-19,토마토,방울토마토(일반),31095.0,3.4,14.6,3,23729.0,25554.14285714286,28544.966666666667,26472.0,0.17463735267452396,0,0,1,27.099999999999998
6902,2022-03-21,토마토,방울토마토(일반),30598.0,5.0,0.0,3,22430.0,26428.285714285714,28744.733333333334,31095.0,-0.015983277054188783,0,0,1,24.499999999999996
6903,2022-03-22,토마토,방울토마토(일반),25460.0,7.1,0.0,3,18452.0,26694.714285714286,28910.533333333333,30598.0,-0.16791947186090594,0,0,1,15.799999999999999
6904,2022-03-23,토마토,방울토마토(일반),31734.0,6.2,0.0,3,15868.0,28176.14285714286,29018.033333333333,25460.0,0.24642576590730547,0,0,1,15.799999999999999
6905,2022-03-24,토마토,방울토마토(일반),31745.0,8.2,0.0,3,15853.0,29240.14285714286,29491.7,31734.0,0.00034663137329049576,0,0,1,15.799999999999999
6906,2022-03-25,토마토,방울토마토(일반),37142.0,12.0,10.9,3,22647.0,30606.571428571428,29933.1,31745.0,0.17001102535832424,0,0,1,25.5
6907,2022-03-26,토마토,방울토마토(일반),35645.0,11.8,19.8,3,19762.0,31917.0,30359.066666666666,37142.0,-0.04030477626406759,0,0,1,45.3
6908,2022-03-28,토마토,방울토마토(일반),30927.0,8.2,0.0,3,24048.0,31893.0,30674.466666666667,35645.0,-0.1323607799130313,0,0,1,30.7
6909,2022-03-29,토마토,방울토마토(일반),29713.0,9.7,0.0,3,21884.0,31766.571428571428,30997.6,30927.0,-0.03925372651728265,0,0,1,30.700000000000003
6910,2022-03-30,토마토,방울토마토(일반),28357.0,10.8,0.4,3,24935.0,32180.428571428572,31006.033333333333,29713.0,-0.045636590044761505,0,0,1,31.1
6911,2022-03-31,토마토,방울토마토(일반),25288.0,10.9,0.0,3,26874.0,31259.571428571428,30968.3,28357.0,-0.10822724547730722,0,0,1,31.1
6912,2022-04-01,토마토,방울토마토(일반),28532.0,9.2,0.0,4,39000.0,30800.571428571428,31239.633333333335,25288.0,0.12828218918063894,0,0,1,31.1
6913,2022-04-02,토마토,방울토마토(일반),26490.0,8.2,0.0,4,22358.0,29278.85714285714,31083.133333333335,28532.0,-0.07156876489555586,0,0,1,20.2
6914,2022-04-04,토마토,방울토마토(일반),24870.0,10.3,0.0,4,24207.0,27739.571428571428,30988.8,26490.0,-0.0611551528878822,0,0,1,0.4
6915,2022-04-05,토마토,방울토마토(일반),23208.0,10.3,0.0,4,21601.0,26636.85714285714,30702.066666666666,24870.0,-0.06682750301568152,0,0,1,0.4
6916,2022-04-06,토마토,방울토마토(일반),24359.0,11.7,0.0,4,23288.0,25872.0,30210.666666666668,23208.0,0.04959496725267143,0,0,1,0.4
6917,2022-04-07,토마토,방울토마토(일반),23254.0,10.9,0.0,4,22346.0,25143.0,29576.166666666668,24359.0,-0.045363110144094554,0,0,1,0.0
6918,2022-04-08,토마토,방울토마토(일반),28858.0,12.9,0.0,4,30380.0,25653.0,28996.266666666666,23254.0,0.24099079728218809,0,0,1,0.0
6919,2022-04-09,토마토,방울토마토(일반),24410.0,17.8,0.5,4,21157.0,25064.14285714286,28176.6,28858.0,-0.15413403562270422,0,0,1,0.5
6920,2022-04-11,토마토,방울토마토(일반),24846.0,19.6,0.0,4,22820.0,24829.285714285714,27618.966666666667,24410.0,0.017861532158951254,0,0,1,0.5
6921,2022-04-12,토마토,방울토마토(일반),24729.0,19.3,0.5,4,24711.0,24809.14285714286,27361.333333333332,24846.0,-0.004709007486114469,0,0,1,1.0
6922,2022-04-13,토마토,방울토마토(일반),24995.0,13.1,1.3,4,24156.0,25064.428571428572,27174.9,24729.0,0.010756601560920398,0,0,1,2.3
6923,2022-04-14,토마토,방울토마토(일반),25640.0,13.2,0.0,4,24057.0,25247.428571428572,27165.666666666668,24995.0,0.025805161032206536,0,0,1,2.3
6924,2022-04-15,토마토,방울토마토(일반),25057.0,13.3,0.0,4,28588.0,25505.0,27157.866666666665,25640.0,-0.02273790951638066,0,0,1,2.3
6925,2022-04-16,토마토,방울토마토(일반),26472.0,13.2,0.0,4,23825.0,25164.14285714286,27224.3,25057.0,0.05647124556012284,0,0,1,2.3
6926,2022-04-18,토마토,방울토마토(일반),25437.0,15.2,0.0,4,25859.0,25310.85714285714,27285.7,26472.0,-0.039097914777878495,0,0,1,1.8
6927,2022-04-19,토마토,방울토마토(일반),26436.0,15.2,0.0,4,21158.0,25538.0,27454.766666666666,25437.0,0.03927349923340007,0,0,1,1.8
6928,2022-04-20,토마토,방울토마토(일반),24344.0,15.7,0.0,4,20789.0,25483.0,27456.333333333332,26436.0,-0.07913451354213952,0,0,1,1.3
6929,2022-04-21,토마토,방울토마토(일반),21669.0,16.3,0.0,4,18912.0,25007.85714285714,27259.4,24344.0,-0.10988333881038448,0,0,1,0.0
6930,2022-04-22,토마토,방울토마토(일반),27185.0,15.0,0.0,4,22233.0,25228.571428571428,27283.166666666668,21669.0,0.2545572015321427,0,0,1,0.0
6931,2022-04-23,토마토,방울토마토(일반),23005.0,17.7,0.0,4,17269.0,24935.428571428572,27013.5,27185.0,-0.15376126540371526,0,0,1,0.0
6932,2022-04-25,토마토,방울토마토(일반),22115.0,20.0,1.3,4,17000.0,24313.0,26730.733333333334,23005.0,-0.03868724190393391,0,0,1,1.3
6933,2022-04-26,토마토,방울토마토(일반),23691.0,21.9,1.0,4,18526.0,24063.571428571428,26671.766666666666,22115.0,0.07126384806692299,0,0,1,2.3
6934,2022-04-27,토마토,방울토마토(일반),21603.0,17.7,0.0,4,17141.0,23373.14285714286,26334.066666666666,23691.0,-0.08813473470938327,0,0,1,2.3
6935,2022-04-28,토마토,방울토마토(일반),20479.0,18.2,0.0,4,18904.0,22821.0,25958.533333333333,21603.0,-0.052029810674443344,0,0,1,2.3
6936,2022-04-29,토마토,방울토마토(일반),25135.0,13.4,15.5,4,17597.0,23316.14285714286,25558.3,20479.0,0.22735485131109923,0,0,1,17.8
6937,2022-04-30,토마토,방울토마토(일반),19000.0,13.0,0.0,4,18085.0,22146.85714285714,25003.466666666667,25135.0,-0.2440819574298787,0,0,1,17.8
6938,2022-05-02,토마토,방울토마토(일반),22005.0,14.2,0.0,5,19335.0,22004.0,24706.066666666666,19000.0,0.15815789473684205,0,0,0,17.8
6939,2022-05-03,토마토,방울토마토(일반),23042.0,14.8,0.0,5,19720.0,22136.428571428572,24483.7,22005.0,0.04712565326062257,0,0,0,16.5
6940,2022-05-04,토마토,방울토마토(일반),21339.0,17.8,0.0,5,21634.0,21800.428571428572,24249.766666666666,23042.0,-0.07390851488586059,0,0,0,15.5
6941,2022-05-05,토마토,방울토마토(일반),22293.0,18.9,0.0,5,22591.0,21899.0,24149.933333333334,21339.0,0.04470687473639812,0,0,0,15.5
6942,2022-05-06,토마토,방울토마토(일반),22435.0,19.6,0.0,5,25891.0,22178.428571428572,23946.7,22293.0,0.006369712465796429,0,0,0,15.5
6943,2022-05-07,토마토,방울토마토(일반),20281.0,18.4,0.5,5,23426.0,21485.0,23739.733333333334,22435.0,-0.09601069757075997,0,0,0,0.5
6944,2022-05-09,토마토,방울토마토(일반),24475.0,17.9,0.0,5,23796.0,22267.14285714286,23726.566666666666,20281.0,0.20679453675854242,0,0,0,0.5
6945,2022-05-10,토마토,방울토마토(일반),22972.0,19.9,0.0,5,31554.0,22405.285714285714,23718.7,24475.0,-0.06140960163432074,0,0,0,0.5
6946,2022-05-11,토마토,방울토마토(일반),19238.0,19.7,0.0,5,29415.0,21861.85714285714,23548.0,22972.0,-0.16254570781821343,0,0,0,0.5
6947,2022-05-12,토마토,방울토마토(일반),18601.0,20.9,0.0,5,30657.0,21470.714285714286,23392.9,19238.0,-0.033111550057178474,0,0,0,0.5
6948,2022-05-13,토마토,방울토마토(일반),18602.0,19.4,0.0,5,29079.0,20943.428571428572,23051.033333333333,18601.0,5.376055050798634e-05,0,0,0,0.5
6949,2022-05-14,토마토,방울토마토(일반),17756.0,15.7,0.0,5,37859.0,20275.0,22829.233333333334,18602.0,-0.045478980754757536,0,0,0,0.5
6950,2022-05-16,토마토,방울토마토(일반),19904.0,17.3,0.0,5,33816.0,20221.14285714286,22664.5,17756.0,0.12097319216039648,0,0,0,0.0
6951,2022-05-17,토마토,방울토마토(일반),22330.0,20.0,0.0,5,45326.0,19914.714285714286,22584.533333333333,19904.0,0.12188504823151125,0,0,0,0.0
6952,2022-05-18,토마토,방울토마토(일반),20749.0,20.0,1.5,5,36866.0,19597.14285714286,22443.0,22330.0,-0.07080161218092251,0,0,0,1.5
6953,2022-05-19,토마토,방울토마토(일반),22446.0,19.9,0.0,5,41480.0,20055.428571428572,22336.533333333333,20749.0,0.08178707407585906,0,0,0,1.5
6954,2022-05-20,토마토,방울토마토(일반),20828.0,20.6,0.0,5,36328.0,20373.571428571428,22195.566666666666,22446.0,-0.07208411298226858,0,0,0,1.5
6955,2022-05-21,토마토,방울토마토(일반),15011.0,20.1,0.0,5,47462.0,19860.571428571428,21813.533333333333,20828.0,-0.2792874975993854,0,0,0,1.5
6956,2022-05-23,토마토,방울토마토(일반),17867.0,23.0,0.0,5,35881.0,19876.428571428572,21561.2,15011.0,0.1902604756511892,0,0,0,1.5
6957,2022-05-24,토마토,방울토마토(일반),23790.0,22.9,0.0,5,41204.0,20431.571428571428,21473.0,17867.0,0.33150500923490234,0,0,0,1.5
6958,2022-05-25,토마토,방울토마토(일반),18863.0,21.0,3.5,5,35459.0,19936.285714285714,21290.3,23790.0,-0.20710382513661207,0,0,0,5.0
6959,2022-05-26,토마토,방울토마토(일반),32409.0,18.7,0.0,5,36529.0,21602.0,21648.3,18863.0,0.7181254307374225,0,0,0,3.5
6960,2022-05-27,토마토,방울토마토(일반),20837.0,20.0,0.0,5,31948.0,21372.14285714286,21436.7,32409.0,-0.35706131012990217,0,0,0,3.5
6961,2022-05-28,토마토,방울토마토(일반),23166.0,22.3,0.0,5,32765.0,21706.14285714286,21442.066666666666,20837.0,0.11177232807025961,0,0,0,3.5
6962,2022-05-30,토마토,방울토마토(일반),19952.0,20.8,0.0,5,26615.0,22412.0,21369.966666666667,23166.0,-0.13873780540447211,0,0,0,3.5
6963,2022-05-31,토마토,방울토마토(일반),20927.0,20.7,0.0,5,31795.0,22849.14285714286,21277.833333333332,19952.0,0.04886728147554131,0,0,0,3.5
6964,2022-06-01,토마토,방울토마토(일반),19878.0,22.1,0.0,6,23491.0,22290.285714285714,21220.333333333332,20927.0,-0.050126630668514305,0,0,0,3.5
6965,2022-06-02,토마토,방울토마토(일반),20809.0,21.5,0.0,6,25386.0,22568.285714285714,21231.333333333332,19878.0,0.04683569775631358,0,0,0,0.0
6966,2022-06-03,토마토,방울토마토(일반),17195.0,24.5,0.0,6,26552.0,20394.85714285714,20966.666666666668,20809.0,-0.17367485222740164,0,0,0,0.0
6967,2022-06-04,토마토,방울토마토(일반),17930.0,25.6,0.0,6,29452.0,19979.571428571428,20931.0,17195.0,0.04274498400697868,0,0,0,0.0
6968,2022-06-06,토마토,방울토마토(일반),19693.0,19.7,4.3,6,22254.0,19483.428571428572,20853.933333333334,17930.0,0.09832682654768554,0,0,0,4.3
6969,2022-06-07,토마토,방울토마토(일반),17761.0,20.6,0.0,6,27892.0,19170.428571428572,20677.9,19693.0,-0.0981059259635404,0,0,0,4.3
6970,2022-06-08,토마토,방울토마토(일반),14620.0,21.2,0.0,6,25138.0,18269.428571428572,20453.933333333334,17761.0,-0.17684815044197966,0,0,0,4.3
6971,2022-06-09,토마토,방울토마토(일반),15364.0,20.9,2.6,6,28402.0,17624.571428571428,20222.966666666667,14620.0,0.05088919288645699,0,0,0,6.9
6972,2022-06-10,토마토,방울토마토(일반),15232.0,20.9,1.2,6,23198.0,16827.85714285714,19982.866666666665,15364.0,-0.00859151262692004,0,0,0,8.1
6973,2022-06-11,토마토,방울토마토(일반),13165.0,24.6,0.0,6,36141.0,16252.142857142857,19745.666666666668,15232.0,-0.13570115546218486,0,0,0,8.1
6974,2022-06-13,토마토,방울토마토(일반),13650.0,23.6,18.0,6,30025.0,15640.714285714286,19384.833333333332,13165.0,0.03684010634257495,0,0,0,26.1
6975,2022-06-14,토마토,방울토마토(일반),11655.0,21.5,0.0,6,34435.0,14492.42857142857,19007.6,13650.0,-0.1461538461538462,0,0,0,21.8
6976,2022-06-15,토마토,방울토마토(일반),13199.0,17.5,18.5,6,37229.0,13840.714285714286,18806.3,11655.0,0.1324753324753325,0,0,0,40.3
6977,2022-06-16,토마토,방울토마토(일반),14557.0,20.3,0.7,6,34403.0,13831.714285714286,18671.5,13199.0,0.10288658231684211,0,0,0,41.0
6978,2022-06-17,토마토,방울토마토(일반),15442.0,22.5,0.0,6,31584.0,13842.857142857143,18566.166666666668,14557.0,0.060795493576973225,0,0,0,38.4
6979,2022-06-18,토마토,방울토마토(일반),14637.0,23.3,0.0,6,36426.0,13757.857142857143,18462.2,15442.0,-0.0521305530371714,0,0,0,37.2
6980,2022-06-20,토마토,방울토마토(일반),15755.0,25.2,0.0,6,33170.0,14127.857142857143,18323.9,14637.0,0.07638177222108355,0,0,0,37.2
6981,2022-06-21,토마토,방울토마토(일반),16620.0,26.5,0.0,6,33703.0,14552.142857142857,18133.566666666666,15755.0,0.054903205331640725,0,0,0,19.2
6982,2022-06-22,토마토,방울토마토(일반),15631.0,25.9,0.0,6,26975.0,15120.142857142857,17962.966666666667,16620.0,-0.05950661853188932,0,0,0,19.2
6983,2022-06-23,토마토,방울토마토(일반),18486.0,24.3,103.0,6,30610.0,15875.42857142857,17830.966666666667,15631.0,0.1826498624528181,0,0,0,103.7
6984,2022-06-24,토마토,방울토마토(일반),20314.0,22.6,19.1,6,25048.0,16697.85714285714,17813.833333333332,18486.0,0.09888564318944071,0,0,0,122.1
6985,2022-06-25,토마토,방울토마토(일반),18460.0,26.0,0.0,6,28370.0,17129.0,17928.8,20314.0,-0.09126710642906366,0,0,0,122.1
6986,2022-06-27,토마토,방울토마토(일반),16803.0,26.8,6.1,6,22375.0,17438.428571428572,17893.333333333332,18460.0,-0.08976164680390031,0,0,0,128.2
6987,2022-06-28,토마토,방울토마토(일반),15202.0,26.9,6.3,6,23529.0,17359.428571428572,17607.066666666666,16803.0,-0.09528060465393084,0,0,0,134.5
6988,2022-06-29,토마토,방울토마토(일반),14333.0,25.1,37.8,6,21860.0,17032.714285714286,17456.066666666666,15202.0,-0.05716353111432704,0,0,0,172.3
6989,2022-06-30,토마토,방울토마토(일반),15123.0,22.3,176.2,6,20091.0,16960.14285714286,16879.866666666665,14333.0,0.05511756087350861,0,0,0,348.5
6990,2022-07-01,토마토,방울토마토(일반),15716.0,26.6,0.0,7,18352.0,16564.428571428572,16709.166666666668,15123.0,0.03921179660120355,0,0,0,245.5
6991,2022-07-02,토마토,방울토마토(일반),16075.0,28.8,0.0,7,16775.0,15958.857142857143,16472.8,15716.0,0.022842962585899684,0,0,0,226.4
6992,2022-07-04,토마토,방울토마토(일반),18749.0,29.3,0.0,7,16427.0,16000.142857142857,16432.7,16075.0,0.1663452566096424,0,0,0,226.4
6993,2022-07-05,토마토,방울토마토(일반),34691.0,29.2,0.0,7,21846.0,18555.571428571428,16891.5,18749.0,0.8502853485519228,0,0,0,220.3
6994,2022-07-06,토마토,방울토마토(일반),39414.0,29.5,16.1,7,19203.0,22014.428571428572,17542.7,34691.0,0.136144821423424,0,0,0,230.1
6995,2022-07-07,토마토,방울토마토(일반),35538.0,28.2,0.0,7,19462.0,25043.714285714286,18033.666666666668,39414.0,-0.098340691124981,0,0,0,192.3
6996,2022-07-08,토마토,방울토마토(일반),28784.0,25.8,1.7,7,16523.0,26995.285714285714,18419.966666666667,35538.0,-0.19005008723057004,0,0,0,17.80000000000003
6997,2022-07-09,토마토,방울토마토(일반),17328.0,26.9,0.1,7,20751.0,27225.571428571428,18399.9,28784.0,-0.39799888827126184,0,0,0,17.90000000000003
6998,2022-07-11,토마토,방울토마토(일반),16874.0,27.0,9.0,7,18697.0,27339.714285714286,18305.933333333334,17328.0,-0.02620036934441372,0,0,0,26.90000000000003
6999,2022-07-12,토마토,방울토마토(일반),19088.0,26.8,0.0,7,18155.0,27388.14285714286,18350.166666666668,16874.0,0.13120777527557181,0,0,0,26.90000000000003
7000,2022-07-13,토마토,방울토마토(일반),24800.0,25.0,114.5,7,17534.0,25975.14285714286,18689.5,19088.0,0.29924559932942163,0,0,0,141.40000000000003
7001,2022-07-14,토마토,방울토마토(일반),36793.0,25.7,0.9,7,18184.0,25600.714285714286,19403.8,24800.0,0.4835887096774194,0,0,0,126.20000000000005
7002,2022-07-15,토마토,방울토마토(일반),37500.0,26.0,0.0,7,20471.0,25881.0,20146.066666666666,36793.0,0.019215611665262422,0,0,0,126.20000000000005
7003,2022-07-16,토마토,방울토마토(일반),40276.0,24.8,34.0,7,20492.0,27522.714285714286,21049.766666666666,37500.0,0.07402666666666669,0,0,0,158.50000000000003
7004,2022-07-18,토마토,방울토마토(일반),36603.0,26.8,0.0,7,25696.0,30276.285714285714,21814.866666666665,40276.0,-0.0911957493296256,0,0,0,158.40000000000003
7005,2022-07-19,토마토,방울토마토(일반),36965.0,27.4,0.0,7,27935.0,33146.42857142857,22658.533333333333,36603.0,0.009889899734994323,0,0,0,149.40000000000003
7006,2022-07-20,토마토,방울토마토(일반),38891.0,27.1,1.1,7,24508.0,35975.42857142857,23514.933333333334,36965.0,0.052103340998241654,0,0,0,150.50000000000003
7007,2022-07-21,토마토,방울토마토(일반),39887.0,23.2,10.4,7,23786.0,38130.71428571428,24359.266666666666,38891.0,0.025610038312205985,0,0,0,46.40000000000003
7008,2022-07-22,토마토,방울토마토(일반),39603.0,25.1,5.2,7,26220.0,38532.142857142855,25164.633333333335,39887.0,-0.007120114322962334,0,0,0,50.70000000000003
7009,2022-07-23,토마토,방울토마토(일반),39479.0,24.8,9.9,7,19304.0,38814.857142857145,25992.7,39603.0,-0.003131075928591298,0,0,0,60.60000000000003
7010,2022-07-25,토마토,방울토마토(일반),30058.0,27.5,0.0,7,20569.0,37355.142857142855,26469.466666666667,39479.0,-0.23863319739608402,0,0,0,26.60000000000003
7011,2022-07-26,토마토,방울토마토(일반),35158.0,28.9,0.0,7,19918.0,37148.71428571428,27087.4,30058.0,0.16967196752944314,0,0,0,26.60000000000003
7012,2022-07-27,토마토,방울토마토(일반),32241.0,29.3,0.0,7,20158.0,36473.857142857145,27641.066666666666,35158.0,-0.0829683144661244,0,0,0,26.60000000000003
7013,2022-07-28,토마토,방울토마토(일반),36277.0,29.7,0.0,7,17703.0,36100.42857142857,28234.1,32241.0,0.12518222139511792,0,0,0,25.50000000000003
7014,2022-07-29,토마토,방울토마토(일반),35348.0,30.7,0.0,7,17303.0,35452.0,28735.233333333334,36277.0,-0.02560851228050831,0,0,0,15.10000000000003
7015,2022-07-30,토마토,방울토마토(일반),42789.0,30.9,1.0,7,18212.0,35907.142857142855,29546.2,35348.0,0.21050695937535369,0,0,0,10.90000000000003
7016,2022-08-01,토마토,방울토마토(일반),49250.0,28.6,30.0,8,19074.0,37303.0,30627.766666666666,42789.0,0.15099675150155423,0,0,0,31.00000000000003
7017,2022-08-02,토마토,방울토마토(일반),53508.0,26.8,33.5,8,17252.0,40653.0,31904.633333333335,49250.0,0.08645685279187809,0,0,0,64.50000000000003
7018,2022-08-03,토마토,방울토마토(일반),38035.0,27.1,51.1,8,16841.0,41064.0,32694.7,53508.0,-0.2891717126411004,0,0,0,115.60000000000002
7019,2022-08-04,토마토,방울토마토(일반),34077.0,28.9,0.0,8,15851.0,41326.28571428572,33326.5,38035.0,-0.10406204811357955,0,0,0,115.60000000000002
7020,2022-08-05,토마토,방울토마토(일반),23837.0,29.4,0.0,8,20065.0,39549.142857142855,33597.2,34077.0,-0.3004959356750888,0,0,0,115.60000000000002
7021,2022-08-06,토마토,방울토마토(일반),23837.0,28.7,13.6,8,20835.0,37904.71428571428,33855.933333333334,23837.0,0.0,0,0,0,129.20000000000002
7022,2022-08-08,토마토,방울토마토(일반),21082.0,26.8,129.6,8,27520.0,34803.71428571428,33933.7,23837.0,-0.1155766245752402,0,0,0,257.8
7023,2022-08-09,토마토,방울토마토(일반),18443.0,25.1,123.1,8,24094.0,30402.714285714286,33392.1,21082.0,-0.12517787686177784,0,0,0,350.9
7024,2022-08-10,토마토,방울토마토(일반),27690.0,24.7,7.6,8,17460.0,26714.428571428572,33001.3,18443.0,0.5013826383993927,0,0,0,325.0
7025,2022-08-11,토마토,방울토마토(일반),34190.0,25.0,38.8,8,16938.0,26165.14285714286,32956.36666666667,27690.0,0.23474178403755874,0,0,0,312.7
7026,2022-08-12,토마토,방울토마토(일반),37205.0,27.0,0.0,8,17330.0,26612.0,33237.066666666666,34190.0,0.0881836794384323,0,0,0,312.7
7027,2022-08-13,토마토,방울토마토(일반),42475.0,25.8,4.0,8,20777.0,29274.571428571428,34075.3,37205.0,0.14164762800698827,0,0,0,316.7
7028,2022-08-15,토마토,방울토마토(일반),30924.0,28.1,0.9,8,21722.0,30287.0,34543.63333333333,42475.0,-0.2719482048263685,0,0,0,304.0
7029,2022-08-16,토마토,방울토마토(일반),36163.0,26.7,0.0,8,15947.0,32441.428571428572,35112.8,30924.0,0.16941534083559695,0,0,0,174.40000000000003
7030,2022-08-17,토마토,방울토마토(일반),37725.0,26.0,0.0,8,12247.0,35196.0,35543.63333333333,36163.0,0.04319331913834579,0,0,0,51.300000000000026
7031,2022-08-18,토마토,방울토마토(일반),48610.0,25.6,0.0,8,19576.0,38184.57142857143,35937.53333333333,37725.0,0.2885354539430087,0,0,0,43.700000000000024
7032,2022-08-19,토마토,방울토마토(일반),48739.0,26.0,66.1,8,18863.0,40263.0,36312.166666666664,48610.0,0.002653774943427223,0,0,0,71.00000000000003
7033,2022-08-20,토마토,방울토마토(일반),54380.0,28.2,0.0,8,16186.0,42716.57142857143,36782.3,48739.0,0.11573893596503826,0,0,0,71.00000000000003
7034,2022-08-22,토마토,방울토마토(일반),54529.0,26.8,3.2,8,15150.0,44438.57142857143,37379.833333333336,54380.0,0.0027399779330636864,0,0,0,70.20000000000003
7035,2022-08-23,토마토,방울토마토(일반),65135.0,25.4,2.2,8,16444.0,49325.857142857145,38318.833333333336,54529.0,0.19450200810577867,0,0,0,71.50000000000003
7036,2022-08-24,토마토,방울토마토(일반),63552.0,24.8,0.0,8,17568.0,53238.57142857143,39140.86666666667,65135.0,-0.024303369924003948,0,0,0,71.50000000000003
7037,2022-08-25,토마토,방울토마토(일반),66029.0,22.2,1.6,8,14961.0,57282.0,40012.26666666667,63552.0,0.038975956696878145,0,0,0,73.10000000000002
7038,2022-08-26,토마토,방울토마토(일반),65770.0,23.8,0.0,8,15704.0,59733.42857142857,40884.5,66029.0,-0.0039225188932136,0,0,0,73.10000000000002
7039,2022-08-27,토마토,방울토마토(일반),60902.0,21.5,17.6,8,17121.0,61471.0,41598.6,65770.0,-0.07401550859054284,0,0,0,24.60000000000003
7040,2022-08-29,토마토,방울토마토(일반),45769.0,21.0,2.2,8,17398.0,60240.857142857145,42122.3,60902.0,-0.24848116646415552,0,0,0,26.80000000000003
7041,2022-08-30,토마토,방울토마토(일반),34699.0,19.1,35.8,8,16000.0,57408.0,42107.0,45769.0,-0.24186676571478516,0,0,0,59.40000000000003
7042,2022-08-31,토마토,방울토마토(일반),49057.0,21.7,0.0,8,18879.0,55111.142857142855,42667.53333333333,34699.0,0.41378714083979373,0,0,0,57.200000000000024
7043,2022-09-01,토마토,방울토마토(일반),62639.0,24.0,0.0,9,15965.0,54980.71428571428,43546.26666666667,49057.0,0.2768616099639196,0,1,0,57.200000000000024
7044,2022-09-02,토마토,방울토마토(일반),61761.0,24.7,0.0,9,16877.0,54371.0,44426.7,62639.0,-0.01401682657769121,0,1,0,55.60000000000002
7045,2022-09-03,토마토,방울토마토(일반),69042.0,24.2,0.0,9,16387.0,54838.42857142857,45301.8,61761.0,0.11788993053868957,0,1,0,55.60000000000002
7046,2022-09-05,토마토,방울토마토(일반),43856.0,19.2,120.0,9,15217.0,52403.28571428572,45122.0,69042.0,-0.36479244517829723,0,1,0,158.00000000000003
7047,2022-09-06,토마토,방울토마토(일반),38129.0,21.0,25.3,9,17611.0,51311.857142857145,44609.36666666667,43856.0,-0.13058646479387082,0,1,0,181.10000000000002
7048,2022-09-07,토마토,방울토마토(일반),53706.0,22.8,0.0,9,20580.0,54027.142857142855,45131.73333333333,38129.0,0.4085341865771459,0,1,0,145.30000000000004
7049,2022-09-08,토마토,방울토마토(일반),48569.0,23.2,0.0,9,21796.0,53957.42857142857,45614.8,53706.0,-0.09565039287975274,0,1,0,145.30000000000004
7050,2022-09-09,토마토,방울토마토(일반),18567.0,24.3,0.0,9,23930.0,47661.42857142857,45439.13333333333,48569.0,-0.6177191212501801,0,1,0,145.30000000000004
7051,2022-09-13,토마토,방울토마토(일반),23030.0,24.3,0.0,9,29822.0,42128.42857142857,45412.23333333333,18567.0,0.2403727042602466,0,1,0,145.30000000000004
7052,2022-09-14,토마토,방울토마토(일반),26401.0,24.6,0.0,9,41219.0,36036.857142857145,45589.53333333333,23030.0,0.1463742943986106,0,1,0,145.30000000000004
7053,2022-09-15,토마토,방울토마토(일반),24776.0,25.2,0.1,9,43009.0,33311.142857142855,45800.63333333333,26401.0,-0.06155069883716524,0,1,0,25.40000000000003
7054,2022-09-16,토마토,방울토마토(일반),16361.0,25.7,14.6,9,38653.0,30201.428571428572,45423.0,24776.0,-0.339643203099774,0,1,0,14.700000000000028
7055,2022-09-17,토마토,방울토마토(일반),14116.0,25.6,4.3,9,34437.0,24545.714285714286,44753.86666666667,16361.0,-0.13721655155552837,0,1,0,19.00000000000003
7056,2022-09-19,토마토,방울토마토(일반),15324.0,24.6,0.0,9,33637.0,19796.428571428572,44024.5,14116.0,0.08557665060923769,0,1,0,19.00000000000003
7057,2022-09-20,토마토,방울토마토(일반),17309.0,19.9,0.0,9,33920.0,19616.714285714286,43185.63333333333,15324.0,0.12953536935525967,0,1,0,19.00000000000003
7058,2022-09-21,토마토,방울토마토(일반),17394.0,19.4,0.0,9,34478.0,18811.571428571428,42734.63333333333,17309.0,0.004910740077416431,0,1,0,19.00000000000003
7059,2022-09-22,토마토,방울토마토(일반),23038.0,19.8,0.0,9,28405.0,18331.14285714286,42297.13333333333,17394.0,0.324479705645625,0,1,0,19.00000000000003
7060,2022-09-23,토마토,방울토마토(일반),23052.0,17.5,3.3,9,29395.0,18084.85714285714,41808.03333333333,23038.0,0.000607691639899377,0,1,0,22.200000000000024
7061,2022-09-24,토마토,방울토마토(일반),22712.0,18.5,0.0,9,24942.0,18992.14285714286,40944.76666666667,23052.0,-0.014749262536873142,0,1,0,7.600000000000028
7062,2022-09-26,토마토,방울토마토(일반),22460.0,20.0,0.0,9,27073.0,20184.14285714286,40068.8,22712.0,-0.011095456146530513,0,1,0,3.3000000000000282
7063,2022-09-27,토마토,방울토마토(일반),28752.0,20.9,0.0,9,31204.0,22102.428571428572,39214.53333333333,22460.0,0.2801424755120214,0,1,0,3.3000000000000282
7064,2022-09-28,토마토,방울토마토(일반),43000.0,20.4,0.0,9,24147.0,25772.571428571428,38830.23333333333,28752.0,0.49554813578185875,0,1,0,3.3000000000000282
7065,2022-09-29,토마토,방울토마토(일반),53779.0,20.4,0.0,9,24350.0,30970.428571428572,38451.7,43000.0,0.25067441860465123,0,1,0,3.3000000000000282
7066,2022-09-30,토마토,방울토마토(일반),48572.0,20.7,0.0,9,35212.0,34618.142857142855,37952.36666666667,53779.0,-0.0968221796612061,0,1,0,3.3000000000000282
7067,2022-10-01,토마토,방울토마토(일반),41431.0,20.9,0.0,10,27444.0,37243.71428571428,37132.433333333334,48572.0,-0.14701885860166353,0,1,0,0.0
7068,2022-10-03,토마토,방울토마토(일반),45095.0,21.4,76.0,10,31050.0,40441.28571428572,36443.26666666667,41431.0,0.08843619511959644,0,1,0,76.00000000000003
7069,2022-10-04,토마토,방울토마토(일반),43130.0,17.9,11.8,10,29165.0,43394.142857142855,35850.86666666667,45095.0,-0.043574675684665665,0,1,0,87.80000000000003
7070,2022-10-05,토마토,방울토마토(일반),50771.0,16.6,0.1,10,30912.0,46539.71428571428,36017.6,43130.0,0.17716206816600977,0,1,0,87.90000000000003
7071,2022-10-06,토마토,방울토마토(일반),61071.0,15.8,0.0,10,22442.0,49121.28571428572,36896.666666666664,50771.0,0.20287171810679316,0,1,0,87.90000000000003
7072,2022-10-07,토마토,방울토마토(일반),46307.0,14.3,0.0,10,25520.0,48053.857142857145,36805.0,61071.0,-0.24175140410342066,0,1,0,87.90000000000003
7073,2022-10-08,토마토,방울토마토(일반),36786.0,15.8,0.0,10,21633.0,46370.142857142855,35943.23333333333,46307.0,-0.20560606387803138,0,1,0,87.90000000000003
7074,2022-10-10,토마토,방울토마토(일반),36832.0,9.9,0.0,10,21206.0,45713.142857142855,35112.26666666667,36786.0,0.0012504757244604647,0,1,0,87.90000000000003
7075,2022-10-11,토마토,방울토마토(일반),35181.0,11.1,0.0,10,19774.0,44296.857142857145,33983.566666666666,36832.0,-0.0448251520417029,0,1,0,11.900000000000029
7076,2022-10-12,토마토,방울토마토(일반),45242.0,13.5,0.0,10,17350.0,44598.57142857143,34029.76666666667,35181.0,0.28597822688382935,0,1,0,0.10000000000002843
7077,2022-10-13,토마토,방울토마토(일반),48281.0,16.3,0.0,10,21214.0,44242.857142857145,34368.166666666664,45242.0,0.06717209672428281,0,1,0,0.0
7078,2022-10-14,토마토,방울토마토(일반),50549.0,17.1,0.0,10,21139.0,42739.71428571428,34262.933333333334,48281.0,0.04697500051780201,0,1,0,0.0
7079,2022-10-15,토마토,방울토마토(일반),50000.0,18.2,0.0,10,16255.0,43267.28571428572,34310.63333333333,50549.0,-0.010860748976240897,0,1,0,0.0
7080,2022-10-17,토마토,방울토마토(일반),39801.0,11.2,0.0,10,15641.0,43698.0,35018.433333333334,50000.0,-0.20398000000000005,0,1,0,0.0
7081,2022-10-18,토마토,방울토마토(일반),36505.0,9.4,0.0,10,14851.0,43651.28571428572,35467.6,39801.0,-0.08281198964850134,0,1,0,0.0
7082,2022-10-19,토마토,방울토마토(일반),38538.0,10.5,0.0,10,19708.0,44130.857142857145,35872.166666666664,36505.0,0.05569100123270787,0,1,0,0.0
7083,2022-10-20,토마토,방울토마토(일반),38306.0,12.9,0.0,10,25885.0,43140.0,36323.166666666664,38538.0,-0.006020032176034085,0,1,0,0.0
7084,2022-10-21,토마토,방울토마토(일반),32562.0,14.0,0.0,10,21527.0,40894.42857142857,36863.2,38306.0,-0.14995039941523525,0,1,0,0.0
7085,2022-10-22,토마토,방울토마토(일반),22447.0,15.1,0.0,10,22564.0,36879.857142857145,37140.9,32562.0,-0.3106381671887476,0,1,0,0.0
7086,2022-10-24,토마토,방울토마토(일반),22355.0,10.6,0.0,10,20737.0,32930.57142857143,37375.26666666667,22447.0,-0.004098543235176222,0,1,0,0.0
7087,2022-10-25,토마토,방울토마토(일반),18963.0,11.3,0.0,10,22916.0,29953.714285714286,37430.4,22355.0,-0.15173339297696264,0,1,0,0.0
7088,2022-10-26,토마토,방울토마토(일반),18396.0,12.9,0.0,10,20787.0,27366.714285714286,37463.8,18963.0,-0.029900332225913595,0,1,0,0.0
7089,2022-10-27,토마토,방울토마토(일반),20557.0,13.2,0.0,10,19711.0,24798.0,37381.1,18396.0,0.1174711893889977,0,1,0,0.0
7090,2022-10-28,토마토,방울토마토(일반),17594.0,13.6,0.0,10,19613.0,21839.14285714286,37199.166666666664,20557.0,-0.14413581748309579,0,1,0,0.0
7091,2022-10-29,토마토,방울토마토(일반),15378.0,14.8,0.0,10,27209.0,19384.285714285714,36954.7,17594.0,-0.1259520291008298,0,1,0,0.0
7092,2022-10-31,토마토,방울토마토(일반),12407.0,14.9,0.0,10,35803.0,17950.0,36619.6,15378.0,-0.19319807517232412,0,1,0,0.0
7093,2022-11-01,토마토,방울토마토(일반),11401.0,13.1,0.0,11,48000.0,16385.14285714286,36041.23333333333,12407.0,-0.08108325945031036,0,0,0,0.0
7094,2022-11-02,토마토,방울토마토(일반),12232.0,11.1,0.0,11,49523.0,15423.57142857143,35015.63333333333,11401.0,0.0728883431277958,0,0,0,0.0
7095,2022-11-03,토마토,방울토마토(일반),11332.0,9.3,0.0,11,40887.0,14414.42857142857,33600.73333333333,12232.0,-0.07357750163505561,0,0,0,0.0
7096,2022-11-04,토마토,방울토마토(일반),13197.0,4.9,0.0,11,28423.0,13363.0,32421.566666666666,11332.0,0.16457818566890214,0,0,0,0.0
7097,2022-11-05,토마토,방울토마토(일반),11657.0,6.5,0.0,11,37488.0,12514.857142857143,31429.1,13197.0,-0.11669318784572247,0,0,0,0.0
7098,2022-11-07,토마토,방울토마토(일반),12951.0,11.4,0.0,11,43310.0,12168.142857142857,30357.633333333335,11657.0,0.11100626233164612,0,0,0,0.0
7099,2022-11-08,토마토,방울토마토(일반),14678.0,12.9,0.0,11,43180.0,12492.57142857143,29409.233333333334,12951.0,0.13334877615628127,0,0,0,0.0
7100,2022-11-09,토마토,방울토마토(일반),15597.0,11.4,0.0,11,39429.0,13092.0,28236.766666666666,14678.0,0.06261070990598183,0,0,0,0.0
7101,2022-11-10,토마토,방울토마토(일반),15487.0,13.5,0.0,11,38070.0,13557.0,26717.3,15597.0,-0.007052638327883609,0,0,0,0.0
7102,2022-11-11,토마토,방울토마토(일반),13326.0,15.6,0.0,11,34162.0,13841.857142857143,25617.933333333334,15487.0,-0.13953638535545942,0,0,0,0.0
7103,2022-11-12,토마토,방울토마토(일반),15376.0,16.3,57.9,11,28093.0,14153.142857142857,24904.266666666666,13326.0,0.15383460903496915,0,0,0,57.90000000000003
7104,2022-11-14,토마토,방울토마토(일반),16566.0,9.7,0.0,11,36000.0,14854.42857142857,24228.733333333334,15376.0,0.07739334027055156,0,0,0,57.90000000000003
7105,2022-11-15,토마토,방울토마토(일반),19675.0,8.1,1.6,11,45000.0,15815.0,23711.866666666665,16566.0,0.1876735482313172,0,0,0,59.50000000000003
7106,2022-11-16,토마토,방울토마토(일반),20086.0,8.5,0.0,11,43250.0,16587.571428571428,22873.333333333332,19675.0,0.020889453621346865,0,0,0,59.50000000000003
7107,2022-11-17,토마토,방울토마토(일반),22763.0,10.2,0.0,11,40813.0,17611.285714285714,22022.733333333334,20086.0,0.13327690929005276,0,0,0,59.50000000000003
7108,2022-11-18,토마토,방울토마토(일반),24172.0,11.0,0.0,11,27731.0,18852.0,21143.5,22763.0,0.061898695251065394,0,0,0,59.50000000000003
7109,2022-11-19,토마토,방울토마토(일반),22657.0,12.9,0.0,11,23801.0,20185.0,20232.066666666666,24172.0,-0.06267582326658949,0,0,0,59.50000000000003
7110,2022-11-21,토마토,방울토마토(일반),25795.0,11.8,0.0,11,20842.0,21673.428571428572,19765.2,22657.0,0.1385002427505848,0,0,0,1.6000000000000285
7111,2022-11-22,토마토,방울토마토(일반),22615.0,10.7,0.0,11,17914.0,22537.571428571428,19302.2,25795.0,-0.12327970536925759,0,0,0,1.6000000000000285
7112,2022-11-23,토마토,방울토마토(일반),19332.0,10.8,0.0,11,16782.0,22488.571428571428,18662.0,22615.0,-0.14516913552951582,0,0,0,0.0
7113,2022-11-24,토마토,방울토마토(일반),18580.0,9.4,0.0,11,20263.0,22273.428571428572,18004.466666666667,19332.0,-0.03889923442996068,0,0,0,0.0
7114,2022-11-25,토마토,방울토마토(일반),17439.0,12.3,1.7,11,21228.0,21512.85714285714,17500.366666666665,18580.0,-0.06141011840688915,0,0,0,1.7000000000000284
7115,2022-11-26,토마토,방울토마토(일반),19109.0,6.7,0.0,11,18189.0,20789.571428571428,17389.1,17439.0,0.09576237169562485,0,0,0,1.7000000000000284
7116,2022-11-28,토마토,방울토마토(일반),15691.0,12.3,19.5,11,25493.0,19794.428571428572,17166.966666666667,19109.0,-0.17886859594955262,0,0,0,21.200000000000028
7117,2022-11-29,토마토,방울토마토(일반),19766.0,6.9,3.8,11,34399.0,18933.14285714286,17193.733333333334,15691.0,0.2597030144668919,0,0,0,25.00000000000003
7118,2022-11-30,토마토,방울토마토(일반),19749.0,-5.4,0.0,11,54716.0,18523.714285714286,17238.833333333332,19766.0,-0.0008600627339876432,0,0,0,25.00000000000003
7119,2022-12-01,토마토,방울토마토(일반),18434.0,-5.4,0.0,12,41719.0,18395.428571428572,17168.066666666666,19749.0,-0.06658564990632432,0,0,0,25.00000000000003
7120,2022-12-02,토마토,방울토마토(일반),19544.0,-2.5,0.0,12,22477.0,18533.14285714286,17233.066666666666,18434.0,0.060214820440490424,0,0,0,25.00000000000003
7121,2022-12-03,토마토,방울토마토(일반),21506.0,2.1,1.1,12,15144.0,19114.14285714286,17437.333333333332,19544.0,0.10038886614817844,0,0,0,24.400000000000027
7122,2022-12-05,토마토,방울토마토(일반),13763.0,-3.1,0.0,12,17743.0,18350.428571428572,17482.533333333333,21506.0,-0.3600390588672928,0,0,0,24.400000000000027
7123,2022-12-06,토마토,방울토마토(일반),20952.0,0.9,0.1,12,30595.0,19102.0,17800.9,13763.0,0.5223425125336045,0,0,0,5.000000000000028
7124,2022-12-07,토마토,방울토마토(일반),15095.0,4.9,0.1,12,26556.0,18434.714285714286,17896.333333333332,20952.0,-0.2795437189767087,0,0,0,1.3000000000000285
7125,2022-12-08,토마토,방울토마토(일반),16604.0,3.7,0.0,12,31180.0,17985.428571428572,18072.066666666666,15095.0,0.09996687644915525,0,0,0,1.3000000000000285
7126,2022-12-09,토마토,방울토마토(일반),23517.0,4.5,0.0,12,31078.0,18711.571428571428,18416.066666666666,16604.0,0.4163454589255602,0,0,0,1.3000000000000285
7127,2022-12-10,토마토,방울토마토(일반),14036.0,2.6,0.0,12,26351.0,17924.714285714286,18495.366666666665,23517.0,-0.4031551643491942,0,0,0,1.3000000000000285
7128,2022-12-12,토마토,방울토마토(일반),23702.0,2.0,5.4,12,30004.0,18238.428571428572,18853.733333333334,14036.0,0.688657737247079,0,0,0,5.600000000000029
7129,2022-12-13,토마토,방울토마토(일반),20527.0,0.0,0.6,12,25488.0,19204.714285714286,19048.7,23702.0,-0.13395494051134926,0,0,0,6.200000000000029
7130,2022-12-14,토마토,방울토마토(일반),23065.0,-8.4,0.0,12,22779.0,19506.571428571428,19297.633333333335,20527.0,0.12364203244507244,0,0,0,6.100000000000029
7131,2022-12-15,토마토,방울토마토(일반),21009.0,-4.5,2.4,12,21601.0,20351.428571428572,19481.7,23065.0,-0.0891393886841535,0,0,0,8.400000000000029
7132,2022-12-16,토마토,방울토마토(일반),24714.0,-6.3,0.0,12,19674.0,21510.0,19861.3,21009.0,0.17635299157503925,0,0,0,8.400000000000029
7133,2022-12-17,토마토,방울토마토(일반),25495.0,-7.0,0.2,12,13585.0,21792.571428571428,20198.6,24714.0,0.03160152140487171,0,0,0,8.600000000000028
7134,2022-12-19,토마토,방울토마토(일반),25443.0,-7.0,0.0,12,13030.0,23422.14285714286,20494.5,25495.0,-0.002039615610904044,0,0,0,8.600000000000028
7135,2022-12-20,토마토,방울토마토(일반),21307.0,-3.2,0.0,12,10953.0,23080.0,20548.9,25443.0,-0.1625594466061392,0,0,0,3.2000000000000286
7136,2022-12-21,토마토,방울토마토(일반),22052.0,-0.1,3.6,12,10997.0,23297.85714285714,20614.433333333334,21307.0,0.034965034965035,0,0,0,6.200000000000029
7137,2022-12-22,토마토,방울토마토(일반),25019.0,-7.8,0.0,12,11734.0,23577.0,20689.633333333335,22052.0,0.13454561944494836,0,0,0,6.200000000000029
7138,2022-12-23,토마토,방울토마토(일반),26416.0,-11.8,0.0,12,11255.0,24349.428571428572,20764.433333333334,25019.0,0.055837563451776706,0,0,0,3.8000000000000287
7139,2022-12-24,토마토,방울토마토(일반),24360.0,-8.4,0.0,12,12035.0,24298.85714285714,20821.2,26416.0,-0.07783161720169596,0,0,0,3.8000000000000287
7140,2022-12-26,토마토,방울토마토(일반),26833.0,-3.9,0.0,12,11627.0,24490.0,20855.8,24360.0,0.10151888341543525,0,0,0,3.6000000000000285
7141,2022-12-27,토마토,방울토마토(일반),25188.0,-2.6,0.0,12,11453.0,24453.571428571428,20941.566666666666,26833.0,-0.0613051093802407,0,0,0,3.6000000000000285
7142,2022-12-28,토마토,방울토마토(일반),27575.0,-3.3,0.1,12,12537.0,25349.0,21216.333333333332,25188.0,0.09476734953152288,0,0,0,3.7000000000000286
7143,2022-12-29,토마토,방울토마토(일반),28594.0,-2.9,0.0,12,13465.0,26283.571428571428,21550.133333333335,27575.0,0.036953762466001905,0,0,0,0.10000000000002843
7144,2022-12-30,토마토,방울토마토(일반),25313.0,-1.8,0.0,12,13685.0,26325.571428571428,21812.6,28594.0,-0.1147443519619501,0,0,0,0.10000000000002843
7145,2022-12-31,토마토,방울토마토(일반),29742.0,-1.2,0.0,12,13957.0,26800.714285714286,22167.033333333333,25313.0,0.17496938332082324,0,0,0,0.10000000000002843
7146,2023-01-03,토마토,방울토마토(일반),34026.0,-5.0,0.0,1,15023.0,28181.571428571428,22778.2,29742.0,0.1440387331047004,0,0,0,0.10000000000002843
7147,2023-01-04,토마토,방울토마토(일반),29619.0,-1.8,0.0,1,15127.0,28579.571428571428,23106.633333333335,34026.0,-0.12951860342091337,0,0,0,0.10000000000002843
7148,2023-01-05,토마토,방울토마토(일반),27639.0,-1.6,0.0,1,17475.0,28929.714285714286,23369.633333333335,29619.0,-0.06684898207231849,0,0,0,0.10000000000002843
7149,2023-01-06,토마토,방울토마토(일반),25115.0,0.6,3.9,1,18553.0,28578.285714285714,23592.333333333332,27639.0,-0.0913202358985492,0,0,0,3.9000000000000283
7150,2023-01-07,토마토,방울토마토(일반),25635.0,1.5,0.1,1,19612.0,28155.571428571428,23795.366666666665,25115.0,0.020704758112681576,0,0,0,4.000000000000028
7151,2023-01-09,토마토,방울토마토(일반),21230.0,3.1,0.0,1,23113.0,27572.285714285714,23786.166666666668,25635.0,-0.17183538131460896,0,0,0,4.000000000000028
7152,2023-01-10,토마토,방울토마토(일반),25103.0,1.6,0.0,1,24504.0,26909.571428571428,24164.166666666668,21230.0,0.1824305228450307,0,0,0,4.000000000000028
7153,2023-01-11,토마토,방울토마토(일반),22417.0,2.6,0.0,1,24467.0,25251.14285714286,24213.0,25103.0,-0.10699916344659999,0,0,0,4.000000000000028
7154,2023-01-12,토마토,방울토마토(일반),25478.0,5.9,0.0,1,25604.0,24659.571428571428,24559.1,22417.0,0.13654815541776322,0,0,0,4.000000000000028
7155,2023-01-13,토마토,방울토마토(일반),22284.0,8.3,37.3,1,23609.0,23894.571428571428,24748.433333333334,25478.0,-0.1253630583248293,0,0,0,41.300000000000026
7156,2023-01-14,토마토,방울토마토(일반),25667.0,6.6,1.6,1,26267.0,23973.428571428572,24820.1,22284.0,0.15181295997127986,0,0,0,39.00000000000003
7157,2023-01-16,토마토,방울토마토(일반),20564.0,-4.6,0.0,1,26342.0,23249.0,25037.7,25667.0,-0.19881559979740526,0,0,0,38.90000000000003
7158,2023-01-17,토마토,방울토마토(일반),27793.0,-3.7,0.0,1,28113.0,24186.571428571428,25174.066666666666,20564.0,0.35153666601828437,0,0,0,38.90000000000003
7159,2023-01-18,토마토,방울토마토(일반),28730.0,-1.9,0.0,1,36840.0,24704.714285714286,25447.5,27793.0,0.03371352498830649,0,0,0,38.90000000000003
7160,2023-01-19,토마토,방울토마토(일반),27411.0,-0.4,1.0,1,37404.0,25418.14285714286,25592.366666666665,28730.0,-0.045910198398886215,0,0,0,39.90000000000003
7161,2023-01-20,토마토,방울토마토(일반),24864.0,-3.3,0.0,1,41749.0,25330.428571428572,25720.866666666665,27411.0,-0.09291890117106272,0,0,0,39.90000000000003
7162,2023-01-21,토마토,방울토마토(일반),20611.0,-4.5,0.0,1,45763.0,25091.428571428572,25584.1,24864.0,-0.1710505148005148,0,0,0,2.6000000000000285
7163,2023-01-25,토마토,방울토마토(일반),26032.0,-11.3,0.0,1,40663.0,25143.571428571428,25602.0,20611.0,0.26301489495900254,0,0,0,1.0000000000000284
7164,2023-01-26,토마토,방울토마토(일반),23815.0,-6.0,0.8,1,45818.0,25608.0,25547.733333333334,26032.0,-0.08516441303011679,0,0,0,1.8000000000000285
7165,2023-01-27,토마토,방울토마토(일반),25508.0,-7.3,0.0,1,52050.0,25281.571428571428,25687.766666666666,23815.0,0.07108964938064255,0,0,0,1.8000000000000285
7166,2023-01-28,토마토,방울토마토(일반),24588.0,-6.0,0.0,1,54344.0,24689.85714285714,25772.3,25508.0,-0.03606711619883962,0,0,0,1.8000000000000285
7167,2023-01-30,토마토,방울토마토(일반),25058.0,-0.9,0.0,1,45530.0,24353.714285714286,25773.6,24588.0,0.019115015454693296,0,0,0,0.8000000000000285
7168,2023-01-31,토마토,방울토마토(일반),24169.0,2.4,0.0,1,43755.0,24254.428571428572,25698.7,25058.0,-0.03547769175512805,0,0,0,0.8000000000000285
7169,2023-02-01,토마토,방울토마토(일반),26205.0,0.9,0.0,2,31094.0,25053.571428571428,25760.2,24169.0,0.08424014233108523,0,0,0,0.8000000000000285
7170,2023-02-02,토마토,방울토마토(일반),32623.0,-2.4,0.0,2,29168.0,25995.14285714286,25953.2,26205.0,0.24491509253959176,0,0,0,0.8000000000000285
7171,2023-02-03,토마토,방울토마토(일반),26348.0,-1.6,0.0,2,31123.0,26357.0,25991.866666666665,32623.0,-0.19234895625785486,0,0,0,0.0
7172,2023-02-04,토마토,방울토마토(일반),35253.0,-0.2,0.0,2,35687.0,27749.14285714286,26247.8,26348.0,0.3379763169880068,0,0,0,0.0
7173,2023-02-06,토마토,방울토마토(일반),27946.0,3.0,0.0,2,35043.0,28228.85714285714,26226.2,35253.0,-0.2072731398746206,0,0,0,0.0
7174,2023-02-07,토마토,방울토마토(일반),34576.0,3.5,0.0,2,31330.0,29588.571428571428,26534.966666666667,27946.0,0.23724325484863673,0,0,0,0.0
7175,2023-02-08,토마토,방울토마토(일반),32564.0,2.1,0.0,2,23060.0,30787.85714285714,26629.033333333333,34576.0,-0.05819065247570565,0,0,0,0.0
7176,2023-02-09,토마토,방울토마토(일반),33636.0,4.0,0.0,2,29000.0,31849.428571428572,26616.033333333333,32564.0,0.032919788723744015,0,0,0,0.0
7177,2023-02-10,토마토,방울토마토(일반),27403.0,3.8,0.6,2,20239.0,31103.714285714286,26542.166666666668,33636.0,-0.18530740872874296,0,0,0,0.6000000000000284
7178,2023-02-11,토마토,방울토마토(일반),29183.0,2.8,0.0,2,19898.0,31508.714285714286,26593.633333333335,27403.0,0.06495639163595235,0,0,0,0.6000000000000284
7179,2023-02-13,토마토,방울토마토(일반),26130.0,5.9,0.0,2,19453.0,30205.428571428572,26627.466666666667,29183.0,-0.10461570092176953,0,0,0,0.6000000000000284
7180,2023-02-14,토마토,방울토마토(일반),29058.0,1.7,0.0,2,18544.0,30364.285714285714,26741.566666666666,26130.0,0.11205510907003435,0,0,0,0.6000000000000284
7181,2023-02-15,토마토,방울토마토(일반),26878.0,3.2,0.0,2,21878.0,29264.571428571428,26929.833333333332,29058.0,-0.07502236905499349,0,0,0,0.6000000000000284
7182,2023-02-16,토마토,방울토마토(일반),27208.0,2.3,0.0,2,24458.0,28499.428571428572,27000.0,26878.0,0.012277699233574024,0,0,0,0.6000000000000284
7183,2023-02-17,토마토,방울토마토(일반),36456.0,3.4,0.0,2,23534.0,28902.285714285714,27467.966666666667,27208.0,0.3399000294031167,0,0,0,0.6000000000000284
7184,2023-02-18,토마토,방울토마토(일반),42714.0,5.7,0.0,2,22586.0,31089.571428571428,28042.5,36456.0,0.1716589861751152,0,0,0,0.0
7185,2023-02-20,토마토,방울토마토(일반),39589.0,-0.5,0.0,2,23597.0,32576.14285714286,28619.333333333332,42714.0,-0.07316102448845807,0,0,0,0.0
7186,2023-02-21,토마토,방울토마토(일반),41291.0,-1.3,0.0,2,24791.0,34742.0,29140.133333333335,39589.0,0.04299174012983409,0,0,0,0.0
7187,2023-02-22,토마토,방울토마토(일반),46950.0,1.2,0.0,2,22100.0,37298.0,30019.666666666668,41291.0,0.13705165774624017,0,0,0,0.0
7188,2023-02-23,토마토,방울토마토(일반),43183.0,2.9,0.0,2,26254.0,39627.28571428572,30532.666666666668,46950.0,-0.08023429179978703,0,0,0,0.0
7189,2023-02-24,토마토,방울토마토(일반),38393.0,3.5,0.0,2,35395.0,41225.142857142855,30854.766666666666,43183.0,-0.11092327999444229,0,0,0,0.0
7190,2023-02-25,토마토,방울토마토(일반),44000.0,0.7,0.0,2,31834.0,42302.857142857145,31407.733333333334,38393.0,0.1460422472846612,0,0,0,0.0
7191,2023-02-27,토마토,방울토마토(일반),38689.0,4.4,0.0,2,28786.0,41727.857142857145,31868.566666666666,44000.0,-0.12070454545454545,0,0,0,0.0
7192,2023-02-28,토마토,방울토마토(일반),40653.0,4.3,0.0,2,27355.0,41879.857142857145,32536.633333333335,38689.0,0.050763782987412354,0,0,0,0.0
7193,2023-03-01,토마토,방울토마토(일반),29974.0,6.0,0.0,3,28785.0,40263.142857142855,32668.033333333333,40653.0,-0.26268664059233016,0,0,1,0.0
7194,2023-03-02,토마토,방울토마토(일반),29178.0,2.2,0.0,3,29132.0,37724.28571428572,32846.8,29974.0,-0.026556348835657606,0,0,1,0.0
7195,2023-03-03,토마토,방울토마토(일반),34009.0,4.6,0.0,3,30669.0,36413.71428571428,33130.166666666664,29178.0,0.16556994996230046,0,0,1,0.0
7196,2023-03-04,토마토,방울토마토(일반),41557.0,7.7,0.0,3,32726.0,36865.71428571428,33695.8,34009.0,0.22194125084536442,0,0,1,0.0
7197,2023-03-06,토마토,방울토마토(일반),29865.0,9.2,0.0,3,41780.0,34846.42857142857,33856.03333333333,41557.0,-0.2813485092764155,0,0,1,0.0
7198,2023-03-07,토마토,방울토마토(일반),28451.0,11.7,0.0,3,37215.0,33383.857142857145,33998.76666666667,29865.0,-0.04734639209777336,0,0,1,0.0
7199,2023-03-08,토마토,방울토마토(일반),32930.0,12.5,1.2,3,41545.0,32280.571428571428,34222.933333333334,28451.0,0.15742856138624295,0,0,1,1.2000000000000284
7200,2023-03-09,토마토,방울토마토(일반),25396.0,10.3,3.7,3,41068.0,31626.571428571428,33982.03333333333,32930.0,-0.2287883389006985,0,0,1,4.900000000000029
7201,2023-03-10,토마토,방울토마토(일반),28727.0,13.5,0.0,3,44291.0,31562.14285714286,34061.333333333336,25396.0,0.1311623877776027,0,0,1,4.900000000000029
7202,2023-03-11,토마토,방울토마토(일반),21671.0,15.2,0.0,3,37707.0,29799.571428571428,33608.6,28727.0,-0.24562258502454137,0,0,1,4.900000000000029
7203,2023-03-13,토마토,방울토마토(일반),27752.0,2.9,0.0,3,40889.0,27827.428571428572,33602.13333333333,21671.0,0.28060541737806277,0,0,1,4.900000000000029
7204,2023-03-14,토마토,방울토마토(일반),27844.0,9.2,0.0,3,39208.0,27538.714285714286,33377.73333333333,27752.0,0.003315076390890681,0,0,1,4.900000000000029
7205,2023-03-15,토마토,방울토마토(일반),32328.0,8.6,0.0,3,40660.0,28092.571428571428,33369.86666666667,27844.0,0.1610400804482115,0,0,1,4.900000000000029
7206,2023-03-16,토마토,방울토마토(일반),34000.0,4.6,0.0,3,38119.0,28245.428571428572,33382.0,32328.0,0.05171987131898037,0,0,1,3.7000000000000286
7207,2023-03-17,토마토,방울토마토(일반),36451.0,7.2,0.0,3,36543.0,29824.714285714286,33683.6,34000.0,0.07208823529411768,0,0,1,0.0
7208,2023-03-18,토마토,방울토마토(일반),43924.0,7.7,0.0,3,38583.0,31995.714285714286,34174.96666666667,36451.0,0.20501495157883176,0,0,1,0.0
7209,2023-03-20,토마토,방울토마토(일반),35940.0,9.5,0.0,3,38859.0,34034.142857142855,34501.96666666667,43924.0,-0.18176850924323829,0,0,1,0.0
7210,2023-03-21,토마토,방울토마토(일반),39043.0,13.0,0.0,3,41123.0,35647.142857142855,34834.8,35940.0,0.08633834168057875,0,0,1,0.0
7211,2023-03-22,토마토,방울토마토(일반),40840.0,17.0,0.0,3,35443.0,37503.71428571428,35300.2,39043.0,0.04602617626719252,0,0,1,0.0
7212,2023-03-23,토마토,방울토마토(일반),46844.0,17.4,0.0,3,43794.0,39577.42857142857,35954.73333333333,40840.0,0.14701273261508319,0,0,1,0.0
7213,2023-03-24,토마토,방울토마토(일반),44680.0,12.5,0.0,3,38367.0,41103.142857142855,36228.86666666667,46844.0,-0.046195884211425176,0,0,1,0.0
7214,2023-03-25,토마토,방울토마토(일반),45418.0,12.5,0.0,3,43222.0,42384.142857142855,36319.0,44680.0,0.01651745747538058,0,0,1,0.0
7215,2023-03-27,토마토,방울토마토(일반),42685.0,7.3,0.0,3,44540.0,42207.142857142855,36422.2,45418.0,-0.0601743802016822,0,0,1,0.0
7216,2023-03-28,토마토,방울토마토(일반),41294.0,9.2,0.0,3,41671.0,42972.0,36422.3,42685.0,-0.03258756003279839,0,0,1,0.0
7217,2023-03-29,토마토,방울토마토(일반),56456.0,11.8,0.0,3,38323.0,45459.57142857143,36739.166666666664,41294.0,0.36717198624497516,0,0,1,0.0
7218,2023-03-30,토마토,방울토마토(일반),60109.0,13.3,0.0,3,40254.0,48212.28571428572,37303.36666666667,56456.0,0.06470525719144105,0,0,1,0.0
7219,2023-03-31,토마토,방울토마토(일반),50484.0,15.0,0.0,3,38555.0,48732.28571428572,37706.4,60109.0,-0.1601257715150809,0,0,1,0.0
7220,2023-04-01,토마토,방울토마토(일반),48163.0,17.5,0.0,4,41333.0,49229.857142857145,37845.166666666664,50484.0,-0.04597496236431342,0,0,1,0.0
7221,2023-04-03,토마토,방울토마토(일반),40556.0,19.0,0.0,4,36806.0,48535.28571428572,37907.4,48163.0,-0.1579428191765463,0,0,1,0.0
7222,2023-04-04,토마토,방울토마토(일반),24231.0,17.6,6.9,4,42272.0,45899.0,37360.0,40556.0,-0.4025298352894763,0,0,1,6.900000000000029
7223,2023-04-05,토마토,방울토마토(일반),28130.0,11.9,50.3,4,31199.0,44018.42857142857,37298.53333333333,24231.0,0.16090957863893363,0,0,1,57.200000000000024
7224,2023-04-06,토마토,방울토마토(일반),25725.0,8.8,2.7,4,41120.0,39628.28571428572,37183.433333333334,28130.0,-0.08549591183789551,0,0,1,59.90000000000003
7225,2023-04-07,토마토,방울토마토(일반),18509.0,8.9,0.0,4,37466.0,33685.42857142857,36666.76666666667,25725.0,-0.2805053449951409,0,0,1,59.90000000000003
7226,2023-04-08,토마토,방울토마토(일반),19614.0,8.8,0.0,4,40026.0,29275.428571428572,35935.333333333336,18509.0,0.059700686152682536,0,0,1,59.90000000000003
7227,2023-04-10,토마토,방울토마토(일반),19591.0,13.2,0.0,4,41678.0,25193.714285714286,35592.86666666667,19614.0,-0.0011726317936168185,0,0,1,59.90000000000003
7228,2023-04-11,토마토,방울토마토(일반),23848.0,13.1,2.9,4,50763.0,22806.85714285714,35439.433333333334,19591.0,0.21729365524985966,0,0,1,62.800000000000026
7229,2023-04-12,토마토,방울토마토(일반),20342.0,10.1,0.0,4,29225.0,22251.285714285714,35019.833333333336,23848.0,-0.1470144246897015,0,0,1,55.90000000000003
7230,2023-04-13,토마토,방울토마토(일반),23012.0,11.9,0.0,4,23025.0,21520.14285714286,34940.36666666667,20342.0,0.131255530429653,0,0,1,5.600000000000028
7231,2023-04-14,토마토,방울토마토(일반),20579.0,16.2,0.0,4,25244.0,20785.0,34668.76666666667,23012.0,-0.10572744654962629,0,0,1,2.9000000000000283
7232,2023-04-15,토마토,방울토마토(일반),25867.0,13.5,4.6,4,18757.0,21836.14285714286,34808.63333333333,20579.0,0.2569609796394383,0,0,1,7.500000000000028
7233,2023-04-17,토마토,방울토마토(일반),19531.0,13.1,0.0,4,33351.0,21824.285714285714,34534.6,25867.0,-0.2449452970966869,0,0,1,7.500000000000028
7234,2023-04-18,토마토,방울토마토(일반),19877.0,14.0,1.5,4,22011.0,21865.14285714286,34269.03333333333,19531.0,0.017715426757462405,0,0,1,9.000000000000028
7235,2023-04-19,토마토,방울토마토(일반),22472.0,19.1,0.0,4,22937.0,21668.571428571428,33940.5,19877.0,0.1305529003370729,0,0,1,6.100000000000028
7236,2023-04-20,토마토,방울토마토(일반),28883.0,15.8,0.5,4,23031.0,22888.714285714286,33769.933333333334,22472.0,0.28528835884656467,0,0,1,6.600000000000028
7237,2023-04-21,토마토,방울토마토(일반),30946.0,16.7,0.0,4,24605.0,24022.14285714286,33586.433333333334,28883.0,0.071426098396981,0,0,1,6.600000000000028
7238,2023-04-22,토마토,방울토마토(일반),21746.0,16.9,0.0,4,20486.0,24188.85714285714,32847.166666666664,30946.0,-0.297292057131778,0,0,1,6.600000000000028
7239,2023-04-24,토마토,방울토마토(일반),20142.0,15.8,0.0,4,28509.0,23371.0,32320.566666666666,21746.0,-0.0737606916214476,0,0,1,2.0000000000000284
7240,2023-04-25,토마토,방울토마토(일반),18150.0,10.9,0.4,4,17535.0,23173.714285714286,31624.133333333335,20142.0,-0.09889782543938042,0,0,1,2.4000000000000283
7241,2023-04-26,토마토,방울토마토(일반),19581.0,10.2,0.0,4,23900.0,23131.428571428572,30915.5,18150.0,0.07884297520661154,0,0,1,0.9000000000000284
7242,2023-04-27,토마토,방울토마토(일반),23114.0,12.9,0.0,4,22866.0,23223.14285714286,30124.5,19581.0,0.18043000868188552,0,0,1,0.9000000000000284
7243,2023-04-28,토마토,방울토마토(일반),24507.0,15.7,1.9,4,21465.0,22598.0,29452.066666666666,23114.0,0.06026650514839482,0,0,1,2.3000000000000282
7244,2023-04-29,토마토,방울토마토(일반),21245.0,13.2,25.1,4,20019.0,21212.14285714286,28646.3,24507.0,-0.13310482719223082,0,0,1,27.40000000000003
7245,2023-05-01,토마토,방울토마토(일반),20447.0,14.6,0.0,5,28104.0,21026.571428571428,27905.033333333333,21245.0,-0.03756177924217463,0,0,0,27.40000000000003
7246,2023-05-02,토마토,방울토마토(일반),22273.0,16.7,0.0,5,26420.0,21331.0,27271.0,20447.0,0.08930405438450628,0,0,0,27.40000000000003
7247,2023-05-03,토마토,방울토마토(일반),23570.0,19.5,0.0,5,20392.0,22105.285714285714,26174.8,22273.0,0.058231940017061,0,0,0,27.000000000000032
7248,2023-05-04,토마토,방울토마토(일반),25269.0,21.4,0.0,5,31185.0,22917.85714285714,25013.466666666667,23570.0,0.07208315655494268,0,0,0,27.000000000000032
7249,2023-05-05,토마토,방울토마토(일반),17557.0,18.4,30.2,5,27700.0,22124.0,23915.9,25269.0,-0.3051960900708378,0,0,0,57.20000000000003
7250,2023-05-06,토마토,방울토마토(일반),16011.0,12.6,47.5,5,31810.0,20910.285714285714,22844.166666666668,17557.0,-0.08805604602152983,0,0,0,102.80000000000004
7251,2023-05-08,토마토,방울토마토(일반),19621.0,15.3,0.0,5,39101.0,20678.285714285714,22146.333333333332,16011.0,0.22546998938229956,0,0,0,77.70000000000002
7252,2023-05-09,토마토,방울토마토(일반),18275.0,17.0,0.0,5,42289.0,20368.0,21947.8,19621.0,-0.06859996942051882,0,0,0,77.70000000000002
7253,2023-05-10,토마토,방울토마토(일반),22017.0,18.4,0.0,5,46255.0,20331.428571428572,21744.033333333333,18275.0,0.20476060191518464,0,0,0,77.70000000000002
7254,2023-05-11,토마토,방울토마토(일반),19909.0,19.5,0.0,5,49000.0,19808.428571428572,21550.166666666668,22017.0,-0.09574419766544029,0,0,0,77.70000000000002
7255,2023-05-12,토마토,방울토마토(일반),16833.0,18.4,0.0,5,41575.0,18603.285714285714,21494.3,19909.0,-0.1545029885981215,0,0,0,77.70000000000002
7256,2023-05-13,토마토,방울토마토(일반),18327.0,17.8,0.0,5,32458.0,18713.285714285714,21451.4,16833.0,0.08875423275708427,0,0,0,47.50000000000003
7257,2023-05-15,토마토,방울토마토(일반),22882.0,20.6,0.0,5,30588.0,19694.85714285714,21561.1,18327.0,0.24854040486713602,0,0,0,0.0
7258,2023-05-16,토마토,방울토마토(일반),22218.0,24.0,0.0,5,25917.0,20065.85714285714,21506.766666666666,22882.0,-0.02901844244384233,0,0,0,0.0
7259,2023-05-17,토마토,방울토마토(일반),23916.0,23.5,0.0,5,25291.0,20871.714285714286,21625.9,22218.0,0.07642452065892513,0,0,0,0.0
7260,2023-05-18,토마토,방울토마토(일반),27122.0,21.2,1.3,5,24479.0,21601.0,21762.9,23916.0,0.1340525171433351,0,0,0,1.3000000000000285
7261,2023-05-19,토마토,방울토마토(일반),21395.0,22.3,0.0,5,23595.0,21813.285714285714,21790.1,27122.0,-0.21115699432195267,0,0,0,1.3000000000000285
7262,2023-05-20,토마토,방울토마토(일반),19744.0,21.2,0.0,5,21364.0,22229.14285714286,21586.0,21395.0,-0.07716756251460621,0,0,0,1.3000000000000285
7263,2023-05-22,토마토,방울토마토(일반),19842.0,20.3,0.0,5,24297.0,22445.571428571428,21596.366666666665,19744.0,0.004963533225283534,0,0,0,1.3000000000000285
7264,2023-05-23,토마토,방울토마토(일반),20165.0,20.5,0.0,5,27577.0,22057.428571428572,21605.966666666667,19842.0,0.016278600947485122,0,0,0,1.3000000000000285
7265,2023-05-24,토마토,방울토마토(일반),19152.0,20.6,0.0,5,26472.0,21619.428571428572,21495.3,20165.0,-0.050235556657574953,0,0,0,1.3000000000000285
7266,2023-05-25,토마토,방울토마토(일반),26068.0,21.2,0.0,5,31095.0,21926.85714285714,21401.466666666667,19152.0,0.36111111111111116,0,0,0,1.3000000000000285
7267,2023-05-26,토마토,방울토마토(일반),20607.0,21.4,0.5,5,30598.0,20996.14285714286,21056.833333333332,26068.0,-0.2094905631425502,0,0,0,0.5000000000000284
7268,2023-05-27,토마토,방울토마토(일반),23845.0,19.3,31.8,5,25460.0,21346.14285714286,21126.8,20607.0,0.15713107196583675,0,0,0,32.300000000000026
7269,2023-05-29,토마토,방울토마토(일반),18982.0,23.2,2.3,5,31734.0,21237.285714285714,21088.133333333335,23845.0,-0.20394212623191443,0,0,0,34.60000000000003
7270,2023-05-30,토마토,방울토마토(일반),21532.0,24.0,0.0,5,31745.0,21478.714285714286,21200.866666666665,18982.0,0.134337793699294,0,0,0,34.60000000000003
7271,2023-05-31,토마토,방울토마토(일반),20562.0,22.8,0.0,5,37142.0,21535.428571428572,21233.566666666666,21532.0,-0.04504922905443065,0,0,0,34.60000000000003
7272,2023-06-01,토마토,방울토마토(일반),23110.0,22.8,0.0,6,35645.0,22100.85714285714,21233.433333333334,20562.0,0.12391790681840287,0,0,0,34.60000000000003
7273,2023-06-02,토마토,방울토마토(일반),22606.0,20.4,0.0,6,30927.0,21606.285714285714,21170.066666666666,23110.0,-0.021808740804846405,0,0,0,34.60000000000003
7274,2023-06-03,토마토,방울토마토(일반),22101.0,22.0,0.0,6,29713.0,21819.714285714286,21198.6,22606.0,-0.022339201981774748,0,0,0,34.10000000000003
7275,2023-06-05,토마토,방울토마토(일반),16801.0,21.5,0.0,6,28357.0,20813.428571428572,21077.066666666666,22101.0,-0.23980815347721818,0,0,0,2.3000000000000282
7276,2023-06-06,토마토,방울토마토(일반),17169.0,20.3,0.0,6,25288.0,20554.428571428572,20906.933333333334,16801.0,0.021903458127492392,0,0,0,0.0
7277,2023-06-07,토마토,방울토마토(일반),15126.0,21.4,0.0,6,28532.0,19639.285714285714,20625.466666666667,17169.0,-0.1189935348593395,0,0,0,0.0
7278,2023-06-08,토마토,방울토마토(일반),17665.0,20.4,1.9,6,26490.0,19225.428571428572,20372.0,15126.0,0.16785667063334664,0,0,0,1.9000000000000283
7279,2023-06-09,토마토,방울토마토(일반),16261.0,23.3,1.2,6,24870.0,18247.0,20328.8,17665.0,-0.07947919615058019,0,0,0,3.100000000000028
7280,2023-06-10,토마토,방울토마토(일반),13438.0,23.2,0.8,6,23208.0,16937.285714285714,20243.033333333333,16261.0,-0.17360555931369537,0,0,0,3.9000000000000283
7281,2023-06-12,토마토,방울토마토(일반),13282.0,22.2,0.0,6,24359.0,15677.42857142857,20031.733333333334,13438.0,-0.011608870367614266,0,0,0,3.9000000000000283
7282,2023-06-13,토마토,방울토마토(일반),12360.0,22.0,0.0,6,23254.0,15043.0,19834.566666666666,13282.0,-0.06941725643728358,0,0,0,3.9000000000000283
7283,2023-06-14,토마토,방울토마토(일반),12379.0,20.6,30.6,6,28858.0,14358.714285714286,19513.3,12360.0,0.001537216828479071,0,0,0,34.50000000000003
7284,2023-06-15,토마토,방울토마토(일반),15098.0,22.7,0.0,6,24410.0,14354.714285714286,19352.933333333334,12379.0,0.21964617497374594,0,0,0,34.50000000000003
7285,2023-06-16,토마토,방울토마토(일반),16097.0,23.7,0.0,6,24846.0,14130.714285714286,19328.4,15098.0,0.0661677043316995,0,0,0,32.60000000000003
7286,2023-06-17,토마토,방울토마토(일반),17879.0,24.2,0.0,6,24729.0,14361.857142857143,19313.466666666667,16097.0,0.11070385786171344,0,0,0,31.400000000000027
7287,2023-06-19,토마토,방울토마토(일반),16948.0,28.5,0.0,6,24995.0,14863.285714285714,19115.666666666668,17879.0,-0.05207226354941552,0,0,0,30.60000000000003
7288,2023-06-20,토마토,방울토마토(일반),19059.0,24.7,6.4,6,25640.0,15688.57142857143,19010.366666666665,16948.0,0.12455746990795369,0,0,0,37.00000000000003
7289,2023-06-21,토마토,방울토마토(일반),23378.0,20.5,24.9,6,25057.0,17262.571428571428,18992.433333333334,19059.0,0.2266120992706857,0,0,0,61.90000000000003
7290,2023-06-22,토마토,방울토마토(일반),23483.0,22.5,0.0,6,26472.0,18848.85714285714,18871.133333333335,23378.0,0.004491402172983161,0,0,0,31.300000000000026
7291,2023-06-23,토마토,방울토마토(일반),17977.0,24.4,0.0,6,25437.0,19260.14285714286,18757.2,23483.0,-0.23446748711834098,0,0,0,31.300000000000026
7292,2023-06-24,토마토,방울토마토(일반),14602.0,26.4,0.0,6,26436.0,19046.571428571428,18585.8,17977.0,-0.1877398898592646,0,0,0,31.300000000000026
7293,2023-06-26,토마토,방울토마토(일반),14900.0,24.2,30.3,6,24344.0,18621.0,18421.066666666666,14602.0,0.020408163265306145,0,0,0,61.60000000000002
7294,2023-06-27,토마토,방울토마토(일반),15112.0,25.3,2.5,6,21669.0,18358.714285714286,18252.633333333335,14900.0,0.014228187919463009,0,0,0,64.10000000000002
7295,2023-06-28,토마토,방울토마토(일반),15500.0,26.5,0.0,6,27185.0,17850.285714285714,18130.9,15112.0,0.02567496029645322,0,0,0,57.70000000000003
7296,2023-06-29,토마토,방울토마토(일반),16561.0,24.2,63.8,6,23005.0,16876.428571428572,17814.0,15500.0,0.06845161290322577,0,0,0,96.60000000000002
7297,2023-06-30,토마토,방울토마토(일반),17688.0,25.3,1.0,6,22115.0,16048.57142857143,17716.7,16561.0,0.06805144616870962,0,0,0,97.60000000000002
7298,2023-07-01,토마토,방울토마토(일반),16437.0,27.7,0.0,7,23691.0,15828.57142857143,17469.766666666666,17688.0,-0.07072591587516963,0,0,0,97.60000000000002
7299,2023-07-03,토마토,방울토마토(일반),16502.0,29.1,0.0,7,21603.0,16100.0,17387.1,16437.0,0.003954492912331853,0,0,0,97.60000000000002
7300,2023-07-04,토마토,방울토마토(일반),18388.0,26.1,61.8,7,20479.0,16598.285714285714,17282.3,16502.0,0.11428917706944608,0,0,0,129.10000000000002
7301,2023-07-05,토마토,방울토마토(일반),24758.0,24.5,15.3,7,25135.0,17976.285714285714,17422.166666666668,18388.0,0.34642157929084183,0,0,0,141.90000000000003
7302,2023-07-06,토마토,방울토마토(일반),36679.0,27.3,0.0,7,19000.0,21001.85714285714,17874.466666666667,24758.0,0.48150092899264885,0,0,0,141.90000000000003
7303,2023-07-07,토마토,방울토마토(일반),29858.0,26.7,0.0,7,22005.0,22901.428571428572,18116.2,36679.0,-0.18596472095749617,0,0,0,78.10000000000004
7304,2023-07-08,토마토,방울토마토(일반),20958.0,25.6,0.0,7,23042.0,23368.571428571428,18078.1,29858.0,-0.2980775671511823,0,0,0,77.10000000000004
7305,2023-07-10,토마토,방울토마토(일반),17016.0,26.3,11.5,7,21339.0,23451.285714285714,18085.266666666666,20958.0,-0.1880904666475809,0,0,0,88.60000000000004
7306,2023-07-11,토마토,방울토마토(일반),15814.0,23.5,58.3,7,22293.0,23353.0,18040.1,17016.0,-0.07063939821344611,0,0,0,146.90000000000003
7307,2023-07-12,토마토,방울토마토(일반),16000.0,25.8,0.7,7,22435.0,23011.85714285714,18069.233333333334,15814.0,0.011761730112558544,0,0,0,85.80000000000004
7308,2023-07-13,토마토,방울토마토(일반),18433.0,25.2,91.6,7,20281.0,22108.285714285714,18094.833333333332,16000.0,0.1520625,0,0,0,162.10000000000002
7309,2023-07-14,토마토,방울토마토(일반),22979.0,24.6,72.7,7,24475.0,20151.14285714286,18318.766666666666,18433.0,0.24662290457331948,0,0,0,234.80000000000004
7310,2023-07-15,토마토,방울토마토(일반),24667.0,24.5,2.3,7,22972.0,19409.571428571428,18693.066666666666,22979.0,0.07345837503807817,0,0,0,237.10000000000005
7311,2023-07-17,토마토,방울토마토(일반),24911.0,25.5,1.4,7,19238.0,19974.285714285714,19080.7,24667.0,0.009891758219483515,0,0,0,238.50000000000003
7312,2023-07-18,토마토,방울토마토(일반),34191.0,25.2,2.3,7,18601.0,22427.85714285714,19808.4,24911.0,0.37252619324796266,0,0,0,229.30000000000004
7313,2023-07-19,토마토,방울토마토(일반),33082.0,27.2,0.0,7,18602.0,24894.714285714286,20498.5,34191.0,-0.03243543622590739,0,0,0,171.00000000000006
7314,2023-07-20,토마토,방울토마토(일반),28531.0,27.9,0.0,7,17756.0,26684.85714285714,20946.266666666666,33082.0,-0.1375672571186748,0,0,0,170.30000000000004
7315,2023-07-21,토마토,방울토마토(일반),31400.0,29.5,0.0,7,19904.0,28537.285714285714,21456.366666666665,28531.0,0.10055728856331703,0,0,0,78.70000000000005
7316,2023-07-22,토마토,방울토마토(일반),35074.0,27.7,12.3,7,22330.0,30265.14285714286,22029.533333333333,31400.0,0.11700636942675158,0,0,0,18.300000000000043
7317,2023-07-24,토마토,방울토마토(일반),35081.0,26.9,0.4,7,20749.0,31752.85714285714,22633.966666666667,35074.0,0.0001995780350116938,0,0,0,16.40000000000004
7318,2023-07-25,토마토,방울토마토(일반),36783.0,27.8,5.6,7,22446.0,33448.857142857145,23224.766666666666,35081.0,0.04851629086970144,0,0,0,20.600000000000044
7319,2023-07-26,토마토,방울토마토(일반),30415.0,27.6,1.0,7,20828.0,32909.42857142857,23459.333333333332,36783.0,-0.1731234537694043,0,0,0,19.300000000000043
7320,2023-07-27,토마토,방울토마토(일반),22509.0,28.4,0.0,7,15011.0,31399.0,23426.866666666665,30415.0,-0.2599375308236068,0,0,0,19.300000000000043
7321,2023-07-28,토마토,방울토마토(일반),24462.0,29.5,0.0,7,17867.0,30817.714285714286,23643.033333333333,22509.0,0.08676529388244703,0,0,0,19.300000000000043
7322,2023-07-29,토마토,방울토마토(일반),19980.0,29.1,0.0,7,23790.0,29186.285714285714,23822.3,24462.0,-0.1832229580573952,0,0,0,19.300000000000043
7323,2023-07-31,토마토,방울토마토(일반),24402.0,28.7,0.3,7,18863.0,27661.714285714286,24139.033333333333,19980.0,0.22132132132132143,0,0,0,7.3000000000000425
7324,2023-08-01,토마토,방울토마토(일반),29465.0,29.9,0.0,8,32409.0,26859.428571428572,24617.466666666667,24402.0,0.2074829931972788,0,0,0,6.900000000000042
7325,2023-08-02,토마토,방울토마토(일반),34371.0,29.7,0.0,8,20837.0,26514.85714285714,25246.5,29465.0,0.16650263023926692,0,0,0,1.3000000000000427
7326,2023-08-03,토마토,방울토마토(일반),53955.0,29.5,0.0,8,23166.0,29877.714285714286,26492.966666666667,34371.0,0.5697826656192722,0,0,0,0.3000000000000426
7327,2023-08-04,토마토,방울토마토(일반),95924.0,30.0,0.0,8,19952.0,40365.57142857143,29100.833333333332,53955.0,0.7778519136317301,0,0,0,0.3000000000000426
7328,2023-08-07,토마토,방울토마토(일반),45325.0,30.4,0.0,8,20927.0,43346.0,30063.766666666666,95924.0,-0.5274905133230474,0,0,0,0.3000000000000426
7329,2023-08-08,토마토,방울토마토(일반),32471.0,30.9,0.0,8,19878.0,45130.42857142857,30596.066666666666,45325.0,-0.28359624931053506,0,0,0,0.3000000000000426
7330,2023-08-09,토마토,방울토마토(일반),26398.0,28.3,0.2,8,20809.0,45415.57142857143,30863.066666666666,32471.0,-0.18702842536417108,0,0,0,0.20000000000004264
7331,2023-08-10,토마토,방울토마토(일반),29831.0,22.2,86.1,8,17195.0,45467.857142857145,31032.166666666668,26398.0,0.13004773088870358,0,0,0,86.30000000000004
7332,2023-08-11,토마토,방울토마토(일반),42061.0,23.5,46.7,8,17930.0,46566.42857142857,31211.566666666666,29831.0,0.40997619925580775,0,0,0,133.00000000000006
7333,2023-08-12,토마토,방울토마토(일반),29817.0,23.3,1.5,8,19693.0,43118.142857142855,31210.2,42061.0,-0.2911010199472195,0,0,0,134.50000000000006
7334,2023-08-14,토마토,방울토마토(일반),28315.0,28.1,0.0,8,17761.0,33459.71428571428,31455.433333333334,29817.0,-0.050373947747929027,0,0,0,134.50000000000006
7335,2023-08-15,토마토,방울토마토(일반),33632.0,28.6,0.0,8,14620.0,31789.285714285714,32009.3,28315.0,0.18778032844781922,0,0,0,134.50000000000006
7336,2023-08-16,토마토,방울토마토(일반),35850.0,27.3,0.3,8,15364.0,32272.0,32677.166666666668,33632.0,0.06594909609895327,0,0,0,134.80000000000004
7337,2023-08-17,토마토,방울토마토(일반),49225.0,28.2,0.0,8,15232.0,35533.0,33784.666666666664,35850.0,0.3730822873082287,0,0,0,134.60000000000005
7338,2023-08-18,토마토,방울토마토(일반),98691.0,29.1,0.1,8,13165.0,45370.142857142855,36459.933333333334,49225.0,1.0048958862366684,0,0,0,48.600000000000044
7339,2023-08-19,토마토,방울토마토(일반),90718.0,29.1,0.0,8,13650.0,52321.142857142855,38717.9,98691.0,-0.08078750848608285,0,0,0,1.9000000000000425
7340,2023-08-21,토마토,방울토마토(일반),41548.0,29.5,0.0,8,11655.0,53997.0,39280.6,90718.0,-0.5420093035560749,0,0,0,0.40000000000004265
7341,2023-08-22,토마토,방울토마토(일반),35597.0,27.6,42.6,8,13199.0,55037.28571428572,39636.8,41548.0,-0.14323192452103595,0,0,0,43.00000000000004
7342,2023-08-23,토마토,방울토마토(일반),34393.0,24.8,41.8,8,14557.0,55146.0,39643.53333333333,35597.0,-0.03382307497822845,0,0,0,84.80000000000004
7343,2023-08-24,토마토,방울토마토(일반),37973.0,25.1,5.2,8,15442.0,55449.28571428572,39806.566666666666,34393.0,0.10409094873956914,0,0,0,89.70000000000005
7344,2023-08-25,토마토,방울토마토(일반),34554.0,26.5,0.0,8,14637.0,53353.42857142857,40007.333333333336,37973.0,-0.09003765833618627,0,0,0,89.70000000000005
7345,2023-08-26,토마토,방울토마토(일반),26380.0,26.4,0.0,8,15755.0,43023.28571428572,39840.0,34554.0,-0.2365572726746542,0,0,0,89.60000000000004
7346,2023-08-28,토마토,방울토마토(일반),24181.0,22.7,10.4,8,16620.0,33518.0,39476.9,26380.0,-0.08335860500379078,0,0,0,100.00000000000003
7347,2023-08-29,토마토,방울토마토(일반),24825.0,23.9,54.8,8,15631.0,31129.0,39135.03333333333,24181.0,0.026632480046317353,0,0,0,154.80000000000004
7348,2023-08-30,토마토,방울토마토(일반),32119.0,22.8,3.5,8,18486.0,30632.14285714286,38979.566666666666,24825.0,0.2938167170191339,0,0,0,115.70000000000005
7349,2023-08-31,토마토,방울토마토(일반),47032.0,23.9,0.0,8,20314.0,32437.714285714286,39533.46666666667,32119.0,0.4643046172047698,0,0,0,73.90000000000003
7350,2023-09-01,토마토,방울토마토(일반),47122.0,24.5,0.0,9,18460.0,33744.71428571428,40353.9,47032.0,0.0019135907467255908,0,1,0,68.70000000000005
7351,2023-09-02,토마토,방울토마토(일반),39855.0,25.4,0.0,9,16803.0,34502.0,40867.0,47122.0,-0.1542167140613726,0,1,0,68.70000000000005
7352,2023-09-04,토마토,방울토마토(일반),45689.0,27.0,0.3,9,15202.0,37260.42857142857,41723.96666666667,39855.0,0.1463806297829633,0,1,0,69.00000000000004
7353,2023-09-05,토마토,방울토마토(일반),35599.0,28.5,0.0,9,14333.0,38891.57142857143,42097.2,45689.0,-0.22084090262426403,0,1,0,58.60000000000004
7354,2023-09-06,토마토,방울토마토(일반),37390.0,27.9,0.0,9,15123.0,40686.57142857143,42361.36666666667,35599.0,0.05031040197758374,0,1,0,3.8000000000000425
7355,2023-09-07,토마토,방울토마토(일반),48642.0,26.3,0.0,9,15716.0,43047.0,42837.066666666666,37390.0,0.3009360791655522,0,1,0,0.3000000000000426
7356,2023-09-08,토마토,방울토마토(일반),51918.0,25.3,0.0,9,16075.0,43745.0,42769.166666666664,48642.0,0.0673492043912669,0,1,0,0.3000000000000426
7357,2023-09-09,토마토,방울토마토(일반),49614.0,25.8,0.0,9,18749.0,44101.0,41225.5,51918.0,-0.04437767248353175,0,1,0,0.3000000000000426
7358,2023-09-11,토마토,방울토마토(일반),68312.0,25.5,0.0,9,34691.0,48166.28571428572,41991.73333333333,49614.0,0.3768694320151571,0,1,0,0.3000000000000426
7359,2023-09-12,토마토,방울토마토(일반),75982.0,25.7,0.0,9,39414.0,52493.857142857145,43442.1,68312.0,0.11227895538119226,0,1,0,0.0
7360,2023-09-13,토마토,방울토마토(일반),50764.0,22.1,15.9,9,35538.0,54660.28571428572,44254.3,75982.0,-0.33189439604116766,0,1,0,15.900000000000043
7361,2023-09-14,토마토,방울토마토(일반),51228.0,23.4,0.0,9,28784.0,56637.142857142855,44967.53333333333,50764.0,0.009140335670947852,0,1,0,15.900000000000043
7362,2023-09-15,토마토,방울토마토(일반),37254.0,22.3,2.1,9,17328.0,55010.28571428572,44807.3,51228.0,-0.27278051065823383,0,1,0,18.000000000000043
7363,2023-09-16,토마토,방울토마토(일반),31194.0,23.9,38.7,9,16874.0,52049.71428571428,44853.2,37254.0,-0.16266709615074892,0,1,0,56.700000000000045
7364,2023-09-18,토마토,방울토마토(일반),26279.0,24.7,0.0,9,19088.0,48716.142857142855,44785.333333333336,31194.0,-0.15756235173430788,0,1,0,56.700000000000045
7365,2023-09-19,토마토,방울토마토(일반),24098.0,24.1,0.0,9,24800.0,42399.857142857145,44467.53333333333,26279.0,-0.08299402564785574,0,1,0,56.700000000000045
7366,2023-09-20,토마토,방울토마토(일반),25091.0,20.6,35.8,9,36793.0,35129.71428571428,44108.9,24098.0,0.041206739148476945,0,1,0,92.50000000000004
7367,2023-09-21,토마토,방울토마토(일반),27789.0,20.1,0.0,9,37500.0,31847.571428571428,43394.36666666667,25091.0,0.10752859591088448,0,1,0,76.60000000000004
7368,2023-09-22,토마토,방울토마토(일반),28353.0,20.5,0.0,9,40276.0,28579.714285714286,41049.76666666667,27789.0,0.020295800496599403,0,1,0,76.60000000000004
7369,2023-09-23,토마토,방울토마토(일반),26420.0,21.8,0.0,9,36603.0,27032.0,38906.5,28353.0,-0.06817620710330474,0,1,0,74.50000000000004
7370,2023-09-25,토마토,방울토마토(일반),27399.0,21.6,1.9,9,36965.0,26489.85714285714,38434.86666666667,26420.0,0.037055261165783504,0,1,0,37.70000000000004
7371,2023-09-26,토마토,방울토마토(일반),29375.0,19.9,27.8,9,38891.0,26932.14285714286,38227.46666666667,27399.0,0.07211942041680364,0,1,0,65.50000000000004
7372,2023-09-27,토마토,방울토마토(일반),19905.0,21.5,4.4,9,39887.0,26333.14285714286,37744.53333333333,29375.0,-0.32238297872340427,0,1,0,69.90000000000003
7373,2023-09-28,토마토,방울토마토(일반),18185.0,22.7,0.0,9,39603.0,25346.571428571428,37084.933333333334,19905.0,-0.08641044963576994,0,1,0,34.100000000000044
7374,2023-10-02,토마토,방울토마토(일반),21261.0,18.2,0.0,10,39479.0,24414.0,36641.833333333336,18185.0,0.16915039868023096,0,1,0,34.100000000000044
7375,2023-10-03,토마토,방울토마토(일반),24238.0,17.5,0.0,10,30058.0,23826.14285714286,36570.433333333334,21261.0,0.14002163585908467,0,1,0,34.100000000000044
7376,2023-10-04,토마토,방울토마토(일반),30218.0,17.3,14.7,10,35158.0,24368.714285714286,36771.666666666664,24238.0,0.24672002640481883,0,1,0,48.80000000000004
7377,2023-10-05,토마토,방울토마토(일반),34881.0,14.2,0.0,10,32241.0,25437.571428571428,37106.86666666667,30218.0,0.15431199947051422,0,1,0,46.90000000000004
7378,2023-10-06,토마토,방울토마토(일반),42859.0,15.5,0.0,10,36277.0,27363.85714285714,37464.86666666667,34881.0,0.22872050686620216,0,1,0,19.100000000000044
7379,2023-10-07,토마토,방울토마토(일반),54671.0,16.8,0.0,10,35348.0,32330.428571428572,37719.5,42859.0,0.275601390606407,0,1,0,14.700000000000042
7380,2023-10-09,토마토,방울토마토(일반),68414.0,17.4,1.2,10,42789.0,39506.0,38429.23333333333,54671.0,0.2513764152841542,0,1,0,15.900000000000041
7381,2023-10-10,토마토,방울토마토(일반),65441.0,17.1,0.0,10,49250.0,45817.42857142857,39282.1,68414.0,-0.043456017774139766,0,1,0,15.900000000000041
7382,2023-10-11,토마토,방울토마토(일반),50822.0,17.6,0.0,10,53508.0,49615.142857142855,39453.2,65441.0,-0.2233920630797207,0,1,0,15.900000000000041
7383,2023-10-12,토마토,방울토마토(일반),51532.0,17.5,0.0,10,38035.0,52660.0,39984.3,50822.0,0.01397032781079055,0,1,0,1.2000000000000426
7384,2023-10-13,토마토,방울토마토(일반),46063.0,17.5,0.0,10,34077.0,54257.42857142857,40273.4,51532.0,-0.10612823100209579,0,1,0,1.2000000000000426
7385,2023-10-14,토마토,방울토마토(일반),46472.0,14.7,5.8,10,23837.0,54773.57142857143,40201.066666666666,46063.0,0.008879143781342913,0,1,0,7.000000000000043
7386,2023-10-16,토마토,방울토마토(일반),45973.0,14.7,0.0,10,23837.0,53531.0,40002.9,46472.0,-0.010737648476501938,0,1,0,7.000000000000043
7387,2023-10-17,토마토,방울토마토(일반),49953.0,13.8,0.0,10,21082.0,50893.71428571428,40014.2,45973.0,0.08657255345528903,0,1,0,5.8000000000000425
7388,2023-10-18,토마토,방울토마토(일반),49424.0,15.7,0.0,10,18443.0,48605.57142857143,39384.6,49953.0,-0.010589954557283843,0,1,0,5.8000000000000425
7389,2023-10-19,토마토,방울토마토(일반),47817.0,17.0,8.2,10,27690.0,48176.28571428572,38445.76666666667,49424.0,-0.032514567821301354,0,1,0,14.000000000000043
7390,2023-10-20,토마토,방울토마토(일반),45430.0,11.6,0.0,10,34190.0,47304.57142857143,38267.96666666667,47817.0,-0.0499194847020934,0,1,0,14.000000000000043
7391,2023-10-21,토마토,방울토마토(일반),43566.0,10.4,1.1,10,37205.0,46947.857142857145,38012.566666666666,45430.0,-0.04103015628439355,0,1,0,15.100000000000042
7392,2023-10-23,토마토,방울토마토(일반),42834.0,15.2,0.0,10,42475.0,46428.142857142855,38198.566666666666,43566.0,-0.01680209337556815,0,1,0,9.300000000000043
7393,2023-10-24,토마토,방울토마토(일반),37981.0,15.6,0.0,10,30924.0,45286.42857142857,38424.8,42834.0,-0.11329784750431904,0,1,0,9.300000000000043
7394,2023-10-25,토마토,방울토마토(일반),38553.0,16.6,0.0,10,36163.0,43657.857142857145,38833.933333333334,37981.0,0.015060161659777194,0,1,0,9.300000000000043
7395,2023-10-26,토마토,방울토마토(일반),46460.0,17.2,0.0,10,37725.0,43234.42857142857,39579.333333333336,38553.0,0.20509428578839528,0,1,0,9.300000000000043
7396,2023-10-27,토마토,방울토마토(일반),44519.0,15.7,0.0,10,48610.0,42763.28571428572,40226.933333333334,46460.0,-0.04177787343951789,0,1,0,1.1000000000000445
7397,2023-10-28,토마토,방울토마토(일반),38157.0,14.2,0.0,10,48739.0,41724.28571428572,40572.53333333333,44519.0,-0.14290527639884099,0,1,0,1.1000000000000445
7398,2023-10-30,토마토,방울토마토(일반),33498.0,15.1,0.0,10,54380.0,40286.0,40744.03333333333,38157.0,-0.12210079408758545,0,1,0,0.0
7399,2023-10-31,토마토,방울토마토(일반),34011.0,16.5,0.0,10,54529.0,39025.57142857143,40997.066666666666,33498.0,0.015314347125201522,0,1,0,0.0
7400,2023-11-01,토마토,방울토마토(일반),30259.0,19.0,0.0,11,65135.0,37922.42857142857,41092.4,34011.0,-0.11031725030137307,0,0,0,0.0
7401,2023-11-02,토마토,방울토마토(일반),27779.0,20.8,0.0,11,63552.0,36383.28571428572,41039.2,30259.0,-0.08195908655276118,0,0,0,0.0
7402,2023-11-03,토마토,방울토마토(일반),22650.0,19.5,8.5,11,66029.0,32981.857142857145,41130.7,27779.0,-0.18463587602145504,0,0,0,8.500000000000044
7403,2023-11-06,토마토,방울토마토(일반),23280.0,13.3,45.8,11,65770.0,29947.714285714286,41300.53333333333,22650.0,0.027814569536423805,0,0,0,54.30000000000004
7404,2023-11-07,토마토,방울토마토(일반),19419.0,5.8,0.0,11,60902.0,27270.85714285714,41239.13333333333,23280.0,-0.1658505154639175,0,0,0,54.30000000000004
7405,2023-11-08,토마토,방울토마토(일반),19981.0,8.4,0.0,11,45769.0,25339.85714285714,41097.23333333333,19419.0,0.02894072815283999,0,0,0,54.30000000000004
7406,2023-11-09,토마토,방울토마토(일반),19877.0,11.4,5.1,11,34699.0,23320.714285714286,40752.53333333333,19981.0,-0.005204944697462577,0,0,0,59.40000000000004
7407,2023-11-10,토마토,방울토마토(일반),18821.0,3.4,0.0,11,49057.0,21686.714285714286,40217.2,19877.0,-0.05312672938572216,0,0,0,59.40000000000004
7408,2023-11-11,토마토,방울토마토(일반),22971.0,1.7,0.0,11,62639.0,20999.85714285714,39554.26666666667,18821.0,0.22049837946974127,0,0,0,59.40000000000004
7409,2023-11-13,토마토,방울토마토(일반),23900.0,2.0,0.0,11,61761.0,21178.428571428572,38528.566666666666,22971.0,0.04044229680902012,0,0,0,50.90000000000004
7410,2023-11-14,토마토,방울토마토(일반),24599.0,5.0,0.0,11,69042.0,21366.85714285714,37068.066666666666,23900.0,0.029246861924686174,0,0,0,5.100000000000042
7411,2023-11-15,토마토,방울토마토(일반),28370.0,7.0,0.0,11,43856.0,22645.571428571428,35832.36666666667,24599.0,0.1532989145900241,0,0,0,5.100000000000042
7412,2023-11-16,토마토,방울토마토(일반),34858.0,6.6,8.4,11,38129.0,24770.85714285714,35300.23333333333,28370.0,0.22869228057807534,0,0,0,13.500000000000043
7413,2023-11-17,토마토,방울토마토(일반),35211.0,1.6,0.0,11,53706.0,26961.428571428572,34756.2,34858.0,0.010126800160651817,0,0,0,8.400000000000043
7414,2023-11-18,토마토,방울토마토(일반),39736.0,0.6,0.0,11,48569.0,29949.285714285714,34545.3,35211.0,0.1285109766834227,0,0,0,8.400000000000043
7415,2023-11-20,토마토,방울토마토(일반),37180.0,6.2,0.0,11,18567.0,31979.14285714286,34235.566666666666,39736.0,-0.06432454197704851,0,0,0,8.400000000000043
7416,2023-11-21,토마토,방울토마토(일반),38592.0,7.4,0.0,11,23030.0,34078.0,33989.53333333333,37180.0,0.03797740720817644,0,0,0,8.400000000000043
7417,2023-11-22,토마토,방울토마토(일반),35724.0,9.5,0.0,11,26401.0,35667.28571428572,33515.23333333333,38592.0,-0.07431592039800994,0,0,0,8.400000000000043
7418,2023-11-23,토마토,방울토마토(일반),35769.0,9.9,0.1,11,24776.0,36724.28571428572,33060.066666666666,35724.0,0.001259657373194445,0,0,0,8.500000000000043
7419,2023-11-24,토마토,방울토마토(일반),31752.0,-1.5,0.0,11,16361.0,36280.57142857143,32524.566666666666,35769.0,-0.11230395034806673,0,0,0,0.10000000000004264
7420,2023-11-25,토마토,방울토마토(일반),31919.0,-1.3,0.0,11,14116.0,35810.28571428572,32074.2,31752.0,0.005259511211892054,0,0,0,0.10000000000004264
7421,2023-11-27,토마토,방울토마토(일반),29442.0,6.2,3.6,11,15324.0,34339.71428571428,31603.4,31919.0,-0.07760268178827656,0,0,0,3.700000000000043
7422,2023-11-28,토마토,방울토마토(일반),26908.0,1.3,0.0,11,17309.0,32872.28571428572,31072.533333333333,29442.0,-0.08606752258678074,0,0,0,3.700000000000043
7423,2023-11-29,토마토,방울토마토(일반),25330.0,-1.4,0.0,11,17394.0,30977.714285714286,30650.833333333332,26908.0,-0.058644269362271406,0,0,0,3.700000000000043
7424,2023-11-30,토마토,방울토마토(일반),24095.0,-4.3,0.0,11,23038.0,29316.428571428572,30168.9,25330.0,-0.048756415317804946,0,0,0,3.700000000000043
7425,2023-12-01,토마토,방울토마토(일반),25822.0,-3.2,0.0,12,23052.0,27895.428571428572,29480.966666666667,24095.0,0.07167462129072422,0,0,0,3.6000000000000427
7426,2023-12-02,토마토,방울토마토(일반),25822.0,2.0,0.0,12,22712.0,27048.285714285714,28857.733333333334,25822.0,0.0,0,0,0,3.6000000000000427
7427,2023-12-04,토마토,방울토마토(일반),25858.0,2.7,0.0,12,22460.0,26182.428571428572,28447.766666666666,25822.0,0.0013941600185887193,0,0,0,3.6000000000000427
7428,2023-12-05,토마토,방울토마토(일반),27548.0,6.8,0.0,12,28752.0,25911.85714285714,28249.433333333334,25858.0,0.065356949493387,0,0,0,0.0
7429,2023-12-06,토마토,방울토마토(일반),25307.0,6.1,3.8,12,43000.0,25683.14285714286,27959.3,27548.0,-0.0813489182517787,0,0,0,3.8000000000000425
7430,2023-12-07,토마토,방울토마토(일반),24000.0,6.6,0.0,12,53779.0,25493.14285714286,27750.666666666668,25307.0,-0.051645789702453815,0,0,0,3.8000000000000425
7431,2023-12-08,토마토,방울토마토(일반),26456.0,11.2,0.0,12,48572.0,25830.428571428572,27706.566666666666,24000.0,0.10233333333333339,0,0,0,3.8000000000000425
7432,2023-12-09,토마토,방울토마토(일반),25715.0,13.7,0.0,12,41431.0,25815.14285714286,27808.733333333334,26456.0,-0.02800876927729057,0,0,0,3.8000000000000425
7433,2023-12-11,토마토,방울토마토(일반),26038.0,8.9,11.4,12,45095.0,25846.0,27900.666666666668,25715.0,0.012560762201049958,0,0,0,15.200000000000042
7434,2023-12-12,토마토,방울토마토(일반),27229.0,5.4,0.4,12,43130.0,26041.85714285714,28161.0,26038.0,0.04574084031031567,0,0,0,15.600000000000044
7435,2023-12-13,토마토,방울토마토(일반),26000.0,6.8,0.0,12,50771.0,25820.714285714286,28361.633333333335,27229.0,-0.045135700907121046,0,0,0,15.600000000000044
7436,2023-12-14,토마토,방울토마토(일반),27577.0,7.6,17.0,12,61071.0,26145.0,28618.3,26000.0,0.06065384615384617,0,0,0,28.800000000000043
7437,2023-12-15,토마토,방울토마토(일반),32179.0,4.9,31.1,12,46307.0,27313.428571428572,29063.566666666666,27577.0,0.16687819559778072,0,0,0,59.90000000000005
7438,2023-12-16,토마토,방울토마토(일반),36912.0,-4.1,1.5,12,36786.0,28807.14285714286,29528.266666666666,32179.0,0.1470835016625749,0,0,0,61.40000000000005
7439,2023-12-18,토마토,방울토마토(일반),39436.0,-7.7,0.0,12,36832.0,30767.285714285714,30046.133333333335,36912.0,0.06837884698742958,0,0,0,61.40000000000005
7440,2023-12-19,토마토,방울토마토(일반),39769.0,-3.7,0.3,12,35181.0,32728.85714285714,30551.8,39436.0,0.008444061263819913,0,0,0,50.30000000000005
7441,2023-12-20,토마토,방울토마토(일반),40613.0,-7.4,0.8,12,45242.0,34640.857142857145,30959.9,39769.0,0.021222560285649728,0,0,0,50.700000000000045
7442,2023-12-21,토마토,방울토마토(일반),42131.0,-11.7,0.0,12,48281.0,36945.28571428572,31202.333333333332,40613.0,0.03737719449437371,0,0,0,50.700000000000045
7443,2023-12-22,토마토,방울토마토(일반),42311.0,-11.6,0.0,12,50549.0,39050.142857142855,31439.0,42131.0,0.0042723885025277575,0,0,0,33.700000000000045
7444,2023-12-23,토마토,방울토마토(일반),46430.0,-6.8,0.0,12,50000.0,41086.0,31662.133333333335,42311.0,0.0973505707735578,0,0,0,2.6000000000000463
7445,2023-12-25,토마토,방울토마토(일반),45262.0,-0.7,0.7,12,39801.0,42278.857142857145,31931.533333333333,46430.0,-0.025156149041567932,0,0,0,1.8000000000000462
7446,2023-12-26,토마토,방울토마토(일반),49522.0,1.9,0.0,12,36505.0,43719.71428571428,32295.866666666665,45262.0,0.09411868675710311,0,0,0,1.8000000000000462
7447,2023-12-27,토마토,방울토마토(일반),48679.0,1.5,0.0,12,38538.0,44992.57142857143,32727.7,49522.0,-0.017022737369250085,0,0,0,1.5000000000000462
7448,2023-12-28,토마토,방울토마토(일반),47000.0,1.2,0.0,12,38306.0,45905.0,33102.066666666666,48679.0,-0.03449125906448369,0,0,0,0.7000000000000461
7449,2023-12-29,토마토,방울토마토(일반),45831.0,1.3,0.0,12,32562.0,46433.57142857143,33571.36666666667,47000.0,-0.02487234042553188,0,0,0,0.7000000000000461
7450,2023-12-30,토마토,방울토마토(일반),50333.0,0.6,13.1,12,22447.0,47579.57142857143,34185.166666666664,45831.0,0.09823045536863706,0,0,0,13.800000000000045
7451,2024-01-03,토마토,방울토마토(일반),45318.0,1.8,0.6,1,22355.0,47420.71428571428,34714.36666666667,50333.0,-0.09963642143325457,0,0,0,14.400000000000045
7452,2024-01-04,토마토,방울토마토(일반),43496.0,1.4,0.0,1,18963.0,47168.42857142857,35267.3,45318.0,-0.04020477514453413,0,0,0,13.700000000000045
7453,2024-01-05,토마토,방울토마토(일반),35836.0,5.0,0.0,1,18396.0,45213.28571428572,35617.5,43496.0,-0.17610814787566675,0,0,0,13.700000000000045
7454,2024-01-06,토마토,방울토마토(일반),37729.0,0.7,2.4,1,20557.0,43649.0,36071.96666666667,35836.0,0.0528239758901663,0,0,0,16.100000000000044
7455,2024-01-08,토마토,방울토마토(일반),38252.0,-4.7,0.0,1,17594.0,42399.28571428572,36486.3,37729.0,0.013862015955895979,0,0,0,16.100000000000044
7456,2024-01-09,토마토,방울토마토(일반),42837.0,-0.6,1.6,1,15378.0,41971.57142857143,37053.46666666667,38252.0,0.11986301369863006,0,0,0,17.700000000000045
7457,2024-01-10,토마토,방울토마토(일반),37176.0,-1.0,0.0,1,12407.0,40092.0,37430.73333333333,42837.0,-0.13215211149240147,0,0,0,4.600000000000046
7458,2024-01-11,토마토,방울토마토(일반),41250.0,1.7,0.0,1,11401.0,39510.857142857145,37887.46666666667,37176.0,0.10958683021304072,0,0,0,4.000000000000046
7459,2024-01-12,토마토,방울토마토(일반),38723.0,0.9,0.0,1,12232.0,38829.0,38334.666666666664,41250.0,-0.061260606060606015,0,0,0,4.000000000000046
7460,2024-01-13,토마토,방울토마토(일반),43299.0,0.4,0.0,1,11332.0,39895.142857142855,38977.96666666667,38723.0,0.11817266224207845,0,0,0,4.000000000000046
7461,2024-01-15,토마토,방울토마토(일반),45072.0,-3.7,0.0,1,13197.0,40944.142857142855,39598.5,43299.0,0.04094782789440865,0,0,0,1.6000000000000463
7462,2024-01-16,토마토,방울토마토(일반),48789.0,-2.1,0.0,1,11657.0,42449.42857142857,40367.63333333333,45072.0,0.08246805111821076,0,0,0,1.6000000000000463
7463,2024-01-17,토마토,방울토마토(일반),48124.0,0.6,9.7,1,12951.0,43204.71428571428,41103.833333333336,48789.0,-0.013630121543790619,0,0,0,9.700000000000045
7464,2024-01-18,토마토,방울토마토(일반),48753.0,4.5,0.5,1,14678.0,44858.57142857143,41821.3,48124.0,0.013070401462887515,0,0,0,10.200000000000045
7465,2024-01-19,토마토,방울토마토(일반),49276.0,5.4,0.0,1,15597.0,46005.142857142855,42597.166666666664,48753.0,0.010727544971591563,0,0,0,10.200000000000045
7466,2024-01-20,토마토,방울토마토(일반),52167.0,3.4,0.4,1,15487.0,47925.71428571428,43416.833333333336,49276.0,0.05866953486484294,0,0,0,10.600000000000046
7467,2024-01-22,토마토,방울토마토(일반),49382.0,-8.7,0.2,1,13326.0,48794.71428571428,43990.26666666667,52167.0,-0.05338624034351214,0,0,0,10.800000000000045
7468,2024-01-23,토마토,방울토마토(일반),47831.0,-11.7,0.0,1,15376.0,49188.857142857145,44354.23333333333,49382.0,-0.031408205418978596,0,0,0,10.800000000000045
7469,2024-01-24,토마토,방울토마토(일반),48853.0,-8.0,0.0,1,16566.0,49198.0,44668.13333333333,47831.0,0.021366895946143716,0,0,0,10.800000000000045
7470,2024-01-25,토마토,방울토마토(일반),45943.0,-5.3,0.0,1,19675.0,48886.42857142857,44873.933333333334,48853.0,-0.05956645446543718,0,0,0,1.1000000000000463
7471,2024-01-26,토마토,방울토마토(일반),53137.0,-1.7,0.0,1,20086.0,49512.71428571428,45291.4,45943.0,0.1565853340008272,0,0,0,0.6000000000000463
7472,2024-01-27,토마토,방울토마토(일반),58324.0,-0.5,0.0,1,22763.0,50805.28571428572,45831.166666666664,53137.0,0.09761559741799508,0,0,0,0.6000000000000463
7473,2024-01-29,토마토,방울토마토(일반),55396.0,-0.4,0.0,1,24172.0,51266.57142857143,46267.333333333336,58324.0,-0.05020231808517939,0,0,0,0.2000000000000462
7474,2024-01-30,토마토,방울토마토(일반),52361.0,1.4,0.0,1,22657.0,51692.142857142855,46465.03333333333,55396.0,-0.054787349267095053,0,0,0,0.0
7475,2024-01-31,토마토,방울토마토(일반),55000.0,4.7,0.0,1,25795.0,52716.28571428572,46789.63333333333,52361.0,0.05040010694982899,0,0,0,0.0
7476,2024-02-01,토마토,방울토마토(일반),57929.0,2.4,0.0,2,22615.0,54012.857142857145,47069.86666666667,55000.0,0.05325454545454544,0,0,0,0.0
7477,2024-02-02,토마토,방울토마토(일반),56394.0,3.1,0.0,2,19332.0,55505.857142857145,47327.03333333333,57929.0,-0.026497954392445955,0,0,0,0.0
7478,2024-02-03,토마토,방울토마토(일반),53105.0,4.7,0.0,2,18580.0,55501.28571428572,47530.53333333333,56394.0,-0.0583218072844629,0,0,0,0.0
7479,2024-02-05,토마토,방울토마토(일반),49292.0,2.7,3.9,2,17439.0,54211.0,47645.9,53105.0,-0.07180114866773368,0,0,0,3.900000000000046
7480,2024-02-06,토마토,방울토마토(일반),47019.0,1.2,0.2,2,19109.0,53014.28571428572,47535.433333333334,49292.0,-0.04611295950661365,0,0,0,4.100000000000046
7481,2024-02-07,토마토,방울토마토(일반),40206.0,0.6,0.0,2,15691.0,51277.857142857145,47365.03333333333,47019.0,-0.14489887066930385,0,0,0,4.100000000000046
7482,2024-02-08,토마토,방울토마토(일반),36197.0,0.6,0.0,2,19766.0,48591.71428571428,47121.73333333333,40206.0,-0.09971148584788336,0,0,0,4.100000000000046
7483,2024-02-09,토마토,방울토마토(일반),26274.0,1.1,0.0,2,19749.0,44069.57142857143,46803.0,36197.0,-0.27413874077962264,0,0,0,4.100000000000046
7484,2024-02-13,토마토,방울토마토(일반),31478.0,8.2,0.0,2,18434.0,40510.142857142855,46594.63333333333,26274.0,0.19806652964908267,0,0,0,4.100000000000046
7485,2024-02-14,토마토,방울토마토(일반),31000.0,12.9,0.0,2,19544.0,37352.28571428572,46352.9,31478.0,-0.015185208717199306,0,0,0,4.100000000000046
7486,2024-02-15,토마토,방울토마토(일반),30541.0,4.5,10.9,2,21506.0,34673.57142857143,45943.03333333333,31000.0,-0.014806451612903171,0,0,0,11.100000000000046
7487,2024-02-16,토마토,방울토마토(일반),29265.0,2.3,0.0,2,13763.0,32137.285714285714,45679.333333333336,30541.0,-0.04177990242624674,0,0,0,10.900000000000047
7488,2024-02-17,토마토,방울토마토(일반),38333.0,4.4,0.0,2,20952.0,31869.714285714286,45582.1,29265.0,0.30985819237997614,0,0,0,10.900000000000047
7489,2024-02-19,토마토,방울토마토(일반),38851.0,9.1,8.9,2,15095.0,32248.85714285714,45586.36666666667,38333.0,0.013513160984008454,0,0,0,19.800000000000047
7490,2024-02-20,토마토,방울토마토(일반),34337.0,4.3,2.6,2,16604.0,33400.71428571428,45287.63333333333,38851.0,-0.11618748552160818,0,0,0,22.40000000000005
7491,2024-02-21,토마토,방울토마토(일반),33488.0,1.9,17.8,2,23517.0,33687.857142857145,44901.5,34337.0,-0.02472551475085183,0,0,0,40.200000000000045
7492,2024-02-22,토마토,방울토마토(일반),40740.0,0.2,8.8,2,14036.0,35079.28571428572,44633.2,33488.0,0.21655518394648832,0,0,0,49.00000000000005
7493,2024-02-23,토마토,방울토마토(일반),38663.0,1.8,0.4,2,23702.0,36239.57142857143,44317.833333333336,40740.0,-0.050981836033382466,0,0,0,38.50000000000005
7494,2024-02-24,토마토,방울토마토(일반),40158.0,2.0,2.3,2,20527.0,37795.71428571428,44031.333333333336,38663.0,0.038667459845330265,0,0,0,40.800000000000054
7495,2024-02-26,토마토,방울토마토(일반),49527.0,3.8,0.0,2,23065.0,39394.857142857145,44039.7,40158.0,0.23330345136709996,0,0,0,40.800000000000054
7496,2024-02-27,토마토,방울토마토(일반),55606.0,5.3,0.0,2,21009.0,41788.42857142857,44154.333333333336,49527.0,0.12274113110020801,0,0,0,31.90000000000005
7497,2024-02-28,토마토,방울토마토(일반),65280.0,6.4,0.0,2,24714.0,46208.857142857145,44684.26666666667,55606.0,0.1739740315793259,0,0,0,29.300000000000047
7498,2024-02-29,토마토,방울토마토(일반),73614.0,4.8,0.0,2,25495.0,51941.142857142855,45543.7,65280.0,0.1276654411764706,0,0,0,11.500000000000046
7499,2024-03-01,토마토,방울토마토(일반),63383.0,-4.1,0.0,3,25443.0,55175.857142857145,46028.03333333333,73614.0,-0.13898171543456406,0,0,1,2.700000000000046
7500,2024-03-02,토마토,방울토마토(일반),63383.0,-0.5,0.0,3,21307.0,58707.28571428572,46609.36666666667,63383.0,0.0,0,0,1,2.300000000000046
7501,2024-03-04,토마토,방울토마토(일반),54693.0,5.4,0.0,3,22052.0,60783.71428571428,46661.23333333333,63383.0,-0.1371030086931827,0,0,1,0.0
7502,2024-03-05,토마토,방울토마토(일반),60605.0,8.0,0.0,3,25019.0,62366.28571428572,46737.26666666667,54693.0,0.1080942716618214,0,0,1,0.0
7503,2024-03-06,토마토,방울토마토(일반),52931.0,6.2,0.0,3,26416.0,61984.142857142855,46655.1,60605.0,-0.12662321590627834,0,0,1,0.0
7504,2024-03-07,토마토,방울토마토(일반),62330.0,3.9,2.1,3,24360.0,61562.71428571428,46987.4,52931.0,0.1775707997203908,0,0,1,2.1000000000000463
7505,2024-03-08,토마토,방울토마토(일반),59522.0,2.1,0.0,3,26833.0,59549.57142857143,47138.13333333333,62330.0,-0.045050537461896356,0,0,1,2.1000000000000463
7506,2024-03-09,토마토,방울토마토(일반),50562.0,2.0,0.0,3,25188.0,57718.0,46892.566666666666,59522.0,-0.15053257619031624,0,0,1,2.1000000000000463
7507,2024-03-11,토마토,방울토마토(일반),51974.0,6.2,0.0,3,27575.0,56088.142857142855,46745.23333333333,50562.0,0.027926110517780156,0,0,1,2.1000000000000463
7508,2024-03-12,토마토,방울토마토(일반),48130.0,6.6,2.1,3,28594.0,55150.57142857143,46579.4,51974.0,-0.07396005695155272,0,0,1,4.200000000000046
7509,2024-03-13,토마토,방울토마토(일반),39404.0,6.5,0.0,3,25313.0,52121.857142857145,46249.8,48130.0,-0.18130064408892588,0,0,1,4.200000000000046
7510,2024-03-14,토마토,방울토마토(일반),45792.0,8.5,0.0,3,29742.0,51102.0,46208.9,39404.0,0.16211552126687656,0,0,1,4.200000000000046
7511,2024-03-15,토마토,방울토마토(일반),44025.0,8.9,0.0,3,34026.0,48487.0,46336.2,45792.0,-0.038587526205450695,0,0,1,2.1000000000000463
7512,2024-03-16,토마토,방울토마토(일반),42434.0,10.9,0.0,3,29619.0,46045.857142857145,46544.1,44025.0,-0.036138557637705904,0,0,1,2.1000000000000463
7513,2024-03-18,토마토,방울토마토(일반),40568.0,7.1,0.0,3,27639.0,44618.142857142855,47020.566666666666,42434.0,-0.043974171654805105,0,0,1,2.1000000000000463
7514,2024-03-19,토마토,방울토마토(일반),44240.0,6.7,0.2,3,25115.0,43513.28571428572,47445.96666666667,40568.0,0.09051469138237045,0,0,1,2.3000000000000465
7515,2024-03-20,토마토,방울토마토(일반),37367.0,4.4,0.0,3,25635.0,41975.71428571428,47658.2,44240.0,-0.15535714285714286,0,0,1,0.2000000000000462
7516,2024-03-21,토마토,방울토마토(일반),42427.0,5.0,0.0,3,21230.0,42407.57142857143,48054.4,37367.0,0.13541360023550197,0,0,1,0.2000000000000462
7517,2024-03-22,토마토,방울토마토(일반),51537.0,10.4,5.4,3,25103.0,43228.28571428572,48796.8,42427.0,0.21472175737148524,0,0,1,5.600000000000047
7518,2024-03-23,토마토,방울토마토(일반),49245.0,13.0,0.1,3,22417.0,43974.0,49160.53333333333,51537.0,-0.044472902962919836,0,0,1,5.700000000000046
7519,2024-03-25,토마토,방울토마토(일반),47545.0,10.6,5.1,3,25478.0,44704.142857142855,49450.333333333336,49245.0,-0.03452127119504522,0,0,1,10.800000000000047
7520,2024-03-26,토마토,방울토마토(일반),43961.0,7.4,11.5,3,22284.0,45188.857142857145,49771.13333333333,47545.0,-0.07538121779366913,0,0,1,22.300000000000047
7521,2024-03-27,토마토,방울토마토(일반),43910.0,10.4,0.0,3,25667.0,45141.71428571428,50118.53333333333,43961.0,-0.0011601191965605606,0,0,1,22.100000000000048
7522,2024-03-28,토마토,방울토마토(일반),48345.0,10.3,1.9,3,20564.0,46710.0,50372.03333333333,43910.0,0.10100204964700521,0,0,1,24.000000000000046
7523,2024-03-29,토마토,방울토마토(일반),53559.0,7.6,1.4,3,27793.0,48300.28571428572,50868.566666666666,48345.0,0.10784982935153575,0,0,1,25.40000000000005
7524,2024-03-30,토마토,방울토마토(일반),80000.0,8.8,0.0,3,28730.0,52366.42857142857,52196.63333333333,53559.0,0.4936798670624918,0,0,1,20.000000000000046
7525,2024-04-01,토마토,방울토마토(일반),63359.0,12.2,0.0,4,27411.0,54382.71428571428,52657.7,80000.0,-0.20801250000000004,0,0,1,19.90000000000005
7526,2024-04-02,토마토,방울토마토(일반),59648.0,15.4,0.0,4,24864.0,56111.71428571428,52792.433333333334,63359.0,-0.05857100017361383,0,0,1,14.800000000000047
7527,2024-04-03,토마토,방울토마토(일반),60075.0,16.6,0.0,4,20611.0,58413.71428571428,52618.933333333334,59648.0,0.007158664163090078,0,0,1,3.300000000000046
7528,2024-04-04,토마토,방울토마토(일반),69369.0,15.5,0.0,4,26032.0,62050.71428571428,52477.433333333334,60075.0,0.1547066167290887,0,0,1,3.300000000000046
7529,2024-04-05,토마토,방울토마토(일반),59763.0,14.0,0.0,4,23815.0,63681.857142857145,52356.76666666667,69369.0,-0.13847684124032344,0,0,1,1.400000000000046
7530,2024-04-06,토마토,방울토마토(일반),55373.0,12.7,0.0,4,25508.0,63941.0,52089.76666666667,59763.0,-0.07345682111005136,0,0,1,0.0
7531,2024-04-08,토마토,방울토마토(일반),51374.0,16.2,0.0,4,24588.0,59851.57142857143,51979.13333333333,55373.0,-0.07221931266140535,0,0,1,0.0
7532,2024-04-09,토마토,방울토마토(일반),49710.0,15.3,0.0,4,25058.0,57901.71428571428,51615.96666666667,51374.0,-0.03238992486471759,0,0,1,0.0
7533,2024-04-10,토마토,방울토마토(일반),41208.0,13.8,0.0,4,24169.0,55267.42857142857,51225.2,49710.0,-0.17103198551599275,0,0,1,0.0
7534,2024-04-11,토마토,방울토마토(일반),39621.0,15.5,0.0,4,26205.0,52345.42857142857,50468.23333333333,41208.0,-0.03851193942923703,0,0,1,0.0
7535,2024-04-12,토마토,방울토마토(일반),36736.0,17.2,0.0,4,32623.0,47683.57142857143,49708.7,39621.0,-0.07281492138007617,0,0,1,0.0
7536,2024-04-13,토마토,방울토마토(일반),31222.0,19.1,0.0,4,26348.0,43606.28571428572,49064.03333333333,36736.0,-0.15009799651567945,0,0,1,0.0
7537,2024-04-15,토마토,방울토마토(일반),29844.0,16.0,17.1,4,35253.0,39959.28571428572,48326.36666666667,31222.0,-0.044135545448722,0,0,1,17.100000000000048
7538,2024-04-16,토마토,방울토마토(일반),32182.0,13.3,2.3,4,27946.0,37217.57142857143,47794.76666666667,29844.0,0.07834070499932988,0,0,1,19.40000000000005
7539,2024-04-17,토마토,방울토마토(일반),29119.0,15.0,0.0,4,34576.0,34276.0,47451.933333333334,32182.0,-0.09517742837611087,0,0,1,19.40000000000005
7540,2024-04-18,토마토,방울토마토(일반),34151.0,17.3,0.0,4,32564.0,33267.857142857145,47063.9,29119.0,0.1728081321473951,0,0,1,19.40000000000005
7541,2024-04-19,토마토,방울토마토(일반),35217.0,17.6,0.0,4,33636.0,32638.714285714286,46770.3,34151.0,0.031214312904453756,0,0,1,19.40000000000005
7542,2024-04-20,토마토,방울토마토(일반),37210.0,14.9,4.8,4,27403.0,32706.428571428572,46596.166666666664,35217.0,0.056591986824545026,0,0,1,24.200000000000045
7543,2024-04-22,토마토,방울토마토(일반),37668.0,18.8,0.0,4,29183.0,33627.28571428572,46499.5,37210.0,0.012308519215264768,0,0,1,24.200000000000045
7544,2024-04-23,토마토,방울토마토(일반),38246.0,17.3,0.0,4,26130.0,34827.57142857143,46299.7,37668.0,0.015344589572050538,0,0,1,7.100000000000046
7545,2024-04-24,토마토,방울토마토(일반),37773.0,13.2,9.0,4,29058.0,35626.28571428572,46313.23333333333,38246.0,-0.012367306384981402,0,0,1,13.800000000000047
7546,2024-04-25,토마토,방울토마토(일반),35298.0,14.4,0.0,4,26878.0,36509.0,46075.6,37773.0,-0.0655229926137717,0,0,1,13.800000000000047
7547,2024-04-26,토마토,방울토마토(일반),31855.0,17.8,0.0,4,27208.0,36181.0,45419.53333333333,35298.0,-0.0975409371635787,0,0,1,13.800000000000047
7548,2024-04-27,토마토,방울토마토(일반),40277.0,18.2,0.0,4,36456.0,36903.857142857145,45120.6,31855.0,0.2643854967822947,0,0,1,13.800000000000047
7549,2024-04-29,토마토,방울토마토(일반),33819.0,20.9,0.0,4,42714.0,36419.42857142857,44663.066666666666,40277.0,-0.16033964793802913,0,0,1,9.000000000000046
7550,2024-04-30,토마토,방울토마토(일반),29694.0,18.6,0.0,4,39589.0,35280.28571428572,44187.5,33819.0,-0.12197285549543158,0,0,1,9.000000000000046
7551,2024-05-01,토마토,방울토마토(일반),34700.0,18.5,0.0,5,41291.0,34773.71428571428,43880.5,29694.0,0.16858624637974007,0,0,0,9.000000000000046
7552,2024-05-02,토마토,방울토마토(일반),38543.0,18.1,0.0,5,46950.0,34883.71428571428,43553.76666666667,34700.0,0.1107492795389049,0,0,0,0.0
7553,2024-05-03,토마토,방울토마토(일반),47603.0,19.7,0.0,5,43183.0,36641.57142857143,43355.23333333333,38543.0,0.2350621383908882,0,0,0,0.0
7554,2024-05-04,토마토,방울토마토(일반),47696.0,21.4,0.0,5,38393.0,38904.57142857143,42278.433333333334,47603.0,0.0019536583828749787,0,0,0,0.0
7555,2024-05-06,토마토,방울토마토(일반),36927.0,13.9,12.3,5,44000.0,38426.0,41397.36666666667,47696.0,-0.22578413284132837,0,0,0,12.300000000000047
7556,2024-05-07,토마토,방울토마토(일반),35115.0,13.3,2.4,5,38689.0,38611.142857142855,40579.6,36927.0,-0.04906978633520187,0,0,0,14.700000000000047
7557,2024-05-08,토마토,방울토마토(일반),32189.0,14.7,0.0,5,40653.0,38967.57142857143,39650.066666666666,35115.0,-0.08332621386871708,0,0,0,14.700000000000047
7558,2024-05-09,토마토,방울토마토(일반),37014.0,16.1,0.0,5,29974.0,39298.142857142855,38571.566666666666,32189.0,0.1498959271800926,0,0,0,14.700000000000047
7559,2024-05-10,토마토,방울토마토(일반),33645.0,17.9,0.0,5,29178.0,38598.42857142857,37700.96666666667,37014.0,-0.09101961420003246,0,0,0,14.700000000000047
7560,2024-05-11,토마토,방울토마토(일반),31067.0,17.0,31.7,5,34009.0,36236.142857142855,36890.76666666667,33645.0,-0.07662356962401551,0,0,0,46.40000000000005
7561,2024-05-13,토마토,방울토마토(일반),31365.0,18.3,0.0,5,41557.0,33903.142857142855,36223.8,31067.0,0.009592171757813794,0,0,0,46.40000000000005
7562,2024-05-14,토마토,방울토마토(일반),37854.0,18.8,0.0,5,29865.0,34035.57142857143,35828.6,31365.0,0.20688665710186505,0,0,0,34.10000000000005
7563,2024-05-15,토마토,방울토마토(일반),39319.0,12.6,20.6,5,28451.0,34636.142857142855,35765.63333333333,37854.0,0.03870132614783106,0,0,0,52.30000000000005
7564,2024-05-16,토마토,방울토마토(일반),33994.0,13.7,0.1,5,32930.0,34894.0,35578.066666666666,39319.0,-0.1354307078003001,0,0,0,52.40000000000005
7565,2024-05-17,토마토,방울토마토(일반),28766.0,18.3,0.0,5,25396.0,33715.71428571428,35312.4,33994.0,-0.1537918456198153,0,0,0,52.40000000000005
7566,2024-05-18,토마토,방울토마토(일반),24854.0,20.7,0.0,5,28727.0,32459.85714285714,35100.13333333333,28766.0,-0.13599388166585558,0,0,0,52.40000000000005
7567,2024-05-20,토마토,방울토마토(일반),32597.0,19.4,0.0,5,21671.0,32678.428571428572,35191.9,24854.0,0.31153939003782094,0,0,0,20.70000000000005
7568,2024-05-21,토마토,방울토마토(일반),25763.0,21.7,0.0,5,27752.0,31878.14285714286,34977.933333333334,32597.0,-0.20965119489523576,0,0,0,20.70000000000005
7569,2024-05-22,토마토,방울토마토(일반),21159.0,20.5,0.0,5,27844.0,29493.14285714286,34712.6,25763.0,-0.17870589605247833,0,0,0,20.70000000000005
7570,2024-05-23,토마토,방울토마토(일반),19580.0,20.2,0.0,5,32328.0,26673.285714285714,34226.9,21159.0,-0.0746254548891725,0,0,0,0.10000000000004619
7571,2024-05-24,토마토,방울토마토(일반),24007.0,20.1,0.0,5,34000.0,25246.571428571428,33853.23333333333,19580.0,0.22609805924412663,0,0,0,0.0
7572,2024-05-25,토마토,방울토마토(일반),18358.0,21.4,0.0,5,36451.0,23759.714285714286,33224.833333333336,24007.0,-0.23530636897571544,0,0,0,0.0
7573,2024-05-27,토마토,방울토마토(일반),20708.0,18.5,0.0,5,43924.0,23167.428571428572,32659.5,18358.0,0.12800958710099142,0,0,0,0.0
7574,2024-05-28,토마토,방울토마토(일반),23776.0,20.4,0.0,5,35940.0,21907.285714285714,32177.166666666668,20708.0,0.1481553022986286,0,0,0,0.0
7575,2024-05-29,토마토,방울토마토(일반),26475.0,21.2,0.0,5,39043.0,22009.0,31800.566666666666,23776.0,0.11351783310901742,0,0,0,0.0
7576,2024-05-30,토마토,방울토마토(일반),30705.0,20.7,0.0,5,40840.0,23372.714285714286,31647.466666666667,26475.0,0.15977337110481593,0,0,0,0.0
7577,2024-05-31,토마토,방울토마토(일반),22450.0,20.4,1.0,5,46844.0,23782.714285714286,31333.966666666667,30705.0,-0.2688487217065625,0,0,0,1.0000000000000462
7578,2024-06-01,토마토,방울토마토(일반),22031.0,20.7,0.0,6,44680.0,23500.428571428572,30725.766666666666,22450.0,-0.01866369710467708,0,0,0,1.0000000000000462
7579,2024-06-03,토마토,방울토마토(일반),23693.0,22.2,0.0,6,45418.0,24262.571428571428,30388.233333333334,22031.0,0.0754391539194772,0,0,0,1.0000000000000462
7580,2024-06-04,토마토,방울토마토(일반),21000.0,22.8,0.0,6,42685.0,24304.285714285714,30098.433333333334,23693.0,-0.11366226311568817,0,0,0,1.0000000000000462
7581,2024-06-05,토마토,방울토마토(일반),25529.0,23.6,0.0,6,41294.0,24554.714285714286,29792.733333333334,21000.0,0.21566666666666667,0,0,0,1.0000000000000462
7582,2024-06-06,토마토,방울토마토(일반),22935.0,24.1,0.0,6,56456.0,24049.0,29272.466666666667,25529.0,-0.10160993380077554,0,0,0,1.0000000000000462
7583,2024-06-07,토마토,방울토마토(일반),20896.0,23.1,0.8,6,60109.0,22647.714285714286,28382.233333333334,22935.0,-0.0889034227163723,0,0,0,1.8000000000000462
7584,2024-06-08,토마토,방울토마토(일반),19044.0,20.3,16.9,6,50484.0,22161.14285714286,27427.166666666668,20896.0,-0.08862940275650844,0,0,0,17.700000000000045
7585,2024-06-10,토마토,방울토마토(일반),18725.0,24.7,0.0,6,48163.0,21688.85714285714,26820.433333333334,19044.0,-0.016750682629699698,0,0,0,17.700000000000045
7586,2024-06-11,토마토,방울토마토(일반),19432.0,25.4,0.0,6,40556.0,21080.14285714286,26297.666666666668,18725.0,0.0377570093457944,0,0,0,17.700000000000045
7587,2024-06-12,토마토,방울토마토(일반),18807.0,24.8,0.0,6,24231.0,20766.85714285714,25851.6,19432.0,-0.032163441745574284,0,0,0,17.700000000000045
7588,2024-06-13,토마토,방울토마토(일반),19201.0,26.4,0.0,6,28130.0,19862.85714285714,25257.833333333332,18807.0,0.020949646408252143,0,0,0,17.700000000000045
7589,2024-06-14,토마토,방울토마토(일반),19915.0,26.3,0.0,6,25725.0,19431.428571428572,24800.166666666668,19201.0,0.03718556325191402,0,0,0,17.700000000000045
7590,2024-06-15,토마토,방울토마토(일반),19526.0,24.2,6.1,6,18509.0,19235.714285714286,24415.466666666667,19915.0,-0.01953301531508911,0,0,0,23.000000000000043
7591,2024-06-17,토마토,방울토마토(일반),18625.0,24.8,0.0,6,19614.0,19175.85714285714,23990.8,19526.0,-0.04614360340059409,0,0,0,6.100000000000046
7592,2024-06-18,토마토,방울토마토(일반),17142.0,26.0,0.0,6,19591.0,18949.714285714286,23300.4,18625.0,-0.07962416107382553,0,0,0,6.100000000000046
7593,2024-06-19,토마토,방울토마토(일반),15641.0,28.8,0.0,6,23848.0,18408.14285714286,22511.133333333335,17142.0,-0.08756271146890682,0,0,0,6.100000000000046
7594,2024-06-20,토마토,방울토마토(일반),14802.0,29.4,0.0,6,20342.0,17836.0,21871.4,15641.0,-0.053641071542740226,0,0,0,6.100000000000046
7595,2024-06-21,토마토,방울토마토(일반),12394.0,28.1,0.0,6,23012.0,16863.571428571428,21325.666666666668,14802.0,-0.1626807188217808,0,0,0,6.100000000000046
7596,2024-06-22,토마토,방울토마토(일반),11027.0,24.2,16.5,6,20579.0,15593.857142857143,20864.766666666666,12394.0,-0.11029530417944167,0,0,0,22.600000000000044
7597,2024-06-24,토마토,방울토마토(일반),10488.0,24.3,0.0,6,25867.0,14302.714285714286,20127.8,11027.0,-0.04888002176475925,0,0,0,16.500000000000043
7598,2024-06-25,토마토,방울토마토(일반),9087.0,22.9,0.0,6,19531.0,12940.142857142857,19571.933333333334,10488.0,-0.13358123569794045,0,0,0,16.500000000000043
7599,2024-06-26,토마토,방울토마토(일반),11108.0,24.9,0.0,6,19877.0,12078.142857142857,19236.9,9087.0,0.2224056344228018,0,0,0,16.500000000000043
7600,2024-06-27,토마토,방울토마토(일반),12644.0,26.3,0.0,6,22472.0,11650.0,19005.7,11108.0,0.1382787180410514,0,0,0,16.500000000000043
7601,2024-06-28,토마토,방울토마토(일반),12167.0,26.6,0.0,6,28883.0,11273.57142857143,18611.033333333333,12644.0,-0.03772540335336916,0,0,0,16.500000000000043
7602,2024-06-29,토마토,방울토마토(일반),17562.0,26.7,38.3,6,30946.0,12011.857142857143,18584.5,12167.0,0.4434125092463219,0,0,0,54.80000000000004
7603,2024-07-01,토마토,방울토마토(일반),17762.0,26.3,0.0,7,21746.0,12974.0,18486.3,17562.0,0.011388224575788586,0,0,0,38.30000000000004
7604,2024-07-02,토마토,방울토마토(일반),22353.0,23.2,65.1,7,20142.0,14669.0,18438.866666666665,17762.0,0.25847314491611306,0,0,0,103.40000000000003
7605,2024-07-03,토마토,방울토마토(일반),23760.0,24.7,0.8,7,18150.0,16765.14285714286,18348.366666666665,22353.0,0.06294457119849683,0,0,0,104.20000000000003
7606,2024-07-04,토마토,방울토마토(일반),26442.0,26.8,3.6,7,19581.0,18955.714285714286,18206.266666666666,23760.0,0.1128787878787878,0,0,0,107.80000000000004
7607,2024-07-05,토마토,방울토마토(일반),23855.0,23.4,4.1,7,23114.0,20557.285714285714,18253.1,26442.0,-0.0978367748279253,0,0,0,111.90000000000003
7608,2024-07-06,토마토,방울토마토(일반),22912.0,25.1,2.8,7,24507.0,22092.285714285714,18282.466666666667,23855.0,-0.039530496751205235,0,0,0,114.70000000000003
7609,2024-07-08,토마토,방울토마토(일반),17787.0,23.8,21.1,7,21245.0,22124.428571428572,18085.6,22912.0,-0.22368191340782118,0,0,0,97.50000000000004
7610,2024-07-09,토마토,방울토마토(일반),19125.0,24.5,0.3,7,20447.0,22319.14285714286,18023.1,17787.0,0.07522347782088046,0,0,0,97.80000000000004
7611,2024-07-10,토마토,방울토마토(일반),19321.0,26.6,1.4,7,22273.0,21886.0,17816.166666666668,19125.0,0.010248366013071886,0,0,0,34.100000000000044
7612,2024-07-11,토마토,방울토마토(일반),20969.0,25.7,0.0,7,23570.0,21487.285714285714,17750.633333333335,19321.0,0.08529579214326377,0,0,0,33.30000000000005
7613,2024-07-12,토마토,방울토마토(일반),24922.0,25.6,0.0,7,25269.0,21270.14285714286,17884.833333333332,20969.0,0.18851638132481274,0,0,0,29.700000000000045
7614,2024-07-13,토마토,방울토마토(일반),24153.0,28.1,0.0,7,17557.0,21312.714285714286,18055.133333333335,24922.0,-0.030856271567289983,0,0,0,25.600000000000044
7615,2024-07-15,토마토,방울토마토(일반),23124.0,28.4,0.0,7,16011.0,21343.0,18201.766666666666,24153.0,-0.042603403303937415,0,0,0,22.800000000000043
7616,2024-07-16,토마토,방울토마토(일반),24673.0,27.0,17.0,7,19621.0,22326.714285714286,18376.466666666667,23124.0,0.06698668050510292,0,0,0,18.700000000000042
7617,2024-07-17,토마토,방울토마토(일반),23938.0,25.4,98.8,7,18275.0,23014.285714285714,18547.5,24673.0,-0.029789648603736896,0,0,0,117.20000000000005
7618,2024-07-18,토마토,방울토마토(일반),24017.0,24.3,128.8,7,22017.0,23685.14285714286,18708.033333333333,23938.0,0.003300192163087967,0,0,0,244.60000000000005
7619,2024-07-19,토마토,방울토마토(일반),23770.0,27.0,0.1,7,19909.0,24085.285714285714,18836.533333333333,24017.0,-0.01028438189615688,0,0,0,244.70000000000005
7620,2024-07-20,토마토,방울토마토(일반),22482.0,27.2,14.9,7,16833.0,23736.714285714286,18935.066666666666,23770.0,-0.0541859486748002,0,0,0,259.6
7621,2024-07-22,토마토,방울토마토(일반),23335.0,26.6,79.9,7,18327.0,23619.85714285714,19092.066666666666,22482.0,0.037941464282537085,0,0,0,339.50000000000006
7622,2024-07-23,토마토,방울토마토(일반),22794.0,26.4,2.0,7,22882.0,23572.714285714286,19280.466666666667,23335.0,-0.023184058281551345,0,0,0,341.50000000000006
7623,2024-07-24,토마토,방울토마토(일반),27054.0,28.1,14.7,7,22218.0,23912.85714285714,19660.9,22794.0,0.18689128718083703,0,0,0,339.20000000000005
7624,2024-07-25,토마토,방울토마토(일반),28736.0,28.8,25.3,7,23916.0,24598.285714285714,20125.366666666665,27054.0,0.062171952391513186,0,0,0,265.70000000000005
7625,2024-07-26,토마토,방울토마토(일반),30583.0,28.7,5.5,7,27122.0,25536.285714285714,20731.666666666668,28736.0,0.06427477728285069,0,0,0,142.40000000000006
7626,2024-07-27,토마토,방울토마토(일반),31988.0,28.9,33.5,7,21395.0,26710.285714285714,21430.366666666665,30583.0,0.04594055521041107,0,0,0,175.80000000000007
7627,2024-07-29,토마토,방울토마토(일반),28880.0,27.4,0.0,7,19744.0,27624.285714285714,22043.433333333334,31988.0,-0.0971614355383269,0,0,0,160.90000000000006
7628,2024-07-30,토마토,방울토마토(일반),28823.0,28.6,0.0,7,19842.0,28408.285714285714,22701.3,28880.0,-0.0019736842105263497,0,0,0,81.00000000000006
7629,2024-07-31,토마토,방울토마토(일반),32950.0,29.4,0.0,7,20165.0,29859.14285714286,23429.366666666665,28823.0,0.14318426256808792,0,0,0,79.00000000000006
7630,2024-08-01,토마토,방울토마토(일반),33031.0,29.9,0.3,8,19152.0,30713.0,24108.933333333334,32950.0,0.0024582701062214607,0,0,0,64.60000000000005
7631,2024-08-02,토마토,방울토마토(일반),38906.0,29.6,0.0,8,26068.0,32165.85714285714,25000.233333333334,33031.0,0.17786321939995764,0,0,0,39.300000000000054
7632,2024-08-05,토마토,방울토마토(일반),24300.0,30.0,1.3,8,20607.0,31268.285714285714,25224.833333333332,38906.0,-0.37541767336657583,0,0,0,35.10000000000006
7633,2024-08-06,토마토,방울토마토(일반),28053.0,29.5,0.0,8,23845.0,30706.14285714286,25567.866666666665,24300.0,0.15444444444444438,0,0,0,1.600000000000057
7634,2024-08-07,토마토,방울토마토(일반),27661.0,29.6,3.4,8,18982.0,30532.0,25744.8,28053.0,-0.013973550065946583,0,0,0,5.000000000000057
7635,2024-08-08,토마토,방울토마토(일반),30773.0,28.5,0.0,8,21532.0,30810.571428571428,25978.566666666666,27661.0,0.11250497089765377,0,0,0,5.000000000000057
7636,2024-08-09,토마토,방울토마토(일반),32858.0,29.3,0.0,8,20562.0,30797.428571428572,26192.433333333334,30773.0,0.0677542001104865,0,0,0,5.000000000000057
7637,2024-08-10,토마토,방울토마토(일반),30745.0,30.0,0.0,8,23110.0,30470.85714285714,26422.1,32858.0,-0.06430701807778927,0,0,0,4.700000000000057
7638,2024-08-12,토마토,방울토마토(일반),27547.0,31.1,0.0,8,22606.0,28848.14285714286,26576.6,30745.0,-0.1040169133192389,0,0,0,4.700000000000057
7639,2024-08-13,토마토,방울토마토(일반),26630.0,31.3,0.0,8,22101.0,29181.0,26871.366666666665,27547.0,-0.03328856136784408,0,0,0,3.4000000000000568
7640,2024-08-14,토마토,방울토마토(일반),27055.0,30.0,3.0,8,16801.0,29038.428571428572,27135.7,26630.0,0.015959444235824183,0,0,0,6.400000000000057
7641,2024-08-15,토마토,방울토마토(일반),29418.0,29.2,6.4,8,17169.0,29289.428571428572,27472.266666666666,27055.0,0.08734060247643693,0,0,0,9.400000000000057
7642,2024-08-16,토마토,방울토마토(일반),34497.0,29.8,0.0,8,15126.0,29821.428571428572,27923.2,29418.0,0.17264939832755455,0,0,0,9.400000000000057
7643,2024-08-17,토마토,방울토마토(일반),33204.0,29.8,11.0,8,17665.0,29870.85714285714,28199.266666666666,34497.0,-0.03748152013218542,0,0,0,20.400000000000055
7644,2024-08-19,토마토,방울토마토(일반),28315.0,29.7,2.3,8,16261.0,29523.714285714286,28338.0,33204.0,-0.14724129622937,0,0,0,22.700000000000056
7645,2024-08-20,토마토,방울토마토(일반),25808.0,31.4,0.0,8,13438.0,29275.285714285714,28427.466666666667,28315.0,-0.08853964329860498,0,0,0,22.700000000000056
7646,2024-08-21,토마토,방울토마토(일반),31090.0,28.4,42.2,8,13282.0,29912.428571428572,28641.366666666665,25808.0,0.20466522008679489,0,0,0,64.90000000000006
7647,2024-08-22,토마토,방울토마토(일반),26929.0,28.6,0.6,8,12360.0,29894.428571428572,28741.066666666666,31090.0,-0.13383724670312003,0,0,0,62.500000000000064
7648,2024-08-23,토마토,방울토마토(일반),24963.0,28.4,0.0,8,12379.0,29258.0,28772.6,26929.0,-0.07300679564781465,0,0,0,56.100000000000065
7649,2024-08-24,토마토,방울토마토(일반),24180.0,27.6,2.0,8,15098.0,27784.14285714286,28786.266666666666,24963.0,-0.03136642230501141,0,0,0,58.100000000000065
7650,2024-08-26,토마토,방울토마토(일반),24505.0,28.1,0.0,8,16097.0,26541.428571428572,28853.7,24180.0,0.013440860215053752,0,0,0,47.100000000000065
7651,2024-08-27,토마토,방울토마토(일반),26725.0,26.5,0.3,8,17879.0,26314.285714285714,28966.7,24505.0,0.09059375637624978,0,0,0,45.10000000000006
7652,2024-08-28,토마토,방울토마토(일반),27786.0,28.2,0.0,8,16948.0,26596.85714285714,29133.1,26725.0,0.039700654817586445,0,0,0,45.10000000000006
7653,2024-08-29,토마토,방울토마토(일반),32086.0,28.4,0.0,8,19059.0,26739.14285714286,29300.833333333332,27786.0,0.1547541927589433,0,0,0,2.9000000000000568
7654,2024-08-30,토마토,방울토마토(일반),35890.0,28.0,0.0,8,23378.0,28019.285714285714,29539.3,32086.0,0.11855637972947708,0,0,0,2.3000000000000567
7655,2024-08-31,토마토,방울토마토(일반),29520.0,27.6,0.0,8,23483.0,28670.285714285714,29503.866666666665,35890.0,-0.1774867651156311,0,0,0,2.3000000000000567
7656,2024-09-02,토마토,방울토마토(일반),29905.0,24.5,2.7,9,17977.0,29488.14285714286,29434.433333333334,29520.0,0.013042005420054181,0,1,0,3.000000000000057
7657,2024-09-03,토마토,방울토마토(일반),30766.0,27.0,0.0,9,14602.0,30382.571428571428,29497.3,29905.0,0.028791172044808633,0,1,0,3.000000000000057
7658,2024-09-04,토마토,방울토마토(일반),35109.0,27.9,0.0,9,14900.0,31580.285714285714,29706.833333333332,30766.0,0.14116232204381451,0,1,0,2.700000000000057
7659,2024-09-05,토마토,방울토마토(일반),46670.0,26.3,6.9,9,15112.0,34278.0,30164.166666666668,35109.0,0.32928878635107806,0,1,0,9.600000000000058
7660,2024-09-06,토마토,방울토마토(일반),45156.0,24.0,0.7,9,15500.0,36145.142857142855,30568.333333333332,46670.0,-0.03244053996143137,0,1,0,10.300000000000058
7661,2024-09-07,토마토,방울토마토(일반),35366.0,26.5,0.0,9,16561.0,36070.28571428572,30450.333333333332,45156.0,-0.21680396846487726,0,1,0,10.300000000000058
7662,2024-09-09,토마토,방울토마토(일반),37849.0,28.5,0.0,9,17688.0,37260.142857142855,30901.966666666667,35366.0,0.07020867499858618,0,1,0,10.300000000000058
7663,2024-09-10,토마토,방울토마토(일반),36561.0,29.4,0.0,9,16437.0,38211.0,31185.566666666666,37849.0,-0.0340299611614574,0,1,0,7.600000000000057
7664,2024-09-11,토마토,방울토마토(일반),37283.0,29.0,0.4,9,16502.0,39142.0,31506.3,36561.0,0.019747818713930165,0,1,0,8.000000000000057
7665,2024-09-12,토마토,방울토마토(일반),41043.0,25.4,32.7,9,18388.0,39989.71428571428,31848.633333333335,37283.0,0.10085025346672749,0,1,0,40.70000000000006
7666,2024-09-13,토마토,방울토마토(일반),40311.0,25.9,7.6,9,24758.0,39081.28571428572,32097.066666666666,41043.0,-0.017834953585264213,0,1,0,41.40000000000006
7667,2024-09-14,토마토,방울토마토(일반),32949.0,28.0,0.0,9,36679.0,37337.42857142857,32170.533333333333,40311.0,-0.18263005135074795,0,1,0,40.70000000000006
7668,2024-09-16,토마토,방울토마토(일반),19297.0,26.8,9.5,9,29858.0,35041.857142857145,31895.533333333333,32949.0,-0.4143373091747853,0,1,0,50.20000000000006
7669,2024-09-20,토마토,방울토마토(일반),18946.0,25.0,54.5,9,20958.0,32341.428571428572,31639.4,19297.0,-0.018189355858423628,0,1,0,104.70000000000006
7670,2024-09-21,토마토,방울토마토(일반),20136.0,19.3,27.0,9,17016.0,29995.0,31408.766666666666,18946.0,0.06281009183996611,0,1,0,131.70000000000005
7671,2024-09-23,토마토,방울토마토(일반),26419.0,20.8,0.0,9,15814.0,28443.0,31308.8,20136.0,0.3120282081843464,0,1,0,131.30000000000007
7672,2024-09-24,토마토,방울토마토(일반),31745.0,21.0,0.0,9,16000.0,27114.714285714286,31217.066666666666,26419.0,0.2015973352511451,0,1,0,98.60000000000007
7673,2024-09-25,토마토,방울토마토(일반),36965.0,23.3,0.0,9,18433.0,26636.714285714286,31342.433333333334,31745.0,0.16443534414868477,0,1,0,91.00000000000006
7674,2024-09-26,토마토,방울토마토(일반),38349.0,23.6,1.2,9,22979.0,27408.14285714286,31676.9,36965.0,0.03744082239956725,0,1,0,92.20000000000006
7675,2024-09-27,토마토,방울토마토(일반),32650.0,22.7,0.0,9,24667.0,29315.714285714286,31904.966666666667,38349.0,-0.1486088294349266,0,1,0,82.70000000000006
7676,2024-09-28,토마토,방울토마토(일반),33186.0,23.2,0.0,9,24911.0,31350.0,31974.833333333332,32650.0,0.016416539050535972,0,1,0,28.200000000000056
7677,2024-09-30,토마토,방울토마토(일반),33132.0,23.0,0.0,9,34191.0,33206.57142857143,32181.6,33186.0,-0.0016271921894774888,0,1,0,1.2000000000000568
7678,2024-10-01,토마토,방울토마토(일반),34133.0,18.3,2.5,10,33082.0,34308.57142857143,32487.266666666666,33132.0,0.03021248339973437,0,1,0,3.700000000000057
7679,2024-10-02,토마토,방울토마토(일반),32332.0,14.9,0.0,10,28531.0,34392.42857142857,32759.0,34133.0,-0.052764187150265096,0,1,0,3.700000000000057
7680,2024-10-03,토마토,방울토마토(일반),32438.0,16.4,0.0,10,31400.0,33745.71428571428,33023.433333333334,32332.0,0.0032784857107510668,0,1,0,3.700000000000057
7681,2024-10-04,토마토,방울토마토(일반),37980.0,17.6,0.0,10,35074.0,33693.0,33398.6,32438.0,0.17084900425426963,0,1,0,2.500000000000057
7682,2024-10-05,토마토,방울토마토(일반),40872.0,17.5,0.0,10,35081.0,34867.57142857143,33834.8,37980.0,0.07614533965244874,0,1,0,2.500000000000057
7683,2024-10-07,토마토,방울토마토(일반),51723.0,16.9,0.0,10,36783.0,37515.71428571428,34489.36666666667,40872.0,0.2654873752201996,0,1,0,2.500000000000057
7684,2024-10-08,토마토,방울토마토(일반),63131.0,17.7,0.0,10,30415.0,41801.28571428572,35397.4,51723.0,0.22055951897608406,0,1,0,2.500000000000057
7685,2024-10-09,토마토,방울토마토(일반),59242.0,18.8,0.0,10,22509.0,45388.28571428572,36388.13333333333,63131.0,-0.061602065546245144,0,1,0,0.0
7686,2024-10-10,토마토,방울토마토(일반),59929.0,18.8,0.0,10,24462.0,49330.71428571428,37388.933333333334,59242.0,0.011596502481347803,0,1,0,0.0
7687,2024-10-11,토마토,방울토마토(일반),72698.0,18.6,0.0,10,19980.0,55082.142857142855,38786.666666666664,59929.0,0.21306879807772527,0,1,0,0.0
7688,2024-10-12,토마토,방울토마토(일반),68308.0,18.3,0.0,10,24402.0,59414.71428571428,39893.3,72698.0,-0.06038680568928989,0,1,0,0.0
7689,2024-10-14,토마토,방울토마토(일반),72000.0,19.3,0.0,10,29465.0,63861.57142857143,40737.63333333333,68308.0,0.05404930608420688,0,1,0,0.0
7690,2024-10-15,토마토,방울토마토(일반),74432.0,19.2,0.5,10,34371.0,67105.71428571429,41713.5,72000.0,0.033777777777777684,0,1,0,0.5000000000000568
7691,2024-10-16,토마토,방울토마토(일반),72126.0,18.2,0.0,10,53955.0,68390.71428571429,42938.833333333336,74432.0,-0.03098129836629404,0,1,0,0.5000000000000568
7692,2024-10-17,토마토,방울토마토(일반),81136.0,19.0,0.0,10,95924.0,71518.42857142857,44381.73333333333,72126.0,0.12492027840168585,0,1,0,0.5000000000000568
7693,2024-10-18,토마토,방울토마토(일반),93048.0,17.4,47.1,10,45325.0,76249.71428571429,46264.63333333333,81136.0,0.1468152238217315,0,1,0,47.60000000000006
7694,2024-10-19,토마토,방울토마토(일반),91932.0,16.6,1.0,10,32471.0,78997.42857142857,48086.26666666667,93048.0,-0.01199380964663399,0,1,0,48.60000000000006
7695,2024-10-21,토마토,방울토마토(일반),75888.0,14.8,0.0,10,26398.0,80080.28571428571,49247.76666666667,91932.0,-0.17452029761127785,0,1,0,48.60000000000006
7696,2024-10-22,토마토,방울토마토(일반),45681.0,15.5,20.6,10,29831.0,76320.42857142857,49426.76666666667,75888.0,-0.39804712207463633,0,1,0,69.20000000000006
7697,2024-10-23,토마토,방울토마토(일반),55105.0,12.7,2.3,10,42061.0,73559.42857142857,50165.3,45681.0,0.2063002123421116,0,1,0,71.00000000000006
7698,2024-10-24,토마토,방울토마토(일반),59708.0,12.5,0.0,10,29817.0,71785.42857142857,51512.333333333336,55105.0,0.08353143997822343,0,1,0,71.00000000000006
7699,2024-10-25,토마토,방울토마토(일반),59687.0,14.9,0.0,10,28315.0,68721.28571428571,52870.36666666667,59708.0,-0.00035171166342873317,0,1,0,71.00000000000006
7700,2024-10-26,토마토,방울토마토(일반),55981.0,17.0,0.0,10,33632.0,63426.0,54065.2,59687.0,-0.062090572486471096,0,1,0,23.90000000000006
7701,2024-10-28,토마토,방울토마토(일반),45054.0,15.7,0.0,10,35850.0,56729.142857142855,54686.36666666667,55981.0,-0.19519122559439805,0,1,0,22.90000000000006
7702,2024-10-29,토마토,방울토마토(일반),31796.0,15.0,0.0,10,49225.0,50430.28571428572,54688.066666666666,45054.0,-0.29426909930305856,0,1,0,22.90000000000006
7703,2024-10-30,토마토,방울토마토(일반),31416.0,15.7,0.0,10,98691.0,48392.42857142857,54503.1,31796.0,-0.011951188828783543,0,1,0,2.3000000000000567
7704,2024-10-31,토마토,방울토마토(일반),37073.0,15.9,0.0,10,90718.0,45816.42857142857,54460.566666666666,31416.0,0.18006748153806984,0,1,0,0.0
7705,2024-11-01,토마토,방울토마토(일반),35836.0,15.3,0.0,11,41548.0,42406.142857142855,54566.76666666667,37073.0,-0.033366601030399456,0,0,0,0.0
7706,2024-11-02,토마토,방울토마토(일반),35577.0,18.1,0.0,11,35597.0,38961.857142857145,54646.46666666667,35836.0,-0.0072273691260185124,0,0,0,0.0
7707,2024-11-04,토마토,방울토마토(일반),31000.0,14.8,0.1,11,34393.0,35393.142857142855,54575.4,35577.0,-0.12865053264749693,0,0,0,0.10000000000005685
7708,2024-11-05,토마토,방울토마토(일반),26856.0,9.1,0.0,11,37973.0,32793.42857142857,54332.833333333336,31000.0,-0.13367741935483868,0,0,0,0.10000000000005685
7709,2024-11-06,토마토,방울토마토(일반),25737.0,7.5,0.0,11,34554.0,31927.85714285714,54113.0,26856.0,-0.04166666666666663,0,0,0,0.10000000000005685
7710,2024-11-07,토마토,방울토마토(일반),26420.0,7.8,0.0,11,26380.0,31214.14285714286,53912.4,25737.0,0.026537669503050143,0,0,0,0.10000000000005685
7711,2024-11-08,토마토,방울토마토(일반),23404.0,10.2,0.0,11,24181.0,29261.428571428572,53426.53333333333,26420.0,-0.11415594246782745,0,0,0,0.10000000000005685
7712,2024-11-09,토마토,방울토마토(일반),23707.0,12.9,0.0,11,24825.0,27528.714285714286,52854.36666666667,23404.0,0.012946504870962272,0,0,0,0.10000000000005685
7713,2024-11-11,토마토,방울토마토(일반),24274.0,14.6,0.0,11,32119.0,25914.0,51939.4,23707.0,0.023916986544058716,0,0,0,0.10000000000005685
7714,2024-11-12,토마토,방울토마토(일반),33535.0,14.3,0.0,11,47032.0,26276.14285714286,50952.86666666667,24274.0,0.38151932108428777,0,0,0,0.0
7715,2024-11-13,토마토,방울토마토(일반),25643.0,14.2,0.0,11,47122.0,26102.85714285714,49832.9,33535.0,-0.23533621589384224,0,0,0,0.0
7716,2024-11-14,토마토,방울토마토(일반),29506.0,14.8,0.1,11,39855.0,26641.285714285714,48818.8,25643.0,0.1506454003041766,0,0,0,0.10000000000005685
7717,2024-11-15,토마토,방울토마토(일반),30146.0,17.0,0.0,11,45689.0,27173.571428571428,47400.4,29506.0,0.02169050362638103,0,0,0,0.10000000000005685
7718,2024-11-16,토마토,방울토마토(일반),36000.0,17.0,6.5,11,35599.0,28973.0,46323.46666666667,30146.0,0.19418828368606111,0,0,0,6.6000000000000565
7719,2024-11-18,토마토,방울토마토(일반),34980.0,2.8,0.0,11,37390.0,30583.428571428572,45089.46666666667,36000.0,-0.02833333333333332,0,0,0,6.6000000000000565
7720,2024-11-19,토마토,방울토마토(일반),35766.0,5.7,0.0,11,48642.0,32225.14285714286,43800.6,34980.0,0.022469982847341363,0,0,0,6.6000000000000565
7721,2024-11-20,토마토,방울토마토(일반),32584.0,6.5,0.0,11,51918.0,32089.285714285714,42482.53333333333,35766.0,-0.0889671755298328,0,0,0,6.6000000000000565
7722,2024-11-21,토마토,방울토마토(일반),34428.0,9.7,0.0,11,49614.0,33344.28571428572,40925.6,32584.0,0.05659219248711023,0,0,0,6.6000000000000565
7723,2024-11-22,토마토,방울토마토(일반),33679.0,6.2,0.0,11,68312.0,33940.42857142857,38946.63333333333,34428.0,-0.02175554780992217,0,0,0,6.500000000000057
7724,2024-11-23,토마토,방울토마토(일반),33040.0,6.4,0.0,11,75982.0,34353.857142857145,36983.566666666666,33679.0,-0.018973247424210915,0,0,0,6.500000000000057
7725,2024-11-25,토마토,방울토마토(일반),31618.0,10.1,0.0,11,50764.0,33727.857142857145,35507.9,33040.0,-0.04303874092009685,0,0,0,0.0
7726,2024-11-26,토마토,방울토마토(일반),33084.0,5.8,26.0,11,51228.0,33457.0,35088.0,31618.0,0.046365994054019755,0,0,0,26.000000000000057
7727,2024-11-27,토마토,방울토마토(일반),33954.0,-0.4,22.4,11,37254.0,33198.142857142855,34382.96666666667,33084.0,0.026296699310845106,0,0,0,48.400000000000055
7728,2024-11-28,토마토,방울토마토(일반),39121.0,0.8,4.9,11,31194.0,34132.0,33696.73333333333,33954.0,0.15217647405313062,0,0,0,53.300000000000054
7729,2024-11-29,토마토,방울토마토(일반),34246.0,0.2,0.0,11,26279.0,34106.0,32848.7,39121.0,-0.12461337900360425,0,0,0,53.300000000000054
7730,2024-11-30,토마토,방울토마토(일반),37000.0,2.5,0.0,11,24098.0,34580.42857142857,32216.0,34246.0,0.08041815102493732,0,0,0,53.300000000000054
7731,2024-12-02,토마토,방울토마토(일반),39553.0,6.4,0.0,12,25091.0,35510.857142857145,32032.633333333335,37000.0,0.06899999999999995,0,0,0,53.300000000000054
7732,2024-12-03,토마토,방울토마토(일반),47107.0,1.3,0.0,12,27789.0,37723.57142857143,32543.0,39553.0,0.1909842489823781,0,0,0,53.300000000000054
7733,2024-12-04,토마토,방울토마토(일반),54701.0,3.1,0.0,12,28353.0,40811.71428571428,33319.166666666664,47107.0,0.16120746385887452,0,0,0,27.300000000000054
7734,2024-12-05,토마토,방울토마토(일반),64047.0,3.9,1.8,12,26420.0,45110.71428571428,34218.3,54701.0,0.17085610866346146,0,0,0,6.700000000000057
7735,2024-12-06,토마토,방울토마토(일반),57814.0,2.1,0.0,12,27399.0,47781.142857142855,34950.9,64047.0,-0.09731915624463283,0,0,0,1.8000000000000569
7736,2024-12-07,토마토,방울토마토(일반),55146.0,0.2,0.0,12,29375.0,50766.857142857145,35603.2,57814.0,-0.04614799183588747,0,0,0,1.8000000000000569
7737,2024-12-09,토마토,방울토마토(일반),52639.0,1.0,0.0,12,19905.0,53001.0,36324.5,55146.0,-0.045461139520545424,0,0,0,1.8000000000000569
7738,2024-12-10,토마토,방울토마토(일반),47319.0,2.6,0.0,12,18185.0,54110.42857142857,37006.6,52639.0,-0.10106574972928817,0,0,0,1.8000000000000569
7739,2024-12-11,토마토,방울토마토(일반),49092.0,3.0,0.0,12,21261.0,54394.0,37785.1,47319.0,0.03746909275343935,0,0,0,1.8000000000000569
7740,2024-12-12,토마토,방울토마토(일반),48122.0,0.5,0.0,12,24238.0,53454.142857142855,38508.5,49092.0,-0.019758820174366476,0,0,0,1.8000000000000569
7741,2024-12-13,토마토,방울토마토(일반),45549.0,1.0,0.0,12,30218.0,50811.57142857143,39246.666666666664,48122.0,-0.05346826815178085,0,0,0,0.0
7742,2024-12-14,토마토,방울토마토(일반),44140.0,-0.8,0.0,12,34881.0,48858.142857142855,39927.76666666667,45549.0,-0.030933719730400266,0,0,0,0.0
7743,2024-12-16,토마토,방울토마토(일반),45000.0,-0.2,0.0,12,42859.0,47408.71428571428,40618.63333333333,44140.0,0.019483461712732186,0,0,0,0.0
7744,2024-12-17,토마토,방울토마토(일반),46299.0,-0.8,0.0,12,54671.0,46503.0,41044.1,45000.0,0.028866666666666596,0,0,0,0.0
7745,2024-12-18,토마토,방울토마토(일반),43037.0,-3.4,0.0,12,68414.0,45891.28571428572,41623.9,46299.0,-0.07045508542301127,0,0,0,0.0
7746,2024-12-19,토마토,방울토마토(일반),45960.0,-1.4,0.0,12,65441.0,45443.857142857145,42172.36666666667,43037.0,0.06791830285568223,0,0,0,0.0
7747,2024-12-20,토마토,방울토마토(일반),45404.0,1.4,0.4,12,50822.0,45055.57142857143,42680.96666666667,45960.0,-0.01209747606614442,0,0,0,0.40000000000005687
7748,2024-12-21,토마토,방울토마토(일반),47280.0,-0.7,2.9,12,51532.0,45302.857142857145,43056.96666666667,45404.0,0.04131794555545776,0,0,0,3.3000000000000567
7749,2024-12-23,토마토,방울토마토(일반),45155.0,0.3,0.0,12,46063.0,45447.857142857145,43396.13333333333,47280.0,-0.04494500846023686,0,0,0,3.3000000000000567
7750,2024-12-24,토마토,방울토마토(일반),46080.0,-0.4,0.0,12,46472.0,45602.142857142855,43739.933333333334,45155.0,0.020484996124460197,0,0,0,3.3000000000000567
7751,2024-12-25,토마토,방울토마토(일반),46218.0,2.7,0.1,12,45973.0,45590.57142857143,44194.4,46080.0,0.0029947916666666075,0,0,0,3.4000000000000568
7752,2024-12-26,토마토,방울토마토(일반),46243.0,0.1,0.0,12,49953.0,46048.57142857143,44588.23333333333,46218.0,0.0005409147951014326,0,0,0,3.4000000000000568
7753,2024-12-27,토마토,방울토마토(일반),45333.0,-2.6,0.0,12,49424.0,45959.0,44976.7,46243.0,-0.01967865406656144,0,0,0,3.4000000000000568
7754,2024-12-28,토마토,방울토마토(일반),46019.0,-3.0,0.0,12,47817.0,46046.857142857145,45409.333333333336,45333.0,0.015132464209295593,0,0,0,3.000000000000057
7755,2024-12-30,토마토,방울토마토(일반),35382.0,5.5,0.0,12,45430.0,44347.142857142855,45534.8,46019.0,-0.23114365805428194,0,0,0,0.10000000000005685
7756,2024-12-31,토마토,방울토마토(일반),38649.0,0.6,0.0,12,43566.0,43417.71428571428,45720.3,35382.0,0.0923350856367644,0,0,0,0.10000000000005685
7757,2025-01-02,토마토,방울토마토(일반),38649.0,0.5,0.0,1,42834.0,42356.142857142855,45876.8,38649.0,0.0,0,0,0,0.10000000000005685
7758,2025-01-03,토마토,방울토마토(일반),33188.0,-1.1,0.0,1,37981.0,40494.71428571428,45679.03333333333,38649.0,-0.14129731687753888,0,0,0,0.0
7759,2025-01-04,토마토,방울토마토(일반),29792.0,-0.1,0.0,1,38553.0,38144.57142857143,45530.566666666666,33188.0,-0.10232614197902856,0,0,0,0.0
7760,2025-01-06,토마토,방울토마토(일반),23992.0,1.0,3.0,1,46460.0,35095.857142857145,45096.96666666667,29792.0,-0.1946831364124597,0,0,0,3.000000000000057
7761,2025-01-07,토마토,방울토마토(일반),23912.0,-2.6,0.1,1,44519.0,31937.714285714286,44575.6,23992.0,-0.0033344448149382755,0,0,0,3.100000000000057
7762,2025-01-08,토마토,방울토마토(일반),22381.0,-3.4,0.0,1,38157.0,30080.428571428572,43751.4,23912.0,-0.06402643024422883,0,0,0,3.100000000000057
7763,2025-01-09,토마토,방울토마토(일반),29535.0,-9.7,0.0,1,33498.0,28778.428571428572,42912.53333333333,22381.0,0.31964612841249274,0,0,0,3.100000000000057
7764,2025-01-10,토마토,방울토마토(일반),23333.0,-7.3,0.0,1,34011.0,26590.428571428572,41555.4,29535.0,-0.2099881496529541,0,0,0,3.100000000000057
7765,2025-01-11,토마토,방울토마토(일반),25203.0,-5.1,0.0,1,30259.0,25449.714285714286,40468.36666666667,23333.0,0.0801440020571722,0,0,0,3.100000000000057
7766,2025-01-13,토마토,방울토마토(일반),26062.0,-0.4,1.3,1,27779.0,24916.85714285714,39498.9,25203.0,0.03408324405824703,0,0,0,4.400000000000057
7767,2025-01-14,토마토,방울토마토(일반),24462.0,2.3,0.1,1,22650.0,24984.0,38559.666666666664,26062.0,-0.06139206507558903,0,0,0,1.500000000000057
7768,2025-01-15,토마토,방울토마토(일반),27624.0,-3.5,0.0,1,23280.0,25514.285714285714,37903.166666666664,24462.0,0.12926171204316894,0,0,0,1.400000000000057
7769,2025-01-16,토마토,방울토마토(일반),37435.0,-0.5,0.0,1,19419.0,27664.85714285714,37514.6,27624.0,0.3551621778163916,0,0,0,1.400000000000057
7770,2025-01-17,토마토,방울토마토(일반),37479.0,-0.5,0.0,1,19981.0,28799.714285714286,37159.833333333336,37435.0,0.0011753706424468824,0,0,0,1.400000000000057
7771,2025-01-18,토마토,방울토마토(일반),47038.0,1.0,0.0,1,19877.0,32186.14285714286,37209.46666666667,37479.0,0.25504949438352154,0,0,0,1.400000000000057
7772,2025-01-20,토마토,방울토마토(일반),43597.0,3.9,0.0,1,18821.0,34813.857142857145,37191.36666666667,47038.0,-0.07315362047706109,0,0,0,1.400000000000057
7773,2025-01-21,토마토,방울토마토(일반),37614.0,2.4,0.0,1,22971.0,36464.142857142855,36945.166666666664,43597.0,-0.13723421336330477,0,0,0,0.10000000000005685
7774,2025-01-22,토마토,방울토마토(일반),43382.0,3.6,0.0,1,23900.0,39167.0,36847.933333333334,37614.0,0.15334715797309517,0,0,0,0.0
7775,2025-01-23,토마토,방울토마토(일반),48195.0,2.0,0.0,1,24599.0,42105.71428571428,37019.86666666667,43382.0,0.11094463141395039,0,0,0,0.0
7776,2025-01-24,토마토,방울토마토(일반),41429.0,3.1,0.0,1,28370.0,42676.28571428572,36868.833333333336,48195.0,-0.1403880070546737,0,0,0,0.0
7777,2025-01-25,토마토,방울토마토(일반),44421.0,5.2,0.0,1,34858.0,43668.0,36836.066666666666,41429.0,0.07221994255231845,0,0,0,0.0
7778,2025-01-27,토마토,방울토마토(일반),26957.0,0.2,5.6,1,35211.0,40799.28571428572,36158.63333333333,44421.0,-0.39314738524571713,0,0,0,5.6000000000000565
7779,2025-01-28,토마토,방울토마토(일반),28537.0,-3.9,0.1,1,39736.0,38647.857142857145,35604.7,26957.0,0.058611863337908465,0,0,0,5.700000000000056
7780,2025-02-01,토마토,방울토마토(일반),29637.0,1.6,0.0,2,37180.0,37508.28571428572,35056.6,28537.0,0.03854644847040678,0,0,0,5.700000000000056
7781,2025-02-03,토마토,방울토마토(일반),30452.0,-4.1,0.0,2,38592.0,35661.142857142855,34531.066666666666,29637.0,0.027499409521881457,0,0,0,5.700000000000056
7782,2025-02-04,토마토,방울토마토(일반),32854.0,-9.0,0.0,2,35724.0,33469.57142857143,34084.76666666667,30452.0,0.07887823459871268,0,0,0,5.700000000000056
7783,2025-02-05,토마토,방울토마토(일반),36213.0,-8.6,0.0,2,35769.0,32724.428571428572,33780.76666666667,32854.0,0.10224021428136609,0,0,0,5.700000000000056
7784,2025-02-06,토마토,방울토마토(일반),38629.0,-5.6,2.3,2,31752.0,31897.0,33534.433333333334,36213.0,0.06671637257338525,0,0,0,8.000000000000057
7785,2025-02-07,토마토,방울토마토(일반),39360.0,-8.0,0.4,2,31919.0,33668.857142857145,33667.03333333333,38629.0,0.0189236066167906,0,0,0,2.8000000000000567
7786,2025-02-08,토마토,방울토마토(일반),35954.0,-7.9,0.0,2,29442.0,34728.42857142857,33577.2,39360.0,-0.08653455284552847,0,0,0,2.7000000000000566
7787,2025-02-10,토마토,방울토마토(일반),37229.0,-2.6,0.0,2,26908.0,35813.0,33529.86666666667,35954.0,0.03546197919563898,0,0,0,2.7000000000000566
7788,2025-02-11,토마토,방울토마토(일반),41922.0,0.5,0.0,2,25330.0,37451.57142857143,33821.0,37229.0,0.12605764323511237,0,0,0,2.7000000000000566
7789,2025-02-13,토마토,방울토마토(일반),42458.0,0.2,0.0,2,24095.0,38823.57142857143,34243.2,41922.0,0.012785649539621247,0,0,0,2.7000000000000566
7790,2025-02-14,토마토,방울토마토(일반),39114.0,3.7,0.0,2,25822.0,39238.0,34747.26666666667,42458.0,-0.0787601865372839,0,0,0,2.7000000000000566
7791,2025-02-15,토마토,방울토마토(일반),37949.0,4.1,0.0,2,25822.0,39140.857142857145,35215.166666666664,39114.0,-0.0297847318095823,0,0,0,0.40000000000005687
7792,2025-02-17,토마토,방울토마토(일반),36374.0,-0.3,0.0,2,25858.0,38714.28571428572,35681.6,37949.0,-0.0415030699096155,0,0,0,0.0
7793,2025-02-18,토마토,방울토마토(일반),42689.0,-2.3,0.0,2,27548.0,39676.42857142857,36120.066666666666,36374.0,0.17361302028921766,0,0,0,0.0
7794,2025-02-19,토마토,방울토마토(일반),33970.0,-3.0,0.0,2,25307.0,39210.857142857145,36474.63333333333,42689.0,-0.20424465318934615,0,0,0,0.0
7795,2025-02-20,토마토,방울토마토(일반),36343.0,-2.9,0.0,2,24000.0,38413.857142857145,36845.96666666667,33970.0,0.06985575507801012,0,0,0,0.0
7796,2025-02-21,토마토,방울토마토(일반),34088.0,-2.5,0.0,2,26456.0,37218.142857142855,37113.5,36343.0,-0.06204771207660342,0,0,0,0.0
7797,2025-02-22,토마토,방울토마토(일반),27148.0,-2.3,0.0,2,25715.0,35508.71428571428,37203.03333333333,34088.0,-0.20359070640694676,0,0,0,0.0
7798,2025-02-24,토마토,방울토마토(일반),28948.0,-1.3,0.0,2,26038.0,34222.857142857145,37247.166666666664,27148.0,0.0663032267570356,0,0,0,0.0
7799,2025-02-25,토마토,방울토마토(일반),29709.0,2.1,0.0,2,27229.0,33270.71428571428,36989.63333333333,28948.0,0.026288517341439777,0,0,0,0.0
7800,2025-02-26,토마토,방울토마토(일반),26562.0,3.7,0.0,2,26000.0,30966.85714285714,36625.73333333333,29709.0,-0.10592749671816626,0,0,0,0.0
7801,2025-02-27,토마토,방울토마토(일반),29833.0,5.8,0.0,2,27577.0,30375.85714285714,36052.23333333333,26562.0,0.12314584745124613,0,0,0,0.0
7802,2025-02-28,토마토,방울토마토(일반),29119.0,7.8,0.0,2,32179.0,29343.85714285714,35569.63333333333,29833.0,-0.02393322830422684,0,0,0,0.0
7803,2025-03-01,토마토,방울토마토(일반),26870.0,8.5,0.6,3,36912.0,28312.714285714286,35211.5,29119.0,-0.07723479515093234,0,0,1,0.6000000000000568
7804,2025-03-03,토마토,방울토마토(일반),27592.0,3.1,10.4,3,39436.0,28376.14285714286,34685.166666666664,26870.0,0.026870115370301484,0,0,1,11.000000000000057
7805,2025-03-04,토마토,방울토마토(일반),32045.0,2.5,4.0,3,39769.0,28818.571428571428,34146.833333333336,27592.0,0.16138735865468257,0,0,1,15.000000000000057
7806,2025-03-06,토마토,방울토마토(일반),30500.0,4.8,0.0,3,40613.0,28931.571428571428,33782.53333333333,32045.0,-0.04821344983616793,0,0,1,15.000000000000057
7807,2025-03-07,토마토,방울토마토(일반),31623.0,5.3,0.0,3,42131.0,29654.571428571428,33355.933333333334,30500.0,0.03681967213114756,0,0,1,15.000000000000057
7808,2025-03-08,토마토,방울토마토(일반),28873.0,5.8,0.0,3,42311.0,29517.428571428572,33419.8,31623.0,-0.08696202131360087,0,0,1,15.000000000000057
7809,2025-03-10,토마토,방울토마토(일반),33910.0,8.0,0.0,3,46430.0,30201.85714285714,33598.9,28873.0,0.17445364181068812,0,0,1,15.000000000000057
7810,2025-03-11,토마토,방울토마토(일반),39497.0,9.4,0.0,3,45262.0,32005.714285714286,33927.566666666666,33910.0,0.1647596579180184,0,0,1,14.400000000000057
7811,2025-03-12,토마토,방울토마토(일반),34860.0,8.5,0.0,3,49522.0,33044.0,34074.5,39497.0,-0.11740132161936345,0,0,1,4.000000000000057
7812,2025-03-13,토마토,방울토마토(일반),35668.0,8.9,0.0,3,48679.0,33561.57142857143,34168.3,34860.0,0.023178427997705198,0,0,1,0.0
7813,2025-03-14,토마토,방울토마토(일반),36134.0,12.4,0.0,3,47000.0,34366.42857142857,34165.666666666664,35668.0,0.013064932152069053,0,0,1,0.0
7814,2025-03-15,토마토,방울토마토(일반),35293.0,12.6,0.0,3,45831.0,34890.71428571428,34054.46666666667,36134.0,-0.0232744783306581,0,0,1,0.0
7815,2025-03-17,토마토,방울토마토(일반),34532.0,2.5,0.4,3,50333.0,35699.142857142855,33893.53333333333,35293.0,-0.021562349474400055,0,0,1,0.40000000000005687
7816,2025-03-18,토마토,방울토마토(일반),34580.0,2.1,9.9,3,45318.0,35794.857142857145,33847.73333333333,34532.0,0.0013900150584964521,0,0,1,10.300000000000058
7817,2025-03-19,토마토,방울토마토(일반),32037.0,2.4,0.0,3,43496.0,34729.142857142855,33674.666666666664,34580.0,-0.07353961827646038,0,0,1,10.300000000000058
7818,2025-03-20,토마토,방울토마토(일반),32080.0,8.2,0.0,3,35836.0,34332.0,33346.6,32037.0,0.0013421980834660285,0,0,1,10.300000000000058
7819,2025-03-21,토마토,방울토마토(일반),32029.0,11.6,0.0,3,37729.0,33812.142857142855,32998.96666666667,32080.0,-0.0015897755610972952,0,0,1,10.300000000000058
7820,2025-03-22,토마토,방울토마토(일반),28673.0,12.8,0.0,3,38252.0,32746.285714285714,32650.933333333334,32029.0,-0.10478004308595334,0,0,1,10.300000000000058
7821,2025-03-24,토마토,방울토마토(일반),35603.0,15.5,0.0,3,42837.0,32790.57142857143,32572.733333333334,28673.0,0.24169078924423681,0,0,1,10.300000000000058
7822,2025-03-25,토마토,방울토마토(일반),35785.0,12.7,0.0,3,37176.0,32969.57142857143,32553.1,35603.0,0.0051119287700474025,0,0,1,9.900000000000057
7823,2025-03-26,토마토,방울토마토(일반),31316.0,15.5,0.0,3,41250.0,32503.285714285714,32174.0,35785.0,-0.1248847282380886,0,0,1,0.0
7824,2025-03-27,토마토,방울토마토(일반),38214.0,13.7,0.3,3,38723.0,33385.71428571428,32315.466666666667,31316.0,0.22027078809554212,0,0,1,0.30000000000005683
7825,2025-03-28,토마토,방울토마토(일반),29673.0,6.5,0.0,3,43299.0,33041.857142857145,32093.133333333335,38214.0,-0.22350447479981161,0,0,1,0.30000000000005683
7826,2025-03-29,토마토,방울토마토(일반),29421.0,3.3,0.0,3,45072.0,32669.285714285714,31937.566666666666,29673.0,-0.00849256900212314,0,0,1,0.30000000000005683
7827,2025-03-31,토마토,방울토마토(일반),31362.0,7.7,0.0,3,48789.0,33053.42857142857,32078.033333333333,29421.0,0.06597328438870198,0,0,1,0.30000000000005683
7828,2025-04-01,토마토,방울토마토(일반),35835.0,10.1,0.0,4,48124.0,33086.57142857143,32307.6,31362.0,0.14262483259996173,0,0,1,0.30000000000005683
7829,2025-04-02,토마토,방울토마토(일반),26466.0,8.9,0.0,4,48753.0,31755.285714285714,32199.5,35835.0,-0.26144830473001257,0,0,1,0.30000000000005683
7830,2025-04-03,토마토,방울토마토(일반),35105.0,9.8,0.0,4,49276.0,32296.571428571428,32484.266666666666,26466.0,0.32641880148114555,0,0,1,0.30000000000005683
7831,2025-04-04,토마토,방울토마토(일반),30109.0,10.6,0.0,4,52167.0,31138.714285714286,32493.466666666667,35105.0,-0.14231590941461325,0,0,1,0.0
7832,2025-04-05,토마토,방울토마토(일반),29069.0,8.0,22.8,4,49382.0,31052.428571428572,32491.8,30109.0,-0.034541167092895786,0,0,1,22.800000000000058
7833,2025-04-07,토마토,방울토마토(일반),34996.0,13.5,0.0,4,47831.0,31848.85714285714,32762.666666666668,29069.0,0.20389418280642602,0,0,1,22.800000000000058
7834,2025-04-08,토마토,방울토마토(일반),39816.0,13.8,0.0,4,48853.0,33056.57142857143,33170.13333333333,34996.0,0.13773002628871867,0,0,1,22.800000000000058
7835,2025-04-09,토마토,방울토마토(일반),28337.0,12.7,0.8,4,45943.0,31985.428571428572,33046.53333333333,39816.0,-0.28830118545308414,0,0,1,23.60000000000006
7836,2025-04-10,토마토,방울토마토(일반),37660.0,13.2,0.0,4,53137.0,33584.57142857143,33285.2,28337.0,0.32900448177294694,0,0,1,23.60000000000006
7837,2025-04-11,토마토,방울토마토(일반),31630.0,16.2,0.0,4,58324.0,33088.142857142855,33285.433333333334,37660.0,-0.1601168348380244,0,0,1,23.60000000000006
7838,2025-04-12,토마토,방울토마토(일반),28384.0,12.9,15.4,4,55396.0,32841.71428571428,33269.13333333333,31630.0,-0.10262409105279802,0,0,1,39.00000000000006
7839,2025-04-14,토마토,방울토마토(일반),29280.0,4.4,7.4,4,52361.0,32871.857142857145,33114.8,28384.0,0.031567080045095786,0,0,1,23.60000000000006
7840,2025-04-15,토마토,방울토마토(일반),34872.0,8.2,0.0,4,55000.0,32854.142857142855,32960.63333333333,29280.0,0.19098360655737712,0,0,1,23.60000000000006
7841,2025-04-16,토마토,방울토마토(일반),28137.0,14.6,0.0,4,57929.0,31185.714285714286,32736.533333333333,34872.0,-0.1931348933241569,0,0,1,23.60000000000006
7842,2025-04-17,토마토,방울토마토(일반),32436.0,19.7,0.0,4,56394.0,31771.285714285714,32628.8,28137.0,0.15278814372534377,0,0,1,22.800000000000058
7843,2025-04-18,토마토,방울토마토(일반),29950.0,18.6,0.0,4,53105.0,30669.85714285714,32422.666666666668,32436.0,-0.07664323591071653,0,0,1,22.800000000000058
7844,2025-04-19,토마토,방울토마토(일반),29360.0,15.3,9.2,4,49292.0,30345.571428571428,32224.9,29950.0,-0.01969949916527547,0,0,1,32.00000000000006
7845,2025-04-21,토마토,방울토마토(일반),27286.0,20.7,0.0,4,47019.0,30188.714285714286,31983.366666666665,29360.0,-0.07064032697547684,0,0,1,16.60000000000006
7846,2025-04-22,토마토,방울토마토(일반),29055.0,17.8,34.8,4,40206.0,30156.571428571428,31799.2,27286.0,0.06483178186615857,0,0,1,44.00000000000006
7847,2025-04-23,토마토,방울토마토(일반),26071.0,16.8,0.0,4,36197.0,28899.285714285714,31600.333333333332,29055.0,-0.10270177250043022,0,0,1,44.00000000000006
7848,2025-04-24,토마토,방울토마토(일반),27480.0,14.7,0.0,4,26274.0,28805.428571428572,31447.0,26071.0,0.05404472402286076,0,0,1,44.00000000000006
7849,2025-04-25,토마토,방울토마토(일반),25909.0,12.5,0.0,4,31478.0,27873.0,31243.0,27480.0,-0.057168850072780164,0,0,1,44.00000000000006
7850,2025-04-26,토마토,방울토마토(일반),19785.0,13.8,0.0,4,31000.0,26420.85714285714,30946.733333333334,25909.0,-0.23636574163418123,0,0,1,44.00000000000006
7851,2025-04-28,토마토,방울토마토(일반),23272.0,15.1,0.0,4,30541.0,25551.14285714286,30535.7,19785.0,0.17624462977002775,0,0,1,34.800000000000054
7852,2025-04-29,토마토,방울토마토(일반),23712.0,14.8,0.0,4,29265.0,25040.571428571428,30133.266666666666,23272.0,0.01890684083877625,0,0,1,34.800000000000054
7853,2025-04-30,토마토,방울토마토(일반),19610.0,18.4,0.0,4,38333.0,23691.285714285714,29743.066666666666,23712.0,-0.1729925775978407,0,0,1,0.0
7854,2025-05-01,토마토,방울토마토(일반),23428.0,14.7,21.1,5,38851.0,23313.714285714286,29250.2,19610.0,0.19469658337582874,0,0,0,21.10000000000006
7855,2025-05-02,토마토,방울토마토(일반),20326.0,13.4,0.0,5,34337.0,22291.714285714286,28938.633333333335,23428.0,-0.13240566843093737,0,0,0,21.10000000000006
7856,2025-05-03,토마토,방울토마토(일반),20493.0,11.2,7.3,5,33488.0,21518.0,28641.033333333333,20326.0,0.008216077929745103,0,0,0,28.40000000000006
7857,2025-05-05,토마토,방울토마토(일반),19625.0,12.1,0.0,5,40740.0,21495.14285714286,28249.8,20493.0,-0.042355926413897405,0,0,0,28.40000000000006
7858,2025-05-06,토마토,방울토마토(일반),21409.0,14.4,0.0,5,38663.0,21229.0,27768.933333333334,19625.0,0.0909044585987262,0,0,0,28.40000000000006
7859,2025-05-07,토마토,방울토마토(일반),17815.0,14.9,0.0,5,40158.0,20386.571428571428,27480.566666666666,21409.0,-0.16787332430286328,0,0,0,28.40000000000006
7860,2025-05-08,토마토,방울토마토(일반),20224.0,17.4,0.0,5,49527.0,20474.285714285714,26984.533333333333,17815.0,0.13522312657872582,0,0,0,28.40000000000006
7861,2025-05-09,토마토,방울토마토(일반),24347.0,15.1,17.6,5,55606.0,20605.571428571428,26792.466666666667,20224.0,0.20386669303797467,0,0,0,24.90000000000006
7862,2025-05-10,토마토,방울토마토(일반),21404.0,12.3,14.1,5,65280.0,20759.571428571428,26536.966666666667,24347.0,-0.12087731548034664,0,0,0,39.00000000000006
7863,2025-05-12,토마토,방울토마토(일반),25098.0,17.0,0.0,5,73614.0,21417.428571428572,26207.033333333333,21404.0,0.1725845636329657,0,0,0,31.70000000000006
7864,2025-05-13,토마토,방울토마토(일반),24761.0,19.9,0.0,5,63383.0,22151.14285714286,25705.2,25098.0,-0.013427364730257407,0,0,0,31.70000000000006
7865,2025-05-14,토마토,방울토마토(일반),25644.0,21.0,0.0,5,63383.0,22756.14285714286,25615.433333333334,24761.0,0.03566091837971008,0,0,0,31.70000000000006
7866,2025-05-15,토마토,방울토마토(일반),32980.0,19.5,1.1,5,54693.0,24922.571428571428,25459.433333333334,25644.0,0.28607081578536886,0,0,0,32.80000000000006
7867,2025-05-16,토마토,방울토마토(일반),31422.0,19.4,51.3,5,60605.0,26522.285714285714,25452.5,32980.0,-0.047240751970891504,0,0,0,84.10000000000005
7868,2025-05-17,토마토,방울토마토(일반),31816.0,18.3,2.2,5,52931.0,27589.285714285714,25566.9,31422.0,0.012538985424225046,0,0,0,68.70000000000006
7869,2025-05-19,토마토,방울토마토(일반),28543.0,16.1,1.6,5,62330.0,28609.14285714286,25542.333333333332,31816.0,-0.10287276841840587,0,0,0,56.20000000000005
7870,2025-05-20,토마토,방울토마토(일반),30836.0,22.2,1.0,5,59522.0,29428.85714285714,25407.8,28543.0,0.08033493325859231,0,0,0,57.20000000000005
7871,2025-05-21,토마토,방울토마토(일반),30350.0,25.5,0.0,5,50562.0,30227.285714285714,25481.566666666666,30836.0,-0.015760799066026676,0,0,0,57.20000000000005
7872,2025-05-22,토마토,방울토마토(일반),27953.0,23.9,0.8,5,51974.0,30557.14285714286,25332.133333333335,30350.0,-0.07897858319604611,0,0,0,58.00000000000006
7873,2025-05-23,토마토,방울토마토(일반),24299.0,19.4,1.2,5,48130.0,29317.0,25143.766666666666,27953.0,-0.13071942188673846,0,0,0,58.10000000000005
7874,2025-05-24,토마토,방울토마토(일반),23970.0,15.6,4.3,5,39404.0,28252.428571428572,24964.1,24299.0,-0.013539651837524147,0,0,0,11.100000000000056
7875,2025-05-26,토마토,방울토마토(일반),22937.0,19.7,0.0,5,45792.0,26984.0,24819.133333333335,23970.0,-0.04309553608677519,0,0,0,8.900000000000055
7876,2025-05-27,토마토,방울토마토(일반),22062.0,20.8,0.0,5,44025.0,26058.14285714286,24586.033333333333,22937.0,-0.03814797052796792,0,0,0,7.300000000000056
7877,2025-05-28,토마토,방울토마토(일반),20000.0,20.8,0.0,5,42434.0,24510.14285714286,24383.666666666668,22062.0,-0.09346387453540028,0,0,0,6.300000000000056
7878,2025-05-29,토마토,방울토마토(일반),20773.0,21.2,0.0,5,40568.0,23142.0,24160.1,20000.0,0.03865000000000007,0,0,0,6.300000000000056
7879,2025-05-30,토마토,방울토마토(일반),19496.0,22.2,0.0,5,44240.0,21933.85714285714,23946.333333333332,20773.0,-0.061474028787368185,0,0,0,5.500000000000056
7880,2025-05-31,토마토,방울토마토(일반),18902.0,21.5,0.0,5,37367.0,21162.85714285714,23916.9,19496.0,-0.030467788264259332,0,0,0,4.300000000000056
7881,2025-06-02,토마토,방울토마토(일반),23304.0,21.0,0.0,6,42427.0,21067.714285714286,23917.966666666667,18902.0,0.23288540895143361,0,0,0,0.0
7882,2025-06-03,토마토,방울토마토(일반),20994.0,20.9,0.0,6,51537.0,20790.14285714286,23827.366666666665,23304.0,-0.09912461380020599,0,0,0,0.0
7883,2025-06-04,토마토,방울토마토(일반),23336.0,20.5,0.0,6,49245.0,20972.14285714286,23951.566666666666,20994.0,0.11155568257597404,0,0,0,0.0
7884,2025-06-05,토마토,방울토마토(일반),23485.0,21.7,0.0,6,47545.0,21470.0,23953.466666666667,23336.0,0.006384984573191588,0,0,0,0.0
7885,2025-06-06,토마토,방울토마토(일반),28420.0,24.1,0.0,6,43961.0,22562.428571428572,24223.266666666666,23485.0,0.21013412816691512,0,0,0,0.0
7886,2025-06-07,토마토,방울토마토(일반),22743.0,23.7,0.1,6,43910.0,23026.285714285714,24298.266666666666,28420.0,-0.19975369458128078,0,0,0,0.10000000000005685
7887,2025-06-09,토마토,방울토마토(일반),24214.0,24.2,0.0,6,48345.0,23785.14285714286,24451.233333333334,22743.0,0.06467924196456054,0,0,0,0.10000000000005685
7888,2025-06-10,토마토,방울토마토(일반),28843.0,21.7,0.0,6,53559.0,24576.428571428572,24699.033333333333,24214.0,0.1911703972908234,0,0,0,0.10000000000005685
7889,2025-06-11,토마토,방울토마토(일반),18732.0,22.7,0.0,6,80000.0,24253.285714285714,24729.6,28843.0,-0.3505529937939882,0,0,0,0.10000000000005685
7890,2025-06-12,토마토,방울토마토(일반),21671.0,25.5,0.0,6,63359.0,24015.428571428572,24777.833333333332,18732.0,0.15689728806320735,0,0,0,0.10000000000005685
7891,2025-06-13,토마토,방울토마토(일반),17772.0,24.0,1.5,6,59648.0,23199.285714285714,24558.666666666668,21671.0,-0.1799178625813299,0,0,0,1.600000000000057
7892,2025-06-14,토마토,방울토마토(일반),18607.0,25.6,0.0,6,60075.0,21797.428571428572,24465.433333333334,17772.0,0.04698401980643707,0,0,0,1.600000000000057
7893,2025-06-16,토마토,방울토마토(일반),16744.0,23.0,20.0,6,69369.0,20940.428571428572,24186.966666666667,18607.0,-0.10012360939431397,0,0,0,21.500000000000057
7894,2025-06-17,토마토,방울토마토(일반),18355.0,24.8,0.0,6,59763.0,20103.428571428572,23973.433333333334,16744.0,0.09621356903965594,0,0,0,21.500000000000057
7895,2025-06-18,토마토,방울토마토(일반),17589.0,25.5,0.0,6,55373.0,18495.714285714286,23704.933333333334,18355.0,-0.04173249795695999,0,0,0,21.500000000000057
7896,2025-06-19,토마토,방울토마토(일반),16367.0,28.1,0.8,6,51374.0,18157.85714285714,23151.166666666668,17589.0,-0.06947524020694751,0,0,0,22.300000000000058
7897,2025-06-20,토마토,방울토마토(일반),14876.0,24.1,51.1,6,49710.0,17187.14285714286,22599.633333333335,16367.0,-0.09109794097879875,0,0,0,73.40000000000006
7898,2025-06-21,토마토,방울토마토(일반),13455.0,22.0,0.2,6,41208.0,16570.428571428572,21987.6,14876.0,-0.095522990051089,0,0,0,72.10000000000005
7899,2025-06-23,토마토,방울토마토(일반),14649.0,26.1,0.0,6,39621.0,16005.0,21524.466666666667,13455.0,0.08874024526198432,0,0,0,72.10000000000005
7900,2025-06-24,토마토,방울토마토(일반),16536.0,25.0,2.3,6,36736.0,15975.285714285714,21047.8,14649.0,0.1288142535326644,0,0,0,54.400000000000055
7901,2025-06-25,토마토,방울토마토(일반),18941.0,20.9,8.0,6,31222.0,16059.0,20667.5,16536.0,0.14544025157232698,0,0,0,62.400000000000055
7902,2025-06-26,토마토,방울토마토(일반),25673.0,22.2,1.1,6,29844.0,17213.85714285714,20591.5,18941.0,0.3554194604297556,0,0,0,63.50000000000006
7903,2025-06-27,토마토,방울토마토(일반),29927.0,25.0,0.0,6,32182.0,19151.0,20779.1,25673.0,0.1656993728820162,0,0,0,62.70000000000006
7904,2025-06-28,토마토,방울토마토(일반),35064.0,26.2,0.6,6,29119.0,22035.0,21148.9,29927.0,0.17165101747585787,0,0,0,12.200000000000056
7905,2025-06-30,토마토,방울토마토(일반),29438.0,28.2,0.0,6,34151.0,24318.285714285714,21365.6,35064.0,-0.1604494638375542,0,0,0,12.000000000000057
7906,2025-07-01,토마토,방울토마토(일반),29299.0,28.6,0.9,7,35217.0,26411.14285714286,21606.833333333332,29438.0,-0.0047217881649568305,0,0,0,12.900000000000057
7907,2025-07-02,토마토,방울토마토(일반),32154.0,28.6,0.0,7,37210.0,28642.285714285714,22011.966666666667,29299.0,0.09744359875763675,0,0,0,10.600000000000056
7908,2025-07-03,토마토,방울토마토(일반),30530.0,28.3,0.0,7,37668.0,30297.85714285714,22337.2,32154.0,-0.050506935373514916,0,0,0,2.600000000000057
7909,2025-07-04,토마토,방울토마토(일반),27985.0,27.2,0.0,7,38246.0,30628.14285714286,22620.166666666668,30530.0,-0.08336062888961682,0,0,0,1.5000000000000568
7910,2025-07-05,토마토,방울토마토(일반),24909.0,28.4,0.0,7,37773.0,29911.285714285714,22820.4,27985.0,-0.10991602644273724,0,0,0,1.5000000000000568
7911,2025-07-07,토마토,방울토마토(일반),19258.0,29.1,0.0,7,35298.0,27653.285714285714,22685.533333333333,24909.0,-0.22686579148099084,0,0,0,0.9000000000000569
7912,2025-07-08,토마토,방울토마토(일반),17667.0,31.3,11.8,7,31855.0,25971.714285714286,22574.633333333335,19258.0,-0.08261501713573582,0,0,0,12.700000000000058
7913,2025-07-09,토마토,방울토마토(일반),17983.0,31.9,0.0,7,40277.0,24355.14285714286,22396.2,17667.0,0.017886454972547705,0,0,0,11.800000000000058
7914,2025-07-10,토마토,방울토마토(일반),25853.0,31.4,0.0,7,33819.0,23455.0,22475.133333333335,17983.0,0.4376355446810878,0,0,0,11.800000000000058
7915,2025-07-11,토마토,방울토마토(일반),31335.0,30.2,0.0,7,29694.0,23570.0,22572.3,25853.0,0.21204502378834178,0,0,0,11.800000000000058
7916,2025-07-12,토마토,방울토마토(일반),35759.0,30.3,0.0,7,34700.0,24680.571428571428,23006.166666666668,31335.0,0.1411839795755545,0,0,0,11.800000000000058
7917,2025-07-14,토마토,방울토마토(일반),32474.0,24.2,13.6,7,38543.0,25761.285714285714,23281.5,35759.0,-0.09186498503873153,0,0,0,25.400000000000055
7918,2025-07-15,토마토,방울토마토(일반),33197.0,23.6,4.0,7,47603.0,27752.571428571428,23426.633333333335,32474.0,0.022263965018168408,0,0,0,29.400000000000055
7919,2025-07-16,토마토,방울토마토(일반),31333.0,23.3,73.1,7,47696.0,29704.85714285714,23846.666666666668,33197.0,-0.05614965207699496,0,0,0,90.70000000000005
7920,2025-07-17,토마토,방울토마토(일반),30418.0,23.3,75.5,7,36927.0,31481.285714285714,24138.233333333334,31333.0,-0.029202438323811974,0,0,0,166.20000000000005
7921,2025-07-18,토마토,방울토마토(일반),28753.0,24.7,16.1,7,35115.0,31895.571428571428,24504.266666666666,30418.0,-0.05473732658294428,0,0,0,182.30000000000004
7922,2025-07-19,토마토,방울토마토(일반),21278.0,23.9,84.0,7,32189.0,30458.85714285714,24593.3,28753.0,-0.2599728723959239,0,0,0,266.30000000000007
7923,2025-07-21,토마토,방울토마토(일반),23404.0,28.5,0.0,7,37014.0,28693.85714285714,24815.3,21278.0,0.09991540558323142,0,0,0,266.30000000000007
7924,2025-07-22,토마토,방울토마토(일반),27554.0,28.8,0.1,7,33645.0,27991.0,25121.933333333334,23404.0,0.17732011621944976,0,0,0,252.80000000000004
7925,2025-07-23,토마토,방울토마토(일반),41977.0,28.9,0.0,7,31067.0,29245.285714285714,25934.866666666665,27554.0,0.5234448718879292,0,0,0,248.80000000000004
7926,2025-07-24,토마토,방울토마토(일반),56479.0,29.8,0.0,7,31365.0,32837.57142857143,27271.933333333334,41977.0,0.3454749029230293,0,0,0,175.70000000000005
7927,2025-07-25,토마토,방울토마토(일반),54295.0,31.1,0.0,7,37854.0,36248.57142857143,28585.9,56479.0,-0.03866923989447402,0,0,0,100.20000000000005
7928,2025-07-26,토마토,방울토마토(일반),37963.0,32.3,0.0,7,39319.0,37564.28571428572,29402.833333333332,54295.0,-0.30080117874574086,0,0,0,84.10000000000005
7929,2025-07-28,토마토,방울토마토(일반),32806.0,32.2,0.0,7,33994.0,39211.142857142855,30008.066666666666,37963.0,-0.1358427942997129,0,0,0,0.10000000000005685
7930,2025-07-29,토마토,방울토마토(일반),26291.0,32.0,0.0,7,28766.0,39623.57142857143,30333.233333333334,32806.0,-0.19859172102664147,0,0,0,0.10000000000005685
7931,2025-07-30,토마토,방울토마토(일반),27755.0,32.1,0.0,7,24854.0,39652.28571428572,30627.033333333333,26291.0,0.05568445475638062,0,0,0,0.0
7932,2025-07-31,토마토,방울토마토(일반),26355.0,30.9,0.0,7,32597.0,37420.57142857143,30649.766666666666,27755.0,-0.05044136191677173,0,0,0,0.0
7933,2025-08-01,토마토,방울토마토(일반),23272.0,31.0,0.0,8,25763.0,32676.714285714286,30427.933333333334,26355.0,-0.11697970024663251,0,0,0,0.0
7934,2025-08-04,토마토,방울토마토(일반),20925.0,28.1,1.9,8,21159.0,27909.571428571428,29956.633333333335,23272.0,-0.10085080783774492,0,0,0,1.9000000000000568
7935,2025-08-05,토마토,방울토마토(일반),23069.0,29.1,0.0,8,19580.0,25781.85714285714,29744.333333333332,20925.0,0.10246117084826767,0,0,0,1.9000000000000568
7936,2025-08-06,토마토,방울토마토(일반),25000.0,27.1,22.0,8,24007.0,24666.714285714286,29601.033333333333,23069.0,0.08370540552256278,0,0,0,23.900000000000055
7937,2025-08-07,토마토,방울토마토(일반),35268.0,28.2,0.0,8,18358.0,25949.14285714286,29704.833333333332,25000.0,0.41072,0,0,0,23.900000000000055
7938,2025-08-08,토마토,방울토마토(일반),42365.0,26.6,6.3,8,20708.0,28036.285714285714,30099.333333333332,35268.0,0.20123057729386407,0,0,0,30.200000000000056
7939,2025-08-09,토마토,방울토마토(일반),53720.0,24.9,3.5,8,23776.0,31945.571428571428,30957.166666666668,42365.0,0.26802785318069167,0,0,0,33.70000000000005
7940,2025-08-11,토마토,방울토마토(일반),46309.0,27.0,0.0,8,26475.0,35236.57142857143,31670.5,53720.0,-0.13795606850335074,0,0,0,33.70000000000005
7941,2025-08-12,토마토,방울토마토(일반),47716.0,28.6,0.0,8,30705.0,39063.857142857145,32619.1,46309.0,0.03038286294240855,0,0,0,31.800000000000058
7942,2025-08-13,토마토,방울토마토(일반),44474.0,25.1,126.7,8,22450.0,42121.71428571428,33512.666666666664,47716.0,-0.06794366669460983,0,0,0,158.50000000000006
7943,2025-08-14,토마토,방울토마토(일반),51481.0,25.5,47.8,8,22031.0,45904.71428571428,34629.26666666667,44474.0,0.15755272743625492,0,0,0,184.30000000000007
7944,2025-08-15,토마토,방울토마토(일반),48429.0,27.1,0.0,8,23693.0,47784.857142857145,35381.8,51481.0,-0.05928400769215825,0,0,0,184.30000000000007
7945,2025-08-16,토마토,방울토마토(일반),44190.0,28.2,0.0,8,21000.0,48045.57142857143,35810.3,48429.0,-0.08753019884779778,0,0,0,178.00000000000006
7946,2025-08-18,토마토,방울토마토(일반),42822.0,28.9,2.2,8,25529.0,46488.71428571428,36045.73333333333,44190.0,-0.03095723014256624,0,0,0,176.70000000000005
7947,2025-08-19,토마토,방울토마토(일반),49188.0,29.1,0.0,8,22935.0,46900.0,36602.86666666667,42822.0,0.14866190276026336,0,0,0,176.70000000000005
7948,2025-08-20,토마토,방울토마토(일반),58660.0,29.4,0.0,8,20896.0,48463.42857142857,37451.63333333333,49188.0,0.192567292835651,0,0,0,176.70000000000005
7949,2025-08-21,토마토,방울토마토(일반),82371.0,29.8,0.0,8,19044.0,53877.28571428572,39152.9,58660.0,0.40421070576201834,0,0,0,50.00000000000006
7950,2025-08-22,토마토,방울토마토(일반),76303.0,29.4,0.0,8,18725.0,57423.28571428572,40682.4,82371.0,-0.07366670308725154,0,0,0,2.200000000000057
7951,2025-08-23,토마토,방울토마토(일반),57102.0,29.3,0.0,8,19432.0,58662.28571428572,41627.36666666667,76303.0,-0.25164148198629155,0,0,0,2.200000000000057
7952,2025-08-25,토마토,방울토마토(일반),49841.0,28.7,17.1,8,18807.0,59469.57142857143,42579.46666666667,57102.0,-0.12715841826906238,0,0,0,19.300000000000058
7953,2025-08-26,토마토,방울토마토(일반),44193.0,27.6,5.4,8,19201.0,59665.42857142857,43272.433333333334,49841.0,-0.11332035874079571,0,0,0,22.500000000000057
7954,2025-08-27,토마토,방울토마토(일반),42934.0,26.7,0.0,8,19915.0,58772.0,43785.1,44193.0,-0.028488674676985015,0,0,0,22.500000000000057
7955,2025-08-28,토마토,방울토마토(일반),42300.0,28.3,0.0,8,19526.0,56434.857142857145,43795.86666666667,42934.0,-0.014766851446406104,0,0,0,22.500000000000057
7956,2025-08-29,토마토,방울토마토(일반),38907.0,29.0,32.2,8,18625.0,50225.71428571428,43210.13333333333,42300.0,-0.08021276595744686,0,0,0,54.70000000000006
7957,2025-08-30,토마토,방울토마토(일반),33145.0,28.4,23.9,8,17142.0,44060.28571428572,42505.13333333333,38907.0,-0.14809674351659086,0,0,0,78.60000000000005
7958,2025-09-01,토마토,방울토마토(일반),40242.0,26.1,20.4,9,15641.0,41651.71428571428,42581.1,33145.0,0.21411977673857296,0,1,0,99.00000000000006
7959,2025-09-02,토마토,방울토마토(일반),29048.0,26.0,0.0,9,14802.0,38681.28571428572,42455.833333333336,40242.0,-0.2781670891108792,0,1,0,81.90000000000006
7960,2025-09-03,토마토,방울토마토(일반),30162.0,27.6,0.0,9,12394.0,36676.857142857145,42584.86666666667,29048.0,0.03835031671715772,0,1,0,76.50000000000006
7961,2025-09-04,토마토,방울토마토(일반),31725.0,25.8,44.2,9,11027.0,35075.57142857143,42717.2,30162.0,0.051820171076188526,0,1,0,120.70000000000006
7962,2025-09-05,토마토,방울토마토(일반),30327.0,27.9,0.0,9,10488.0,33365.142857142855,42849.6,31725.0,-0.044066193853427915,0,1,0,120.70000000000006
7963,2025-09-06,토마토,방울토마토(일반),24953.0,26.8,36.1,9,9087.0,31371.714285714286,42905.63333333333,30327.0,-0.17720183334982031,0,1,0,124.60000000000005
7964,2025-09-08,토마토,방울토마토(일반),20859.0,24.4,0.0,9,11108.0,29616.571428571428,42903.433333333334,24953.0,-0.164068448683525,0,1,0,100.70000000000005
7965,2025-09-09,토마토,방울토마토(일반),17747.0,23.7,0.0,9,12644.0,26403.0,42726.03333333333,20859.0,-0.14919219521549454,0,1,0,80.30000000000007
7966,2025-09-10,토마토,방울토마토(일반),21747.0,24.8,0.0,9,12167.0,25360.0,42617.6,17747.0,0.2253902067955147,0,1,0,80.30000000000007
7967,2025-09-11,토마토,방울토마토(일반),20854.0,25.8,0.0,9,17562.0,24030.285714285714,42137.13333333333,21747.0,-0.041063135145077534,0,1,0,80.30000000000007
7968,2025-09-12,토마토,방울토마토(일반),26020.0,23.9,6.8,9,17762.0,23215.285714285714,41592.3,20854.0,0.24772225951855753,0,1,0,42.900000000000055
7969,2025-09-13,토마토,방울토마토(일반),28250.0,23.3,63.7,9,22353.0,22918.571428571428,40743.3,26020.0,0.08570330514988478,0,1,0,106.60000000000005
7970,2025-09-15,토마토,방울토마토(일반),28619.0,25.7,0.0,9,23760.0,23442.285714285714,40153.63333333333,28250.0,0.013061946902654942,0,1,0,70.50000000000006
7971,2025-09-16,토마토,방울토마토(일반),30232.0,23.7,17.5,9,26442.0,24781.285714285714,39570.833333333336,28619.0,0.05636115867081304,0,1,0,88.00000000000006
7972,2025-09-17,토마토,방울토마토(일반),31502.0,22.7,52.7,9,23855.0,26746.285714285714,39138.433333333334,30232.0,0.04200846784863721,0,1,0,140.70000000000007
7973,2025-09-18,토마토,방울토마토(일반),32122.0,22.1,0.0,9,22912.0,28228.428571428572,38493.13333333333,31502.0,0.019681290076820623,0,1,0,140.70000000000007
7974,2025-09-19,토마토,방울토마토(일반),30914.0,19.4,13.8,9,17787.0,29665.571428571428,37909.3,32122.0,-0.03760662474316667,0,1,0,154.50000000000006
7975,2025-09-20,토마토,방울토마토(일반),33789.0,20.0,35.3,9,19125.0,30775.428571428572,37562.6,30914.0,0.09299993530439288,0,1,0,183.00000000000006
7976,2025-09-22,토마토,방울토마토(일반),33377.0,21.3,0.0,9,19321.0,31507.85714285714,37247.76666666667,33789.0,-0.012193317351800848,0,1,0,119.30000000000007
7977,2025-09-23,토마토,방울토마토(일반),30339.0,22.7,0.0,9,20969.0,31753.571428571428,36619.46666666667,33377.0,-0.09102076280073101,0,1,0,119.30000000000007
7978,2025-09-24,토마토,방울토마토(일반),31251.0,22.0,35.2,9,24922.0,31899.14285714286,35705.833333333336,30339.0,0.030060318402056696,0,1,0,137.00000000000006
7979,2025-09-25,토마토,방울토마토(일반),32000.0,22.5,0.3,9,24153.0,31970.285714285714,34026.8,31251.0,0.023967233048542536,0,1,0,84.60000000000005
7980,2025-09-26,토마토,방울토마토(일반),32455.0,21.7,0.0,9,23124.0,32017.85714285714,32565.2,32000.0,0.014218749999999947,0,1,0,84.60000000000005
7981,2025-09-27,토마토,방울토마토(일반),28579.0,22.5,0.0,9,24673.0,31684.285714285714,31614.433333333334,32455.0,-0.11942689878293022,0,1,0,70.80000000000005
7982,2025-09-29,토마토,방울토마토(일반),28584.0,19.6,0.0,9,23938.0,30940.714285714286,30905.866666666665,28579.0,0.000174953637286146,0,1,0,35.50000000000006
7983,2025-09-30,토마토,방울토마토(일반),24250.0,19.8,0.0,9,24017.0,29636.85714285714,30241.1,28584.0,-0.1516232857542681,0,1,0,35.50000000000006
7984,2025-10-01,토마토,방울토마토(일반),21267.0,20.5,0.0,10,23770.0,28340.85714285714,29518.866666666665,24250.0,-0.12301030927835055,0,1,0,35.50000000000006
7985,2025-10-02,토마토,방울토마토(일반),18219.0,21.4,0.0,10,22482.0,26479.14285714286,28716.166666666668,21267.0,-0.14332063760756097,0,1,0,0.30000000000005683
7986,2025-10-03,토마토,방울토마토(일반),20595.0,21.2,0.8,10,23335.0,24849.85714285714,28105.766666666666,18219.0,0.13041330479170088,0,1,0,0.8000000000000569
7987,2025-10-04,토마토,방울토마토(일반),22644.0,22.5,0.0,10,22794.0,23448.285714285714,27755.733333333334,20595.0,0.0994901675163875,0,1,0,0.8000000000000569
7988,2025-10-09,토마토,방울토마토(일반),18629.0,20.0,0.0,10,27054.0,22026.85714285714,27035.3,22644.0,-0.17730966260378023,0,1,0,0.8000000000000569
7989,2025-10-10,토마토,방울토마토(일반),16920.0,17.0,49.3,10,28736.0,20360.571428571428,26631.033333333333,18629.0,-0.09173868699339738,0,1,0,50.10000000000005
7990,2025-10-11,토마토,방울토마토(일반),21803.0,20.3,22.5,10,30583.0,20011.0,26352.4,16920.0,0.2885933806146572,0,1,0,72.60000000000005
7991,2025-10-13,토마토,방울토마토(일반),19814.0,15.7,25.1,10,31988.0,19803.428571428572,25955.366666666665,21803.0,-0.09122597807641153,0,1,0,97.70000000000005
7992,2025-10-14,토마토,방울토마토(일반),22959.0,17.9,0.6,10,28880.0,20480.571428571428,25709.766666666666,19814.0,0.1587261532249924,0,1,0,98.30000000000005
7993,2025-10-15,토마토,방울토마토(일반),27988.0,20.2,1.5,10,28823.0,21536.714285714286,25810.933333333334,22959.0,0.21904264123001882,0,1,0,99.00000000000006
7994,2025-10-16,토마토,방울토마토(일반),31770.0,20.2,1.3,10,32950.0,22840.428571428572,26174.633333333335,27988.0,0.13512934114620556,0,1,0,100.30000000000005
7995,2025-10-17,토마토,방울토마토(일반),32221.0,19.9,11.3,10,33031.0,24782.14285714286,26657.1,31770.0,0.014195782184450723,0,1,0,111.60000000000005
7996,2025-10-18,토마토,방울토마토(일반),31582.0,15.8,11.2,10,38906.0,26876.714285714286,26984.933333333334,32221.0,-0.01983178672294461,0,1,0,73.50000000000006
7997,2025-10-20,토마토,방울토마토(일반),29513.0,10.0,0.0,10,24300.0,27978.14285714286,27273.566666666666,31582.0,-0.06551200050661765,0,1,0,51.00000000000006
7998,2025-10-21,토마토,방울토마토(일반),32280.0,9.2,0.0,10,28053.0,29759.0,27482.233333333334,29513.0,0.09375529427709828,0,1,0,25.900000000000055
7999,2025-10-22,토마토,방울토마토(일반),34859.0,13.1,0.0,10,27661.0,31459.0,27702.533333333333,32280.0,0.07989467162329622,0,1,0,25.300000000000054
8000,2025-10-23,토마토,방울토마토(일반),34558.0,14.9,0.0,10,30773.0,32397.571428571428,27900.5,34859.0,-0.008634785851573512,0,1,0,23.800000000000054
8001,2025-10-24,토마토,방울토마토(일반),33727.0,15.8,0.0,10,32858.0,32677.14285714286,28017.0,34558.0,-0.024046530470513305,0,1,0,22.500000000000057
8002,2025-10-25,토마토,방울토마토(일반),34191.0,14.4,0.0,10,30745.0,32958.57142857143,28106.633333333335,33727.0,0.013757523645743674,0,1,0,11.200000000000056
8003,2025-10-27,토마토,방울토마토(일반),32787.0,8.1,0.0,10,27547.0,33130.71428571428,28128.8,34191.0,-0.041063437746775455,0,1,0,0.0
8004,2025-10-28,토마토,방울토마토(일반),33928.0,8.5,0.0,10,26630.0,33761.42857142857,28229.266666666666,32787.0,0.03480037819867632,0,1,0,0.0
8005,2025-10-29,토마토,방울토마토(일반),33726.0,11.4,0.0,10,27055.0,33968.0,28227.166666666668,33928.0,-0.005953784484791336,0,1,0,0.0
8006,2025-10-30,토마토,방울토마토(일반),34095.0,12.8,0.0,10,29418.0,33858.857142857145,28251.1,33726.0,0.01094111368083972,0,1,0,0.0
8007,2025-10-31,토마토,방울토마토(일반),36622.0,15.1,0.1,10,34497.0,34153.71428571428,28460.533333333333,34095.0,0.07411643936060996,0,1,0,0.10000000000005685
8008,2025-11-03,토마토,방울토마토(일반),36459.0,7.2,0.0,11,33204.0,34544.0,28634.133333333335,36622.0,-0.004450876522309022,0,0,0,0.10000000000005685
8009,2025-11-04,토마토,방울토마토(일반),36719.0,10.2,0.0,11,28315.0,34905.142857142855,28791.433333333334,36459.0,0.007131298170547806,0,0,0,0.10000000000005685
8010,2025-11-05,토마토,방울토마토(일반),40713.0,11.6,0.0,11,25808.0,36037.42857142857,29066.7,36719.0,0.10877202538195485,0,0,0,0.10000000000005685
8011,2025-11-06,토마토,방울토마토(일반),41136.0,12.5,0.0,11,31090.0,37067.142857142855,29485.266666666666,40713.0,0.010389801783214248,0,0,0,0.10000000000005685
8012,2025-11-07,토마토,방울토마토(일반),43654.0,13.9,0.0,11,26929.0,38485.42857142857,29987.6,41136.0,0.061211590820692274,0,0,0,0.10000000000005685
8013,2025-11-08,토마토,방울토마토(일반),47104.0,14.5,0.0,11,24963.0,40343.857142857145,30749.4,43654.0,0.0790305584826132,0,0,0,0.10000000000005685
8014,2025-11-10,토마토,방울토마토(일반),49590.0,8.3,0.0,11,24180.0,42196.42857142857,31693.5,47104.0,0.05277683423913038,0,0,0,0.0
8015,2025-11-11,토마토,방울토마토(일반),48774.0,8.9,0.0,11,24505.0,43955.71428571428,32712.0,49590.0,-0.016454930429522063,0,0,0,0.0
8016,2025-11-12,토마토,방울토마토(일반),51893.0,10.8,0.0,11,26725.0,46123.42857142857,33755.26666666667,48774.0,0.06394800508467635,0,0,0,0.0
8017,2025-11-13,토마토,방울토마토(일반),52453.0,11.1,0.0,11,27786.0,47800.57142857143,34748.9,51893.0,0.01079143622453893,0,0,0,0.0
8018,2025-11-14,토마토,방울토마토(일반),48643.0,9.1,0.0,11,32086.0,48873.0,35749.36666666667,52453.0,-0.0726364554934894,0,0,0,0.0
8019,2025-11-15,토마토,방울토마토(일반),44882.0,9.8,0.0,11,35890.0,49048.42857142857,36681.433333333334,48643.0,-0.07731842197232897,0,0,0,0.0
8020,2025-11-17,토마토,방울토마토(일반),49907.0,3.2,0.0,11,29520.0,49448.857142857145,37618.23333333333,44882.0,0.11196025132569853,0,0,0,0.0
8021,2025-11-18,토마토,방울토마토(일반),47795.0,1.6,0.0,11,29905.0,49192.42857142857,38550.933333333334,49907.0,-0.04231871280581878,0,0,0,0.0
8022,2025-11-19,토마토,방울토마토(일반),45282.0,3.0,0.0,11,30766.0,48693.57142857143,39295.03333333333,47795.0,-0.05257872162360078,0,0,0,0.0
8023,2025-11-20,토마토,방울토마토(일반),43771.0,7.4,0.0,11,35109.0,47533.28571428572,39821.13333333333,45282.0,-0.03336866746168454,0,0,0,0.0
8024,2025-11-21,토마토,방울토마토(일반),34995.0,7.4,0.0,11,46670.0,45039.28571428572,39928.63333333333,43771.0,-0.20049804665189286,0,0,0,0.0
8025,2025-11-22,토마토,방울토마토(일반),34373.0,9.6,0.0,11,45156.0,43000.71428571428,40000.36666666667,34995.0,-0.017773967709672767,0,0,0,0.0
8026,2025-11-24,토마토,방울토마토(일반),31416.0,12.4,0.0,11,35366.0,41077.0,39994.833333333336,34373.0,-0.08602682337881473,0,0,0,0.0
8027,2025-11-25,토마토,방울토마토(일반),30551.0,7.4,7.8,11,37849.0,38311.857142857145,40029.433333333334,31416.0,-0.02753374076903492,0,0,0,7.800000000000057
8028,2025-11-26,토마토,방울토마토(일반),27541.0,6.4,0.0,11,36561.0,35418.42857142857,39871.46666666667,30551.0,-0.09852377990900463,0,0,0,7.800000000000057
8029,2025-11-27,토마토,방울토마토(일반),27172.0,5.1,10.0,11,37283.0,32831.28571428572,39615.23333333333,27541.0,-0.01339820631059152,0,0,0,17.800000000000058
8030,2025-11-28,토마토,방울토마토(일반),26782.0,2.3,0.0,11,41043.0,30404.285714285714,39356.03333333333,27172.0,-0.014353010451935821,0,0,0,17.800000000000058
8031,2025-11-29,토마토,방울토마토(일반),27693.0,5.7,0.1,11,40311.0,29361.14285714286,39154.9,26782.0,0.03401538346650734,0,0,0,17.90000000000006
8032,2025-12-01,토마토,방울토마토(일반),27679.0,5.5,0.0,12,32949.0,28404.85714285714,38937.833333333336,27693.0,-0.0005055429169826819,0,0,0,17.90000000000006
8033,2025-12-02,토마토,방울토마토(일반),28171.0,0.1,0.0,12,19297.0,27941.285714285714,38783.96666666667,27679.0,0.017775208641930718,0,0,0,17.90000000000006
8034,2025-12-03,토마토,방울토마토(일반),26288.0,-5.9,0.0,12,18946.0,27332.285714285714,38529.3,28171.0,-0.06684178765397042,0,0,0,10.100000000000056
8035,2025-12-04,토마토,방울토마토(일반),28140.0,-3.2,4.0,12,20136.0,27417.85714285714,38343.1,26288.0,0.07045039561777244,0,0,0,14.100000000000058
8036,2025-12-05,토마토,방울토마토(일반),23510.0,-2.6,0.0,12,26419.0,26894.714285714286,37990.26666666667,28140.0,-0.16453447050461978,0,0,0,4.100000000000058
8037,2025-12-06,토마토,방울토마토(일반),26924.0,2.1,0.6,12,31745.0,26915.0,37667.0,23510.0,0.1452148022118247,0,0,0,4.700000000000058
8038,2025-12-08,토마토,방울토마토(일반),27193.0,3.4,0.0,12,36965.0,26843.571428571428,37358.13333333333,26924.0,0.009991086019907947,0,0,0,4.600000000000058
8039,2025-12-09,토마토,방울토마토(일반),33436.0,2.8,0.0,12,38349.0,27666.0,37248.7,27193.0,0.2295811422057148,0,0,0,4.600000000000058
8040,2025-12-10,토마토,방울토마토(일반),31633.0,4.9,0.0,12,32650.0,28160.571428571428,36946.03333333333,33436.0,-0.053923914343821044,0,0,0,4.600000000000058
8041,2025-12-11,토마토,방울토마토(일반),37150.0,4.0,12.9,12,33186.0,29712.285714285714,36813.166666666664,31633.0,0.17440647425157274,0,0,0,17.500000000000057
8042,2025-12-12,토마토,방울토마토(일반),33830.0,2.0,0.0,12,33132.0,30525.14285714286,36485.7,37150.0,-0.08936742934051145,0,0,0,13.500000000000059
8043,2025-12-15,토마토,방울토마토(일반),38005.0,0.7,0.0,12,34133.0,32595.85714285714,36182.4,33830.0,0.12341117351463193,0,0,0,13.500000000000059
8044,2025-12-16,토마토,방울토마토(일반),39145.0,3.8,2.1,12,32332.0,34341.71428571428,35834.23333333333,38005.0,0.029996053150901147,0,0,0,15.000000000000059
8045,2025-12-17,토마토,방울토마토(일반),34656.0,4.2,0.0,12,32438.0,35407.857142857145,35363.63333333333,39145.0,-0.11467620385745303,0,0,0,15.000000000000059
8046,2025-12-18,토마토,방울토마토(일반),35752.0,2.3,0.0,12,37980.0,35738.71428571428,34825.6,34656.0,0.031625115420129246,0,0,0,15.000000000000059
8047,2025-12-19,토마토,방울토마토(일반),39534.0,4.9,0.0,12,40872.0,36867.42857142857,34394.96666666667,35752.0,0.10578429178787196,0,0,0,15.000000000000059
8048,2025-12-20,토마토,방울토마토(일반),36392.0,7.3,0.3,12,51723.0,36759.142857142855,33986.6,39534.0,-0.07947589416704604,0,0,0,2.4000000000000585
8049,2025-12-22,토마토,방울토마토(일반),39352.0,-0.7,0.0,12,63131.0,37548.0,33802.26666666667,36392.0,0.08133655748516166,0,0,0,2.4000000000000585
8050,2025-12-23,토마토,방울토마토(일반),44976.0,2.6,10.8,12,59242.0,38543.857142857145,33637.9,39352.0,0.1429152266720879,0,0,0,13.20000000000006
8051,2025-12-24,토마토,방울토마토(일반),41359.0,2.8,0.0,12,59929.0,38860.142857142855,33423.36666666667,44976.0,-0.0804206688011384,0,0,0,11.10000000000006
8052,2025-12-25,토마토,방울토마토(일반),44895.0,-3.6,0.0,12,72698.0,40322.857142857145,33410.46666666667,41359.0,0.0854952972750791,0,0,0,11.10000000000006
8053,2025-12-26,토마토,방울토마토(일반),39014.0,-8.2,0.0,12,68308.0,40788.857142857145,33251.9,44895.0,-0.13099454282214051,0,0,0,11.10000000000006
8054,2025-12-27,토마토,방울토마토(일반),42511.0,-2.6,0.0,12,72000.0,41214.142857142855,33502.433333333334,39014.0,0.08963449018301128,0,0,0,11.10000000000006
8055,2025-12-29,토마토,방울토마토(일반),38988.0,4.9,0.3,12,74432.0,41585.0,33656.26666666667,42511.0,-0.08287266825057049,0,0,0,11.10000000000006
8056,2025-12-30,토마토,방울토마토(일반),38291.0,-0.5,0.0,12,72126.0,41433.42857142857,33885.433333333334,38988.0,-0.017877295578126562,0,0,0,11.10000000000006
8057,2025-12-31,토마토,방울토마토(일반),38539.0,-5.6,0.0,12,81136.0,40513.857142857145,34151.7,38291.0,0.006476717766576989,0,0,0,0.3000000000000586
8058,2026-01-03,토마토,방울토마토(일반),34920.0,-4.7,0.0,1,93048.0,39594.0,34397.666666666664,38539.0,-0.0939048755805807,0,0,0,0.3000000000000586
8059,2026-01-05,토마토,방울토마토(일반),28367.0,-1.9,0.0,1,91932.0,37232.857142857145,34437.5,34920.0,-0.18765750286368843,0,0,0,0.3000000000000586
8060,2026-01-06,토마토,방울토마토(일반),34838.0,-0.9,0.0,1,75888.0,36636.28571428572,34706.03333333333,28367.0,0.22811717841153456,0,0,0,0.3000000000000586
8061,2026-01-07,토마토,방울토마토(일반),24885.0,-0.2,0.0,1,45681.0,34118.28571428572,34612.433333333334,34838.0,-0.2856937826511281,0,0,0,0.3000000000000586
8062,2026-01-08,토마토,방울토마토(일반),23056.0,-5.1,0.0,1,55105.0,31842.285714285714,34458.333333333336,24885.0,-0.07349809121961026,0,0,0,0.0
8063,2026-01-09,토마토,방울토마토(일반),24564.0,-0.3,0.0,1,59708.0,29881.285714285714,34338.1,23056.0,0.0654059680777237,0,0,0,0.0
8064,2026-01-10,토마토,방울토마토(일반),22222.0,2.0,1.7,1,59687.0,27550.285714285714,34202.566666666666,24564.0,-0.09534277804917768,0,0,0,1.7000000000000586
8065,2026-01-12,토마토,방울토마토(일반),21937.0,-3.8,2.7,1,55981.0,25695.571428571428,33995.8,22222.0,-0.012825128251282458,0,0,0,4.400000000000059
8066,2026-01-13,토마토,방울토마토(일반),25575.0,-3.3,0.0,1,45054.0,25296.714285714286,34064.63333333333,21937.0,0.1658385376304874,0,0,0,4.400000000000059
8067,2026-01-14,토마토,방울토마토(일반),28103.0,-3.3,0.0,1,31796.0,24334.571428571428,34103.933333333334,25575.0,0.09884652981427178,0,0,0,4.400000000000059
8068,2026-01-15,토마토,방울토마토(일반),25000.0,4.7,0.0,1,31416.0,24351.0,34030.833333333336,28103.0,-0.11041525815749209,0,0,0,4.400000000000059
8069,2026-01-16,토마토,방울토마토(일반),29694.0,3.6,0.0,1,37073.0,25299.285714285714,33906.1,25000.0,0.18775999999999993,0,0,0,4.400000000000059
8070,2026-01-17,토마토,방울토마토(일반),24391.0,0.2,0.0,1,35836.0,25274.571428571428,33664.7,29694.0,-0.17858826698996433,0,0,0,4.400000000000059
8071,2026-01-19,토마토,방울토마토(일반),22862.0,-3.9,1.0,1,35577.0,25366.0,33188.433333333334,24391.0,-0.0626870567012423,0,0,0,3.700000000000059
8072,2026-01-20,토마토,방울토마토(일반),34493.0,-8.4,0.0,1,31000.0,27159.714285714286,33210.53333333333,22862.0,0.5087481410200332,0,0,0,1.0000000000000586
8073,2026-01-21,토마토,방울토마토(일반),30784.0,-9.7,0.0,1,26856.0,27903.85714285714,32969.833333333336,34493.0,-0.10752906386803118,0,0,0,1.0000000000000586
8074,2026-01-22,토마토,방울토마토(일반),29234.0,-9.1,0.0,1,25737.0,28065.428571428572,32639.466666666667,30784.0,-0.05035083160083165,0,0,0,1.0000000000000586
8075,2026-01-23,토마토,방울토마토(일반),32000.0,-5.0,2.2,1,26420.0,29065.428571428572,32550.933333333334,29234.0,0.09461585824724628,0,0,0,3.200000000000059
8076,2026-01-24,토마토,방울토마토(일반),36888.0,-5.3,0.0,1,23404.0,30093.14285714286,32588.8,32000.0,0.15274999999999994,0,0,0,3.200000000000059
8077,2026-01-26,토마토,방울토마토(일반),31026.0,-4.2,0.0,1,23707.0,31041.0,32305.2,36888.0,-0.15891346779440474,0,0,0,3.200000000000059
8078,2026-01-27,토마토,방울토마토(일반),31412.0,-4.4,0.0,1,24274.0,32262.428571428572,32139.2,31026.0,0.012441178366531247,0,0,0,2.200000000000059
8079,2026-01-28,토마토,방울토마토(일반),40585.0,-5.4,0.0,1,33535.0,33132.71428571428,32180.3,31412.0,0.29202215713739976,0,0,0,2.200000000000059
8080,2026-01-29,토마토,방울토마토(일반),32670.0,-5.2,0.0,1,25643.0,33402.142857142855,31770.1,40585.0,-0.19502279167179992,0,0,0,2.200000000000059
8081,2026-01-30,토마토,방울토마토(일반),36484.0,-6.4,0.0,1,29506.0,34437.857142857145,31607.6,32670.0,0.11674318947046225,0,0,0,2.200000000000059
8082,2026-01-31,토마토,방울토마토(일반),40687.0,-4.1,0.0,1,30146.0,35678.857142857145,31467.333333333332,36484.0,0.1152011840806928,0,0,0,0.0
8083,2026-02-02,토마토,방울토마토(일반),34557.0,-2.1,2.4,2,36000.0,35345.857142857145,31318.766666666666,40687.0,-0.1506623737311672,0,0,0,2.4000000000000585
8084,2026-02-03,토마토,방울토마토(일반),40203.0,-0.9,0.0,2,34980.0,36656.857142857145,31241.833333333332,34557.0,0.16338223804149665,0,0,0,2.4000000000000585
8085,2026-02-04,토마토,방울토마토(일반),42932.0,2.8,0.0,2,35766.0,38302.57142857143,31373.3,40203.0,0.06788050642986843,0,0,0,2.4000000000000585
8086,2026-02-05,토마토,방울토마토(일반),39880.0,3.6,0.0,2,32584.0,38201.857142857145,31426.266666666666,42932.0,-0.07108916425975964,0,0,0,2.4000000000000585
8087,2026-02-06,토마토,방울토마토(일반),36005.0,-6.0,0.0,2,34428.0,38678.28571428572,31341.8,39880.0,-0.09716649949849554,0,0,0,2.4000000000000585
8088,2026-02-07,토마토,방울토마토(일반),36426.0,-8.1,0.0,2,33679.0,38670.0,31392.0,36005.0,0.011692820441605356,0,0,0,2.4000000000000585
8089,2026-02-09,토마토,방울토마토(일반),35353.0,-3.1,0.0,2,33040.0,37908.0,31624.866666666665,36426.0,-0.029456981277109717,0,0,0,2.4000000000000585
8090,2026-02-10,토마토,방울토마토(일반),40409.0,1.4,0.8,2,31618.0,38744.0,31810.566666666666,35353.0,0.14301473708030432,0,0,0,0.8000000000000587
8091,2026-02-11,토마토,방울토마토(일반),38373.0,2.7,0.0,2,33084.0,38482.57142857143,32260.166666666668,40409.0,-0.05038481526392635,0,0,0,0.8000000000000587
8092,2026-02-12,토마토,방울토마토(일반),35500.0,2.8,0.0,2,33954.0,37420.857142857145,32674.966666666667,38373.0,-0.07487035154926636,0,0,0,0.8000000000000587
8093,2026-02-13,토마토,방울토마토(일반),32498.0,5.3,0.0,2,39121.0,36366.28571428572,32939.433333333334,35500.0,-0.08456338028169019,0,0,0,0.8000000000000587
8094,2026-02-14,토마토,방울토마토(일반),32880.0,7.8,0.0,2,34246.0,35919.857142857145,33294.7,32498.0,0.01175456951197007,0,0,0,0.8000000000000587
8095,2026-02-16,토마토,방울토마토(일반),19307.0,2.4,0.0,2,37000.0,33474.28571428572,33207.03333333333,32880.0,-0.41280413625304135,0,0,0,0.8000000000000587
8096,2026-02-20,토마토,방울토마토(일반),30031.0,6.3,0.0,2,39553.0,32714.0,33355.566666666666,19307.0,0.5554462112187291,0,0,0,0.8000000000000587
8097,2026-02-21,토마토,방울토마토(일반),22580.0,10.7,0.0,2,47107.0,30167.0,33171.46666666667,30031.0,-0.24811028603776097,0,0,0,0.0
8098,2026-02-23,토마토,방울토마토(일반),22148.0,1.8,0.0,2,54701.0,27849.14285714286,33076.4,22580.0,-0.01913197519929144,0,0,0,0.0
8099,2026-02-24,토마토,방울토마토(일반),34987.0,2.8,0.0,2,64047.0,27775.85714285714,33252.833333333336,22148.0,0.5796911685027994,0,0,0,0.0
8100,2026-02-25,토마토,방울토마토(일반),18336.0,7.4,0.0,2,57814.0,25752.714285714286,33051.0,34987.0,-0.47591962729013637,0,0,0,0.0
8101,2026-02-26,토마토,방울토마토(일반),38786.0,8.3,0.0,2,55146.0,26596.428571428572,33581.8,18336.0,1.1152923211169283,0,0,0,0.0
8102,2026-02-27,토마토,방울토마토(일반),28088.0,9.6,0.0,2,52639.0,27850.85714285714,33368.3,38786.0,-0.2758211725880473,0,0,0,0.0
8103,2026-02-28,토마토,방울토마토(일반),43926.0,9.3,0.0,2,47319.0,29835.85714285714,33806.36666666667,28088.0,0.5638706921105099,0,0,0,0.0
8104,2026-03-02,토마토,방울토마토(일반),41794.0,4.9,12.2,3,49092.0,32580.714285714286,34225.03333333333,43926.0,-0.048536174475253824,0,0,1,12.200000000000058
8105,2026-03-03,토마토,방울토마토(일반),34892.0,5.9,1.3,3,48122.0,34401.28571428572,34321.433333333334,41794.0,-0.16514332200794368,0,0,1,13.500000000000059
8106,2026-03-04,토마토,방울토마토(일반),41355.0,6.0,0.0,3,45549.0,35311.0,34470.333333333336,34892.0,0.1852287057205091,0,0,1,13.500000000000059
8107,2026-03-05,토마토,방울토마토(일반),44203.0,6.0,15.5,3,44140.0,39006.28571428572,34909.566666666666,41355.0,0.0688671261032523,0,0,1,29.000000000000057
8108,2026-03-06,토마토,방울토마토(일반),39979.0,1.9,0.0,3,45000.0,39176.71428571428,35195.13333333333,44203.0,-0.09555912494627061,0,0,1,29.000000000000057
8109,2026-03-09,토마토,방울토마토(일반),34821.0,4.5,0.0,3,46299.0,40138.57142857143,35003.0,39979.0,-0.129017734310513,0,0,1,29.000000000000057
8110,2026-03-10,토마토,방울토마토(일반),35983.0,3.9,0.0,3,43037.0,39003.857142857145,35113.433333333334,34821.0,0.03337066712615955,0,0,1,29.000000000000057
8111,2026-03-11,토마토,방울토마토(일반),37158.0,4.5,0.0,3,45960.0,38341.57142857143,35135.9,35983.0,0.032654308979240154,0,0,1,16.80000000000006
8112,2026-03-12,토마토,방울토마토(일반),54167.0,7.1,0.0,3,45404.0,41095.142857142855,35585.23333333333,37158.0,0.45774799504817265,0,0,1,15.500000000000059
8113,2026-03-13,토마토,방울토마토(일반),27566.0,7.6,0.0,3,47280.0,39125.28571428572,35352.2,54167.0,-0.4910923625085384,0,0,1,15.500000000000059
8114,2026-03-14,토마토,방울토마토(일반),32286.0,8.1,0.0,3,45155.0,37422.857142857145,35088.3,27566.0,0.17122542262207063,0,0,1,0.0
8115,2026-03-16,토마토,방울토마토(일반),33388.0,7.4,0.0,3,46080.0,36481.28571428572,34770.166666666664,32286.0,0.03413244130582904,0,0,1,0.0
8116,2026-03-17,토마토,방울토마토(일반),36548.0,8.8,0.0,3,46218.0,36728.0,34659.1,33388.0,0.09464478255660724,0,0,1,0.0
8117,2026-03-18,토마토,방울토마토(일반),39378.0,6.8,4.8,3,46243.0,37213.0,34771.53333333333,36548.0,0.07743241764255226,0,0,1,4.800000000000058
8118,2026-03-19,토마토,방울토마토(일반),35506.0,6.1,0.0,3,45333.0,36977.0,34740.86666666667,39378.0,-0.09832901620194012,0,0,1,4.800000000000058
8119,2026-03-20,토마토,방울토마토(일반),36655.0,7.5,0.0,3,46019.0,34475.28571428572,34784.26666666667,35506.0,0.03236072776432142,0,0,1,4.800000000000058
8120,2026-03-21,토마토,방울토마토(일반),31972.0,8.4,0.0,3,35382.0,35104.71428571428,34503.03333333333,36655.0,-0.12775883235574959,0,0,1,4.800000000000058
8121,2026-03-23,토마토,방울토마토(일반),37908.0,11.9,0.0,3,38649.0,35907.857142857145,34487.53333333333,31972.0,0.18566245464781694,0,0,1,4.800000000000058
8122,2026-03-24,토마토,방울토마토(일반),33453.0,12.9,0.0,3,38649.0,35917.142857142855,34419.3,37908.0,-0.11752136752136755,0,0,1,4.800000000000058
8123,2026-03-25,토마토,방울토마토(일반),38354.0,12.8,0.0,3,33188.0,36175.142857142855,34614.5,33453.0,0.14650405045885262,0,0,1,4.800000000000058
8124,2026-03-26,토마토,방울토마토(일반),44757.0,12.1,0.0,3,29792.0,36943.57142857143,35010.4,38354.0,0.1669447775981645,0,0,1,0.0
8125,2026-03-27,토마토,방울토마토(일반),39709.0,11.4,0.0,3,23992.0,37544.0,35690.46666666667,44757.0,-0.11278682664164263,0,0,1,0.0
8126,2026-03-28,토마토,방울토마토(일반),40590.0,12.2,0.0,3,23912.0,38106.142857142855,36042.433333333334,39709.0,0.022186406104409473,0,0,1,0.0
8127,2026-03-30,토마토,방울토마토(일반),46273.0,16.0,1.8,3,22381.0,40149.142857142855,36832.2,40590.0,0.14000985464400095,0,0,1,1.8000000000000587
8128,2026-03-31,토마토,방울토마토(일반),36723.0,14.2,8.2,3,29535.0,39979.857142857145,37318.03333333333,46273.0,-0.20638385235450474,0,0,1,10.000000000000059
8129,2026-04-01,토마토,방울토마토(일반),37890.0,13.3,0.0,4,23333.0,40613.71428571428,37414.8,36723.0,0.03177844947308217,0,0,1,10.000000000000059
8130,2026-04-02,토마토,방울토마토(일반),34812.0,11.6,0.0,4,25203.0,40107.71428571428,37964.0,37890.0,-0.08123515439429929,0,0,1,10.000000000000059
8131,2026-04-03,토마토,방울토마토(일반),28177.0,14.7,0.0,4,26062.0,37739.142857142855,37610.36666666667,34812.0,-0.1905951970584856,0,0,1,10.000000000000059
8132,2026-04-06,토마토,방울토마토(일반),36618.0,10.2,1.2,4,24462.0,37297.57142857143,37894.7,28177.0,0.2995705717429109,0,0,1,11.200000000000058
8133,2026-04-07,토마토,방울토마토(일반),29443.0,8.2,0.0,4,27624.0,35705.142857142855,37411.933333333334,36618.0,-0.1959418865039052,0,0,1,11.200000000000058
8134,2026-04-08,토마토,방울토마토(일반),31695.0,10.3,0.0,4,37435.0,33622.57142857143,37075.3,29443.0,0.0764867710491457,0,0,1,9.400000000000057
8135,2026-04-09,토마토,방울토마토(일반),35477.0,10.6,18.9,4,37479.0,33444.57142857143,37094.8,31695.0,0.11932481463953315,0,0,1,20.10000000000006
8136,2026-04-10,토마토,방울토마토(일반),27500.0,10.3,5.1,4,47038.0,31960.285714285714,36632.96666666667,35477.0,-0.22484990275389694,0,0,1,25.20000000000006
8137,2026-04-11,토마토,방울토마토(일반),19645.0,10.9,0.0,4,43597.0,29793.571428571428,35814.36666666667,27500.0,-0.2856363636363637,0,0,1,25.20000000000006
8138,2026-04-13,토마토,방울토마토(일반),33695.0,18.7,0.0,4,37614.0,30581.85714285714,35604.9,19645.0,0.7151947060320691,0,0,1,25.20000000000006
8139,2026-04-14,토마토,방울토마토(일반),35225.0,20.7,0.0,4,43382.0,30382.85714285714,35618.36666666667,33695.0,0.04540733046446066,0,0,1,24.000000000000057
8140,2026-04-15,토마토,방울토마토(일반),25592.0,19.7,0.0,4,48195.0,29832.714285714286,35272.0,35225.0,-0.2734705464868701,0,0,1,24.000000000000057
8141,2026-04-16,토마토,방울토마토(일반),32247.0,19.8,0.0,4,41429.0,29911.571428571428,35108.3,25592.0,0.260042200687715,0,0,1,24.000000000000057
8142,2026-04-17,토마토,방울토마토(일반),25691.0,17.4,0.0,4,44421.0,28513.571428571428,34159.1,32247.0,-0.20330573386671624,0,0,1,5.10000000000006
8143,2026-04-18,토마토,방울토마토(일반),25057.0,19.2,0.0,4,26957.0,28164.571428571428,34075.46666666667,25691.0,-0.024677902767506144,0,0,1,0.0
8144,2026-04-20,토마토,방울토마토(일반),27048.0,13.4,0.8,4,28537.0,29222.14285714286,33900.86666666667,25057.0,0.07945883385880204,0,0,1,0.8000000000000604
8145,2026-04-21,토마토,방울토마토(일반),24317.0,12.2,0.0,4,29637.0,27882.428571428572,33598.5,27048.0,-0.10096864832889674,0,0,1,0.8000000000000604
8146,2026-04-22,토마토,방울토마토(일반),21345.0,14.2,0.0,4,30452.0,25899.571428571428,33091.73333333333,24317.0,-0.122219023728256,0,0,1,0.8000000000000604
8147,2026-04-23,토마토,방울토마토(일반),24923.0,17.0,0.0,4,32854.0,25804.0,32609.9,21345.0,0.167627078941204,0,0,1,0.8000000000000604
8148,2026-04-24,토마토,방울토마토(일반),24443.0,18.0,0.0,4,36213.0,24689.14285714286,32241.133333333335,24923.0,-0.019259318701600914,0,0,1,0.8000000000000604
8149,2026-04-25,토마토,방울토마토(일반),23968.0,18.2,0.0,4,38629.0,24443.0,31818.233333333334,24443.0,-0.01943296649347459,0,0,1,0.8000000000000604
8150,2026-04-27,토마토,방울토마토(일반),27057.0,16.2,1.5,4,39360.0,24728.714285714286,31654.4,23968.0,0.1288801735647529,0,0,1,2.30000000000006
8151,2026-04-28,토마토,방울토마토(일반),29977.0,13.3,0.2,4,35954.0,25147.14285714286,31390.033333333333,27057.0,0.10792031636914667,0,0,1,1.7000000000000604
8152,2026-04-29,토마토,방울토마토(일반),24221.0,14.9,0.0,4,37229.0,25133.428571428572,31082.3,29977.0,-0.19201387730593455,0,0,1,1.7000000000000604
8153,2026-04-30,토마토,방울토마토(일반),28937.0,17.4,0.0,4,41922.0,26218.0,30768.4,24221.0,0.19470707237521157,0,0,1,1.7000000000000604
8154,2026-05-01,토마토,방울토마토(일반),26737.0,17.8,0.0,5,42458.0,26477.14285714286,30167.733333333334,28937.0,-0.07602723157203584,0,0,0,1.7000000000000604
8155,2026-05-02,토마토,방울토마토(일반),26123.0,17.3,1.4,5,39114.0,26717.14285714286,29714.866666666665,26737.0,-0.022964431312413547,0,0,0,3.10000000000006
8156,2026-05-04,토마토,방울토마토(일반),22924.0,13.7,1.8,5,37949.0,26568.0,29126.0,26123.0,-0.1224591356276079,0,0,0,4.900000000000061
8157,2026-05-05,토마토,방울토마토(일반),27081.0,14.5,0.0,5,36374.0,26571.428571428572,28486.266666666666,22924.0,0.18133833536904564,0,0,0,3.4000000000000603
8158,2026-05-06,토마토,방울토마토(일반),26512.0,16.9,0.0,5,42689.0,26076.428571428572,28145.9,27081.0,-0.021011040951220417,0,0,0,3.20000000000006
8159,2026-05-07,토마토,방울토마토(일반),27519.0,15.4,2.7,5,33970.0,26547.571428571428,27800.2,26512.0,0.037982800241400216,0,0,0,5.900000000000061
8160,2026-05-08,토마토,방울토마토(일반),19234.0,15.2,0.0,5,36343.0,25161.428571428572,27280.933333333334,27519.0,-0.30106471892147246,0,0,0,5.900000000000061
8161,2026-05-09,토마토,방울토마토(일반),20520.0,15.9,0.0,5,34088.0,24273.285714285714,27025.7,19234.0,0.06686076739107838,0,0,0,5.900000000000061
8162,2026-05-11,토마토,방울토마토(일반),28792.0,16.8,0.9,5,27148.0,24654.571428571428,26764.833333333332,20520.0,0.4031189083820663,0,0,0,5.400000000000061
8163,2026-05-12,토마토,방울토마토(일반),27813.0,19.1,18.1,5,28948.0,25353.0,26710.5,28792.0,-0.034002500694637394,0,0,0,21.700000000000063
8164,2026-05-13,토마토,방울토마토(일반),29436.0,19.7,0.0,5,29709.0,25689.428571428572,26635.2,27813.0,0.058354007118973206,0,0,0,21.700000000000063
8165,2026-05-14,토마토,방울토마토(일반),30164.0,23.5,0.0,5,26562.0,26211.14285714286,26458.1,29436.0,0.024731621144177263,0,0,0,21.700000000000063
8166,2026-05-15,토마토,방울토마토(일반),24408.0,24.2,0.0,5,29833.0,25766.714285714286,26355.033333333333,30164.0,-0.1908234982097865,0,0,0,19.000000000000064
8167,2026-05-16,토마토,방울토마토(일반),19625.0,23.1,0.0,5,29119.0,25822.571428571428,26354.366666666665,24408.0,-0.19596034087184533,0,0,0,19.000000000000064
8168,2026-05-18,토마토,방울토마토(일반),31549.0,23.0,0.0,5,26870.0,27398.14285714286,26282.833333333332,19625.0,0.607592356687898,0,0,0,19.000000000000064
8169,2026-05-19,토마토,방울토마토(일반),32607.0,22.1,0.0,5,27592.0,27943.14285714286,26195.566666666666,31549.0,0.03353513582046985,0,0,0,18.100000000000062
8170,2026-05-20,토마토,방울토마토(일반),28144.0,16.9,63.1,5,32045.0,27990.428571428572,26280.633333333335,32607.0,-0.1368724507007698,0,0,0,63.100000000000065
8171,2026-05-21,토마토,방울토마토(일반),30329.0,17.0,14.0,5,30500.0,28118.0,26216.7,28144.0,0.07763644115974988,0,0,0,77.10000000000005
8172,2026-05-22,토마토,방울토마토(일반),28520.0,20.6,0.0,5,31623.0,27883.14285714286,26311.0,30329.0,-0.059645883477859485,0,0,0,77.10000000000005
8173,2026-05-23,토마토,방울토마토(일반),20995.0,19.2,0.0,5,28873.0,27395.571428571428,26175.6,28520.0,-0.26384992987377276,0,0,0,77.10000000000005
8174,2026-05-25,토마토,방울토마토(일반),27097.0,24.4,0.0,5,33910.0,28463.0,26177.233333333334,20995.0,0.29064062872112406,0,0,0,77.10000000000005
8175,2026-05-26,토마토,방울토마토(일반),28793.0,24.9,0.6,5,39497.0,28069.285714285714,26326.433333333334,27097.0,0.06258995460752104,0,0,0,77.70000000000006
8176,2026-05-27,토마토,방울토마토(일반),23147.0,22.3,2.5,5,34860.0,26717.85714285714,26386.5,28793.0,-0.1960893272670441,0,0,0,80.20000000000006
11779,2026-05-28,토마토,방울토마토(일반),17932.0,20.9,3.5,5,35668.0,25259.0,26153.466666666667,23147.0,-0.22529917483907203,0,0,0,20.60000000000006
11780,2026-05-29,토마토,방울토마토(일반),29159.0,21.5,0.0,5,36134.0,25091.85714285714,26310.666666666668,17932.0,0.6260874414454607,0,0,0,6.6000000000000565
