id,날짜,작물분류,품목명,평균가,평균기온,강수량,월,전년도가격,7일평균가,30일평균가,전일가격,가격변화율,7일내_폭염발생,환절기여부,봄_환절기여부,7일누적강수량
8542,2022-03-19,토마토,완숙토마토,14343.0,3.4,14.6,3,11014.0,16344.0,18754.933333333334,16739.0,-0.14313877770476136,0,0,1,27.099999999999998
8543,2022-03-21,토마토,완숙토마토,15690.0,5.0,0.0,3,10723.0,16198.57142857143,18511.2,14343.0,0.0939134072369796,0,0,1,24.499999999999996
8544,2022-03-22,토마토,완숙토마토,15132.0,7.1,0.0,3,16670.0,15855.57142857143,18217.833333333332,15690.0,-0.03556405353728487,0,0,1,15.799999999999999
8545,2022-03-23,토마토,완숙토마토,15173.0,6.2,0.0,3,11962.0,15637.0,18049.533333333333,15132.0,0.002709489822891875,0,0,1,15.799999999999999
8546,2022-03-24,토마토,완숙토마토,15128.0,8.2,0.0,3,10739.0,15492.42857142857,17892.366666666665,15173.0,-0.0029657945033941813,0,0,1,15.799999999999999
8547,2022-03-25,토마토,완숙토마토,16661.0,12.0,10.9,3,9000.0,15552.285714285714,17791.833333333332,15128.0,0.10133527234267592,0,0,1,25.5
8548,2022-03-26,토마토,완숙토마토,15324.0,11.8,19.8,3,10318.0,15350.142857142857,17617.933333333334,16661.0,-0.08024728407658599,0,0,1,45.3
8549,2022-03-28,토마토,완숙토마토,16394.0,8.2,0.0,3,11265.0,15643.142857142857,17524.466666666667,15324.0,0.0698251109370922,0,0,1,30.7
8550,2022-03-29,토마토,완숙토마토,15143.0,9.7,0.0,3,12575.0,15565.0,17338.466666666667,16394.0,-0.07630840551421247,0,0,1,30.700000000000003
8551,2022-03-30,토마토,완숙토마토,14349.0,10.8,0.4,3,13000.0,15453.142857142857,17166.7,15143.0,-0.05243346760879619,0,0,1,31.1
8552,2022-03-31,토마토,완숙토마토,15634.0,10.9,0.0,3,16400.0,15519.0,17079.3,14349.0,0.08955327897414445,0,0,1,31.1
8553,2022-04-01,토마토,완숙토마토,16356.0,9.2,0.0,4,17051.0,15694.42857142857,16937.9,15634.0,0.046181399513880006,0,0,1,31.1
8554,2022-04-02,토마토,완숙토마토,14918.0,8.2,0.0,4,13756.0,15445.42857142857,16849.566666666666,16356.0,-0.08791880655416973,0,0,1,20.2
8555,2022-04-04,토마토,완숙토마토,15748.0,10.3,0.0,4,14000.0,15506.0,16732.833333333332,14918.0,0.05563748491754916,0,0,1,0.4
8556,2022-04-05,토마토,완숙토마토,15951.0,10.3,0.0,4,14601.0,15442.714285714286,16671.866666666665,15748.0,0.012890525781051654,0,0,1,0.4
8557,2022-04-06,토마토,완숙토마토,14437.0,11.7,0.0,4,15553.0,15341.857142857143,16520.533333333333,15951.0,-0.09491567926775746,0,0,1,0.4
8558,2022-04-07,토마토,완숙토마토,14240.0,10.9,0.0,4,16702.0,15326.285714285714,16390.5,14437.0,-0.013645494216249943,0,0,1,0.0
8559,2022-04-08,토마토,완숙토마토,14803.0,12.9,0.0,4,15000.0,15207.57142857143,16222.8,14240.0,0.03953651685393256,0,0,1,0.0
8560,2022-04-09,토마토,완숙토마토,12717.0,17.8,0.5,4,15000.0,14687.714285714286,16042.366666666667,14803.0,-0.14091738161183542,0,0,1,0.5
8561,2022-04-11,토마토,완숙토마토,13733.0,19.6,0.0,4,15234.0,14518.42857142857,15837.3,12717.0,0.07989305653849188,0,0,1,0.5
8562,2022-04-12,토마토,완숙토마토,11944.0,19.3,0.5,4,16062.0,13975.0,15637.566666666668,13733.0,-0.13027015218815996,0,0,1,1.0
8563,2022-04-13,토마토,완숙토마토,12340.0,13.1,1.3,4,18000.0,13459.142857142857,15473.5,11944.0,0.03315472203616876,0,0,1,2.3
8564,2022-04-14,토마토,완숙토마토,12119.0,13.2,0.0,4,18752.0,13128.0,15225.7,12340.0,-0.017909238249594783,0,0,1,2.3
8565,2022-04-15,토마토,완숙토마토,11268.0,13.3,0.0,4,17708.0,12703.42857142857,14987.0,12119.0,-0.07022031520752536,0,0,1,2.3
8566,2022-04-16,토마토,완숙토마토,10629.0,13.2,0.0,4,18000.0,12107.142857142857,14784.366666666667,11268.0,-0.05670926517571884,0,0,1,2.3
8567,2022-04-18,토마토,완숙토마토,11453.0,15.2,0.0,4,16838.0,11926.57142857143,14581.7,10629.0,0.07752375576253656,0,0,1,1.8
8568,2022-04-19,토마토,완숙토마토,10698.0,15.2,0.0,4,17972.0,11493.0,14381.533333333333,11453.0,-0.06592159259582642,0,0,1,1.8
8569,2022-04-20,토마토,완숙토마토,10634.0,15.7,0.0,4,18040.0,11305.857142857143,14198.0,10698.0,-0.005982426621798487,0,0,1,1.3
8570,2022-04-21,토마토,완숙토마토,9474.0,16.3,0.0,4,17000.0,10896.42857142857,13972.4,10634.0,-0.10908406996426556,0,0,1,0.0
8571,2022-04-22,토마토,완숙토마토,10424.0,15.0,0.0,4,15852.0,10654.285714285714,13761.9,9474.0,0.10027443529660118,0,0,1,0.0
8572,2022-04-23,토마토,완숙토마토,9277.0,17.7,0.0,4,14447.0,10369.857142857143,13593.033333333333,10424.0,-0.11003453568687649,0,0,1,0.0
8573,2022-04-25,토마토,완숙토마토,10375.0,20.0,1.3,4,12113.0,10333.57142857143,13415.866666666667,9277.0,0.11835722755201039,0,0,1,1.3
8574,2022-04-26,토마토,완숙토마토,10051.0,21.9,1.0,4,11207.0,10133.285714285714,13246.5,10375.0,-0.031228915662650625,0,0,1,2.3
8575,2022-04-27,토마토,완숙토마토,11000.0,17.7,0.0,4,8000.0,10176.42857142857,13107.4,10051.0,0.09441846582429614,0,0,1,2.3
8576,2022-04-28,토마토,완숙토마토,10403.0,18.2,0.0,4,12532.0,10143.42857142857,12949.9,11000.0,-0.05427272727272725,0,0,1,2.3
8577,2022-04-29,토마토,완숙토마토,12540.0,13.4,15.5,4,9609.0,10581.42857142857,12812.533333333333,10403.0,0.20542151302508893,0,0,1,17.8
8578,2022-04-30,토마토,완숙토마토,11018.0,13.0,0.0,4,11000.0,10666.285714285714,12669.0,12540.0,-0.12137161084529502,0,0,1,17.8
8579,2022-05-02,토마토,완숙토마토,11819.0,14.2,0.0,5,12134.0,11029.42857142857,12516.5,11018.0,0.07269921945906699,0,0,0,17.8
8580,2022-05-03,토마토,완숙토마토,12689.0,14.8,0.0,5,14000.0,11360.0,12434.7,11819.0,0.07361028851848728,0,0,0,16.5
8581,2022-05-04,토마토,완숙토마토,13191.0,17.8,0.0,5,14000.0,11808.57142857143,12396.1,12689.0,0.03956182520293172,0,0,0,15.5
8582,2022-05-05,토마토,완숙토마토,11742.0,18.9,0.0,5,15099.0,11914.57142857143,12266.366666666667,13191.0,-0.10984762337957699,0,0,0,15.5
8583,2022-05-06,토마토,완숙토마토,12664.0,19.6,0.0,5,14112.0,12237.57142857143,12143.3,11742.0,0.07852154658490895,0,0,0,15.5
8584,2022-05-07,토마토,완숙토마토,12034.0,18.4,0.5,5,14348.0,12165.285714285714,12047.166666666666,12664.0,-0.04974731522425779,0,0,0,0.5
8585,2022-05-09,토마토,완숙토마토,13236.0,17.9,0.0,5,15896.0,12482.142857142857,11963.433333333332,12034.0,0.09988366295496087,0,0,0,0.5
8586,2022-05-10,토마토,완숙토마토,11937.0,19.9,0.0,5,16000.0,12499.0,11829.633333333333,13236.0,-0.09814143245693563,0,0,0,0.5
8587,2022-05-11,토마토,완숙토마토,13473.0,19.7,0.0,5,15243.0,12611.0,11797.5,11937.0,0.12867554661975378,0,0,0,0.5
8588,2022-05-12,토마토,완숙토마토,13203.0,20.9,0.0,5,16589.0,12612.714285714286,11762.933333333332,13473.0,-0.02004008016032066,0,0,0,0.5
8589,2022-05-13,토마토,완숙토마토,13577.0,19.4,0.0,5,15595.0,12874.857142857143,11722.066666666668,13203.0,0.02832689540255995,0,0,0,0.5
8590,2022-05-14,토마토,완숙토마토,13891.0,15.7,0.0,5,16568.0,13050.142857142857,11761.2,13577.0,0.023127347720409475,0,0,0,0.5
8591,2022-05-16,토마토,완숙토마토,12773.0,17.3,0.0,5,17343.0,13155.714285714286,11729.2,13891.0,-0.08048376646749689,0,0,0,0.0
8592,2022-05-17,토마토,완숙토마토,11176.0,20.0,0.0,5,20000.0,12861.42857142857,11703.6,12773.0,-0.12502935880372656,0,0,0,0.0
8593,2022-05-18,토마토,완숙토마토,11044.0,20.0,1.5,5,18610.0,12733.857142857143,11660.4,11176.0,-0.011811023622047223,0,0,0,1.5
8594,2022-05-19,토마토,완숙토마토,9616.0,19.9,0.0,5,19286.0,12182.857142857143,11576.966666666667,11044.0,-0.1293009779065556,0,0,0,1.5
8595,2022-05-20,토마토,완숙토마토,9097.0,20.6,0.0,5,18655.0,11596.285714285714,11504.6,9616.0,-0.053972545757071555,0,0,0,1.5
8596,2022-05-21,토마토,완숙토마토,8288.0,20.1,0.0,5,19000.0,10840.714285714286,11426.566666666668,9097.0,-0.08893041662086398,0,0,0,1.5
8597,2022-05-23,토마토,완숙토마토,8000.0,23.0,0.0,5,19122.0,9999.142857142857,11311.466666666667,8288.0,-0.03474903474903479,0,0,0,1.5
8598,2022-05-24,토마토,완숙토마토,7912.0,22.9,0.0,5,19736.0,9304.714285714286,11218.6,8000.0,-0.01100000000000001,0,0,0,1.5
8599,2022-05-25,토마토,완숙토마토,7721.0,21.0,3.5,5,17226.0,8811.142857142857,11121.5,7912.0,-0.024140546006066743,0,0,0,5.0
8600,2022-05-26,토마토,완숙토마토,7717.0,18.7,0.0,5,19219.0,8335.857142857143,11062.933333333332,7721.0,-0.000518067607822803,0,0,0,3.5
8601,2022-05-27,토마토,완숙토마토,8000.0,20.0,0.0,5,17015.0,8105.0,10982.133333333333,7717.0,0.03667228197486061,0,0,0,3.5
8602,2022-05-28,토마토,완숙토마토,10480.0,22.3,0.0,5,18000.0,8302.57142857143,11022.233333333334,8000.0,0.31000000000000005,0,0,0,3.5
8603,2022-05-30,토마토,완숙토마토,10524.0,20.8,0.0,5,17122.0,8622.0,11027.2,10480.0,0.004198473282442716,0,0,0,3.5
8604,2022-05-31,토마토,완숙토마토,10638.0,20.7,0.0,5,17524.0,8998.857142857143,11046.766666666666,10524.0,0.01083238312428736,0,0,0,3.5
8605,2022-06-01,토마토,완숙토마토,10411.0,22.1,0.0,6,13510.0,9355.857142857143,11027.133333333333,10638.0,-0.021338597480729415,0,0,0,3.5
8606,2022-06-02,토마토,완숙토마토,9830.0,21.5,0.0,6,14141.0,9657.142857142857,11008.033333333333,10411.0,-0.055806358659110544,0,0,0,0.0
8607,2022-06-03,토마토,완숙토마토,11143.0,24.5,0.0,6,13073.0,10146.57142857143,10961.466666666667,9830.0,0.1335707019328587,0,0,0,0.0
8608,2022-06-04,토마토,완숙토마토,10327.0,25.6,0.0,6,13560.0,10479.0,10938.433333333332,11143.0,-0.07322983038678987,0,0,0,0.0
8609,2022-06-06,토마토,완숙토마토,10958.0,19.7,4.3,6,12716.0,10547.285714285714,10909.733333333334,10327.0,0.061101965720925744,0,0,0,4.3
8610,2022-06-07,토마토,완숙토마토,11657.0,20.6,0.0,6,13638.0,10709.142857142857,10875.333333333334,10958.0,0.06378901259353897,0,0,0,4.3
8611,2022-06-08,토마토,완숙토마토,11226.0,21.2,0.0,6,12204.0,10793.142857142857,10809.833333333334,11657.0,-0.03697349232220981,0,0,0,4.3
8612,2022-06-09,토마토,완숙토마토,11224.0,20.9,2.6,6,12461.0,10909.285714285714,10792.566666666668,11226.0,-0.00017815784785324418,0,0,0,6.9
8613,2022-06-10,토마토,완숙토마토,11004.0,20.9,1.2,6,12049.0,11077.0,10737.233333333334,11224.0,-0.019600855310049847,0,0,0,8.1
8614,2022-06-11,토마토,완숙토마토,10310.0,24.6,0.0,6,12066.0,10958.0,10679.766666666666,11004.0,-0.0630679752817157,0,0,0,8.1
8615,2022-06-13,토마토,완숙토마토,10370.0,23.6,18.0,6,11409.0,10964.142857142857,10584.233333333334,10310.0,0.005819592628516057,0,0,0,26.1
8616,2022-06-14,토마토,완숙토마토,10185.0,21.5,0.0,6,12366.0,10853.714285714286,10525.833333333334,10370.0,-0.017839922854387624,0,0,0,21.8
8617,2022-06-15,토마토,완숙토마토,11845.0,17.5,18.5,6,11415.0,10880.57142857143,10471.566666666668,10185.0,0.16298478154148266,0,0,0,40.3
8618,2022-06-16,토마토,완숙토마토,10891.0,20.3,0.7,6,13559.0,10832.714285714286,10394.5,11845.0,-0.08054031236808779,0,0,0,41.0
8619,2022-06-17,토마토,완숙토마토,12290.0,22.5,0.0,6,13000.0,10985.0,10351.6,10891.0,0.12845468735653287,0,0,0,38.4
8620,2022-06-18,토마토,완숙토마토,11741.0,23.3,0.0,6,14192.0,11090.285714285714,10279.933333333332,12290.0,-0.04467046379170059,0,0,0,37.2
8621,2022-06-20,토마토,완숙토마토,11911.0,25.2,0.0,6,15586.0,11319.0,10251.2,11741.0,0.014479175538710587,0,0,0,37.2
8622,2022-06-21,토마토,완숙토마토,12479.0,26.5,0.0,6,16430.0,11620.285714285714,10294.633333333333,11911.0,0.047687012005708906,0,0,0,19.2
8623,2022-06-22,토마토,완숙토마토,11004.0,25.9,0.0,6,13065.0,11737.285714285714,10293.3,12479.0,-0.11819857360365416,0,0,0,19.2
8624,2022-06-23,토마토,완숙토마토,9312.0,24.3,103.0,6,14811.0,11375.42857142857,10283.166666666666,11004.0,-0.15376226826608508,0,0,0,103.7
8625,2022-06-24,토마토,완숙토마토,9565.0,22.6,19.1,6,13077.0,11186.0,10298.766666666666,9312.0,0.02716924398625431,0,0,0,122.1
8626,2022-06-25,토마토,완숙토마토,9659.0,26.0,0.0,6,15000.0,10810.142857142857,10344.466666666667,9565.0,0.009827496079456433,0,0,0,122.1
8627,2022-06-27,토마토,완숙토마토,8514.0,26.8,6.1,6,15000.0,10349.142857142857,10361.6,9659.0,-0.11854229216274981,0,0,0,128.2
8628,2022-06-28,토마토,완숙토마토,6388.0,26.9,6.3,6,15766.0,9560.142857142857,10310.8,8514.0,-0.24970636598543572,0,0,0,134.5
8629,2022-06-29,토마토,완숙토마토,7584.0,25.1,37.8,6,16000.0,8860.857142857143,10306.233333333334,6388.0,0.187226048841578,0,0,0,172.3
8630,2022-06-30,토마토,완숙토마토,6393.0,22.3,176.2,6,16000.0,8202.142857142857,10262.1,7584.0,-0.15704113924050633,0,0,0,348.5
8631,2022-07-01,토마토,완숙토마토,6114.0,26.6,0.0,7,15000.0,7745.285714285715,10199.233333333334,6393.0,-0.04364148287189118,0,0,0,245.5
8632,2022-07-02,토마토,완숙토마토,6870.0,28.8,0.0,7,14214.0,7360.285714285715,10078.9,6114.0,0.12365063788027486,0,0,0,226.4
8633,2022-07-04,토마토,완숙토마토,8234.0,29.3,0.0,7,14867.0,7156.714285714285,10002.566666666668,6870.0,0.1985443959243085,0,0,0,226.4
8634,2022-07-05,토마토,완숙토마토,8433.0,29.2,0.0,7,15000.0,7145.142857142857,9929.066666666668,8234.0,0.02416808355598743,0,0,0,220.3
8635,2022-07-06,토마토,완숙토마토,8506.0,29.5,16.1,7,14544.0,7447.714285714285,9865.566666666668,8433.0,0.008656468635123815,0,0,0,230.1
8636,2022-07-07,토마토,완숙토마토,11008.0,28.2,0.0,7,15000.0,7936.857142857143,9904.833333333334,8506.0,0.29414530919351045,0,0,0,192.3
8637,2022-07-08,토마토,완숙토마토,15591.0,25.8,1.7,7,14000.0,9250.857142857143,10053.1,11008.0,0.4163335755813953,0,0,0,17.80000000000003
8638,2022-07-09,토마토,완숙토마토,17522.0,26.9,0.1,7,13994.0,10880.57142857143,10292.933333333332,15591.0,0.12385350522737482,0,0,0,17.90000000000003
8639,2022-07-11,토마토,완숙토마토,15587.0,27.0,9.0,7,13000.0,12125.857142857143,10447.233333333334,17522.0,-0.11043259901837688,0,0,0,26.90000000000003
8640,2022-07-12,토마토,완숙토마토,18023.0,26.8,0.0,7,13000.0,13524.285714285714,10659.433333333332,15587.0,0.1562840828895875,0,0,0,26.90000000000003
8641,2022-07-13,토마토,완숙토마토,17111.0,25.0,114.5,7,10963.0,14764.0,10855.6,18023.0,-0.05060200854463737,0,0,0,141.40000000000003
8642,2022-07-14,토마토,완숙토마토,18562.0,25.7,0.9,7,12871.0,16200.57142857143,11100.2,17111.0,0.08479925194319438,0,0,0,126.20000000000005
8643,2022-07-15,토마토,완숙토마토,24679.0,26.0,0.0,7,10120.0,18153.571428571428,11556.033333333333,18562.0,0.32954423014761347,0,0,0,126.20000000000005
8644,2022-07-16,토마토,완숙토마토,26508.0,24.8,34.0,7,11000.0,19713.14285714286,12095.966666666667,24679.0,0.07411159285222246,0,0,0,158.50000000000003
8645,2022-07-18,토마토,완숙토마토,24932.0,26.8,0.0,7,10200.0,20771.714285714286,12581.366666666667,26508.0,-0.05945374981137774,0,0,0,158.40000000000003
8646,2022-07-19,토마토,완숙토마토,24000.0,27.4,0.0,7,9551.0,21973.571428571428,13041.866666666667,24932.0,-0.03738167816460769,0,0,0,149.40000000000003
8647,2022-07-20,토마토,완숙토마토,28604.0,27.1,1.1,7,9000.0,23485.14285714286,13600.5,24000.0,0.1918333333333333,0,0,0,150.50000000000003
8648,2022-07-21,토마토,완숙토마토,39703.0,23.2,10.4,7,10317.0,26712.571428571428,14560.9,28604.0,0.3880226541742413,0,0,0,46.40000000000003
8649,2022-07-22,토마토,완숙토마토,45885.0,25.1,5.2,7,8703.0,30615.85714285714,15680.733333333334,39703.0,0.15570611792559763,0,0,0,50.70000000000003
8650,2022-07-23,토마토,완숙토마토,40335.0,24.8,9.9,7,9191.0,32852.42857142857,16633.866666666665,45885.0,-0.12095456031382801,0,0,0,60.60000000000003
8651,2022-07-25,토마토,완숙토마토,25613.0,27.5,0.0,7,9000.0,32724.571428571428,17090.6,40335.0,-0.36499318209991327,0,0,0,26.60000000000003
8652,2022-07-26,토마토,완숙토마토,24711.0,28.9,0.0,7,10291.0,32693.0,17498.333333333332,25613.0,-0.03521649162534646,0,0,0,26.60000000000003
8653,2022-07-27,토마토,완숙토마토,20248.0,29.3,0.0,7,10000.0,32157.0,17806.466666666667,24711.0,-0.18060782647403995,0,0,0,26.60000000000003
8654,2022-07-28,토마토,완숙토마토,23360.0,29.7,0.0,7,11273.0,31407.85714285714,18274.733333333334,20248.0,0.15369419201896473,0,0,0,25.50000000000003
8655,2022-07-29,토마토,완숙토마토,32016.0,30.7,0.0,7,10252.0,30309.714285714286,19023.1,23360.0,0.3705479452054794,0,0,0,15.10000000000003
8656,2022-07-30,토마토,완숙토마토,24276.0,30.9,1.0,7,10556.0,27222.714285714286,19510.333333333332,32016.0,-0.2417541229385307,0,0,0,10.90000000000003
8657,2022-08-01,토마토,완숙토마토,20328.0,28.6,30.0,8,10130.0,24364.571428571428,19904.133333333335,24276.0,-0.16262975778546718,0,0,0,31.00000000000003
8658,2022-08-02,토마토,완숙토마토,20612.0,26.8,33.5,8,10000.0,23650.14285714286,20378.266666666666,20328.0,0.013970877607241139,0,0,0,64.50000000000003
8659,2022-08-03,토마토,완숙토마토,17937.0,27.1,51.1,8,10034.0,22682.428571428572,20723.366666666665,20612.0,-0.12977876964874835,0,0,0,115.60000000000002
8660,2022-08-04,토마토,완숙토마토,15156.0,28.9,0.0,8,9080.0,21955.0,21015.466666666667,17937.0,-0.1550426492724536,0,0,0,115.60000000000002
8661,2022-08-05,토마토,완숙토마토,16451.0,29.4,0.0,8,9077.0,20968.0,21360.033333333333,15156.0,0.08544470836632367,0,0,0,115.60000000000002
8662,2022-08-06,토마토,완숙토마토,16451.0,28.7,13.6,8,9216.0,18744.428571428572,21679.4,16451.0,0.0,0,0,0,129.20000000000002
8663,2022-08-08,토마토,완숙토마토,16406.0,26.8,129.6,8,9093.0,17620.14285714286,21951.8,16451.0,-0.0027353960245577458,0,0,0,257.8
8664,2022-08-09,토마토,완숙토마토,15981.0,25.1,123.1,8,10000.0,16999.14285714286,22203.4,16406.0,-0.025905156650006145,0,0,0,350.9
8665,2022-08-10,토마토,완숙토마토,16233.0,24.7,7.6,8,9590.0,16373.57142857143,22460.966666666667,15981.0,0.01576872536136653,0,0,0,325.0
8666,2022-08-11,토마토,완숙토마토,16000.0,25.0,38.8,8,10940.0,16096.857142857143,22627.366666666665,16233.0,-0.01435347748413729,0,0,0,312.7
8667,2022-08-12,토마토,완숙토마토,15643.0,27.0,0.0,8,10000.0,16166.42857142857,22629.1,16000.0,-0.022312499999999957,0,0,0,312.7
8668,2022-08-13,토마토,완숙토마토,13390.0,25.8,4.0,8,11000.0,15729.142857142857,22491.366666666665,15643.0,-0.14402608195358946,0,0,0,316.7
8669,2022-08-15,토마토,완숙토마토,12589.0,28.1,0.9,8,10321.0,15177.42857142857,22391.433333333334,13390.0,-0.05982076176250939,0,0,0,304.0
8670,2022-08-16,토마토,완숙토마토,11690.0,26.7,0.0,8,13121.0,14503.714285714286,22180.333333333332,12589.0,-0.07141154976566844,0,0,0,174.40000000000003
8671,2022-08-17,토마토,완숙토마토,11997.0,26.0,0.0,8,9529.0,13934.57142857143,22009.866666666665,11690.0,0.026261762189905946,0,0,0,51.300000000000026
8672,2022-08-18,토마토,완숙토마토,11863.0,25.6,0.0,8,13000.0,13310.285714285714,21786.566666666666,11997.0,-0.011169459031424522,0,0,0,43.700000000000024
8673,2022-08-19,토마토,완숙토마토,13528.0,26.0,66.1,8,11568.0,12957.142857142857,21414.866666666665,11863.0,0.14035235606507634,0,0,0,71.00000000000003
8674,2022-08-20,토마토,완숙토마토,14599.0,28.2,0.0,8,12499.0,12808.0,21017.9,13528.0,0.07916913069189824,0,0,0,71.00000000000003
8675,2022-08-22,토마토,완숙토마토,13863.0,26.8,3.2,8,9917.0,12875.57142857143,20648.933333333334,14599.0,-0.050414411946023696,0,0,0,70.20000000000003
8676,2022-08-23,토마토,완숙토마토,15000.0,25.4,2.2,8,9927.0,13220.0,20348.933333333334,13863.0,0.08201687946331959,0,0,0,71.50000000000003
8677,2022-08-24,토마토,완숙토마토,16716.0,24.8,0.0,8,10000.0,13938.0,19952.666666666668,15000.0,0.11440000000000006,0,0,0,71.50000000000003
8678,2022-08-25,토마토,완숙토마토,21653.0,22.2,1.6,8,11311.0,15317.42857142857,19351.0,16716.0,0.29534577650155547,0,0,0,73.10000000000002
8679,2022-08-26,토마토,완숙토마토,28035.0,23.8,0.0,8,10609.0,17627.714285714286,18756.0,21653.0,0.2947397589248604,0,0,0,73.10000000000002
8680,2022-08-27,토마토,완숙토마토,35924.0,21.5,17.6,8,12000.0,20827.14285714286,18608.966666666667,28035.0,0.2813982521847691,0,0,0,24.60000000000003
8681,2022-08-29,토마토,완숙토마토,28818.0,21.0,2.2,8,12065.0,22858.428571428572,18715.8,35924.0,-0.19780648034740012,0,0,0,26.80000000000003
8682,2022-08-30,토마토,완숙토마토,26617.0,19.1,35.8,8,13152.0,24680.428571428572,18779.333333333332,28818.0,-0.07637587618849329,0,0,0,59.40000000000003
8683,2022-08-31,토마토,완숙토마토,26122.0,21.7,0.0,8,10612.0,26269.285714285714,18975.133333333335,26617.0,-0.018597137167975397,0,0,0,57.200000000000024
8684,2022-09-01,토마토,완숙토마토,26129.0,24.0,0.0,9,12031.0,27614.0,19067.433333333334,26122.0,0.0002679733557919839,0,1,0,57.200000000000024
8685,2022-09-02,토마토,완숙토마토,27930.0,24.7,0.0,9,11556.0,28510.714285714286,18931.233333333334,26129.0,0.06892724558919205,0,1,0,55.60000000000002
8686,2022-09-03,토마토,완숙토마토,34235.0,24.2,0.0,9,12368.0,29396.428571428572,19263.2,27930.0,0.22574292875044755,0,1,0,55.60000000000002
8687,2022-09-05,토마토,완숙토마토,29740.0,19.2,120.0,9,10961.0,28513.0,19576.933333333334,34235.0,-0.13129837885205198,0,1,0,158.00000000000003
8688,2022-09-06,토마토,완숙토마토,25070.0,21.0,25.3,9,12477.0,27977.571428571428,19725.533333333333,29740.0,-0.15702757229320785,0,1,0,181.10000000000002
8689,2022-09-07,토마토,완숙토마토,24472.0,22.8,0.0,9,12554.0,27671.14285714286,19943.366666666665,25070.0,-0.023853211009174258,0,1,0,145.30000000000004
8690,2022-09-08,토마토,완숙토마토,20868.0,23.2,0.0,9,12838.0,26920.571428571428,20133.766666666666,24472.0,-0.1472703497875123,0,1,0,145.30000000000004
8691,2022-09-09,토마토,완숙토마토,11662.0,24.3,0.0,9,11539.0,24853.85714285714,19974.133333333335,20868.0,-0.4411539198773241,0,1,0,145.30000000000004
8692,2022-09-13,토마토,완숙토마토,13260.0,24.3,0.0,9,12253.0,22758.14285714286,19867.766666666666,11662.0,0.13702623906705536,0,1,0,145.30000000000004
8693,2022-09-14,토마토,완숙토마토,17911.0,24.6,0.0,9,14000.0,20426.14285714286,19917.933333333334,13260.0,0.35075414781297143,0,1,0,145.30000000000004
8694,2022-09-15,토마토,완숙토마토,19807.0,25.2,0.1,9,17739.0,19007.14285714286,20045.466666666667,17911.0,0.10585673608397084,0,1,0,25.40000000000003
8695,2022-09-16,토마토,완숙토마토,20640.0,25.7,14.6,9,26000.0,18374.285714285714,20192.366666666665,19807.0,0.042055838844852866,0,1,0,14.700000000000028
8696,2022-09-17,토마토,완숙토마토,18070.0,25.6,4.3,9,29863.0,17459.714285714286,20261.366666666665,20640.0,-0.12451550387596899,0,1,0,19.00000000000003
8697,2022-09-19,토마토,완숙토마토,20084.0,24.6,0.0,9,23142.0,17347.714285714286,20409.4,18070.0,0.11145545102379639,0,1,0,19.00000000000003
8698,2022-09-20,토마토,완숙토마토,19781.0,19.9,0.0,9,17131.0,18507.571428571428,20622.433333333334,20084.0,-0.015086636128261333,0,1,0,19.00000000000003
8699,2022-09-21,토마토,완숙토마토,25000.0,19.4,0.0,9,16000.0,20184.714285714286,21036.133333333335,19781.0,0.2638390374601891,0,1,0,19.00000000000003
8700,2022-09-22,토마토,완숙토마토,25490.0,19.8,0.0,9,16604.0,21267.428571428572,21496.133333333335,25000.0,0.019600000000000062,0,1,0,19.00000000000003
8701,2022-09-23,토마토,완숙토마토,27722.0,17.5,3.3,9,14040.0,22398.14285714286,22020.3,25490.0,0.08756375049038834,0,1,0,22.200000000000024
8702,2022-09-24,토마토,완숙토마토,22292.0,18.5,0.0,9,12262.0,22634.14285714286,22367.933333333334,27722.0,-0.1958733136137364,0,1,0,7.600000000000028
8703,2022-09-26,토마토,완숙토마토,24974.0,20.0,0.0,9,13337.0,23620.428571428572,22749.466666666667,22292.0,0.12031221963036076,0,1,0,3.3000000000000282
8704,2022-09-27,토마토,완숙토마토,24212.0,20.9,0.0,9,16000.0,24210.14285714286,23069.9,24974.0,-0.030511732201489505,0,1,0,3.3000000000000282
8705,2022-09-28,토마토,완숙토마토,33675.0,20.4,0.0,9,16128.0,26195.0,23730.3,24212.0,0.39083925326284485,0,1,0,3.3000000000000282
8706,2022-09-29,토마토,완숙토마토,45111.0,20.4,0.0,9,12277.0,29068.0,24734.0,33675.0,0.339599109131403,0,1,0,3.3000000000000282
8707,2022-09-30,토마토,완숙토마토,45643.0,20.7,0.0,9,11140.0,31947.0,25698.233333333334,45111.0,0.01179313249540015,0,1,0,3.3000000000000282
8708,2022-10-01,토마토,완숙토마토,45352.0,20.9,0.0,10,12000.0,34465.57142857143,26488.2,45643.0,-0.006375566899634144,0,1,0,0.0
8709,2022-10-03,토마토,완숙토마토,45775.0,21.4,76.0,10,11611.0,37820.28571428572,27079.533333333333,45352.0,0.00932704180631494,0,1,0,76.00000000000003
8710,2022-10-04,토마토,완숙토마토,44809.0,17.9,11.8,10,10217.0,40653.857142857145,27375.7,45775.0,-0.02110322228290551,0,1,0,87.80000000000003
8711,2022-10-05,토마토,완숙토마토,46261.0,16.6,0.1,10,8721.0,43803.71428571428,27957.133333333335,44809.0,0.03240420451248638,0,1,0,87.90000000000003
8712,2022-10-06,토마토,완숙토마토,36771.0,15.8,0.0,10,9255.0,44246.0,28295.6,46261.0,-0.2051403990402283,0,1,0,87.90000000000003
8713,2022-10-07,토마토,완숙토마토,37509.0,14.3,0.0,10,12000.0,43160.0,28675.166666666668,36771.0,0.02007016398792527,0,1,0,87.90000000000003
8714,2022-10-08,토마토,완숙토마토,28713.0,15.8,0.0,10,12846.0,40741.42857142857,28761.3,37509.0,-0.2345037191074142,0,1,0,87.90000000000003
8715,2022-10-10,토마토,완숙토마토,23000.0,9.9,0.0,10,14000.0,37548.28571428572,28596.966666666667,28713.0,-0.1989691080695155,0,1,0,87.90000000000003
8716,2022-10-11,토마토,완숙토마토,17981.0,11.1,0.0,10,13000.0,33577.71428571428,28055.166666666668,23000.0,-0.2182173913043478,0,1,0,11.900000000000029
8717,2022-10-12,토마토,완숙토마토,19837.0,13.5,0.0,10,15000.0,30010.285714285714,27725.066666666666,17981.0,0.10322006562482611,0,1,0,0.10000000000002843
8718,2022-10-13,토마토,완숙토마토,18148.0,16.3,0.0,10,14750.0,25994.14285714286,27494.333333333332,19837.0,-0.08514392297222362,0,1,0,0.0
8719,2022-10-14,토마토,완숙토마토,20363.0,17.1,0.0,10,9285.0,23650.14285714286,27357.366666666665,18148.0,0.12205201675115718,0,1,0,0.0
8720,2022-10-15,토마토,완숙토마토,24215.0,18.2,0.0,10,8151.0,21751.0,27468.933333333334,20363.0,0.18916662574276866,0,1,0,0.0
8721,2022-10-17,토마토,완숙토마토,24399.0,11.2,0.0,10,7000.0,21134.714285714286,27893.5,24215.0,0.007598595911624928,0,1,0,0.0
8722,2022-10-18,토마토,완숙토마토,27690.0,9.4,0.0,10,7098.0,21804.714285714286,28374.5,24399.0,0.13488257715480145,0,1,0,0.0
8723,2022-10-19,토마토,완숙토마토,26721.0,10.5,0.0,10,8903.0,23053.285714285714,28668.166666666668,27690.0,-0.03499458288190682,0,1,0,0.0
8724,2022-10-20,토마토,완숙토마토,23089.0,12.9,0.0,10,7196.0,23517.85714285714,28777.566666666666,26721.0,-0.13592305677182737,0,1,0,0.0
8725,2022-10-21,토마토,완숙토마토,23248.0,14.0,0.0,10,6063.0,24246.428571428572,28864.5,23089.0,0.0068863961193641465,0,1,0,0.0
8726,2022-10-22,토마토,완숙토마토,18429.0,15.1,0.0,10,9658.0,23970.14285714286,28876.466666666667,23248.0,-0.20728664831383348,0,1,0,0.0
8727,2022-10-24,토마토,완숙토마토,18755.0,10.6,0.0,10,7711.0,23190.14285714286,28832.166666666668,18429.0,0.017689511096641075,0,1,0,0.0
8728,2022-10-25,토마토,완숙토마토,18398.0,11.3,0.0,10,9169.0,22332.85714285714,28786.066666666666,18755.0,-0.0190349240202613,0,1,0,0.0
8729,2022-10-26,토마토,완숙토마토,17098.0,12.9,0.0,10,9747.0,20819.714285714286,28522.666666666668,18398.0,-0.07065985433199262,0,1,0,0.0
8730,2022-10-27,토마토,완숙토마토,16778.0,13.2,0.0,10,9674.0,19399.285714285714,28232.266666666666,17098.0,-0.01871563925605335,0,1,0,0.0
8731,2022-10-28,토마토,완숙토마토,17810.0,13.6,0.0,10,9396.0,18645.14285714286,27901.866666666665,16778.0,0.061509119084515396,0,1,0,0.0
8732,2022-10-29,토마토,완숙토마토,17248.0,14.8,0.0,10,12089.0,17788.0,27733.733333333334,17810.0,-0.03155530600786072,0,1,0,0.0
8733,2022-10-31,토마토,완숙토마토,16869.0,14.9,0.0,10,12602.0,17565.14285714286,27463.566666666666,17248.0,-0.02197356215213353,0,1,0,0.0
8734,2022-11-01,토마토,완숙토마토,17000.0,13.1,0.0,11,13119.0,17314.428571428572,27223.166666666668,16869.0,0.007765724109312977,0,0,0,0.0
8735,2022-11-02,토마토,완숙토마토,16386.0,11.1,0.0,11,16961.0,17027.0,26646.866666666665,17000.0,-0.03611764705882348,0,0,0,0.0
8736,2022-11-03,토마토,완숙토마토,15918.0,9.3,0.0,11,14000.0,16858.428571428572,25673.766666666666,16386.0,-0.0285609666788722,0,0,0,0.0
8737,2022-11-04,토마토,완숙토마토,16390.0,4.9,0.0,11,15225.0,16803.0,24698.666666666668,15918.0,0.02965196632742817,0,0,0,0.0
8738,2022-11-05,토마토,완숙토마토,15052.0,6.5,0.0,11,19622.0,16409.0,23688.666666666668,16390.0,-0.0816351433801098,0,0,0,0.0
8739,2022-11-07,토마토,완숙토마토,16000.0,11.4,0.0,11,29854.0,16230.714285714286,22696.166666666668,15052.0,0.06298166356630341,0,0,0,0.0
8740,2022-11-08,토마토,완숙토마토,16000.0,12.9,0.0,11,29654.0,16106.57142857143,21735.866666666665,16000.0,0.0,0,0,0,0.0
8741,2022-11-09,토마토,완숙토마토,16059.0,11.4,0.0,11,36487.0,15972.142857142857,20729.133333333335,16000.0,0.0036875000000000657,0,0,0,0.0
8742,2022-11-10,토마토,완숙토마토,16826.0,13.5,0.0,11,27244.0,16035.0,20064.3,16059.0,0.04776137991157614,0,0,0,0.0
8743,2022-11-11,토마토,완숙토마토,19382.0,15.6,0.0,11,20174.0,16529.85714285714,19460.066666666666,16826.0,0.15190776179721865,0,0,0,0.0
8744,2022-11-12,토마토,완숙토마토,16474.0,16.3,57.9,11,13000.0,16541.85714285714,19052.1,19382.0,-0.15003611598390254,0,0,0,57.90000000000003
8745,2022-11-14,토마토,완숙토마토,16939.0,9.7,0.0,11,14435.0,16811.428571428572,18850.066666666666,16474.0,0.02822629598154669,0,0,0,57.90000000000003
8746,2022-11-15,토마토,완숙토마토,17383.0,8.1,1.6,11,14224.0,17009.0,18830.133333333335,16939.0,0.026211700808784544,0,0,0,59.50000000000003
8747,2022-11-16,토마토,완숙토마토,17403.0,8.5,0.0,11,15000.0,17209.428571428572,18749.0,17383.0,0.0011505493873325001,0,0,0,59.50000000000003
8748,2022-11-17,토마토,완숙토마토,19223.0,10.2,0.0,11,12992.0,17661.428571428572,18784.833333333332,17403.0,0.10457967017180936,0,0,0,59.50000000000003
8749,2022-11-18,토마토,완숙토마토,19552.0,11.0,0.0,11,12275.0,18050.85714285714,18757.8,19223.0,0.017114914425427896,0,0,0,59.50000000000003
8750,2022-11-19,토마토,완숙토마토,15451.0,12.9,0.0,11,11000.0,17489.285714285714,18465.666666666668,19552.0,-0.20974836333878888,0,0,0,59.50000000000003
8751,2022-11-21,토마토,완숙토마토,17922.0,11.8,0.0,11,10493.0,17696.14285714286,18249.766666666666,15451.0,0.15992492395314217,0,0,0,1.6000000000000285
8752,2022-11-22,토마토,완숙토마토,14270.0,10.7,0.0,11,11890.0,17314.85714285714,17802.433333333334,17922.0,-0.20377190045753824,0,0,0,1.6000000000000285
8753,2022-11-23,토마토,완숙토마토,11332.0,10.8,0.0,11,17000.0,16450.428571428572,17289.466666666667,14270.0,-0.20588647512263492,0,0,0,0.0
8754,2022-11-24,토마토,완숙토마토,12271.0,9.4,0.0,11,14312.0,15717.285714285714,16928.866666666665,11332.0,0.08286268972820321,0,0,0,0.0
8755,2022-11-25,토마토,완숙토마토,11951.0,12.3,1.7,11,12820.0,14678.42857142857,16552.3,12271.0,-0.026077744275120218,0,0,0,1.7000000000000284
8756,2022-11-26,토마토,완숙토마토,9166.0,6.7,0.0,11,14319.0,13194.714285714286,16243.533333333333,11951.0,-0.23303489247761688,0,0,0,1.7000000000000284
8757,2022-11-28,토마토,완숙토마토,11000.0,12.3,19.5,11,13648.0,12558.857142857143,15985.033333333333,9166.0,0.2000872790748418,0,0,0,21.200000000000028
8758,2022-11-29,토마토,완숙토마토,7719.0,6.9,3.8,11,16959.0,11101.285714285714,15629.066666666668,11000.0,-0.29827272727272724,0,0,0,25.00000000000003
8759,2022-11-30,토마토,완숙토마토,8695.0,-5.4,0.0,11,24435.0,10304.857142857143,15348.966666666667,7719.0,0.1264412488664335,0,0,0,25.00000000000003
8760,2022-12-01,토마토,완숙토마토,9000.0,-5.4,0.0,12,21629.0,9971.714285714286,15089.7,8695.0,0.035077630822311745,0,0,0,25.00000000000003
8761,2022-12-02,토마토,완숙토마토,10346.0,-2.5,0.0,12,15973.0,9696.714285714286,14840.9,9000.0,0.14955555555555566,0,0,0,25.00000000000003
8762,2022-12-03,토마토,완숙토마토,6201.0,2.1,1.1,12,12108.0,8875.285714285714,14472.666666666666,10346.0,-0.4006379277015272,0,0,0,24.400000000000027
8763,2022-12-05,토마토,완숙토마토,10000.0,-3.1,0.0,12,18096.0,8994.42857142857,14243.7,6201.0,0.6126431220770843,0,0,0,24.400000000000027
8764,2022-12-06,토마토,완숙토마토,9760.0,0.9,0.1,12,18057.0,8817.285714285714,14002.366666666667,10000.0,-0.02400000000000002,0,0,0,5.000000000000028
8765,2022-12-07,토마토,완숙토마토,10826.0,4.9,0.1,12,17665.0,9261.142857142857,13817.033333333333,9760.0,0.10922131147540992,0,0,0,1.3000000000000285
8766,2022-12-08,토마토,완숙토마토,12927.0,3.7,0.0,12,16509.0,9865.714285714286,13717.333333333334,10826.0,0.19406983188619997,0,0,0,1.3000000000000285
8767,2022-12-09,토마토,완숙토마토,10517.0,4.5,0.0,12,16575.0,10082.42857142857,13521.566666666668,12927.0,-0.18643149996132125,0,0,0,1.3000000000000285
8768,2022-12-10,토마토,완숙토마토,9733.0,2.6,0.0,12,16113.0,9994.857142857143,13344.266666666666,10517.0,-0.07454597318626988,0,0,0,1.3000000000000285
8769,2022-12-12,토마토,완숙토마토,11310.0,2.0,5.4,12,17000.0,10724.714285714286,13187.933333333332,9733.0,0.1620260967841365,0,0,0,5.600000000000029
8770,2022-12-13,토마토,완숙토마토,10060.0,0.0,0.6,12,17000.0,10733.285714285714,12989.933333333332,11310.0,-0.11052166224580018,0,0,0,6.200000000000029
8771,2022-12-14,토마토,완숙토마토,9833.0,-8.4,0.0,12,18686.0,10743.714285714286,12782.4,10060.0,-0.022564612326043787,0,0,0,6.100000000000029
8772,2022-12-15,토마토,완숙토마토,9559.0,-4.5,2.4,12,19267.0,10562.714285714286,12540.166666666666,9833.0,-0.02786535136784296,0,0,0,8.400000000000029
8773,2022-12-16,토마토,완숙토마토,11000.0,-6.3,0.0,12,17423.0,10287.42857142857,12260.766666666666,9559.0,0.15074798619102414,0,0,0,8.400000000000029
8774,2022-12-17,토마토,완숙토마토,8472.0,-7.0,0.2,12,16066.0,9995.285714285714,11994.033333333333,11000.0,-0.2298181818181818,0,0,0,8.600000000000028
8775,2022-12-19,토마토,완숙토마토,12223.0,-7.0,0.0,12,15292.0,10351.0,11836.833333333334,8472.0,0.4427525967894239,0,0,0,8.600000000000028
8776,2022-12-20,토마토,완숙토마토,8760.0,-3.2,0.0,12,14790.0,9986.714285714286,11549.4,12223.0,-0.28331833428781805,0,0,0,3.2000000000000286
8777,2022-12-21,토마토,완숙토마토,9183.0,-0.1,3.6,12,19452.0,9861.42857142857,11275.4,8760.0,0.048287671232876805,0,0,0,6.200000000000029
8778,2022-12-22,토마토,완숙토마토,8551.0,-7.8,0.0,12,26813.0,9678.285714285714,10919.666666666666,9183.0,-0.06882282478492863,0,0,0,6.200000000000029
8779,2022-12-23,토마토,완숙토마토,10461.0,-11.8,0.0,12,24031.0,9807.142857142857,10616.633333333333,8551.0,0.22336568822359948,0,0,0,3.8000000000000287
8780,2022-12-24,토마토,완숙토마토,8848.0,-8.4,0.0,12,15310.0,9499.714285714286,10396.533333333333,10461.0,-0.15419175986999334,0,0,0,3.8000000000000287
8781,2022-12-26,토마토,완숙토마토,9665.0,-3.9,0.0,12,16627.0,9670.142857142857,10121.3,8848.0,0.0923372513562386,0,0,0,3.6000000000000285
8782,2022-12-27,토마토,완숙토마토,9887.0,-2.6,0.0,12,15668.0,9336.42857142857,9975.2,9665.0,0.022969477496119994,0,0,0,3.6000000000000285
8783,2022-12-28,토마토,완숙토마토,9765.0,-3.3,0.1,12,16271.0,9480.0,9922.966666666667,9887.0,-0.01233943562253459,0,0,0,3.7000000000000286
8784,2022-12-29,토마토,완숙토마토,10371.0,-2.9,0.0,12,17979.0,9649.714285714286,9859.633333333333,9765.0,0.062058371735790985,0,0,0,0.10000000000002843
8785,2022-12-30,토마토,완숙토마토,11622.0,-1.8,0.0,12,17986.0,10088.42857142857,9848.666666666666,10371.0,0.12062481920740531,0,0,0,0.10000000000002843
8786,2022-12-31,토마토,완숙토마토,10230.0,-1.2,0.0,12,17835.0,10055.42857142857,9884.133333333333,11622.0,-0.11977284460505933,0,0,0,0.10000000000002843
8787,2023-01-03,토마토,완숙토마토,11682.0,-5.0,0.0,1,18539.0,10460.285714285714,9906.866666666667,10230.0,0.14193548387096766,0,0,0,0.10000000000002843
8788,2023-01-04,토마토,완숙토마토,10126.0,-1.8,0.0,1,19048.0,10526.142857142857,9987.1,11682.0,-0.13319637048450605,0,0,0,0.10000000000002843
8789,2023-01-05,토마토,완숙토마토,10075.0,-1.6,0.0,1,20123.0,10553.0,10033.1,10126.0,-0.0050365396010270125,0,0,0,0.10000000000002843
8790,2023-01-06,토마토,완숙토마토,10773.0,0.6,3.9,1,30898.0,10697.0,10092.2,10075.0,0.06928039702233257,0,0,0,3.9000000000000283
8791,2023-01-07,토마토,완숙토마토,11245.0,1.5,0.1,1,23907.0,10821.857142857143,10122.166666666666,10773.0,0.043813236795692934,0,0,0,4.000000000000028
8792,2023-01-09,토마토,완숙토마토,12659.0,3.1,0.0,1,18358.0,10970.0,10337.433333333332,11245.0,0.12574477545575813,0,0,0,4.000000000000028
8793,2023-01-10,토마토,완숙토마토,12379.0,1.6,0.0,1,18270.0,11277.0,10416.733333333334,12659.0,-0.02211865076230346,0,0,0,4.000000000000028
8794,2023-01-11,토마토,완숙토마토,13227.0,2.6,0.0,1,18000.0,11497.714285714286,10532.3,12379.0,0.06850311010582444,0,0,0,4.000000000000028
8795,2023-01-12,토마토,완숙토마토,17011.0,5.9,0.0,1,18383.0,12481.285714285714,10738.466666666667,13227.0,0.28608149996219856,0,0,0,4.000000000000028
8796,2023-01-13,토마토,완숙토마토,17906.0,8.3,37.3,1,20279.0,13600.0,10904.433333333332,17011.0,0.05261301510787142,0,0,0,41.300000000000026
8797,2023-01-14,토마토,완숙토마토,13562.0,6.6,1.6,1,17983.0,13998.42857142857,11005.933333333332,17906.0,-0.242600245727689,0,0,0,39.00000000000003
8798,2023-01-16,토마토,완숙토마토,14301.0,-4.6,0.0,1,15078.0,14435.0,11158.2,13562.0,0.05449048812859458,0,0,0,38.90000000000003
8799,2023-01-17,토마토,완숙토마토,13542.0,-3.7,0.0,1,17000.0,14561.142857142857,11232.6,14301.0,-0.05307321166352008,0,0,0,38.90000000000003
8800,2023-01-18,토마토,완숙토마토,13356.0,-1.9,0.0,1,15606.0,14700.714285714286,11342.466666666667,13542.0,-0.013735046521931804,0,0,0,38.90000000000003
8801,2023-01-19,토마토,완숙토마토,16181.0,-0.4,1.0,1,13513.0,15122.714285714286,11554.066666666668,13356.0,0.21151542377957466,0,0,0,39.90000000000003
8802,2023-01-20,토마토,완숙토마토,15793.0,-3.3,0.0,1,15013.0,14948.714285714286,11761.866666666667,16181.0,-0.023978740498115103,0,0,0,39.90000000000003
8803,2023-01-21,토마토,완숙토마토,16811.0,-4.5,0.0,1,16108.0,14792.285714285714,11955.566666666668,15793.0,0.06445893750395748,0,0,0,2.6000000000000285
8804,2023-01-25,토마토,완숙토마토,14683.0,-11.3,0.0,1,15284.0,14952.42857142857,12162.6,16811.0,-0.12658378442686335,0,0,0,1.0000000000000284
8805,2023-01-26,토마토,완숙토마토,12903.0,-6.0,0.8,1,17066.0,14752.714285714286,12185.266666666666,14683.0,-0.12122863175100451,0,0,0,1.8000000000000285
8806,2023-01-27,토마토,완숙토마토,13144.0,-7.3,0.0,1,16166.0,14695.857142857143,12331.4,12903.0,0.01867782686197006,0,0,0,1.8000000000000285
8807,2023-01-28,토마토,완숙토마토,13362.0,-6.0,0.0,1,16527.0,14696.714285714286,12470.7,13144.0,0.016585514303104176,0,0,0,1.8000000000000285
8808,2023-01-30,토마토,완숙토마토,14313.0,-0.9,0.0,1,17611.0,14429.857142857143,12662.766666666666,13362.0,0.07117198024247862,0,0,0,0.8000000000000285
8809,2023-01-31,토마토,완숙토마토,15386.0,2.4,0.0,1,17508.0,14371.714285714286,12826.933333333332,14313.0,0.07496681338643185,0,0,0,0.8000000000000285
8810,2023-02-01,토마토,완숙토마토,15517.0,0.9,0.0,2,15678.0,14186.857142857143,13049.233333333334,15386.0,0.008514233718965203,0,0,0,0.8000000000000285
8811,2023-02-02,토마토,완숙토마토,18732.0,-2.4,0.0,2,15089.0,14765.285714285714,13351.466666666667,15517.0,0.20719211187729591,0,0,0,0.8000000000000285
8812,2023-02-03,토마토,완숙토마토,18994.0,-1.6,0.0,2,14000.0,15635.42857142857,13655.033333333333,18732.0,0.01398676062353199,0,0,0,0.0
8813,2023-02-04,토마토,완숙토마토,19275.0,-0.2,0.0,2,13507.0,16511.285714285714,13972.033333333333,18994.0,0.014794145519637869,0,0,0,0.0
8814,2023-02-06,토마토,완숙토마토,21560.0,3.0,0.0,2,13318.0,17682.428571428572,14345.0,19275.0,0.11854734111543452,0,0,0,0.0
8815,2023-02-07,토마토,완숙토마토,19296.0,3.5,0.0,2,15474.0,18394.285714285714,14600.8,21560.0,-0.10500927643784785,0,0,0,0.0
8816,2023-02-08,토마토,완숙토마토,19203.0,2.1,0.0,2,13520.0,18939.571428571428,14899.9,19296.0,-0.004819651741293507,0,0,0,0.0
8817,2023-02-09,토마토,완숙토마토,19117.0,4.0,0.0,2,15598.0,19453.85714285714,15147.733333333334,19203.0,-0.004478466906212564,0,0,0,0.0
8818,2023-02-10,토마토,완숙토마토,17444.0,3.8,0.6,2,14000.0,19269.85714285714,15391.666666666666,19117.0,-0.08751373123398021,0,0,0,0.6000000000000284
8819,2023-02-11,토마토,완숙토마토,15668.0,2.8,0.0,2,12877.0,18794.714285714286,15578.1,17444.0,-0.10181151112130249,0,0,0,0.6000000000000284
8820,2023-02-13,토마토,완숙토마토,17968.0,5.9,0.0,2,13000.0,18608.0,15817.933333333332,15668.0,0.14679601736022474,0,0,0,0.6000000000000284
8821,2023-02-14,토마토,완숙토마토,17539.0,1.7,0.0,2,14122.0,18033.571428571428,16027.733333333334,17968.0,-0.023875779162956356,0,0,0,0.6000000000000284
8822,2023-02-15,토마토,완숙토마토,20618.0,3.2,0.0,2,13100.0,18222.428571428572,16293.033333333333,17539.0,0.17555162780090083,0,0,0,0.6000000000000284
8823,2023-02-16,토마토,완숙토마토,21914.0,2.3,0.0,2,15347.0,18609.714285714286,16610.866666666665,20618.0,0.06285769715782319,0,0,0,0.6000000000000284
8824,2023-02-17,토마토,완숙토마토,24456.0,3.4,0.0,2,15094.0,19372.428571428572,16985.166666666668,21914.0,0.11599890480971076,0,0,0,0.6000000000000284
8825,2023-02-18,토마토,완숙토마토,24213.0,5.7,0.0,2,15000.0,20339.428571428572,17225.233333333334,24456.0,-0.009936211972522035,0,0,0,0.0
8826,2023-02-20,토마토,완숙토마토,25982.0,-0.5,0.0,2,15951.0,21812.85714285714,17494.433333333334,24213.0,0.07305992648577209,0,0,0,0.0
8827,2023-02-21,토마토,완숙토마토,24099.0,-1.3,0.0,2,16101.0,22688.714285714286,17845.666666666668,25982.0,-0.07247325071203137,0,0,0,0.0
8828,2023-02-22,토마토,완숙토마토,26126.0,1.2,0.0,2,15579.0,23915.428571428572,18239.833333333332,24099.0,0.08411137391593004,0,0,0,0.0
8829,2023-02-23,토마토,완숙토마토,26719.0,2.9,0.0,2,17889.0,24787.0,18679.066666666666,26126.0,0.022697695781979554,0,0,0,0.0
8830,2023-02-24,토마토,완숙토마토,25307.0,3.5,0.0,2,17000.0,25271.714285714286,19077.433333333334,26719.0,-0.052846289157528314,0,0,0,0.0
8831,2023-02-25,토마토,완숙토마토,24207.0,0.7,0.0,2,17000.0,25236.14285714286,19344.966666666667,25307.0,-0.043466234638637524,0,0,0,0.0
8832,2023-02-27,토마토,완숙토마토,25605.0,4.4,0.0,2,19000.0,25435.0,19672.033333333333,24207.0,0.05775188994918823,0,0,0,0.0
8833,2023-02-28,토마토,완숙토마토,22596.0,4.3,0.0,2,21000.0,24951.285714285714,19864.866666666665,25605.0,-0.11751611013473928,0,0,0,0.0
8834,2023-03-01,토마토,완숙토마토,22302.0,6.0,0.0,3,21560.0,24694.571428571428,20118.833333333332,22596.0,-0.013011152416356864,0,0,1,0.0
8835,2023-03-02,토마토,완숙토마토,21564.0,2.2,0.0,3,22000.0,24042.85714285714,20407.533333333333,22302.0,-0.03309120258272802,0,0,1,0.0
8836,2023-03-03,토마토,완숙토마토,22278.0,4.6,0.0,3,21272.0,23408.428571428572,20712.0,21564.0,0.03311074012242621,0,0,1,0.0
8837,2023-03-04,토마토,완숙토마토,20336.0,7.7,0.0,3,22146.0,22698.285714285714,20944.466666666667,22278.0,-0.08717120028727898,0,0,1,0.0
8838,2023-03-06,토마토,완숙토마토,18903.0,9.2,0.0,3,25000.0,21940.571428571428,21097.466666666667,20336.0,-0.0704661683713611,0,0,1,0.0
8839,2023-03-07,토마토,완숙토마토,18353.0,11.7,0.0,3,22828.0,20904.571428571428,21196.366666666665,18903.0,-0.029095910702005012,0,0,1,0.0
8840,2023-03-08,토마토,완숙토마토,17876.0,12.5,1.2,3,20322.0,20230.285714285714,21275.0,18353.0,-0.025990301313136843,0,0,1,1.2000000000000284
8841,2023-03-09,토마토,완숙토마토,18295.0,10.3,3.7,3,22063.0,19657.85714285714,21260.433333333334,17876.0,0.023439248153949377,0,0,1,4.900000000000029
8842,2023-03-10,토마토,완숙토마토,18393.0,13.5,0.0,3,20779.0,19204.85714285714,21240.4,18295.0,0.005356654823722273,0,0,1,4.900000000000029
8843,2023-03-11,토마토,완숙토마토,17290.0,15.2,0.0,3,18000.0,18492.285714285714,21174.233333333334,18393.0,-0.059968466264339715,0,0,1,4.900000000000029
8844,2023-03-13,토마토,완숙토마토,18357.0,2.9,0.0,3,17785.0,18209.571428571428,21067.466666666667,17290.0,0.06171197223828795,0,0,1,4.900000000000029
8845,2023-03-14,토마토,완숙토마토,17796.0,9.2,0.0,3,18000.0,18051.428571428572,21017.466666666667,18357.0,-0.030560549109331592,0,0,1,4.900000000000029
8846,2023-03-15,토마토,완숙토마토,16608.0,8.6,0.0,3,17949.0,17802.14285714286,20930.966666666667,17796.0,-0.06675657451112604,0,0,1,4.900000000000029
8847,2023-03-16,토마토,완숙토마토,17863.0,4.6,0.0,3,17000.0,17800.285714285714,20889.166666666668,16608.0,0.07556599229287086,0,0,1,3.7000000000000286
8848,2023-03-17,토마토,완숙토마토,22116.0,7.2,0.0,3,16695.0,18346.14285714286,21044.9,17863.0,0.23808990651066453,0,0,1,0.0
8849,2023-03-18,토마토,완숙토마토,19922.0,7.7,0.0,3,18000.0,18564.571428571428,21186.7,22116.0,-0.09920419605715314,0,0,1,0.0
8850,2023-03-20,토마토,완숙토마토,20873.0,9.5,0.0,3,18350.0,19076.428571428572,21283.533333333333,19922.0,0.04773617106716199,0,0,1,0.0
8851,2023-03-21,토마토,완숙토마토,19505.0,13.0,0.0,3,14486.0,19240.428571428572,21349.066666666666,20873.0,-0.06553921333780477,0,0,1,0.0
8852,2023-03-22,토마토,완숙토마토,19211.0,17.0,0.0,3,16215.0,19442.571428571428,21302.166666666668,19505.0,-0.015073058190207655,0,0,1,0.0
8853,2023-03-23,토마토,완숙토마토,19177.0,17.4,0.0,3,15391.0,19809.571428571428,21210.933333333334,19211.0,-0.00176981937431675,0,0,1,0.0
8854,2023-03-24,토마토,완숙토마토,19259.0,12.5,0.0,3,13218.0,20009.0,21037.7,19177.0,0.004275955571778622,0,0,1,0.0
8855,2023-03-25,토마토,완숙토마토,17698.0,12.5,0.0,3,14000.0,19377.85714285714,20820.533333333333,19259.0,-0.08105301417519084,0,0,1,0.0
8856,2023-03-27,토마토,완숙토마토,19137.0,7.3,0.0,3,16367.0,19265.714285714286,20592.366666666665,17698.0,0.08130862244321402,0,0,1,0.0
8857,2023-03-28,토마토,완숙토마토,20122.0,9.2,0.0,3,18688.0,19158.428571428572,20459.8,19137.0,0.051470972461723274,0,0,1,0.0
8858,2023-03-29,토마토,완숙토마토,19496.0,11.8,0.0,3,18094.0,19157.14285714286,20238.8,20122.0,-0.031110227611569452,0,0,1,0.0
8859,2023-03-30,토마토,완숙토마토,19733.0,13.3,0.0,3,19418.0,19231.714285714286,20005.933333333334,19496.0,0.012156339762002366,0,0,1,0.0
8860,2023-03-31,토마토,완숙토마토,19616.0,15.0,0.0,3,17877.0,19294.428571428572,19816.233333333334,19733.0,-0.005929154208686005,0,0,1,0.0
8861,2023-04-01,토마토,완숙토마토,18027.0,17.5,0.0,4,17406.0,19118.428571428572,19610.233333333334,19616.0,-0.08100530179445353,0,0,1,0.0
8862,2023-04-03,토마토,완숙토마토,18163.0,19.0,0.0,4,17862.0,19184.85714285714,19362.166666666668,18027.0,0.007544239196760394,0,0,1,0.0
8863,2023-04-04,토마토,완숙토마토,18002.0,17.6,6.9,4,17237.0,19022.714285714286,19209.033333333333,18163.0,-0.008864174420525228,0,0,1,6.900000000000029
8864,2023-04-05,토마토,완숙토마토,16000.0,11.9,50.3,4,20319.0,18433.85714285714,18998.966666666667,18002.0,-0.11120986557049217,0,0,1,57.200000000000024
8865,2023-04-06,토마토,완숙토마토,15784.0,8.8,2.7,4,23056.0,17903.571428571428,18806.3,16000.0,-0.013499999999999956,0,0,1,59.90000000000003
8866,2023-04-07,토마토,완숙토마토,15489.0,8.9,0.0,4,26044.0,17297.285714285714,18580.0,15784.0,-0.018689812468322353,0,0,1,59.90000000000003
8867,2023-04-08,토마토,완숙토마토,13957.0,8.8,0.0,4,28266.0,16488.85714285714,18367.366666666665,15489.0,-0.09890890309251732,0,0,1,59.90000000000003
8868,2023-04-10,토마토,완숙토마토,14088.0,13.2,0.0,4,33987.0,15926.142857142857,18206.866666666665,13957.0,0.0093859711972486,0,0,1,59.90000000000003
8869,2023-04-11,토마토,완숙토마토,13000.0,13.1,2.9,4,30441.0,15188.57142857143,18028.433333333334,14088.0,-0.07722884724588297,0,0,1,62.800000000000026
8870,2023-04-12,토마토,완숙토마토,12717.0,10.1,0.0,4,18983.0,14433.57142857143,17856.466666666667,13000.0,-0.021769230769230763,0,0,1,55.90000000000003
8871,2023-04-13,토마토,완숙토마토,11667.0,11.9,0.0,4,16174.0,13814.57142857143,17635.533333333333,12717.0,-0.08256664307619721,0,0,1,5.600000000000028
8872,2023-04-14,토마토,완숙토마토,13579.0,16.2,0.0,4,17172.0,13499.57142857143,17475.066666666666,11667.0,0.16388103197051507,0,0,1,2.9000000000000283
8873,2023-04-15,토마토,완숙토마토,13008.0,13.5,4.6,4,16992.0,13145.142857142857,17332.333333333332,13579.0,-0.042050224611532516,0,0,1,7.500000000000028
8874,2023-04-17,토마토,완숙토마토,11249.0,13.1,0.0,4,17873.0,12758.285714285714,17095.4,13008.0,-0.1352244772447725,0,0,1,7.500000000000028
8875,2023-04-18,토마토,완숙토마토,12025.0,14.0,1.5,4,18008.0,12463.57142857143,16903.033333333333,11249.0,0.06898390968086043,0,0,1,9.000000000000028
8876,2023-04-19,토마토,완숙토마토,12380.0,19.1,0.0,4,20653.0,12375.0,16762.1,12025.0,0.02952182952182958,0,0,1,6.100000000000028
8877,2023-04-20,토마토,완숙토마토,12805.0,15.8,0.5,4,19827.0,12387.57142857143,16593.5,12380.0,0.03432956381260088,0,0,1,6.600000000000028
8878,2023-04-21,토마토,완숙토마토,12739.0,16.7,0.0,4,23002.0,12540.714285714286,16280.933333333332,12805.0,-0.005154236626317865,0,0,1,6.600000000000028
8879,2023-04-22,토마토,완숙토마토,12014.0,16.9,0.0,4,23933.0,12317.142857142857,16017.333333333334,12739.0,-0.05691184551377659,0,0,1,6.600000000000028
8880,2023-04-24,토마토,완숙토마토,11808.0,15.8,0.0,4,20222.0,12145.714285714286,15715.166666666666,12014.0,-0.017146662227401355,0,0,1,2.0000000000000284
8881,2023-04-25,토마토,완숙토마토,11257.0,10.9,0.4,4,19843.0,12146.857142857143,15440.233333333334,11808.0,-0.046663279132791335,0,0,1,2.4000000000000283
8882,2023-04-26,토마토,완숙토마토,11053.0,10.2,0.0,4,19677.0,12008.0,15168.3,11257.0,-0.018122057386515067,0,0,1,0.9000000000000284
8883,2023-04-27,토마토,완숙토마토,11178.0,12.9,0.0,4,20541.0,11836.285714285714,14901.666666666666,11053.0,0.01130914683796247,0,0,1,0.9000000000000284
8884,2023-04-28,토마토,완숙토마토,10961.0,15.7,1.9,4,19198.0,11572.857142857143,14625.066666666668,11178.0,-0.019413132939703037,0,0,1,2.3000000000000282
8885,2023-04-29,토마토,완숙토마토,10187.0,13.2,25.1,4,20723.0,11208.285714285714,14374.7,10961.0,-0.07061399507344224,0,0,1,27.40000000000003
8886,2023-05-01,토마토,완숙토마토,10000.0,14.6,0.0,5,19502.0,10920.57142857143,14070.133333333333,10187.0,-0.01835672916462161,0,0,0,27.40000000000003
8887,2023-05-02,토마토,완숙토마토,10039.0,16.7,0.0,5,18256.0,10667.857142857143,13734.033333333333,10000.0,0.0039000000000000146,0,0,0,27.40000000000003
8888,2023-05-03,토마토,완숙토마토,10842.0,19.5,0.0,5,20598.0,10608.57142857143,13445.566666666668,10039.0,0.07998804661818903,0,0,0,27.000000000000032
8889,2023-05-04,토마토,완숙토마토,10629.0,21.4,0.0,5,17568.0,10548.0,13142.1,10842.0,-0.01964582180409513,0,0,0,27.000000000000032
8890,2023-05-05,토마토,완숙토마토,11534.0,18.4,30.2,5,19250.0,10598.857142857143,12872.7,10629.0,0.08514441621977609,0,0,0,57.20000000000003
8891,2023-05-06,토마토,완숙토마토,12489.0,12.6,47.5,5,17780.0,10817.142857142857,12688.1,11534.0,0.08279868215710073,0,0,0,102.80000000000004
8892,2023-05-08,토마토,완숙토마토,13322.0,15.3,0.0,5,18977.0,11265.0,12526.733333333334,12489.0,0.0666986948514694,0,0,0,77.70000000000002
8893,2023-05-09,토마토,완숙토마토,14338.0,17.0,0.0,5,18141.0,11884.714285714286,12404.6,13322.0,0.07626482510133603,0,0,0,77.70000000000002
8894,2023-05-10,토마토,완숙토마토,14100.0,18.4,0.0,5,19834.0,12464.857142857143,12341.266666666666,14338.0,-0.016599246756869857,0,0,0,77.70000000000002
8895,2023-05-11,토마토,완숙토마토,13309.0,19.5,0.0,5,18130.0,12817.285714285714,12258.766666666666,14100.0,-0.056099290780141864,0,0,0,77.70000000000002
8896,2023-05-12,토마토,완숙토마토,13004.0,18.4,0.0,5,19885.0,13156.57142857143,12175.933333333332,13309.0,-0.022916823202344228,0,0,0,77.70000000000002
8897,2023-05-13,토마토,완숙토마토,12432.0,17.8,0.0,5,17936.0,13284.857142857143,12125.1,13004.0,-0.04398646570286069,0,0,0,47.50000000000003
8898,2023-05-15,토마토,완숙토마토,12499.0,20.6,0.0,5,17262.0,13286.285714285714,12072.133333333333,12432.0,0.005389317889317846,0,0,0,0.0
8899,2023-05-16,토마토,완숙토마토,13071.0,24.0,0.0,5,19553.0,13250.42857142857,12074.5,12499.0,0.04576366109288732,0,0,0,0.0
8900,2023-05-17,토마토,완숙토마토,12974.0,23.5,0.0,5,18429.0,13055.57142857143,12083.066666666668,13071.0,-0.007421008339071222,0,0,0,0.0
8901,2023-05-18,토마토,완숙토마토,12371.0,21.2,1.3,5,16708.0,12808.57142857143,12106.533333333333,12974.0,-0.0464775705256667,0,0,0,1.3000000000000285
8902,2023-05-19,토마토,완숙토마토,12048.0,22.3,0.0,5,17533.0,12628.42857142857,12055.5,12371.0,-0.026109449519036487,0,0,0,1.3000000000000285
8903,2023-05-20,토마토,완숙토마토,11624.0,21.2,0.0,5,16703.0,12431.285714285714,12009.366666666667,12048.0,-0.035192563081009265,0,0,0,1.3000000000000285
8904,2023-05-22,토마토,완숙토마토,11208.0,20.3,0.0,5,16140.0,12256.42857142857,12008.0,11624.0,-0.03578802477632481,0,0,0,1.3000000000000285
8905,2023-05-23,토마토,완숙토마토,11133.0,20.5,0.0,5,16242.0,12061.285714285714,11978.266666666666,11208.0,-0.006691648822269802,0,0,0,1.3000000000000285
8906,2023-05-24,토마토,완숙토마토,10534.0,20.6,0.0,5,16739.0,11698.857142857143,11916.733333333334,11133.0,-0.05380400610796732,0,0,0,1.3000000000000285
8907,2023-05-25,토마토,완숙토마토,10227.0,21.2,0.0,5,14343.0,11306.42857142857,11830.8,10534.0,-0.029143725080691074,0,0,0,1.3000000000000285
8908,2023-05-26,토마토,완숙토마토,9896.0,21.4,0.5,5,15690.0,10952.857142857143,11736.033333333333,10227.0,-0.03236530751931166,0,0,0,0.5000000000000284
8909,2023-05-27,토마토,완숙토마토,9334.0,19.3,31.8,5,15132.0,10565.142857142857,11646.7,9896.0,-0.05679062247372679,0,0,0,32.300000000000026
8910,2023-05-29,토마토,완숙토마토,8803.0,23.2,2.3,5,15173.0,10162.142857142857,11546.533333333333,9334.0,-0.056888793657595915,0,0,0,34.60000000000003
8911,2023-05-30,토마토,완숙토마토,8652.0,24.0,0.0,5,15128.0,9797.0,11459.7,8803.0,-0.01715324321254119,0,0,0,34.60000000000003
8912,2023-05-31,토마토,완숙토마토,8843.0,22.8,0.0,5,16661.0,9469.857142857143,11386.033333333333,8652.0,0.022075820619509967,0,0,0,34.60000000000003
8913,2023-06-01,토마토,완숙토마토,11788.0,22.8,0.0,6,15324.0,9649.0,11406.366666666667,8843.0,0.3330317765464208,0,0,0,34.60000000000003
8914,2023-06-02,토마토,완숙토마토,14179.0,20.4,0.0,6,16394.0,10213.57142857143,11513.633333333333,11788.0,0.2028333898880217,0,0,0,34.60000000000003
8915,2023-06-03,토마토,완숙토마토,17524.0,22.0,0.0,6,15143.0,11303.285714285714,11758.2,14179.0,0.23591226461668668,0,0,0,34.10000000000003
8916,2023-06-05,토마토,완숙토마토,15704.0,21.5,0.0,6,14349.0,12213.285714285714,11948.333333333334,17524.0,-0.10385756676557867,0,0,0,2.3000000000000282
8917,2023-06-06,토마토,완숙토마토,13583.0,20.3,0.0,6,15634.0,12896.142857142857,12066.466666666667,15704.0,-0.13506113092205807,0,0,0,0.0
8918,2023-06-07,토마토,완숙토마토,12197.0,21.4,0.0,6,16356.0,13402.57142857143,12111.633333333333,13583.0,-0.10203931384819265,0,0,0,0.0
8919,2023-06-08,토마토,완숙토마토,12301.0,20.4,1.9,6,14918.0,13896.57142857143,12167.366666666667,12197.0,0.00852668689021896,0,0,0,1.9000000000000283
8920,2023-06-09,토마토,완숙토마토,13000.0,23.3,1.2,6,15748.0,14069.714285714286,12216.233333333334,12301.0,0.056824648402568956,0,0,0,3.100000000000028
8921,2023-06-10,토마토,완숙토마토,13705.0,23.2,0.8,6,15951.0,14002.0,12256.766666666666,13000.0,0.054230769230769305,0,0,0,3.9000000000000283
8922,2023-06-12,토마토,완숙토마토,12707.0,22.2,0.0,6,14437.0,13313.857142857143,12236.266666666666,13705.0,-0.07282013863553449,0,0,0,3.9000000000000283
8923,2023-06-13,토마토,완숙토마토,12015.0,22.0,0.0,6,14240.0,12786.857142857143,12158.833333333334,12707.0,-0.05445817266073816,0,0,0,3.9000000000000283
8924,2023-06-14,토마토,완숙토마토,13249.0,20.6,30.6,6,14803.0,12739.142857142857,12130.466666666667,12015.0,0.10270495214315445,0,0,0,34.50000000000003
8925,2023-06-15,토마토,완숙토마토,15073.0,22.7,0.0,6,12717.0,13150.0,12189.266666666666,13249.0,0.13767076760510233,0,0,0,34.50000000000003
8926,2023-06-16,토마토,완숙토마토,16050.0,23.7,0.0,6,13733.0,13685.57142857143,12290.8,15073.0,0.0648178862867379,0,0,0,32.60000000000003
8927,2023-06-17,토마토,완숙토마토,14434.0,24.2,0.0,6,11944.0,13890.42857142857,12357.533333333333,16050.0,-0.10068535825545166,0,0,0,31.400000000000027
8928,2023-06-19,토마토,완숙토마토,12953.0,28.5,0.0,6,12340.0,13783.0,12372.666666666666,14434.0,-0.1026049605099072,0,0,0,30.60000000000003
8929,2023-06-20,토마토,완숙토마토,12108.0,24.7,6.4,6,12119.0,13697.42857142857,12340.566666666668,12953.0,-0.06523585269821663,0,0,0,37.00000000000003
8930,2023-06-21,토마토,완숙토마토,12357.0,20.5,24.9,6,11268.0,13746.285714285714,12320.0,12108.0,0.020564915758176427,0,0,0,61.90000000000003
8931,2023-06-22,토마토,완숙토마토,13453.0,22.5,0.0,6,10629.0,13775.42857142857,12356.066666666668,12357.0,0.08869466699036987,0,0,0,31.300000000000026
8932,2023-06-23,토마토,완숙토마토,12578.0,24.4,0.0,6,11453.0,13419.0,12373.733333333334,13453.0,-0.06504125473872002,0,0,0,31.300000000000026
8933,2023-06-24,토마토,완숙토마토,12855.0,26.4,0.0,6,10698.0,12962.57142857143,12414.766666666666,12578.0,0.022022579106376172,0,0,0,31.300000000000026
8934,2023-06-26,토마토,완숙토마토,11628.0,24.2,30.3,6,10634.0,12561.714285714286,12428.766666666666,12855.0,-0.09544924154025669,0,0,0,61.60000000000002
8935,2023-06-27,토마토,완숙토마토,11821.0,25.3,2.5,6,9474.0,12400.0,12451.7,11628.0,0.016597867217062356,0,0,0,64.10000000000002
8936,2023-06-28,토마토,완숙토마토,11903.0,26.5,0.0,6,10424.0,12370.714285714286,12497.333333333334,11821.0,0.006936807376702436,0,0,0,57.70000000000003
8937,2023-06-29,토마토,완숙토마토,11213.0,24.2,63.8,6,9277.0,12207.285714285714,12530.2,11903.0,-0.057968579349743754,0,0,0,96.60000000000002
8938,2023-06-30,토마토,완숙토마토,10308.0,25.3,1.0,6,10375.0,11758.0,12543.933333333332,11213.0,-0.08070989030589493,0,0,0,97.60000000000002
8939,2023-07-01,토마토,완숙토마토,10748.0,27.7,0.0,7,10051.0,11496.57142857143,12591.066666666668,10308.0,0.04268529297632906,0,0,0,97.60000000000002
8940,2023-07-03,토마토,완숙토마토,11226.0,29.1,0.0,7,11000.0,11263.857142857143,12671.833333333334,10748.0,0.04447339039821352,0,0,0,97.60000000000002
8941,2023-07-04,토마토,완숙토마토,13000.0,26.1,61.8,7,10403.0,11459.857142857143,12816.766666666666,11226.0,0.1580260110457865,0,0,0,129.10000000000002
8942,2023-07-05,토마토,완숙토마토,16012.0,24.5,15.3,7,12540.0,12058.57142857143,13055.733333333334,13000.0,0.23169230769230764,0,0,0,141.90000000000003
8943,2023-07-06,토마토,완숙토마토,20000.0,27.3,0.0,7,11018.0,13215.285714285714,13329.466666666667,16012.0,0.24906320259805148,0,0,0,141.90000000000003
8944,2023-07-07,토마토,완숙토마토,20359.0,26.7,0.0,7,11819.0,14521.857142857143,13535.466666666667,20000.0,0.01794999999999991,0,0,0,78.10000000000004
8945,2023-07-08,토마토,완숙토마토,18463.0,25.6,0.0,7,12689.0,15686.857142857143,13566.766666666666,20359.0,-0.093128346185962,0,0,0,77.10000000000004
8946,2023-07-10,토마토,완숙토마토,16870.0,26.3,11.5,7,13191.0,16561.428571428572,13605.633333333333,18463.0,-0.08628066944700208,0,0,0,88.60000000000004
8947,2023-07-11,토마토,완숙토마토,17362.0,23.5,58.3,7,11742.0,17438.0,13731.6,16870.0,0.029164196799051467,0,0,0,146.90000000000003
8948,2023-07-12,토마토,완숙토마토,18000.0,25.8,0.7,7,12664.0,18152.285714285714,13925.033333333333,17362.0,0.03674691855776979,0,0,0,85.80000000000004
8949,2023-07-13,토마토,완숙토마토,19000.0,25.2,91.6,7,12034.0,18579.14285714286,14148.333333333334,18000.0,0.05555555555555558,0,0,0,162.10000000000002
8950,2023-07-14,토마토,완숙토마토,20687.0,24.6,72.7,7,13236.0,18677.285714285714,14404.566666666668,19000.0,0.08878947368421053,0,0,0,234.80000000000004
8951,2023-07-15,토마토,완숙토마토,17187.0,24.5,2.3,7,11937.0,18224.14285714286,14520.633333333333,20687.0,-0.16918837917532747,0,0,0,237.10000000000005
8952,2023-07-17,토마토,완숙토마토,18056.0,25.5,1.4,7,13473.0,18166.0,14698.933333333332,17187.0,0.05056147087915286,0,0,0,238.50000000000003
8953,2023-07-18,토마토,완숙토마토,14165.0,25.2,2.3,7,13203.0,17779.571428571428,14770.6,18056.0,-0.21549623393885686,0,0,0,229.30000000000004
8954,2023-07-19,토마토,완숙토마토,15315.0,27.2,0.0,7,13577.0,17487.14285714286,14839.466666666667,14165.0,0.08118602188492763,0,0,0,171.00000000000006
8955,2023-07-20,토마토,완숙토마토,15702.0,27.9,0.0,7,13891.0,17158.85714285714,14860.433333333332,15315.0,0.0252693437806073,0,0,0,170.30000000000004
8956,2023-07-21,토마토,완숙토마토,15645.0,29.5,0.0,7,12773.0,16679.571428571428,14846.933333333332,15702.0,-0.003630110813909071,0,0,0,78.70000000000005
8957,2023-07-22,토마토,완숙토마토,14196.0,27.7,12.3,7,11176.0,15752.285714285714,14839.0,15645.0,-0.09261744966442953,0,0,0,18.300000000000043
8958,2023-07-24,토마토,완숙토마토,16403.0,26.9,0.4,7,11044.0,15640.285714285714,14954.0,14196.0,0.1554663285432516,0,0,0,16.40000000000004
8959,2023-07-25,토마토,완숙토마토,13202.0,27.8,5.6,7,9616.0,14946.857142857143,14990.466666666667,16403.0,-0.19514722916539662,0,0,0,20.600000000000044
8960,2023-07-26,토마토,완숙토마토,14920.0,27.6,1.0,7,9097.0,15054.714285714286,15075.9,13202.0,0.13013179821239196,0,0,0,19.300000000000043
8961,2023-07-27,토마토,완숙토마토,12524.0,28.4,0.0,7,8288.0,14656.0,15044.933333333332,14920.0,-0.16058981233243963,0,0,0,19.300000000000043
8962,2023-07-28,토마토,완숙토마토,13819.0,29.5,0.0,7,8000.0,14387.0,15086.3,12524.0,0.10340146917917603,0,0,0,19.300000000000043
8963,2023-07-29,토마토,완숙토마토,13000.0,29.1,0.0,7,7912.0,14009.142857142857,15091.133333333333,13819.0,-0.059266227657572945,0,0,0,19.300000000000043
8964,2023-07-31,토마토,완숙토마토,13289.0,28.7,0.3,7,7721.0,13879.57142857143,15146.5,13000.0,0.022230769230769276,0,0,0,7.3000000000000425
8965,2023-08-01,토마토,완숙토마토,14415.0,29.9,0.0,8,7717.0,13595.57142857143,15232.966666666667,13289.0,0.08473173301226589,0,0,0,6.900000000000042
8966,2023-08-02,토마토,완숙토마토,15286.0,29.7,0.0,8,8000.0,13893.285714285714,15345.733333333334,14415.0,0.06042317030870614,0,0,0,1.3000000000000427
8967,2023-08-03,토마토,완숙토마토,17155.0,29.5,0.0,8,10480.0,14212.57142857143,15543.8,15286.0,0.12226874264032439,0,0,0,0.3000000000000426
8968,2023-08-04,토마토,완숙토마토,30206.0,30.0,0.0,8,10524.0,16738.571428571428,16207.066666666668,17155.0,0.7607694549693966,0,0,0,0.3000000000000426
8969,2023-08-07,토마토,완숙토마토,18724.0,30.4,0.0,8,10638.0,17439.285714285714,16472.933333333334,30206.0,-0.3801231543401973,0,0,0,0.3000000000000426
8970,2023-08-08,토마토,완숙토마토,16951.0,30.9,0.0,8,10411.0,18003.714285714286,16663.766666666666,18724.0,-0.09469130527665026,0,0,0,0.3000000000000426
8971,2023-08-09,토마토,완숙토마토,16573.0,28.3,0.2,8,9830.0,18472.85714285714,16782.866666666665,16951.0,-0.022299569346941217,0,0,0,0.20000000000004264
8972,2023-08-10,토마토,완숙토마토,18113.0,22.2,86.1,8,11143.0,19001.14285714286,16852.9,16573.0,0.09292222289265673,0,0,0,86.30000000000004
8973,2023-08-11,토마토,완숙토마토,18822.0,23.5,46.7,8,10327.0,19506.285714285714,16813.633333333335,18113.0,0.0391431568486722,0,0,0,133.00000000000006
8974,2023-08-12,토마토,완숙토마토,16585.0,23.3,1.5,8,10958.0,19424.85714285714,16687.833333333332,18822.0,-0.1188502815853788,0,0,0,134.50000000000006
8975,2023-08-14,토마토,완숙토마토,18239.0,28.1,0.0,8,11657.0,17715.285714285714,16680.366666666665,16585.0,0.09972867048537837,0,0,0,134.50000000000006
8976,2023-08-15,토마토,완숙토마토,17313.0,28.6,0.0,8,11226.0,17513.714285714286,16695.133333333335,18239.0,-0.050770327320576736,0,0,0,134.50000000000006
8977,2023-08-16,토마토,완숙토마토,17874.0,27.3,0.3,8,11224.0,17645.571428571428,16712.2,17313.0,0.03240339629180378,0,0,0,134.80000000000004
8978,2023-08-17,토마토,완숙토마토,18634.0,28.2,0.0,8,11004.0,17940.0,16733.333333333332,17874.0,0.042519861250979174,0,0,0,134.60000000000005
8979,2023-08-18,토마토,완숙토마토,20798.0,29.1,0.1,8,10310.0,18323.571428571428,16793.266666666666,18634.0,0.1161318020822153,0,0,0,48.600000000000044
8980,2023-08-19,토마토,완숙토마토,30000.0,29.1,0.0,8,10370.0,19920.428571428572,17103.7,20798.0,0.44244638907587275,0,0,0,1.9000000000000425
8981,2023-08-21,토마토,완숙토마토,23268.0,29.5,0.0,8,10185.0,20875.14285714286,17306.4,30000.0,-0.22440000000000004,0,0,0,0.40000000000004265
8982,2023-08-22,토마토,완숙토마토,23369.0,27.6,42.6,8,11845.0,21608.0,17483.5,23268.0,0.004340725459859085,0,0,0,43.00000000000004
8983,2023-08-23,토마토,완숙토마토,26343.0,24.8,41.8,8,10891.0,22898.0,17889.433333333334,23369.0,0.12726261286319485,0,0,0,84.80000000000004
8984,2023-08-24,토마토,완숙토마토,30455.0,25.1,5.2,8,12290.0,24695.285714285714,18394.1,26343.0,0.15609459818547622,0,0,0,89.70000000000005
8985,2023-08-25,토마토,완숙토마토,31292.0,26.5,0.0,8,11741.0,26503.571428571428,18913.766666666666,30455.0,0.027483171892956904,0,0,0,89.70000000000005
8986,2023-08-26,토마토,완숙토마토,30640.0,26.4,0.0,8,11911.0,27909.571428571428,19413.6,31292.0,-0.020835996420810465,0,0,0,89.60000000000004
8987,2023-08-28,토마토,완숙토마토,23275.0,22.7,10.4,8,12479.0,26948.85714285714,19716.233333333334,30640.0,-0.24037206266318534,0,0,0,100.00000000000003
8988,2023-08-29,토마토,완숙토마토,30562.0,23.9,54.8,8,11004.0,27990.85714285714,20188.2,23275.0,0.3130827067669173,0,0,0,154.80000000000004
8989,2023-08-30,토마토,완숙토마토,32181.0,22.8,3.5,8,9312.0,29249.714285714286,20820.833333333332,30562.0,0.05297428178784114,0,0,0,115.70000000000005
8990,2023-08-31,토마토,완숙토마토,38684.0,23.9,0.0,8,9565.0,31012.714285714286,21612.966666666667,32181.0,0.20207575898822294,0,0,0,73.90000000000003
8991,2023-09-01,토마토,완숙토마토,38051.0,24.5,0.0,9,9659.0,32097.85714285714,22463.866666666665,38684.0,-0.01636335435839109,0,1,0,68.70000000000005
8992,2023-09-02,토마토,완숙토마토,39117.0,25.4,0.0,9,8514.0,33215.71428571428,23307.133333333335,38051.0,0.028015032456440103,0,1,0,68.70000000000005
8993,2023-09-04,토마토,완숙토마토,38099.0,27.0,0.3,9,6388.0,34281.28571428572,24143.766666666666,39117.0,-0.026024490630672137,0,1,0,69.00000000000004
8994,2023-09-05,토마토,완숙토마토,38809.0,28.5,0.0,9,7584.0,36500.42857142857,24994.433333333334,38099.0,0.018635659728601706,0,1,0,58.60000000000004
8995,2023-09-06,토마토,완숙토마토,39422.0,27.9,0.0,9,6393.0,37766.142857142855,25828.0,38809.0,0.015795305212708444,0,1,0,3.8000000000000425
8996,2023-09-07,토마토,완숙토마토,37474.0,26.3,0.0,9,6114.0,38522.28571428572,26567.6,39422.0,-0.049414032773578254,0,1,0,0.3000000000000426
8997,2023-09-08,토마토,완숙토마토,38428.0,25.3,0.0,9,6870.0,38485.71428571428,27276.7,37474.0,0.025457650637775497,0,1,0,0.3000000000000426
8998,2023-09-09,토마토,완숙토마토,39549.0,25.8,0.0,9,8234.0,38699.71428571428,27588.133333333335,38428.0,0.02917143749349438,0,1,0,0.3000000000000426
8999,2023-09-11,토마토,완숙토마토,32228.0,25.5,0.0,9,8433.0,37715.57142857143,28038.266666666666,39549.0,-0.1851121393714127,0,1,0,0.3000000000000426
9000,2023-09-12,토마토,완숙토마토,32497.0,25.7,0.0,9,8506.0,36915.28571428572,28556.466666666667,32228.0,0.008346779198212806,0,1,0,0.0
9001,2023-09-13,토마토,완숙토마토,29830.0,22.1,15.9,9,11008.0,35632.57142857143,28998.366666666665,32497.0,-0.08206911407206818,0,1,0,15.900000000000043
9002,2023-09-14,토마토,완숙토마토,25766.0,23.4,0.0,9,15591.0,33681.71428571428,29253.466666666667,29830.0,-0.1362386858866913,0,1,0,15.900000000000043
9003,2023-09-15,토마토,완숙토마토,26819.0,22.3,2.1,9,17522.0,32159.571428571428,29520.033333333333,25766.0,0.040867810292633644,0,1,0,18.000000000000043
9004,2023-09-16,토마토,완숙토마토,28617.0,23.9,38.7,9,15587.0,30758.0,29921.1,26819.0,0.06704202244677271,0,1,0,56.700000000000045
9005,2023-09-18,토마토,완숙토마토,30456.0,24.7,0.0,9,18023.0,29459.0,30328.333333333332,28617.0,0.06426250131040989,0,1,0,56.700000000000045
9006,2023-09-19,토마토,완숙토마토,31427.0,24.1,0.0,9,17111.0,29344.571428571428,30798.8,30456.0,0.031882059364328974,0,1,0,56.700000000000045
9007,2023-09-20,토마토,완숙토마토,36270.0,20.6,35.8,9,18562.0,29883.571428571428,31412.0,31427.0,0.15410315970343968,0,1,0,92.50000000000004
9008,2023-09-21,토마토,완숙토마토,42572.0,20.1,0.0,9,24679.0,31703.85714285714,32209.933333333334,36270.0,0.17375241246208994,0,1,0,76.60000000000004
9009,2023-09-22,토마토,완숙토마토,63000.0,20.5,0.0,9,26508.0,37023.0,33616.666666666664,42572.0,0.47984590810861594,0,1,0,76.60000000000004
9010,2023-09-23,토마토,완숙토마토,66272.0,21.8,0.0,9,24932.0,42659.142857142855,34825.73333333333,63000.0,0.05193650793650795,0,1,0,74.50000000000004
9011,2023-09-25,토마토,완숙토마토,46032.0,21.6,1.9,9,24000.0,45147.0,35584.53333333333,66272.0,-0.30540801545147267,0,1,0,37.70000000000004
9012,2023-09-26,토마토,완숙토마토,35125.0,19.9,27.8,9,28604.0,45814.0,35976.4,46032.0,-0.23694386513729582,0,1,0,65.50000000000004
9013,2023-09-27,토마토,완숙토마토,26001.0,21.5,4.4,9,39703.0,45038.857142857145,35965.0,35125.0,-0.2597580071174377,0,1,0,69.90000000000003
9014,2023-09-28,토마토,완숙토마토,19713.0,22.7,0.0,9,45885.0,42673.57142857143,35606.933333333334,26001.0,-0.24183685242875275,0,1,0,34.100000000000044
9015,2023-10-02,토마토,완숙토마토,19242.0,18.2,0.0,10,40335.0,39340.71428571428,35205.26666666667,19713.0,-0.023892862577994167,0,1,0,34.100000000000044
9016,2023-10-03,토마토,완숙토마토,21505.0,17.5,0.0,10,25613.0,33412.857142857145,34900.76666666667,19242.0,0.11760731732668117,0,1,0,34.100000000000044
9017,2023-10-04,토마토,완숙토마토,23342.0,17.3,14.7,10,24711.0,27280.0,34903.0,21505.0,0.08542199488491042,0,1,0,48.80000000000004
9018,2023-10-05,토마토,완숙토마토,26417.0,14.2,0.0,10,20248.0,24477.85714285714,34764.833333333336,23342.0,0.1317367834804215,0,1,0,46.90000000000004
9019,2023-10-06,토마토,완숙토마토,27230.0,15.5,0.0,10,23360.0,23350.0,34599.8,26417.0,0.030775636900480796,0,1,0,19.100000000000044
9020,2023-10-07,토마토,완숙토마토,31040.0,16.8,0.0,10,32016.0,24069.85714285714,34345.0,27230.0,0.139919206757253,0,1,0,14.700000000000042
9021,2023-10-09,토마토,완숙토마토,29155.0,17.4,1.2,10,24276.0,25418.714285714286,34048.46666666667,31040.0,-0.060728092783505105,0,1,0,15.900000000000041
9022,2023-10-10,토마토,완숙토마토,29928.0,17.1,0.0,10,20328.0,26945.285714285714,33742.166666666664,29155.0,0.026513462527868237,0,1,0,15.900000000000041
9023,2023-10-11,토마토,완숙토마토,29331.0,17.6,0.0,10,20612.0,28063.285714285714,33449.9,29928.0,-0.019947874899759466,0,1,0,15.900000000000041
9024,2023-10-12,토마토,완숙토마토,36935.0,17.5,0.0,10,17937.0,30005.14285714286,33387.433333333334,29331.0,0.2592478947188981,0,1,0,1.2000000000000426
9025,2023-10-13,토마토,완숙토마토,47581.0,17.5,0.0,10,15156.0,33028.57142857143,33659.4,36935.0,0.28823609042913234,0,1,0,1.2000000000000426
9026,2023-10-14,토마토,완숙토마토,80451.0,14.7,5.8,10,16451.0,40631.57142857143,35091.96666666667,47581.0,0.6908219667514344,0,1,0,7.000000000000043
9027,2023-10-16,토마토,완숙토마토,75332.0,14.7,0.0,10,16451.0,46959.0,36322.1,80451.0,-0.06362879268125943,0,1,0,7.000000000000043
9028,2023-10-17,토마토,완숙토마토,75582.0,13.8,0.0,10,16406.0,53591.42857142857,37523.2,75332.0,0.0033186428078373353,0,1,0,5.8000000000000425
9029,2023-10-18,토마토,완숙토마토,58395.0,15.7,0.0,10,15981.0,57658.142857142855,38395.433333333334,75582.0,-0.2273954116059379,0,1,0,5.8000000000000425
9030,2023-10-19,토마토,완숙토마토,53674.0,17.0,8.2,10,16233.0,61135.71428571428,39101.333333333336,58395.0,-0.08084596283928414,0,1,0,14.000000000000043
9031,2023-10-20,토마토,완숙토마토,53867.0,11.6,0.0,10,16000.0,63554.57142857143,39902.566666666666,53674.0,0.0035957819428400484,0,1,0,14.000000000000043
9032,2023-10-21,토마토,완숙토마토,49944.0,10.4,1.1,10,15643.0,63892.142857142855,40708.5,53867.0,-0.07282751963168543,0,1,0,15.100000000000042
9033,2023-10-23,토마토,완숙토마토,41809.0,15.2,0.0,10,13390.0,58371.857142857145,41208.166666666664,49944.0,-0.1628824283197181,0,1,0,9.300000000000043
9034,2023-10-24,토마토,완숙토마토,30024.0,15.6,0.0,10,12589.0,51899.28571428572,41255.066666666666,41809.0,-0.28187710779975605,0,1,0,9.300000000000043
9035,2023-10-25,토마토,완숙토마토,30407.0,16.6,0.0,10,11690.0,45445.71428571428,41253.433333333334,30024.0,0.012756461497468674,0,1,0,9.300000000000043
9036,2023-10-26,토마토,완숙토마토,32540.0,17.2,0.0,10,11997.0,41752.142857142855,41290.53333333333,30407.0,0.0701483211102707,0,1,0,9.300000000000043
9037,2023-10-27,토마토,완숙토마토,28750.0,15.7,0.0,10,11863.0,38191.57142857143,41039.86666666667,32540.0,-0.11647203441917642,0,1,0,1.1000000000000445
9038,2023-10-28,토마토,완숙토마토,27602.0,14.2,0.0,10,13528.0,34439.42857142857,40540.86666666667,28750.0,-0.039930434782608715,0,1,0,1.1000000000000445
9039,2023-10-30,토마토,완숙토마토,26379.0,15.1,0.0,10,14599.0,31073.0,39320.166666666664,27602.0,-0.04430838345047461,0,1,0,0.0
9040,2023-10-31,토마토,완숙토마토,25000.0,16.5,0.0,10,13863.0,28671.714285714286,37944.433333333334,26379.0,-0.05227643201031118,0,1,0,0.0
9041,2023-11-01,토마토,완숙토마토,23300.0,19.0,0.0,11,15000.0,27711.14285714286,37186.7,25000.0,-0.06799999999999995,0,0,0,0.0
9042,2023-11-02,토마토,완숙토마토,23228.0,20.8,0.0,11,16716.0,26685.571428571428,36790.13333333333,23300.0,-0.0030901287553648515,0,0,0,0.0
9043,2023-11-03,토마토,완숙토마토,17128.0,19.5,8.5,11,21653.0,24483.85714285714,36494.36666666667,23228.0,-0.26261408644739104,0,0,0,8.500000000000044
9044,2023-11-06,토마토,완숙토마토,16385.0,13.3,45.8,11,28035.0,22717.428571428572,36383.433333333334,17128.0,-0.04337926202709019,0,0,0,54.30000000000004
9045,2023-11-07,토마토,완숙토마토,19000.0,5.8,0.0,11,35924.0,21488.571428571428,36375.36666666667,16385.0,0.1595971925541655,0,0,0,54.30000000000004
9046,2023-11-08,토마토,완숙토마토,21593.0,8.4,0.0,11,28818.0,20804.85714285714,36378.3,19000.0,0.1364736842105263,0,0,0,54.30000000000004
9047,2023-11-09,토마토,완숙토마토,22072.0,11.4,5.1,11,26617.0,20386.571428571428,36335.96666666667,21593.0,0.02218311489834668,0,0,0,59.40000000000004
9048,2023-11-10,토마토,완숙토마토,22980.0,3.4,0.0,11,26122.0,20340.85714285714,36221.4,22072.0,0.04113809351214215,0,0,0,59.40000000000004
9049,2023-11-11,토마토,완숙토마토,21460.0,1.7,0.0,11,26129.0,20088.285714285714,36029.066666666666,22980.0,-0.06614447345517838,0,0,0,59.40000000000004
9050,2023-11-13,토마토,완숙토마토,18665.0,2.0,0.0,11,27930.0,20307.85714285714,35616.566666666666,21460.0,-0.1302423112767941,0,0,0,50.90000000000004
9051,2023-11-14,토마토,완숙토마토,18163.0,5.0,0.0,11,34235.0,20561.85714285714,35250.166666666664,18665.0,-0.026895258505223674,0,0,0,5.100000000000042
9052,2023-11-15,토마토,완숙토마토,18000.0,7.0,0.0,11,29740.0,20419.0,34852.566666666666,18163.0,-0.008974288388482132,0,0,0,5.100000000000042
9053,2023-11-16,토마토,완숙토마토,16981.0,6.6,8.4,11,25070.0,19760.14285714286,34440.9,18000.0,-0.05661111111111106,0,0,0,13.500000000000043
9054,2023-11-17,토마토,완숙토마토,17321.0,1.6,0.0,11,24472.0,19081.428571428572,33787.1,16981.0,0.020022377951828485,0,0,0,8.400000000000043
9055,2023-11-18,토마토,완숙토마토,17283.0,0.6,0.0,11,20868.0,18267.571428571428,32777.166666666664,17321.0,-0.0021938687142775137,0,0,0,8.400000000000043
9056,2023-11-20,토마토,완숙토마토,18000.0,6.2,0.0,11,11662.0,17773.285714285714,30695.466666666667,17283.0,0.04148585315049469,0,0,0,8.400000000000043
9057,2023-11-21,토마토,완숙토마토,17640.0,7.4,0.0,11,13260.0,17626.85714285714,28772.4,18000.0,-0.020000000000000018,0,0,0,8.400000000000043
9058,2023-11-22,토마토,완숙토마토,18158.0,9.5,0.0,11,17911.0,17626.14285714286,26858.266666666666,17640.0,0.02936507936507926,0,0,0,8.400000000000043
9059,2023-11-23,토마토,완숙토마토,18000.0,9.9,0.1,11,19807.0,17626.14285714286,25511.766666666666,18158.0,-0.008701398832470564,0,0,0,8.500000000000043
9060,2023-11-24,토마토,완숙토마토,18075.0,-1.5,0.0,11,20640.0,17782.428571428572,24325.133333333335,18000.0,0.004166666666666652,0,0,0,0.10000000000004264
9061,2023-11-25,토마토,완숙토마토,21652.0,-1.3,0.0,11,18070.0,18401.14285714286,23251.3,18075.0,0.19789764868603044,0,0,0,0.10000000000004264
9062,2023-11-27,토마토,완숙토마토,22783.0,6.2,3.6,11,20084.0,19186.85714285714,22345.933333333334,21652.0,0.05223535932015522,0,0,0,3.700000000000043
9063,2023-11-28,토마토,완숙토마토,22000.0,1.3,0.0,11,19781.0,19758.285714285714,21685.633333333335,22783.0,-0.03436773032524254,0,0,0,3.700000000000043
9064,2023-11-29,토마토,완숙토마토,24803.0,-1.4,0.0,11,25000.0,20781.571428571428,21511.6,22000.0,0.1274090909090908,0,0,0,3.700000000000043
9065,2023-11-30,토마토,완숙토마토,28000.0,-4.3,0.0,11,25490.0,22187.571428571428,21431.366666666665,24803.0,0.12889569810103607,0,0,0,3.700000000000043
9066,2023-12-01,토마토,완숙토마토,25271.0,-3.2,0.0,12,27722.0,23226.285714285714,21189.066666666666,28000.0,-0.09746428571428567,0,0,0,3.6000000000000427
9067,2023-12-02,토마토,완숙토마토,25271.0,2.0,0.0,12,22292.0,24254.285714285714,21073.1,25271.0,0.0,0,0,0,3.6000000000000427
9068,2023-12-04,토마토,완숙토마토,23000.0,2.7,0.0,12,24974.0,24446.85714285714,20919.7,25271.0,-0.08986585414111037,0,0,0,3.6000000000000427
9069,2023-12-05,토마토,완숙토마토,21087.0,6.8,0.0,12,24212.0,24204.571428571428,20743.3,23000.0,-0.08317391304347821,0,0,0,0.0
9070,2023-12-06,토마토,완숙토마토,21253.0,6.1,3.8,12,33675.0,24097.85714285714,20618.4,21087.0,0.007872148717219085,0,0,0,3.8000000000000425
9071,2023-12-07,토마토,완숙토마토,22261.0,6.6,0.0,12,45111.0,23734.714285714286,20583.766666666666,21253.0,0.04742859831553203,0,0,0,3.8000000000000425
9072,2023-12-08,토마토,완숙토마토,19220.0,11.2,0.0,12,45643.0,22480.428571428572,20450.166666666668,22261.0,-0.13660662144557745,0,0,0,3.8000000000000425
9073,2023-12-09,토마토,완숙토마토,18200.0,13.7,0.0,12,45352.0,21470.285714285714,20485.9,19220.0,-0.05306971904266389,0,0,0,3.8000000000000425
9074,2023-12-11,토마토,완숙토마토,18712.0,8.9,11.4,12,45775.0,20533.285714285714,20563.466666666667,18200.0,0.028131868131868076,0,0,0,15.200000000000042
9075,2023-12-12,토마토,완숙토마토,18072.0,5.4,0.4,12,44809.0,19829.285714285714,20532.533333333333,18712.0,-0.034202650705429716,0,0,0,15.600000000000044
9076,2023-12-13,토마토,완숙토마토,19585.0,6.8,0.0,12,46261.0,19614.714285714286,20465.6,18072.0,0.08372067286409912,0,0,0,15.600000000000044
9077,2023-12-14,토마토,완숙토마토,19340.0,7.6,17.0,12,36771.0,19341.428571428572,20374.533333333333,19585.0,-0.012509573653306072,0,0,0,28.800000000000043
9078,2023-12-15,토마토,완숙토마토,20094.0,4.9,31.1,12,37509.0,19031.85714285714,20278.333333333332,19340.0,0.03898655635987591,0,0,0,59.90000000000005
9079,2023-12-16,토마토,완숙토마토,20000.0,-4.1,1.5,12,28713.0,19143.285714285714,20229.666666666668,20094.0,-0.004678013337314657,0,0,0,61.40000000000005
9080,2023-12-18,토마토,완숙토마토,23377.0,-7.7,0.0,12,23000.0,19882.85714285714,20386.733333333334,20000.0,0.16884999999999994,0,0,0,61.40000000000005
9081,2023-12-19,토마토,완숙토마토,22282.0,-3.7,0.3,12,17981.0,20392.85714285714,20524.033333333333,23377.0,-0.04684091200752871,0,0,0,50.30000000000005
9082,2023-12-20,토마토,완숙토마토,23037.0,-7.4,0.8,12,19837.0,21102.14285714286,20691.933333333334,22282.0,0.033883852436944695,0,0,0,50.700000000000045
9083,2023-12-21,토마토,완숙토마토,24000.0,-11.7,0.0,12,18148.0,21732.85714285714,20925.9,23037.0,0.04180231801015766,0,0,0,50.700000000000045
9084,2023-12-22,토마토,완숙토마토,21936.0,-11.6,0.0,12,20363.0,22103.714285714286,21079.733333333334,24000.0,-0.08599999999999997,0,0,0,33.700000000000045
9085,2023-12-23,토마토,완숙토마토,23711.0,-6.8,0.0,12,24215.0,22620.428571428572,21294.0,21936.0,0.08091721371261862,0,0,0,2.6000000000000463
9086,2023-12-25,토마토,완숙토마토,21773.0,-0.7,0.7,12,24399.0,22873.714285714286,21419.766666666666,23711.0,-0.08173421618658006,0,0,0,1.8000000000000462
9087,2023-12-26,토마토,완숙토마토,21034.0,1.9,0.0,12,27690.0,22539.0,21532.9,21773.0,-0.03394111973545222,0,0,0,1.8000000000000462
9088,2023-12-27,토마토,완숙토마토,22046.0,1.5,0.0,12,26721.0,22505.285714285714,21662.5,21034.0,0.048112579632975105,0,0,0,1.5000000000000462
9089,2023-12-28,토마토,완숙토마토,23118.0,1.2,0.0,12,23089.0,22516.85714285714,21833.1,22046.0,0.048625601016057285,0,0,0,0.7000000000000461
9090,2023-12-29,토마토,완숙토마토,20017.0,1.3,0.0,12,23248.0,21947.85714285714,21897.833333333332,23118.0,-0.13413790120252622,0,0,0,0.7000000000000461
9091,2023-12-30,토마토,완숙토마토,21053.0,0.6,13.1,12,18429.0,21821.714285714286,21877.866666666665,20017.0,0.05175600739371533,0,0,0,13.800000000000045
9092,2024-01-03,토마토,완숙토마토,18772.0,1.8,0.6,1,18755.0,21116.14285714286,21744.166666666668,21053.0,-0.10834560395193082,0,0,0,14.400000000000045
9093,2024-01-04,토마토,완숙토마토,19000.0,1.4,0.0,1,18398.0,20720.0,21644.166666666668,18772.0,0.012145748987854255,0,0,0,13.700000000000045
9094,2024-01-05,토마토,완숙토마토,19000.0,5.0,0.0,1,17098.0,20429.428571428572,21450.733333333334,19000.0,0.0,0,0,0,13.700000000000045
9095,2024-01-06,토마토,완숙토마토,18504.0,0.7,2.4,1,16778.0,19923.428571428572,21134.2,19000.0,-0.026105263157894742,0,0,0,16.100000000000044
9096,2024-01-08,토마토,완숙토마토,19000.0,-4.7,0.0,1,17810.0,19335.14285714286,20925.166666666668,18504.0,0.026805015131863286,0,0,0,16.100000000000044
9097,2024-01-09,토마토,완숙토마토,19086.0,-0.6,1.6,1,17248.0,19202.14285714286,20719.0,19000.0,0.004526315789473712,0,0,0,17.700000000000045
9098,2024-01-10,토마토,완숙토마토,19046.0,-1.0,0.0,1,16869.0,18915.428571428572,20587.2,19086.0,-0.002095777009326172,0,0,0,4.600000000000046
9099,2024-01-11,토마토,완숙토마토,21157.0,1.7,0.0,1,17000.0,19256.14285714286,20589.533333333333,19046.0,0.11083692113829668,0,0,0,4.000000000000046
9100,2024-01-12,토마토,완숙토마토,21246.0,0.9,0.0,1,16386.0,19577.0,20589.3,21157.0,0.004206645554662769,0,0,0,4.000000000000046
9101,2024-01-13,토마토,완숙토마토,24408.0,0.4,0.0,1,15918.0,20349.571428571428,20660.866666666665,21246.0,0.1488280146851173,0,0,0,4.000000000000046
9102,2024-01-15,토마토,완숙토마토,27182.0,-3.7,0.0,1,16390.0,21589.285714285714,20926.266666666666,24408.0,0.11365126188135033,0,0,0,1.6000000000000463
9103,2024-01-16,토마토,완숙토마토,27204.0,-2.1,0.0,1,15052.0,22761.285714285714,21226.4,27182.0,0.0008093591347215767,0,0,0,1.6000000000000463
9104,2024-01-17,토마토,완숙토마토,28898.0,0.6,9.7,1,16000.0,24163.0,21565.933333333334,27204.0,0.06227025437435674,0,0,0,9.700000000000045
9105,2024-01-18,토마토,완숙토마토,30148.0,4.5,0.5,1,16000.0,25749.0,21968.466666666667,28898.0,0.043255588622050034,0,0,0,10.200000000000045
9106,2024-01-19,토마토,완숙토마토,30549.0,5.4,0.0,1,16059.0,27090.714285714286,22333.933333333334,30148.0,0.013301048162398743,0,0,0,10.200000000000045
9107,2024-01-20,토마토,완숙토마토,29565.0,3.4,0.4,1,16826.0,28279.14285714286,22674.766666666666,30549.0,-0.03221054699008152,0,0,0,10.600000000000046
9108,2024-01-22,토마토,완숙토마토,36219.0,-8.7,0.2,1,19382.0,29966.428571428572,23212.266666666666,29565.0,0.22506341958396758,0,0,0,10.800000000000045
9109,2024-01-23,토마토,완숙토마토,36127.0,-11.7,0.0,1,16474.0,31244.285714285714,23749.833333333332,36219.0,-0.0025401032607195173,0,0,0,10.800000000000045
9110,2024-01-24,토마토,완숙토마토,33264.0,-8.0,0.0,1,16939.0,32110.0,24079.4,36127.0,-0.07924820771168373,0,0,0,10.800000000000045
9111,2024-01-25,토마토,완숙토마토,35256.0,-5.3,0.0,1,17383.0,33018.28571428572,24511.866666666665,33264.0,0.059884559884559874,0,0,0,1.1000000000000463
9112,2024-01-26,토마토,완숙토마토,35000.0,-1.7,0.0,1,17403.0,33711.42857142857,24910.633333333335,35256.0,-0.007261175402768272,0,0,0,0.6000000000000463
9113,2024-01-27,토마토,완숙토마토,33425.0,-0.5,0.0,1,19223.0,34122.28571428572,25224.8,35000.0,-0.04500000000000004,0,0,0,0.6000000000000463
9114,2024-01-29,토마토,완숙토마토,34820.0,-0.4,0.0,1,19552.0,34873.0,25654.266666666666,33425.0,0.041735228122662615,0,0,0,0.2000000000000462
9115,2024-01-30,토마토,완숙토마토,33405.0,1.4,0.0,1,15451.0,34471.0,25977.4,34820.0,-0.04063756461803558,0,0,0,0.0
9116,2024-01-31,토마토,완숙토마토,34498.0,4.7,0.0,1,17922.0,34238.28571428572,26401.566666666666,33405.0,0.03271965274659472,0,0,0,0.0
9117,2024-02-01,토마토,완숙토마토,32956.0,2.4,0.0,2,14270.0,34194.28571428572,26798.966666666667,34498.0,-0.04469824337642758,0,0,0,0.0
9118,2024-02-02,토마토,완숙토마토,33426.0,3.1,0.0,2,11332.0,33932.857142857145,27178.3,32956.0,0.014261439495084405,0,0,0,0.0
9119,2024-02-03,토마토,완숙토마토,35456.0,4.7,0.0,2,12271.0,33998.0,27589.566666666666,33426.0,0.0607311673547537,0,0,0,0.0
9120,2024-02-05,토마토,완숙토마토,36812.0,2.7,3.9,2,11951.0,34481.857142857145,28149.4,35456.0,0.038244584837545226,0,0,0,3.900000000000046
9121,2024-02-06,토마토,완숙토마토,34568.0,1.2,0.2,2,9166.0,34445.857142857145,28599.9,36812.0,-0.060958383135933936,0,0,0,4.100000000000046
9122,2024-02-07,토마토,완숙토마토,32754.0,0.6,0.0,2,11000.0,34352.857142857145,29065.966666666667,34568.0,-0.0524762786392039,0,0,0,4.100000000000046
9123,2024-02-08,토마토,완숙토마토,30097.0,0.6,0.0,2,7719.0,33724.142857142855,29435.866666666665,32754.0,-0.0811198632228125,0,0,0,4.100000000000046
9124,2024-02-09,토마토,완숙토마토,25184.0,1.1,0.0,2,8695.0,32613.85714285714,29642.0,30097.0,-0.16323886101604812,0,0,0,4.100000000000046
9125,2024-02-13,토마토,완숙토마토,24523.0,8.2,0.0,2,9000.0,31342.0,29842.633333333335,25184.0,-0.02624682337992379,0,0,0,4.100000000000046
9126,2024-02-14,토마토,완숙토마토,24281.0,12.9,0.0,2,10346.0,29745.571428571428,30018.666666666668,24523.0,-0.009868286914325286,0,0,0,4.100000000000046
9127,2024-02-15,토마토,완숙토마토,26860.0,4.5,10.9,2,6201.0,28323.85714285714,30277.8,24281.0,0.10621473580165564,0,0,0,11.100000000000046
9128,2024-02-16,토마토,완숙토마토,26763.0,2.3,0.0,2,10000.0,27208.85714285714,30535.033333333333,26860.0,-0.0036113179448994392,0,0,0,10.900000000000047
9129,2024-02-17,토마토,완숙토마토,26629.0,4.4,0.0,2,9760.0,26333.85714285714,30717.433333333334,26763.0,-0.005006912528490837,0,0,0,10.900000000000047
9130,2024-02-19,토마토,완숙토마토,27462.0,9.1,8.9,2,10826.0,25957.428571428572,30924.633333333335,26629.0,0.031281685380600166,0,0,0,19.800000000000047
9131,2024-02-20,토마토,완숙토마토,28071.0,4.3,2.6,2,12927.0,26369.85714285714,31046.733333333334,27462.0,0.022176097880707957,0,0,0,22.40000000000005
9132,2024-02-21,토마토,완숙토마토,28656.0,1.9,17.8,2,10517.0,26960.285714285714,31095.866666666665,28071.0,0.020840012824623333,0,0,0,40.200000000000045
9133,2024-02-22,토마토,완숙토마토,30249.0,0.2,8.8,2,9733.0,27812.85714285714,31197.366666666665,28656.0,0.05559045226130643,0,0,0,49.00000000000005
9134,2024-02-23,토마토,완숙토마토,33204.0,1.8,0.4,2,11310.0,28719.14285714286,31340.9,30249.0,0.09768917980759695,0,0,0,38.50000000000005
9135,2024-02-24,토마토,완숙토마토,33326.0,2.0,2.3,2,10060.0,29656.714285714286,31446.833333333332,33204.0,0.003674256113721297,0,0,0,40.800000000000054
9136,2024-02-26,토마토,완숙토마토,36772.0,3.8,0.0,2,9833.0,31105.714285714286,31654.266666666666,33326.0,0.10340274860469312,0,0,0,40.800000000000054
9137,2024-02-27,토마토,완숙토마토,36206.0,5.3,0.0,2,9559.0,32354.85714285714,31875.633333333335,36772.0,-0.01539214619819429,0,0,0,31.90000000000005
9138,2024-02-28,토마토,완숙토마토,37106.0,6.4,0.0,2,11000.0,33645.57142857143,31905.2,36206.0,0.024857758382588413,0,0,0,29.300000000000047
9139,2024-02-29,토마토,완숙토마토,37928.0,4.8,0.0,2,8472.0,34970.142857142855,31965.233333333334,37106.0,0.02215275157656449,0,0,0,11.500000000000046
9140,2024-03-01,토마토,완숙토마토,34455.0,-4.1,0.0,3,12223.0,35571.0,32004.933333333334,37928.0,-0.09156823454967311,0,0,1,2.700000000000046
9141,2024-03-02,토마토,완숙토마토,34455.0,-0.5,0.0,3,8760.0,35749.71428571428,31978.233333333334,34455.0,0.0,0,0,1,2.300000000000046
9142,2024-03-04,토마토,완숙토마토,35914.0,5.4,0.0,3,9183.0,36119.42857142857,32008.7,34455.0,0.04234508779567547,0,0,1,0.0
9143,2024-03-05,토마토,완숙토마토,32677.0,8.0,0.0,3,8551.0,35534.42857142857,31983.766666666666,35914.0,-0.09013198195689698,0,0,1,0.0
9144,2024-03-06,토마토,완숙토마토,33350.0,6.2,0.0,3,10461.0,35126.42857142857,31934.766666666666,32677.0,0.020595525905070744,0,0,1,0.0
9145,2024-03-07,토마토,완숙토마토,33703.0,3.9,2.1,3,8848.0,34640.28571428572,31944.7,33350.0,0.010584707646176916,0,0,1,2.1000000000000463
9146,2024-03-08,토마토,완숙토마토,31418.0,2.1,0.0,3,9665.0,33710.28571428572,31842.033333333333,33703.0,-0.06779811886182241,0,0,1,2.1000000000000463
9147,2024-03-09,토마토,완숙토마토,29035.0,2.0,0.0,3,9887.0,32936.0,31711.333333333332,31418.0,-0.07584823986249922,0,0,1,2.1000000000000463
9148,2024-03-11,토마토,완숙토마토,30672.0,6.2,0.0,3,9765.0,32395.571428571428,31619.533333333333,29035.0,0.056380230755984195,0,0,1,2.1000000000000463
9149,2024-03-12,토마토,완숙토마토,28843.0,6.6,2.1,3,10371.0,31385.428571428572,31399.1,30672.0,-0.05963093375065209,0,0,1,4.200000000000046
9150,2024-03-13,토마토,완숙토마토,30012.0,6.5,0.0,3,11622.0,31004.714285714286,31172.433333333334,28843.0,0.04052976458759483,0,0,1,4.200000000000046
9151,2024-03-14,토마토,완숙토마토,29092.0,8.5,0.0,3,10230.0,30396.428571428572,30989.9,30012.0,-0.030654404904704835,0,0,1,4.200000000000046
9152,2024-03-15,토마토,완숙토마토,30719.0,8.9,0.0,3,11682.0,29970.14285714286,30922.066666666666,29092.0,0.05592602777395839,0,0,1,2.1000000000000463
9153,2024-03-16,토마토,완숙토마토,28587.0,10.9,0.0,3,10126.0,29565.714285714286,30871.733333333334,30719.0,-0.06940330088870084,0,0,1,2.1000000000000463
9154,2024-03-18,토마토,완숙토마토,28959.0,7.1,0.0,3,10075.0,29554.85714285714,30997.566666666666,28587.0,0.013012907965159082,0,0,1,2.1000000000000463
9155,2024-03-19,토마토,완숙토마토,29401.0,6.7,0.2,3,10773.0,29373.285714285714,31160.166666666668,28959.0,0.01526295797506827,0,0,1,2.3000000000000465
9156,2024-03-20,토마토,완숙토마토,29706.0,4.4,0.0,3,11245.0,29496.571428571428,31341.0,29401.0,0.01037379680963224,0,0,1,0.2000000000000462
9157,2024-03-21,토마토,완숙토마토,30266.0,5.0,0.0,3,12659.0,29532.85714285714,31454.533333333333,29706.0,0.018851410489463483,0,0,1,0.2000000000000462
9158,2024-03-22,토마토,완숙토마토,30525.0,10.4,5.4,3,12379.0,29737.571428571428,31579.933333333334,30266.0,0.008557457212713837,0,0,1,5.600000000000047
9159,2024-03-23,토마토,완숙토마토,30134.0,13.0,0.1,3,13227.0,29654.0,31696.766666666666,30525.0,-0.01280917280917282,0,0,1,5.700000000000046
9160,2024-03-25,토마토,완숙토마토,29857.0,10.6,5.1,3,17011.0,29835.428571428572,31776.6,30134.0,-0.00919227450720117,0,0,1,10.800000000000047
9161,2024-03-26,토마토,완숙토마토,31181.0,7.4,11.5,3,17906.0,30152.85714285714,31880.266666666666,29857.0,0.044344709783300296,0,0,1,22.300000000000047
9162,2024-03-27,토마토,완숙토마토,29581.0,10.4,0.0,3,13562.0,30178.571428571428,31911.1,31181.0,-0.05131329976588306,0,0,1,22.100000000000048
9163,2024-03-28,토마토,완숙토마토,30013.0,10.3,1.9,3,14301.0,30222.428571428572,31903.233333333334,29581.0,0.014603968763733377,0,0,1,24.000000000000046
9164,2024-03-29,토마토,완숙토마토,30062.0,7.6,1.4,3,13542.0,30193.285714285714,31798.5,30013.0,0.0016326258621264245,0,0,1,25.40000000000005
9165,2024-03-30,토마토,완숙토마토,27815.0,8.8,0.0,3,13356.0,29806.14285714286,31614.8,30062.0,-0.0747455259131129,0,0,1,20.000000000000046
9166,2024-04-01,토마토,완숙토마토,29699.0,12.2,0.0,4,16181.0,29744.0,31379.033333333333,27815.0,0.06773323746180115,0,0,1,19.90000000000005
9167,2024-04-02,토마토,완숙토마토,29603.0,15.4,0.0,4,15793.0,29707.714285714286,31158.933333333334,29699.0,-0.0032324320684198327,0,0,1,14.800000000000047
9168,2024-04-03,토마토,완숙토마토,28356.0,16.6,0.0,4,16811.0,29304.14285714286,30867.266666666666,29603.0,-0.042124109043002345,0,0,1,3.300000000000046
9169,2024-04-04,토마토,완숙토마토,29508.0,15.5,0.0,4,14683.0,29293.714285714286,30586.6,28356.0,0.04062632247143472,0,0,1,3.300000000000046
9170,2024-04-05,토마토,완숙토마토,29278.0,14.0,0.0,4,12903.0,29188.714285714286,30414.033333333333,29508.0,-0.00779449640775387,0,0,1,1.400000000000046
9171,2024-04-06,토마토,완숙토마토,29588.0,12.7,0.0,4,13144.0,29121.0,30251.8,29278.0,0.010588154928615312,0,0,1,0.0
9172,2024-04-08,토마토,완숙토마토,29347.0,16.2,0.0,4,13362.0,29339.85714285714,30032.9,29588.0,-0.008145193997566635,0,0,1,0.0
9173,2024-04-09,토마토,완숙토마토,30000.0,15.3,0.0,4,14313.0,29382.85714285714,29943.666666666668,29347.0,0.022250996694721747,0,0,1,0.0
9174,2024-04-10,토마토,완숙토마토,28958.0,13.8,0.0,4,15386.0,29290.714285714286,29797.266666666666,30000.0,-0.03473333333333328,0,0,1,0.0
9175,2024-04-11,토마토,완숙토마토,27000.0,15.5,0.0,4,15517.0,29097.0,29573.833333333332,28958.0,-0.06761516679328683,0,0,1,0.0
9176,2024-04-12,토마토,완숙토마토,26457.0,17.2,0.0,4,18732.0,28661.14285714286,29408.466666666667,27000.0,-0.02011111111111108,0,0,1,0.0
9177,2024-04-13,토마토,완숙토마토,23732.0,19.1,0.0,4,18994.0,27868.85714285714,29231.7,26457.0,-0.10299731640019649,0,0,1,0.0
9178,2024-04-15,토마토,완숙토마토,22207.0,16.0,17.1,4,19275.0,26814.428571428572,28949.533333333333,23732.0,-0.06425922804651951,0,0,1,17.100000000000048
9179,2024-04-16,토마토,완숙토마토,17000.0,13.3,2.3,4,21560.0,25050.571428571428,28554.766666666666,22207.0,-0.23447561579682086,0,0,1,19.40000000000005
9180,2024-04-17,토마토,완숙토마토,17345.0,15.0,0.0,4,19296.0,23242.714285714286,28132.533333333333,17000.0,0.020294117647058796,0,0,1,19.40000000000005
9181,2024-04-18,토마토,완숙토마토,18000.0,17.3,0.0,4,19203.0,21677.285714285714,27762.8,17345.0,0.03776304410492948,0,0,1,19.40000000000005
9182,2024-04-19,토마토,완숙토마토,20000.0,17.6,0.0,4,19117.0,20677.285714285714,27405.5,18000.0,0.11111111111111116,0,0,1,19.40000000000005
9183,2024-04-20,토마토,완숙토마토,23293.0,14.9,4.8,4,17444.0,20225.285714285714,27229.033333333333,20000.0,0.16464999999999996,0,0,1,24.200000000000045
9184,2024-04-22,토마토,완숙토마토,23000.0,18.8,0.0,4,15668.0,20120.714285714286,27030.4,23293.0,-0.012578886360709252,0,0,1,24.200000000000045
9185,2024-04-23,토마토,완숙토마토,21058.0,17.3,0.0,4,17968.0,19956.571428571428,26752.3,23000.0,-0.08443478260869564,0,0,1,7.100000000000046
9186,2024-04-24,토마토,완숙토마토,22652.0,13.2,9.0,4,17539.0,20764.0,26517.166666666668,21058.0,0.07569569759711281,0,0,1,13.800000000000047
9187,2024-04-25,토마토,완숙토마토,21955.0,14.4,0.0,4,20618.0,21422.571428571428,26240.133333333335,22652.0,-0.030769909941727014,0,0,1,13.800000000000047
9188,2024-04-26,토마토,완숙토마토,21596.0,17.8,0.0,4,21914.0,21936.285714285714,25942.5,21955.0,-0.016351628330676382,0,0,1,13.800000000000047
9189,2024-04-27,토마토,완숙토마토,19020.0,18.2,0.0,4,24456.0,21796.285714285714,25572.033333333333,21596.0,-0.11928134839785143,0,0,1,13.800000000000047
9190,2024-04-29,토마토,완숙토마토,17383.0,20.9,0.0,4,24213.0,20952.0,25156.233333333334,19020.0,-0.08606729758149312,0,0,1,9.000000000000046
9191,2024-04-30,토마토,완숙토마토,16020.0,18.6,0.0,4,25982.0,19954.85714285714,24650.866666666665,17383.0,-0.0784099407467066,0,0,1,9.000000000000046
9192,2024-05-01,토마토,완숙토마토,16519.0,18.5,0.0,5,24099.0,19306.428571428572,24215.466666666667,16020.0,0.031148564294631642,0,0,0,9.000000000000046
9193,2024-05-02,토마토,완숙토마토,18163.0,18.1,0.0,5,26126.0,18665.14285714286,23820.466666666667,16519.0,0.0995217628185725,0,0,0,0.0
9194,2024-05-03,토마토,완숙토마토,19240.0,19.7,0.0,5,26719.0,18277.285714285714,23459.733333333334,18163.0,0.05929637174475588,0,0,0,0.0
9195,2024-05-04,토마토,완숙토마토,18342.0,21.4,0.0,5,25307.0,17812.428571428572,23143.966666666667,19240.0,-0.04667359667359672,0,0,0,0.0
9196,2024-05-06,토마토,완숙토마토,16226.0,13.9,12.3,5,24207.0,17413.285714285714,22694.866666666665,18342.0,-0.1153636462763058,0,0,0,12.300000000000047
9197,2024-05-07,토마토,완숙토마토,15657.0,13.3,2.4,5,25605.0,17166.714285714286,22230.0,16226.0,-0.035067176137064004,0,0,0,14.700000000000047
9198,2024-05-08,토마토,완숙토마토,14182.0,14.7,0.0,5,22596.0,16904.14285714286,21757.533333333333,15657.0,-0.0942070639330651,0,0,0,14.700000000000047
9199,2024-05-09,토마토,완숙토마토,15897.0,16.1,0.0,5,22302.0,16815.285714285714,21303.833333333332,14182.0,0.12092793682132275,0,0,0,14.700000000000047
9200,2024-05-10,토마토,완숙토마토,16000.0,17.9,0.0,5,21564.0,16506.285714285714,20861.233333333334,15897.0,0.0064792099138202275,0,0,0,14.700000000000047
9201,2024-05-11,토마토,완숙토마토,17000.0,17.0,31.7,5,22278.0,16186.285714285714,20441.633333333335,16000.0,0.0625,0,0,0,46.40000000000005
9202,2024-05-13,토마토,완숙토마토,16534.0,18.3,0.0,5,20336.0,15928.0,20014.533333333333,17000.0,-0.027411764705882358,0,0,0,46.40000000000005
9203,2024-05-14,토마토,완숙토마토,16413.0,18.8,0.0,5,18903.0,15954.714285714286,19561.633333333335,16534.0,-0.007318253296238031,0,0,0,34.10000000000005
9204,2024-05-15,토마토,완숙토마토,18147.0,12.6,20.6,5,18353.0,16310.42857142857,19201.266666666666,16413.0,0.10564796198135618,0,0,0,52.30000000000005
9205,2024-05-16,토마토,완숙토마토,22762.0,13.7,0.1,5,17876.0,17536.14285714286,19060.0,18147.0,0.2543120074943517,0,0,0,52.40000000000005
9206,2024-05-17,토마토,완숙토마토,23090.0,18.3,0.0,5,18295.0,18563.714285714286,18947.766666666666,22762.0,0.014409981548194395,0,0,0,52.40000000000005
9207,2024-05-18,토마토,완숙토마토,25133.0,20.7,0.0,5,18393.0,19868.428571428572,18994.466666666667,23090.0,0.0884798614118667,0,0,0,52.40000000000005
9208,2024-05-20,토마토,완숙토마토,21554.0,19.4,0.0,5,17290.0,20519.0,18972.7,25133.0,-0.14240241913022722,0,0,0,20.70000000000005
9209,2024-05-21,토마토,완숙토마토,20251.0,21.7,0.0,5,18357.0,21050.0,19081.066666666666,21554.0,-0.06045281618261111,0,0,0,20.70000000000005
9210,2024-05-22,토마토,완숙토마토,19048.0,20.5,0.0,5,17796.0,21426.428571428572,19137.833333333332,20251.0,-0.05940447385314307,0,0,0,20.70000000000005
9211,2024-05-23,토마토,완숙토마토,18993.0,20.2,0.0,5,16608.0,21547.285714285714,19170.933333333334,19048.0,-0.0028874422511550035,0,0,0,0.10000000000004619
9212,2024-05-24,토마토,완숙토마토,18654.0,20.1,0.0,5,17863.0,20960.428571428572,19126.066666666666,18993.0,-0.01784868109303428,0,0,0,0.0
9213,2024-05-25,토마토,완숙토마토,16377.0,21.4,0.0,5,22116.0,20001.428571428572,18895.533333333333,18654.0,-0.12206497266001926,0,0,0,0.0
9214,2024-05-27,토마토,완숙토마토,16556.0,18.5,0.0,5,19922.0,18776.14285714286,18680.733333333334,16377.0,0.01092996275264091,0,0,0,0.0
9215,2024-05-28,토마토,완숙토마토,14031.0,20.4,0.0,5,20873.0,17701.428571428572,18446.5,16556.0,-0.15251268422324238,0,0,0,0.0
9216,2024-05-29,토마토,완숙토마토,11349.0,21.2,0.0,5,19505.0,16429.714285714286,18069.733333333334,14031.0,-0.1911481719050674,0,0,0,0.0
9217,2024-05-30,토마토,완숙토마토,9408.0,20.7,0.0,5,19211.0,15052.57142857143,17651.5,11349.0,-0.17102828443034623,0,0,0,0.0
9218,2024-05-31,토마토,완숙토마토,8867.0,20.4,1.0,5,19177.0,13606.0,17227.2,9408.0,-0.0575042517006803,0,0,0,1.0000000000000462
9219,2024-06-01,토마토,완숙토마토,7938.0,20.7,0.0,6,19259.0,12075.142857142857,16857.8,8867.0,-0.10477049734972366,0,0,0,1.0000000000000462
9220,2024-06-03,토마토,완숙토마토,10220.0,22.2,0.0,6,17698.0,11195.57142857143,16619.033333333333,7938.0,0.28747795414462085,0,0,0,1.0000000000000462
9221,2024-06-04,토마토,완숙토마토,10621.0,22.8,0.0,6,19137.0,10347.714285714286,16439.066666666666,10220.0,0.03923679060665353,0,0,0,1.0000000000000462
9222,2024-06-05,토마토,완숙토마토,11668.0,23.6,0.0,6,20122.0,10010.142857142857,16277.366666666667,10621.0,0.09857828829677051,0,0,0,1.0000000000000462
9223,2024-06-06,토마토,완숙토마토,12000.0,24.1,0.0,6,19496.0,10103.142857142857,16071.933333333332,11668.0,0.02845389098388762,0,0,0,1.0000000000000462
9224,2024-06-07,토마토,완숙토마토,12737.0,23.1,0.8,6,19733.0,10578.714285714286,15855.166666666666,12000.0,0.061416666666666675,0,0,0,1.8000000000000462
9225,2024-06-08,토마토,완숙토마토,13000.0,20.3,16.9,6,19616.0,11169.142857142857,15677.1,12737.0,0.02064850435738408,0,0,0,17.700000000000045
9226,2024-06-10,토마토,완숙토마토,13000.0,24.7,0.0,6,18027.0,11892.285714285714,15569.566666666668,13000.0,0.0,0,0,0,17.700000000000045
9227,2024-06-11,토마토,완숙토마토,12243.0,25.4,0.0,6,18163.0,12181.285714285714,15455.766666666666,13000.0,-0.0582307692307692,0,0,0,17.700000000000045
9228,2024-06-12,토마토,완숙토마토,12248.0,24.8,0.0,6,18002.0,12413.714285714286,15391.3,12243.0,0.00040839663481162525,0,0,0,17.700000000000045
9229,2024-06-13,토마토,완숙토마토,11246.0,26.4,0.0,6,16000.0,12353.42857142857,15236.266666666666,12248.0,-0.08180927498367085,0,0,0,17.700000000000045
9230,2024-06-14,토마토,완숙토마토,10683.0,26.3,0.0,6,15784.0,12165.285714285714,15059.033333333333,11246.0,-0.05006224435354789,0,0,0,17.700000000000045
9231,2024-06-15,토마토,완숙토마토,12150.0,24.2,6.1,6,15489.0,12081.42857142857,14897.366666666667,10683.0,0.1373209772535804,0,0,0,23.000000000000043
9232,2024-06-17,토마토,완숙토마토,11766.0,24.8,0.0,6,13957.0,11905.142857142857,14738.433333333332,12150.0,-0.03160493827160493,0,0,0,6.100000000000046
9233,2024-06-18,토마토,완숙토마토,11093.0,26.0,0.0,6,14088.0,11632.714285714286,14561.1,11766.0,-0.05719870814210437,0,0,0,6.100000000000046
9234,2024-06-19,토마토,완숙토마토,10704.0,28.8,0.0,6,13000.0,11412.857142857143,14313.0,11093.0,-0.03506715946993599,0,0,0,6.100000000000046
9235,2024-06-20,토마토,완숙토마토,9000.0,29.4,0.0,6,12717.0,10948.857142857143,13854.266666666666,10704.0,-0.15919282511210764,0,0,0,6.100000000000046
9236,2024-06-21,토마토,완숙토마토,9373.0,28.1,0.0,6,11667.0,10681.285714285714,13397.033333333333,9000.0,0.041444444444444395,0,0,0,6.100000000000046
9237,2024-06-22,토마토,완숙토마토,10000.0,24.2,16.5,6,13579.0,10583.714285714286,12892.6,9373.0,0.066894270777766,0,0,0,22.600000000000044
9238,2024-06-24,토마토,완숙토마토,9930.0,24.3,0.0,6,13008.0,10266.57142857143,12505.133333333333,10000.0,-0.007000000000000006,0,0,0,16.500000000000043
9239,2024-06-25,토마토,완숙토마토,10596.0,22.9,0.0,6,11249.0,10099.42857142857,12183.3,9930.0,0.06706948640483379,0,0,0,16.500000000000043
9240,2024-06-26,토마토,완숙토마토,9839.0,24.9,0.0,6,12025.0,9920.285714285714,11876.333333333334,10596.0,-0.071442053605134,0,0,0,16.500000000000043
9241,2024-06-27,토마토,완숙토마토,9532.0,26.3,0.0,6,12380.0,9752.857142857143,11560.966666666667,9839.0,-0.031202357963207694,0,0,0,16.500000000000043
9242,2024-06-28,토마토,완숙토마토,8476.0,26.6,0.0,6,12805.0,9678.0,11221.7,9532.0,-0.11078472513638271,0,0,0,16.500000000000043
9243,2024-06-29,토마토,완숙토마토,8032.0,26.7,38.3,6,12739.0,9486.42857142857,10943.533333333333,8476.0,-0.052383199622463406,0,0,0,54.80000000000004
9244,2024-07-01,토마토,완숙토마토,10000.0,26.3,0.0,7,12014.0,9486.42857142857,10725.0,8032.0,0.2450199203187251,0,0,0,38.30000000000004
9245,2024-07-02,토마토,완숙토마토,10518.0,23.2,65.1,7,11808.0,9570.42857142857,10607.9,10000.0,0.05180000000000007,0,0,0,103.40000000000003
9246,2024-07-03,토마토,완숙토마토,11819.0,24.7,0.8,7,11257.0,9745.142857142857,10623.566666666668,10518.0,0.1236927172466249,0,0,0,104.20000000000003
9247,2024-07-04,토마토,완숙토마토,12000.0,26.8,3.6,7,11053.0,10053.857142857143,10709.966666666667,11819.0,0.01531432439292657,0,0,0,107.80000000000004
9248,2024-07-05,토마토,완숙토마토,13341.0,23.4,4.1,7,11178.0,10598.0,10859.1,12000.0,0.11175000000000002,0,0,0,111.90000000000003
9249,2024-07-06,토마토,완숙토마토,18014.0,25.1,2.8,7,10961.0,11960.57142857143,11194.966666666667,13341.0,0.35027359268420666,0,0,0,114.70000000000003
9250,2024-07-08,토마토,완숙토마토,16439.0,23.8,21.1,7,10187.0,13161.57142857143,11402.266666666666,18014.0,-0.08743199733540574,0,0,0,97.50000000000004
9251,2024-07-09,토마토,완숙토마토,13985.0,24.5,0.3,7,10000.0,13730.857142857143,11514.4,16439.0,-0.14927915323316499,0,0,0,97.80000000000004
9252,2024-07-10,토마토,완숙토마토,13185.0,26.6,1.4,7,10039.0,14111.857142857143,11564.966666666667,13985.0,-0.05720414730067935,0,0,0,34.100000000000044
9253,2024-07-11,토마토,완숙토마토,11923.0,25.7,0.0,7,10842.0,14126.714285714286,11562.4,13185.0,-0.0957148274554418,0,0,0,33.30000000000005
9254,2024-07-12,토마토,완숙토마토,12371.0,25.6,0.0,7,10629.0,14179.714285714286,11550.2,11923.0,0.03757443596410304,0,0,0,29.700000000000045
9255,2024-07-13,토마토,완숙토마토,12865.0,28.1,0.0,7,11534.0,14111.714285714286,11545.7,12371.0,0.03993209926440877,0,0,0,25.600000000000044
9256,2024-07-15,토마토,완숙토마토,13393.0,28.4,0.0,7,12489.0,13451.57142857143,11558.8,12865.0,0.04104158569762917,0,0,0,22.800000000000043
9257,2024-07-16,토마토,완숙토마토,12640.0,27.0,17.0,7,13322.0,12908.857142857143,11572.033333333333,13393.0,-0.056223400283730296,0,0,0,18.700000000000042
9258,2024-07-17,토마토,완숙토마토,11167.0,25.4,98.8,7,14338.0,12506.285714285714,11536.0,12640.0,-0.11653481012658229,0,0,0,117.20000000000005
9259,2024-07-18,토마토,완숙토마토,11155.0,24.3,128.8,7,14100.0,12216.285714285714,11532.966666666667,11167.0,-0.0010745947882152551,0,0,0,244.60000000000005
9260,2024-07-19,토마토,완숙토마토,11000.0,27.0,0.1,7,13309.0,12084.42857142857,11543.533333333333,11155.0,-0.013895114298520861,0,0,0,244.70000000000005
9261,2024-07-20,토마토,완숙토마토,10241.0,27.2,14.9,7,13004.0,11780.142857142857,11479.9,11000.0,-0.06899999999999995,0,0,0,259.6
9262,2024-07-22,토마토,완숙토마토,11663.0,26.6,79.9,7,12432.0,11608.42857142857,11476.466666666667,10241.0,0.13885362757543218,0,0,0,339.50000000000006
9263,2024-07-23,토마토,완숙토마토,13000.0,26.4,2.0,7,12499.0,11552.285714285714,11540.033333333333,11663.0,0.11463602846608945,0,0,0,341.50000000000006
9264,2024-07-24,토마토,완숙토마토,11799.0,28.1,14.7,7,13071.0,11432.142857142857,11576.533333333333,13000.0,-0.0923846153846154,0,0,0,339.20000000000005
9265,2024-07-25,토마토,완숙토마토,12000.0,28.8,25.3,7,12974.0,11551.142857142857,11676.533333333333,11799.0,0.017035341978133722,0,0,0,265.70000000000005
9266,2024-07-26,토마토,완숙토마토,13000.0,28.7,5.5,7,12371.0,11814.714285714286,11797.433333333332,12000.0,0.08333333333333326,0,0,0,142.40000000000006
9267,2024-07-27,토마토,완숙토마토,15000.0,28.9,33.5,7,12048.0,12386.142857142857,11964.1,13000.0,0.15384615384615374,0,0,0,175.80000000000007
9268,2024-07-29,토마토,완숙토마토,13967.0,27.4,0.0,7,11624.0,12918.42857142857,12098.666666666666,15000.0,-0.06886666666666663,0,0,0,160.90000000000006
9269,2024-07-30,토마토,완숙토마토,13059.0,28.6,0.0,7,11208.0,13117.857142857143,12180.766666666666,13967.0,-0.06501038161380401,0,0,0,81.00000000000006
9270,2024-07-31,토마토,완숙토마토,12828.0,29.4,0.0,7,11133.0,13093.285714285714,12280.4,13059.0,-0.017688950149322258,0,0,0,79.00000000000006
9271,2024-08-01,토마토,완숙토마토,14000.0,29.9,0.3,8,10534.0,13407.714285714286,12429.333333333334,12828.0,0.091362644215778,0,0,0,64.60000000000005
9272,2024-08-02,토마토,완숙토마토,12465.0,29.6,0.0,8,10227.0,13474.142857142857,12562.3,14000.0,-0.10964285714285715,0,0,0,39.300000000000054
9273,2024-08-05,토마토,완숙토마토,12944.0,30.0,1.3,8,9896.0,13466.142857142857,12726.033333333333,12465.0,0.03842759727236267,0,0,0,35.10000000000006
9274,2024-08-06,토마토,완숙토마토,15530.0,29.5,0.0,8,9334.0,13541.857142857143,12910.366666666667,12944.0,0.19978368355995046,0,0,0,1.600000000000057
9275,2024-08-07,토마토,완숙토마토,17425.0,29.6,3.4,8,8803.0,14035.857142857143,13140.6,15530.0,0.12202189311010936,0,0,0,5.000000000000057
9276,2024-08-08,토마토,완숙토마토,18270.0,28.5,0.0,8,8652.0,14780.285714285714,13355.633333333333,17425.0,0.048493543758967084,0,0,0,5.000000000000057
9277,2024-08-09,토마토,완숙토마토,17880.0,29.3,0.0,8,8843.0,15502.0,13551.633333333333,18270.0,-0.021346469622331665,0,0,0,5.000000000000057
9278,2024-08-10,토마토,완숙토마토,15687.0,30.0,0.0,8,11788.0,15743.0,13629.833333333334,17880.0,-0.12265100671140938,0,0,0,4.700000000000057
9279,2024-08-12,토마토,완숙토마토,14650.0,31.1,0.0,8,14179.0,16055.142857142857,13517.7,15687.0,-0.06610569261171673,0,0,0,4.700000000000057
9280,2024-08-13,토마토,완숙토마토,14339.0,31.3,0.0,8,17524.0,16254.42857142857,13447.7,14650.0,-0.0212286689419795,0,0,0,3.4000000000000568
9281,2024-08-14,토마토,완숙토마토,17754.0,30.0,3.0,8,15704.0,16572.14285714286,13573.333333333334,14339.0,0.2381616570193179,0,0,0,6.400000000000057
9282,2024-08-15,토마토,완숙토마토,22088.0,29.2,6.4,8,13583.0,17238.285714285714,13870.1,17754.0,0.24411400247831483,0,0,0,9.400000000000057
9283,2024-08-16,토마토,완숙토마토,28847.0,29.8,0.0,8,12197.0,18749.285714285714,14434.233333333334,22088.0,0.3060032596885187,0,0,0,9.400000000000057
9284,2024-08-17,토마토,완숙토마토,31813.0,29.8,11.0,8,12301.0,20739.714285714286,15082.3,28847.0,0.10281831732935842,0,0,0,20.400000000000055
9285,2024-08-19,토마토,완숙토마토,26985.0,29.7,2.3,8,13000.0,22353.714285714286,15552.966666666667,31813.0,-0.15176185835979006,0,0,0,22.700000000000056
9286,2024-08-20,토마토,완숙토마토,26389.0,31.4,0.0,8,13705.0,24030.714285714286,15986.166666666666,26985.0,-0.022086344265332625,0,0,0,22.700000000000056
9287,2024-08-21,토마토,완숙토마토,24235.0,28.4,42.2,8,12707.0,25444.428571428572,16372.666666666666,26389.0,-0.08162491947402328,0,0,0,64.90000000000006
9288,2024-08-22,토마토,완숙토마토,22906.0,28.6,0.6,8,12015.0,26180.428571428572,16763.966666666667,24235.0,-0.054838044151021226,0,0,0,62.500000000000064
9289,2024-08-23,토마토,완숙토마토,20397.0,28.4,0.0,8,13249.0,25938.85714285714,17072.033333333333,22906.0,-0.10953461975028378,0,0,0,56.100000000000065
9290,2024-08-24,토마토,완숙토마토,16678.0,27.6,2.0,8,15073.0,24200.428571428572,17261.3,20397.0,-0.18233073491199692,0,0,0,58.100000000000065
9291,2024-08-26,토마토,완숙토마토,16996.0,28.1,0.0,8,16050.0,22083.714285714286,17486.466666666667,16678.0,0.01906703441659663,0,0,0,47.100000000000065
9292,2024-08-27,토마토,완숙토마토,17038.0,26.5,0.3,8,14434.0,20662.714285714286,17665.633333333335,16996.0,0.0024711696869852418,0,0,0,45.10000000000006
9293,2024-08-28,토마토,완숙토마토,20393.0,28.2,0.0,8,12953.0,19806.14285714286,17912.066666666666,17038.0,0.1969127831905153,0,0,0,45.10000000000006
9294,2024-08-29,토마토,완숙토마토,23273.0,28.4,0.0,8,12108.0,19668.714285714286,18294.533333333333,20393.0,0.14122493012308146,0,0,0,2.9000000000000568
9295,2024-08-30,토마토,완숙토마토,29288.0,28.0,0.0,8,12357.0,20580.428571428572,18870.8,23273.0,0.2584540024921582,0,0,0,2.3000000000000567
9296,2024-08-31,토마토,완숙토마토,31321.0,27.6,0.0,8,13453.0,22141.0,19481.5,29288.0,0.06941409450969682,0,0,0,2.3000000000000567
9297,2024-09-02,토마토,완숙토마토,30000.0,24.5,2.7,9,12578.0,24044.14285714286,19981.5,31321.0,-0.042176175728744325,0,1,0,3.000000000000057
9298,2024-09-03,토마토,완숙토마토,30674.0,27.0,0.0,9,12855.0,25998.14285714286,20538.4,30000.0,0.022466666666666635,0,1,0,3.000000000000057
9299,2024-09-04,토마토,완숙토마토,31836.0,27.9,0.0,9,11628.0,28112.14285714286,21164.3,30674.0,0.03788224554997721,0,1,0,2.700000000000057
9300,2024-09-05,토마토,완숙토마토,37689.0,26.3,6.9,9,11821.0,30583.0,21993.0,31836.0,0.18384847342630994,0,1,0,9.600000000000058
9301,2024-09-06,토마토,완숙토마토,35599.0,24.0,0.7,9,11903.0,32343.85714285714,22712.966666666667,37689.0,-0.05545384594974656,0,1,0,10.300000000000058
9302,2024-09-07,토마토,완숙토마토,35005.0,26.5,0.0,9,11213.0,33160.57142857143,23464.3,35599.0,-0.016685861962414728,0,1,0,10.300000000000058
9303,2024-09-09,토마토,완숙토마토,40390.0,28.5,0.0,9,10308.0,34456.142857142855,24379.166666666668,35005.0,0.15383516640479922,0,1,0,10.300000000000058
9304,2024-09-10,토마토,완숙토마토,39024.0,29.4,0.0,9,10748.0,35745.28571428572,25162.3,40390.0,-0.03382025253775689,0,1,0,7.600000000000057
9305,2024-09-11,토마토,완숙토마토,45176.0,29.0,0.4,9,11226.0,37817.0,26087.333333333332,39024.0,0.15764657646576463,0,1,0,8.000000000000057
9306,2024-09-12,토마토,완숙토마토,46698.0,25.4,32.7,9,13000.0,39940.142857142855,27034.933333333334,45176.0,0.03369045510890745,0,1,0,40.70000000000006
9307,2024-09-13,토마토,완숙토마토,51641.0,25.9,7.6,9,16012.0,41933.28571428572,28160.3,46698.0,0.10585035761702866,0,1,0,41.40000000000006
9308,2024-09-14,토마토,완숙토마토,47410.0,28.0,0.0,9,20000.0,43620.57142857143,29217.733333333334,51641.0,-0.08193102379891948,0,1,0,40.70000000000006
9309,2024-09-16,토마토,완숙토마토,30954.0,26.8,9.5,9,20359.0,43041.857142857145,29761.2,47410.0,-0.3470997679814385,0,1,0,50.20000000000006
9310,2024-09-20,토마토,완숙토마토,22396.0,25.0,54.5,9,18463.0,40471.28571428572,30029.766666666666,30954.0,-0.27647476901208246,0,1,0,104.70000000000006
9311,2024-09-21,토마토,완숙토마토,26960.0,19.3,27.0,9,16870.0,38747.857142857145,30336.633333333335,22396.0,0.20378639042686197,0,1,0,131.70000000000005
9312,2024-09-23,토마토,완숙토마토,26194.0,20.8,0.0,9,17362.0,36036.142857142855,30473.5,26960.0,-0.028412462908011915,0,1,0,131.30000000000007
9313,2024-09-24,토마토,완숙토마토,25870.0,21.0,0.0,9,18000.0,33060.71428571428,30374.266666666666,26194.0,-0.012369244865236273,0,1,0,98.60000000000007
9314,2024-09-25,토마토,완숙토마토,27566.0,23.3,0.0,9,19000.0,29621.428571428572,30232.7,25870.0,0.06555856204097421,0,1,0,91.00000000000006
9315,2024-09-26,토마토,완숙토마토,33300.0,23.6,1.2,9,20687.0,27605.714285714286,30443.2,27566.0,0.2080098672277444,0,1,0,92.20000000000006
9316,2024-09-27,토마토,완숙토마토,34691.0,22.7,0.0,9,17187.0,28139.571428571428,30719.933333333334,33300.0,0.041771771771771826,0,1,0,82.70000000000006
9317,2024-09-28,토마토,완숙토마토,39318.0,23.2,0.0,9,18056.0,30557.0,31222.7,34691.0,0.13337753307774358,0,1,0,28.200000000000056
9318,2024-09-30,토마토,완숙토마토,38704.0,23.0,0.0,9,14165.0,32234.714285714286,31749.3,39318.0,-0.015616257185004367,0,1,0,1.2000000000000568
9319,2024-10-01,토마토,완숙토마토,45550.0,18.3,2.5,10,15315.0,34999.857142857145,32587.733333333334,38704.0,0.17688094253823894,0,1,0,3.700000000000057
9320,2024-10-02,토마토,완숙토마토,62263.0,14.9,0.0,10,15702.0,40198.857142857145,34107.23333333333,45550.0,0.36691547749725584,0,1,0,3.700000000000057
9321,2024-10-03,토마토,완숙토마토,68513.0,16.4,0.0,10,15645.0,46048.42857142857,35824.46666666667,62263.0,0.10038064339977204,0,1,0,3.700000000000057
9322,2024-10-04,토마토,완숙토마토,68186.0,17.6,0.0,10,14196.0,51032.142857142855,37529.4,68513.0,-0.004772816837680494,0,1,0,2.500000000000057
9323,2024-10-05,토마토,완숙토마토,68143.0,17.5,0.0,10,16403.0,55811.0,39121.066666666666,68186.0,-0.0006306279881500565,0,1,0,2.500000000000057
9324,2024-10-07,토마토,완숙토마토,64887.0,16.9,0.0,10,13202.0,59463.71428571428,40508.2,68143.0,-0.04778187047825899,0,1,0,2.500000000000057
9325,2024-10-08,토마토,완숙토마토,62351.0,17.7,0.0,10,14920.0,62841.857142857145,41610.3,64887.0,-0.03908332948048143,0,1,0,2.500000000000057
9326,2024-10-09,토마토,완숙토마토,59089.0,18.8,0.0,10,12524.0,64776.0,42535.9,62351.0,-0.05231672306779367,0,1,0,0.0
9327,2024-10-10,토마토,완숙토마토,65152.0,18.8,0.0,10,13819.0,65188.71428571428,43707.63333333333,59089.0,0.10260793041005933,0,1,0,0.0
9328,2024-10-11,토마토,완숙토마토,58571.0,18.6,0.0,10,13000.0,63768.42857142857,44637.53333333333,65152.0,-0.10100994597249513,0,1,0,0.0
9329,2024-10-12,토마토,완숙토마토,66757.0,18.3,0.0,10,13289.0,63564.28571428572,45801.566666666666,58571.0,0.13976199825852387,0,1,0,0.0
9330,2024-10-14,토마토,완숙토마토,60798.0,19.3,0.0,10,14415.0,62515.0,46571.86666666667,66757.0,-0.08926404721602232,0,1,0,0.0
9331,2024-10-15,토마토,완숙토마토,53148.0,19.2,0.5,10,15286.0,60838.0,47156.833333333336,60798.0,-0.12582650745090296,0,1,0,0.5000000000000568
9332,2024-10-16,토마토,완숙토마토,44860.0,18.2,0.0,10,17155.0,58339.28571428572,47485.333333333336,53148.0,-0.1559418980958832,0,1,0,0.5000000000000568
9333,2024-10-17,토마토,완숙토마토,44023.0,19.0,0.0,10,30206.0,56187.0,47606.433333333334,44860.0,-0.018658047258136468,0,1,0,0.5000000000000568
9334,2024-10-18,토마토,완숙토마토,45780.0,17.4,47.1,10,18724.0,53419.57142857143,47831.63333333333,44023.0,0.03991095563682623,0,1,0,47.60000000000006
9335,2024-10-19,토마토,완숙토마토,37622.0,16.6,1.0,10,16951.0,50426.857142857145,47579.833333333336,45780.0,-0.1782000873743993,0,1,0,48.60000000000006
9336,2024-10-21,토마토,완숙토마토,40470.0,14.8,0.0,10,16573.0,46671.57142857143,47372.23333333333,37622.0,0.07570038807080959,0,1,0,48.60000000000006
9337,2024-10-22,토마토,완숙토마토,30308.0,15.5,20.6,10,18113.0,42315.857142857145,46661.13333333333,40470.0,-0.25109957993575494,0,1,0,69.20000000000006
9338,2024-10-23,토마토,완숙토마토,33280.0,12.7,2.3,10,18822.0,39477.57142857143,46190.13333333333,30308.0,0.09805991817341964,0,1,0,71.00000000000006
9339,2024-10-24,토마토,완숙토마토,26200.0,12.5,0.0,10,16585.0,36811.857142857145,46031.666666666664,33280.0,-0.21274038461538458,0,1,0,71.00000000000006
9340,2024-10-25,토마토,완숙토마토,29768.0,14.9,0.0,10,18239.0,34775.42857142857,46277.4,26200.0,0.13618320610687018,0,1,0,71.00000000000006
9341,2024-10-26,토마토,완숙토마토,25407.0,17.0,0.0,10,17313.0,31865.0,46225.63333333333,29768.0,-0.14649959688255842,0,1,0,23.90000000000006
9342,2024-10-28,토마토,완숙토마토,28345.0,15.7,0.0,10,17874.0,30539.714285714286,46297.333333333336,25407.0,0.11563742275750788,0,1,0,22.90000000000006
9343,2024-10-29,토마토,완숙토마토,24000.0,15.0,0.0,10,18634.0,28186.85714285714,46235.0,28345.0,-0.15328982183806672,0,1,0,22.90000000000006
9344,2024-10-30,토마토,완숙토마토,23444.0,15.7,0.0,10,20798.0,27206.285714285714,46097.6,24000.0,-0.02316666666666667,0,1,0,2.3000000000000567
9345,2024-10-31,토마토,완숙토마토,30909.0,15.9,0.0,10,30000.0,26867.571428571428,46017.9,23444.0,0.31841835864187007,0,1,0,0.0
9346,2024-11-01,토마토,완숙토마토,30651.0,15.3,0.0,11,23268.0,27503.428571428572,45883.23333333333,30909.0,-0.008347083373774655,0,0,0,0.0
9347,2024-11-02,토마토,완숙토마토,26706.0,18.1,0.0,11,23369.0,27066.0,45462.833333333336,30651.0,-0.12870705686600759,0,0,0,0.0
9348,2024-11-04,토마토,완숙토마토,27512.0,14.8,0.1,11,26343.0,27366.714285714286,45089.76666666667,26706.0,0.030180483786415024,0,0,0,0.10000000000005685
9349,2024-11-05,토마토,완숙토마토,28000.0,9.1,0.0,11,30455.0,27317.428571428572,44504.76666666667,27512.0,0.017737714451875553,0,0,0,0.10000000000005685
9350,2024-11-06,토마토,완숙토마토,29223.0,7.5,0.0,11,31292.0,28063.571428571428,43403.433333333334,28000.0,0.043678571428571455,0,0,0,0.10000000000005685
9351,2024-11-07,토마토,완숙토마토,29718.0,7.8,0.0,11,30640.0,28959.85714285714,42110.26666666667,29223.0,0.016938712657837973,0,0,0,0.10000000000005685
9352,2024-11-08,토마토,완숙토마토,30396.0,10.2,0.0,11,23275.0,28886.571428571428,40850.6,29718.0,0.02281445588532205,0,0,0,0.10000000000005685
9353,2024-11-09,토마토,완숙토마토,29822.0,12.9,0.0,11,30562.0,28768.14285714286,39573.23333333333,30396.0,-0.018884063692591102,0,0,0,0.10000000000005685
9354,2024-11-11,토마토,완숙토마토,31000.0,14.6,0.0,11,32181.0,29381.571428571428,38443.666666666664,29822.0,0.03950103950103956,0,0,0,0.10000000000005685
9355,2024-11-12,토마토,완숙토마토,37115.0,14.3,0.0,11,38684.0,30753.428571428572,37602.46666666667,31000.0,0.19725806451612904,0,0,0,0.0
9356,2024-11-13,토마토,완숙토마토,41209.0,14.2,0.0,11,38051.0,32640.428571428572,37006.46666666667,37115.0,0.1103058062777853,0,0,0,0.0
9357,2024-11-14,토마토,완숙토마토,50000.0,14.8,0.1,11,39117.0,35608.57142857143,36501.4,41209.0,0.21332718580892518,0,0,0,0.10000000000005685
9358,2024-11-15,토마토,완숙토마토,45454.0,17.0,0.0,11,38099.0,37856.57142857143,36064.166666666664,50000.0,-0.09092,0,0,0,0.10000000000005685
9359,2024-11-16,토마토,완숙토마토,30129.0,17.0,6.5,11,38809.0,37818.42857142857,34843.23333333333,45454.0,-0.33715404584855013,0,0,0,6.6000000000000565
9360,2024-11-18,토마토,완숙토마토,33000.0,2.8,0.0,11,39422.0,38272.42857142857,33916.63333333333,30129.0,0.095290251916758,0,0,0,6.6000000000000565
9361,2024-11-19,토마토,완숙토마토,42205.0,5.7,0.0,11,37474.0,39873.142857142855,33551.86666666667,33000.0,0.27893939393939404,0,0,0,6.6000000000000565
9362,2024-11-20,토마토,완숙토마토,33000.0,6.5,0.0,11,38428.0,39285.28571428572,33156.53333333333,42205.0,-0.21810212060182443,0,0,0,6.6000000000000565
9363,2024-11-21,토마토,완숙토마토,37680.0,9.7,0.0,11,39549.0,38781.142857142855,32945.1,33000.0,0.14181818181818184,0,0,0,6.6000000000000565
9364,2024-11-22,토마토,완숙토마토,30581.0,6.2,0.0,11,32228.0,36007.0,32438.466666666667,37680.0,-0.18840233545647556,0,0,0,6.500000000000057
9365,2024-11-23,토마토,완숙토마토,26223.0,6.4,0.0,11,32497.0,33259.71428571428,32058.5,30581.0,-0.14250678525882088,0,0,0,6.500000000000057
9366,2024-11-25,토마토,완숙토마토,26126.0,10.1,0.0,11,29830.0,32687.85714285714,31580.366666666665,26223.0,-0.0036990428250009977,0,0,0,0.0
9367,2024-11-26,토마토,완숙토마토,27000.0,5.8,26.0,11,25766.0,31830.714285714286,31470.1,26126.0,0.033453264946796235,0,0,0,26.000000000000057
9368,2024-11-27,토마토,완숙토마토,23872.0,-0.4,22.4,11,26819.0,29211.714285714286,31156.5,27000.0,-0.11585185185185187,0,0,0,48.400000000000055
9369,2024-11-28,토마토,완숙토마토,25042.0,0.8,4.9,11,28617.0,28074.85714285714,31117.9,23872.0,0.049011394101876604,0,0,0,53.300000000000054
9370,2024-11-29,토마토,완숙토마토,25052.0,0.2,0.0,11,30456.0,26270.85714285714,30960.7,25042.0,0.0003993291270665278,0,0,0,53.300000000000054
9371,2024-11-30,토마토,완숙토마토,22389.0,2.5,0.0,11,31427.0,25100.571428571428,30860.1,25052.0,-0.10629889829155359,0,0,0,53.300000000000054
9372,2024-12-02,토마토,완숙토마토,25923.0,6.4,0.0,12,36270.0,25057.714285714286,30779.366666666665,22389.0,0.15784537049443914,0,0,0,53.300000000000054
9373,2024-12-03,토마토,완숙토마토,27436.0,1.3,0.0,12,42572.0,25244.85714285714,30893.9,25923.0,0.05836515835358558,0,0,0,53.300000000000054
9374,2024-12-04,토마토,완숙토마토,26296.0,3.1,0.0,12,63000.0,25144.285714285714,30988.966666666667,27436.0,-0.04155124653739617,0,0,0,27.300000000000054
9375,2024-12-05,토마토,완숙토마토,26839.0,3.9,1.8,12,66272.0,25568.14285714286,30853.3,26296.0,0.02064952844539092,0,0,0,6.700000000000057
9376,2024-12-06,토마토,완숙토마토,24151.0,2.1,0.0,12,46032.0,25440.85714285714,30636.633333333335,26839.0,-0.10015276277059504,0,0,0,1.8000000000000569
9377,2024-12-07,토마토,완숙토마토,21620.0,0.2,0.0,12,35125.0,24950.571428571428,30467.1,24151.0,-0.10479897312740671,0,0,0,1.8000000000000569
9378,2024-12-09,토마토,완숙토마토,21345.0,1.0,0.0,12,26001.0,24801.428571428572,30261.533333333333,21620.0,-0.012719703977798313,0,0,0,1.8000000000000569
9379,2024-12-10,토마토,완숙토마토,20200.0,2.6,0.0,12,19713.0,23983.85714285714,30001.533333333333,21345.0,-0.05364253923635509,0,0,0,1.8000000000000569
9380,2024-12-11,토마토,완숙토마토,21348.0,3.0,0.0,12,19242.0,23114.14285714286,29739.033333333333,20200.0,0.05683168316831688,0,0,0,1.8000000000000569
9381,2024-12-12,토마토,완숙토마토,24622.0,0.5,0.0,12,21505.0,22875.0,29569.166666666668,21348.0,0.15336331272250336,0,0,0,1.8000000000000569
9382,2024-12-13,토마토,완숙토마토,19824.0,1.0,0.0,12,23342.0,21872.85714285714,29216.766666666666,24622.0,-0.19486637966046627,0,0,0,0.0
9383,2024-12-14,토마토,완숙토마토,22000.0,-0.8,0.0,12,26417.0,21565.571428571428,28956.033333333333,19824.0,0.10976594027441489,0,0,0,0.0
9384,2024-12-16,토마토,완숙토마토,21000.0,-0.2,0.0,12,27230.0,21477.0,28622.7,22000.0,-0.045454545454545414,0,0,0,0.0
9385,2024-12-17,토마토,완숙토마토,20216.0,-0.8,0.0,12,31040.0,21315.714285714286,28059.4,21000.0,-0.03733333333333333,0,0,0,0.0
9386,2024-12-18,토마토,완숙토마토,19598.0,-3.4,0.0,12,29155.0,21229.714285714286,27339.033333333333,20216.0,-0.030569845666798545,0,0,0,0.0
9387,2024-12-19,토마토,완숙토마토,21000.0,-1.4,0.0,12,29928.0,21180.0,26372.366666666665,19598.0,0.07153791203184001,0,0,0,0.0
9388,2024-12-20,토마토,완숙토마토,20237.0,1.4,0.4,12,29331.0,20553.571428571428,25531.8,21000.0,-0.03633333333333333,0,0,0,0.40000000000005687
9389,2024-12-21,토마토,완숙토마토,19000.0,-0.7,2.9,12,36935.0,20435.85714285714,25160.833333333332,20237.0,-0.06112566091812033,0,0,0,3.3000000000000567
9390,2024-12-23,토마토,완숙토마토,20801.0,0.3,0.0,12,47581.0,20264.571428571428,24754.2,19000.0,0.09478947368421053,0,0,0,3.3000000000000567
9391,2024-12-24,토마토,완숙토마토,19127.0,-0.4,0.0,12,80451.0,19997.0,23984.933333333334,20801.0,-0.0804769001490313,0,0,0,3.3000000000000567
9392,2024-12-25,토마토,완숙토마토,18100.0,2.7,0.1,12,75332.0,19694.714285714286,23488.266666666666,19127.0,-0.053693731374496734,0,0,0,3.4000000000000568
9393,2024-12-26,토마토,완숙토마토,20000.0,0.1,0.0,12,75582.0,19752.14285714286,22898.933333333334,18100.0,0.1049723756906078,0,0,0,3.4000000000000568
9394,2024-12-27,토마토,완숙토마토,18988.0,-2.6,0.0,12,58395.0,19464.714285714286,22512.5,20000.0,-0.05059999999999998,0,0,0,3.4000000000000568
9395,2024-12-28,토마토,완숙토마토,15709.0,-3.0,0.0,12,53674.0,18817.85714285714,22162.033333333333,18988.0,-0.1726880134821993,0,0,0,3.000000000000057
9396,2024-12-30,토마토,완숙토마토,15691.0,5.5,0.0,12,53867.0,18345.14285714286,21814.2,15709.0,-0.0011458399643516914,0,0,0,0.10000000000005685
9397,2024-12-31,토마토,완숙토마토,14488.0,0.6,0.0,12,49944.0,17443.285714285714,21397.133333333335,15691.0,-0.07666815371869229,0,0,0,0.10000000000005685
9398,2025-01-02,토마토,완숙토마토,14488.0,0.5,0.0,1,41809.0,16780.571428571428,21084.333333333332,14488.0,0.0,0,0,0,0.10000000000005685
9399,2025-01-03,토마토,완숙토마토,15637.0,-1.1,0.0,1,30024.0,16428.714285714286,20770.833333333332,14488.0,0.0793070127001656,0,0,0,0.0
9400,2025-01-04,토마토,완숙토마토,12551.0,-0.1,0.0,1,30407.0,15364.57142857143,20354.133333333335,15637.0,-0.19735243333120167,0,0,0,0.0
9401,2025-01-06,토마토,완숙토마토,14000.0,1.0,3.0,1,32540.0,14652.0,20074.5,12551.0,0.1154489682097044,0,0,0,3.000000000000057
9402,2025-01-07,토마토,완숙토마토,13000.0,-2.6,0.1,1,28750.0,14265.0,19643.733333333334,14000.0,-0.0714285714285714,0,0,0,3.100000000000057
9403,2025-01-08,토마토,완숙토마토,15000.0,-3.4,0.0,1,27602.0,14166.285714285714,19229.2,13000.0,0.15384615384615374,0,0,0,3.100000000000057
9404,2025-01-09,토마토,완숙토마토,17731.0,-9.7,0.0,1,26379.0,14629.57142857143,18943.7,15000.0,0.1820666666666666,0,0,0,3.100000000000057
9405,2025-01-10,토마토,완숙토마토,15373.0,-7.3,0.0,1,25000.0,14756.0,18561.5,17731.0,-0.13298742315718237,0,0,0,3.100000000000057
9406,2025-01-11,토마토,완숙토마토,14233.0,-5.1,0.0,1,23300.0,14555.42857142857,18230.9,15373.0,-0.07415598777076693,0,0,0,3.100000000000057
9407,2025-01-13,토마토,완숙토마토,14865.0,-0.4,1.3,1,23228.0,14886.0,18005.733333333334,14233.0,0.04440385020726478,0,0,0,4.400000000000057
9408,2025-01-14,토마토,완숙토마토,15000.0,2.3,0.1,1,17128.0,15028.857142857143,17794.233333333334,14865.0,0.00908173562058523,0,0,0,1.500000000000057
9409,2025-01-15,토마토,완숙토마토,16000.0,-3.5,0.0,1,16385.0,15457.42857142857,17654.233333333334,15000.0,0.06666666666666665,0,0,0,1.400000000000057
9410,2025-01-16,토마토,완숙토마토,18000.0,-0.5,0.0,1,19000.0,15886.0,17542.633333333335,16000.0,0.125,0,0,0,1.400000000000057
9411,2025-01-17,토마토,완숙토마토,17566.0,-0.5,0.0,1,21593.0,15862.42857142857,17307.433333333334,18000.0,-0.024111111111111083,0,0,0,1.400000000000057
9412,2025-01-18,토마토,완숙토마토,19154.0,1.0,0.0,1,22072.0,16402.571428571428,17285.1,17566.0,0.09040191278606402,0,0,0,1.400000000000057
9413,2025-01-20,토마토,완숙토마토,18151.0,3.9,0.0,1,22980.0,16962.285714285714,17156.8,19154.0,-0.05236504124464869,0,0,0,1.400000000000057
9414,2025-01-21,토마토,완숙토마토,18000.0,2.4,0.0,1,21460.0,17410.14285714286,17056.8,18151.0,-0.008319100875984753,0,0,0,0.10000000000005685
9415,2025-01-22,토마토,완숙토마토,17161.0,3.6,0.0,1,18665.0,17718.85714285714,16954.966666666667,18000.0,-0.04661111111111116,0,0,0,0.0
9416,2025-01-23,토마토,완숙토마토,16124.0,2.0,0.0,1,18163.0,17736.571428571428,16839.166666666668,17161.0,-0.060427714002680544,0,0,0,0.0
9417,2025-01-24,토마토,완숙토마토,16000.0,3.1,0.0,1,18000.0,17450.85714285714,16672.5,16124.0,-0.007690399404614245,0,0,0,0.0
9418,2025-01-25,토마토,완숙토마토,14844.0,5.2,0.0,1,16981.0,17062.0,16492.733333333334,16000.0,-0.07225000000000004,0,0,0,0.0
9419,2025-01-27,토마토,완숙토마토,15000.0,0.2,5.6,1,17321.0,16468.571428571428,16359.4,14844.0,0.010509296685529579,0,0,0,5.6000000000000565
9420,2025-01-28,토마토,완숙토마토,11665.0,-3.9,0.1,1,17283.0,15542.0,16054.866666666667,15000.0,-0.22233333333333338,0,0,0,5.700000000000056
9421,2025-02-01,토마토,완숙토마토,11041.0,1.6,0.0,2,18000.0,14547.857142857143,15785.333333333334,11665.0,-0.05349335619374196,0,0,0,5.700000000000056
9422,2025-02-03,토마토,완숙토마토,15203.0,-4.1,0.0,2,17640.0,14268.142857142857,15688.766666666666,11041.0,0.37695860882166476,0,0,0,5.700000000000056
9423,2025-02-04,토마토,완숙토마토,15088.0,-9.0,0.0,2,18158.0,14120.142857142857,15525.033333333333,15203.0,-0.0075642965204235635,0,0,0,5.700000000000056
9424,2025-02-05,토마토,완숙토마토,17883.0,-8.6,0.0,2,18000.0,14389.142857142857,15488.2,15088.0,0.1852465535524921,0,0,0,5.700000000000056
9425,2025-02-06,토마토,완숙토마토,19116.0,-5.6,2.3,2,18075.0,14999.42857142857,15601.766666666666,17883.0,0.06894816305988938,0,0,0,8.000000000000057
9426,2025-02-07,토마토,완숙토마토,19416.0,-8.0,0.4,2,21652.0,15630.285714285714,15725.933333333332,19116.0,0.015693659761456313,0,0,0,2.8000000000000567
9427,2025-02-08,토마토,완숙토마토,18000.0,-7.9,0.0,2,22783.0,16535.285714285714,15843.0,19416.0,-0.07292954264524099,0,0,0,2.7000000000000566
9428,2025-02-10,토마토,완숙토마토,19000.0,-2.6,0.0,2,22000.0,17672.285714285714,15993.4,18000.0,0.05555555555555558,0,0,0,2.7000000000000566
9429,2025-02-11,토마토,완숙토마토,21000.0,0.5,0.0,2,24803.0,18500.428571428572,16172.166666666666,19000.0,0.10526315789473695,0,0,0,2.7000000000000566
9430,2025-02-13,토마토,완숙토마토,24271.0,0.2,0.0,2,28000.0,19812.285714285714,16562.833333333332,21000.0,0.15576190476190477,0,0,0,2.7000000000000566
9431,2025-02-14,토마토,완숙토마토,26558.0,3.7,0.0,2,25271.0,21051.571428571428,16981.433333333334,24271.0,0.09422767912323349,0,0,0,2.7000000000000566
9432,2025-02-15,토마토,완숙토마토,24349.0,4.1,0.0,2,25271.0,21799.14285714286,17359.733333333334,26558.0,-0.0831764440093381,0,0,0,0.40000000000005687
9433,2025-02-17,토마토,완숙토마토,25170.0,-0.3,0.0,2,23000.0,22621.14285714286,17698.733333333334,24349.0,0.03371801716702949,0,0,0,0.0
9434,2025-02-18,토마토,완숙토마토,22164.0,-2.3,0.0,2,21087.0,23216.0,17846.5,25170.0,-0.1194278903456496,0,0,0,0.0
9435,2025-02-19,토마토,완숙토마토,21778.0,-3.0,0.0,2,21253.0,23612.85714285714,18060.0,22164.0,-0.01741562894784332,0,0,0,0.0
9436,2025-02-20,토마토,완숙토마토,21312.0,-2.9,0.0,2,22261.0,23657.428571428572,18295.966666666667,21778.0,-0.021397740839379176,0,0,0,0.0
9437,2025-02-21,토마토,완숙토마토,20059.0,-2.5,0.0,2,19220.0,23055.714285714286,18469.1,21312.0,-0.05879316816816815,0,0,0,0.0
9438,2025-02-22,토마토,완숙토마토,19896.0,-2.3,0.0,2,18200.0,22104.0,18632.3,20059.0,-0.008126028216760561,0,0,0,0.0
9439,2025-02-24,토마토,완숙토마토,20144.0,-1.3,0.0,2,18712.0,21503.285714285714,18770.433333333334,19896.0,0.012464817048652987,0,0,0,0.0
9440,2025-02-25,토마토,완숙토마토,19947.0,2.1,0.0,2,18072.0,20757.14285714286,18835.333333333332,20144.0,-0.009779586973788668,0,0,0,0.0
9441,2025-02-26,토마토,완숙토마토,18964.0,3.7,0.0,2,19585.0,20300.0,18881.933333333334,19947.0,-0.04928059357296832,0,0,0,0.0
9442,2025-02-27,토마토,완숙토마토,18933.0,5.8,0.0,2,19340.0,19893.571428571428,18874.566666666666,18964.0,-0.0016346762286437722,0,0,0,0.0
9443,2025-02-28,토마토,완숙토마토,19187.0,7.8,0.0,2,20094.0,19590.0,18909.1,18933.0,0.013415729150161093,0,0,0,0.0
9444,2025-03-01,토마토,완숙토마토,18195.0,8.5,0.6,3,20000.0,19323.714285714286,18915.6,19187.0,-0.051701673007765625,0,0,1,0.6000000000000568
9445,2025-03-03,토마토,완숙토마토,19000.0,3.1,10.4,3,23377.0,19195.714285714286,18976.9,18195.0,0.04424292388018691,0,0,1,11.000000000000057
9446,2025-03-04,토마토,완숙토마토,19770.0,2.5,4.0,3,22282.0,19142.285714285714,19098.433333333334,19000.0,0.040526315789473744,0,0,1,15.000000000000057
9447,2025-03-06,토마토,완숙토마토,20107.0,4.8,0.0,3,23037.0,19165.14285714286,19235.333333333332,19770.0,0.017046029337379975,0,0,1,15.000000000000057
9448,2025-03-07,토마토,완숙토마토,20813.0,5.3,0.0,3,24000.0,19429.285714285714,19434.3,20107.0,0.03511214999751333,0,0,1,15.000000000000057
9449,2025-03-08,토마토,완숙토마토,20161.0,5.8,0.0,3,21936.0,19604.714285714286,19606.333333333332,20813.0,-0.031326574736943225,0,0,1,15.000000000000057
9450,2025-03-10,토마토,완숙토마토,21358.0,8.0,0.0,3,23711.0,19914.85714285714,19929.433333333334,20161.0,0.05937205495759135,0,0,1,15.000000000000057
9451,2025-03-11,토마토,완숙토마토,19501.0,9.4,0.0,3,21773.0,20101.428571428572,20211.433333333334,21358.0,-0.08694634329057027,0,0,1,14.400000000000057
9452,2025-03-12,토마토,완숙토마토,20212.0,8.5,0.0,3,21034.0,20274.571428571428,20378.4,19501.0,0.03645966873493678,0,0,1,4.000000000000057
9453,2025-03-13,토마토,완숙토마토,20000.0,8.9,0.0,3,22046.0,20307.428571428572,20542.133333333335,20212.0,-0.010488818523649357,0,0,1,0.0
9454,2025-03-14,토마토,완숙토마토,19250.0,12.4,0.0,3,23118.0,20185.0,20587.7,20000.0,-0.03749999999999998,0,0,1,0.0
9455,2025-03-15,토마토,완숙토마토,20000.0,12.6,0.0,3,20017.0,20068.85714285714,20617.166666666668,19250.0,0.03896103896103886,0,0,1,0.0
9456,2025-03-17,토마토,완숙토마토,19730.0,2.5,0.4,3,21053.0,20007.285714285714,20627.633333333335,20000.0,-0.013499999999999956,0,0,1,0.40000000000005687
9457,2025-03-18,토마토,완숙토마토,19308.0,2.1,9.9,3,18772.0,19714.428571428572,20671.233333333334,19730.0,-0.021388748099341104,0,0,1,10.300000000000058
9458,2025-03-19,토마토,완숙토마토,19211.0,2.4,0.0,3,19000.0,19673.0,20678.266666666666,19308.0,-0.005023824321524706,0,0,1,10.300000000000058
9459,2025-03-20,토마토,완숙토마토,19147.0,8.2,0.0,3,19000.0,19520.85714285714,20616.5,19211.0,-0.003331424704596353,0,0,1,10.300000000000058
9460,2025-03-21,토마토,완숙토마토,19029.0,11.6,0.0,3,18504.0,19382.14285714286,20441.766666666666,19147.0,-0.006162845354363622,0,0,1,10.300000000000058
9461,2025-03-22,토마토,완숙토마토,16218.0,12.8,0.0,3,19000.0,18949.0,20097.1,19029.0,-0.1477218981554469,0,0,1,10.300000000000058
9462,2025-03-24,토마토,완숙토마토,17112.0,15.5,0.0,3,19086.0,18536.428571428572,19855.866666666665,16218.0,0.055123936366999526,0,0,1,10.300000000000058
9463,2025-03-25,토마토,완숙토마토,16019.0,12.7,0.0,3,19046.0,18006.285714285714,19550.833333333332,17112.0,-0.06387330528284241,0,0,1,9.900000000000057
9464,2025-03-26,토마토,완숙토마토,16389.0,15.5,0.0,3,21157.0,17589.285714285714,19358.333333333332,16019.0,0.023097571633684977,0,0,1,0.0
9465,2025-03-27,토마토,완숙토마토,17000.0,13.7,0.3,3,21246.0,17273.428571428572,19199.066666666666,16389.0,0.037281103178961494,0,0,1,0.30000000000005683
9466,2025-03-28,토마토,완숙토마토,15262.0,6.5,0.0,3,24408.0,16718.428571428572,18997.4,17000.0,-0.10223529411764709,0,0,1,0.30000000000005683
9467,2025-03-29,토마토,완숙토마토,15105.0,3.3,0.0,3,27182.0,16157.857142857143,18832.266666666666,15262.0,-0.010286987288690819,0,0,1,0.30000000000005683
9468,2025-03-31,토마토,완숙토마토,15491.0,7.7,0.0,3,27204.0,16054.0,18685.433333333334,15105.0,0.025554452168156327,0,0,1,0.30000000000005683
9469,2025-04-01,토마토,완숙토마토,15096.0,10.1,0.0,4,28898.0,15766.0,18517.166666666668,15491.0,-0.025498676650958618,0,0,1,0.30000000000005683
9470,2025-04-02,토마토,완숙토마토,14086.0,8.9,0.0,4,30148.0,15489.857142857143,18321.8,15096.0,-0.0669051404345522,0,0,1,0.30000000000005683
9471,2025-04-03,토마토,완숙토마토,15237.0,9.8,0.0,4,30549.0,15325.285714285714,18197.566666666666,14086.0,0.0817123384921199,0,0,1,0.30000000000005683
9472,2025-04-04,토마토,완숙토마토,15229.0,10.6,0.0,4,29565.0,15072.285714285714,18074.1,15237.0,-0.0005250377370873416,0,0,1,0.0
9473,2025-04-05,토마토,완숙토마토,14734.0,8.0,22.8,4,36219.0,14996.857142857143,17925.666666666668,15229.0,-0.03250377569111562,0,0,1,22.800000000000058
9474,2025-04-07,토마토,완숙토마토,15157.0,13.5,0.0,4,36127.0,15004.285714285714,17824.4,14734.0,0.028709108185150045,0,0,1,22.800000000000058
9475,2025-04-08,토마토,완숙토마토,16000.0,13.8,0.0,4,33264.0,15077.0,17724.4,15157.0,0.05561786633238763,0,0,1,22.800000000000058
9476,2025-04-09,토마토,완숙토마토,15178.0,12.7,0.8,4,35256.0,15088.714285714286,17571.333333333332,16000.0,-0.05137499999999995,0,0,1,23.60000000000006
9477,2025-04-10,토마토,완숙토마토,15742.0,13.2,0.0,4,35000.0,15325.285714285714,17425.833333333332,15178.0,0.03715904598761366,0,0,1,23.60000000000006
9478,2025-04-11,토마토,완숙토마토,15367.0,16.2,0.0,4,33425.0,15343.857142857143,17244.3,15742.0,-0.02382162368187013,0,0,1,23.60000000000006
9479,2025-04-12,토마토,완숙토마토,14919.0,12.9,15.4,4,34820.0,15299.57142857143,17069.566666666666,15367.0,-0.029153380620810854,0,0,1,39.00000000000006
9480,2025-04-14,토마토,완숙토마토,15000.0,4.4,7.4,4,33405.0,15337.57142857143,16857.633333333335,14919.0,0.005429318318922238,0,0,1,23.60000000000006
9481,2025-04-15,토마토,완숙토마토,15015.0,8.2,0.0,4,34498.0,15317.285714285714,16708.1,15000.0,0.0009999999999998899,0,0,1,23.60000000000006
9482,2025-04-16,토마토,완숙토마토,15220.0,14.6,0.0,4,32956.0,15205.857142857143,16541.7,15015.0,0.013653013653013746,0,0,1,23.60000000000006
9483,2025-04-17,토마토,완숙토마토,15026.0,19.7,0.0,4,33426.0,15184.142857142857,16375.9,15220.0,-0.012746386333771342,0,0,1,22.800000000000058
9484,2025-04-18,토마토,완숙토마토,15027.0,18.6,0.0,4,35456.0,15082.0,16235.133333333333,15026.0,6.655131106092504e-05,0,0,1,22.800000000000058
9485,2025-04-19,토마토,완숙토마토,14729.0,15.3,9.2,4,36812.0,14990.857142857143,16059.433333333332,15027.0,-0.019830970919012425,0,0,1,32.00000000000006
9486,2025-04-21,토마토,완숙토마토,14385.0,20.7,0.0,4,34568.0,14914.57142857143,15881.266666666666,14729.0,-0.0233552854912078,0,0,1,16.60000000000006
9487,2025-04-22,토마토,완숙토마토,12089.0,17.8,34.8,4,32754.0,14498.714285714286,15640.633333333333,14385.0,-0.15961070559610702,0,0,1,44.00000000000006
9488,2025-04-23,토마토,완숙토마토,12021.0,16.8,0.0,4,30097.0,14071.0,15400.966666666667,12089.0,-0.005624948300107513,0,0,1,44.00000000000006
9489,2025-04-24,토마토,완숙토마토,11380.0,14.7,0.0,4,25184.0,13522.42857142857,15142.066666666668,12021.0,-0.05332335080276185,0,0,1,44.00000000000006
9490,2025-04-25,토마토,완숙토마토,11240.0,12.5,0.0,4,24523.0,12981.57142857143,14882.433333333332,11380.0,-0.012302284710017597,0,0,1,44.00000000000006
9491,2025-04-26,토마토,완숙토마토,10086.0,13.8,0.0,4,24281.0,12275.714285714286,14678.033333333333,11240.0,-0.10266903914590753,0,0,1,44.00000000000006
9492,2025-04-28,토마토,완숙토마토,11042.0,15.1,0.0,4,26860.0,11749.0,14475.7,10086.0,0.09478485028752726,0,0,1,34.800000000000054
9493,2025-04-29,토마토,완숙토마토,10000.0,14.8,0.0,4,26763.0,11122.57142857143,14275.066666666668,11042.0,-0.09436696250679222,0,0,1,34.800000000000054
9494,2025-04-30,토마토,완숙토마토,10896.0,18.4,0.0,4,26629.0,10952.142857142857,14091.966666666667,10000.0,0.0895999999999999,0,0,1,0.0
9495,2025-05-01,토마토,완숙토마토,10000.0,14.7,21.1,5,27462.0,10663.42857142857,13858.633333333333,10896.0,-0.08223201174743022,0,0,0,21.10000000000006
9496,2025-05-02,토마토,완숙토마토,11261.0,13.4,0.0,5,28071.0,10646.42857142857,13725.266666666666,10000.0,0.1261000000000001,0,0,0,21.10000000000006
9497,2025-05-03,토마토,완숙토마토,11566.0,11.2,7.3,5,28656.0,10693.0,13607.3,11261.0,0.027084628363378105,0,0,0,28.40000000000006
9498,2025-05-05,토마토,완숙토마토,11295.0,12.1,0.0,5,30249.0,10865.714285714286,13467.433333333332,11566.0,-0.02343074528791289,0,0,0,28.40000000000006
9499,2025-05-06,토마토,완숙토마토,10398.0,14.4,0.0,5,33204.0,10773.714285714286,13310.833333333334,11295.0,-0.07941567065073041,0,0,0,28.40000000000006
9500,2025-05-07,토마토,완숙토마토,10191.0,14.9,0.0,5,33326.0,10801.0,13181.0,10398.0,-0.019907674552798627,0,0,0,28.40000000000006
9501,2025-05-08,토마토,완숙토마토,10239.0,17.4,0.0,5,36772.0,10707.142857142857,13014.4,10191.0,0.004710038269061023,0,0,0,28.40000000000006
9502,2025-05-09,토마토,완숙토마토,10571.0,15.1,17.6,5,36206.0,10788.714285714286,12859.133333333333,10239.0,0.03242504150795966,0,0,0,24.90000000000006
9503,2025-05-10,토마토,완숙토마토,10000.0,12.3,14.1,5,37106.0,10608.57142857143,12701.333333333334,10571.0,-0.054015703339324594,0,0,0,39.00000000000006
9504,2025-05-12,토마토,완숙토마토,10490.0,17.0,0.0,5,37928.0,10454.857142857143,12545.766666666666,10000.0,0.04899999999999993,0,0,0,31.70000000000006
9505,2025-05-13,토마토,완숙토마토,10314.0,19.9,0.0,5,34455.0,10314.714285714286,12356.233333333334,10490.0,-0.016777883698760765,0,0,0,31.70000000000006
9506,2025-05-14,토마토,완숙토마토,13000.0,21.0,0.0,5,34455.0,10686.42857142857,12283.633333333333,10314.0,0.2604227263913128,0,0,0,31.70000000000006
9507,2025-05-15,토마토,완숙토마토,14797.0,19.5,1.1,5,35914.0,11344.42857142857,12252.133333333333,13000.0,0.13823076923076916,0,0,0,32.80000000000006
9508,2025-05-16,토마토,완숙토마토,16000.0,19.4,51.3,5,32677.0,12167.42857142857,12273.233333333334,14797.0,0.08130026356693931,0,0,0,84.10000000000005
9509,2025-05-17,토마토,완숙토마토,14000.0,18.3,2.2,5,33350.0,12657.285714285714,12242.6,16000.0,-0.125,0,0,0,68.70000000000006
9510,2025-05-19,토마토,완숙토마토,13428.0,16.1,1.6,5,33703.0,13147.0,12190.2,14000.0,-0.040857142857142814,0,0,0,56.20000000000005
9511,2025-05-20,토마토,완숙토마토,13135.0,22.2,1.0,5,31418.0,13524.857142857143,12127.533333333333,13428.0,-0.02182007745010428,0,0,0,57.20000000000005
9512,2025-05-21,토마토,완숙토마토,12000.0,25.5,0.0,5,29035.0,13765.714285714286,12020.2,13135.0,-0.08641035401598784,0,0,0,57.20000000000005
9513,2025-05-22,토마토,완숙토마토,10000.0,23.9,0.8,5,30672.0,13337.142857142857,11852.666666666666,12000.0,-0.16666666666666663,0,0,0,58.00000000000006
9514,2025-05-23,토마토,완숙토마토,10323.0,19.4,1.2,5,28843.0,12698.0,11695.866666666667,10000.0,0.032299999999999995,0,0,0,58.10000000000005
9515,2025-05-24,토마토,완숙토마토,10000.0,15.6,4.3,5,30012.0,11840.857142857143,11538.233333333334,10323.0,-0.03128935386999898,0,0,0,11.100000000000056
9516,2025-05-26,토마토,완숙토마토,9921.0,19.7,0.0,5,29092.0,11258.142857142857,11389.433333333332,10000.0,-0.007900000000000018,0,0,0,8.900000000000055
9517,2025-05-27,토마토,완숙토마토,10161.0,20.8,0.0,5,30719.0,10791.42857142857,11325.166666666666,9921.0,0.024191109767160546,0,0,0,7.300000000000056
9518,2025-05-28,토마토,완숙토마토,8540.0,20.8,0.0,5,28587.0,10135.0,11209.133333333333,10161.0,-0.15953154217104615,0,0,0,6.300000000000056
9519,2025-05-29,토마토,완숙토마토,9178.0,21.2,0.0,5,28959.0,9731.857142857143,11135.733333333334,8540.0,0.07470725995316152,0,0,0,6.300000000000056
9520,2025-05-30,토마토,완숙토마토,8194.0,22.2,0.0,5,29401.0,9473.857142857143,11034.2,9178.0,-0.10721290041403353,0,0,0,5.500000000000056
9521,2025-05-31,토마토,완숙토마토,8561.0,21.5,0.0,5,29706.0,9222.142857142857,10983.366666666667,8194.0,0.04478886990480846,0,0,0,4.300000000000056
9522,2025-06-02,토마토,완숙토마토,8586.0,21.0,0.0,6,30266.0,9020.142857142857,10901.5,8561.0,0.002920219600514029,0,0,0,0.0
9523,2025-06-03,토마토,완숙토마토,10000.0,20.9,0.0,6,30525.0,9031.42857142857,10901.5,8586.0,0.16468669927789414,0,0,0,0.0
9524,2025-06-04,토마토,완숙토마토,12163.0,20.5,0.0,6,30134.0,9317.42857142857,10943.733333333334,10000.0,0.21629999999999994,0,0,0,0.0
9525,2025-06-05,토마토,완숙토마토,11271.0,21.7,0.0,6,29857.0,9707.57142857143,10986.1,12163.0,-0.07333717010605934,0,0,0,0.0
9526,2025-06-06,토마토,완숙토마토,11617.0,24.1,0.0,6,31181.0,10056.0,10997.966666666667,11271.0,0.030698252151539318,0,0,0,0.0
9527,2025-06-07,토마토,완숙토마토,11430.0,23.7,0.1,6,29581.0,10518.285714285714,10993.433333333332,11617.0,-0.016097099078936083,0,0,0,0.10000000000005685
9528,2025-06-09,토마토,완숙토마토,10966.0,24.2,0.0,6,30013.0,10861.857142857143,10982.466666666667,11430.0,-0.040594925634295675,0,0,0,0.10000000000005685
9529,2025-06-10,토마토,완숙토마토,11570.0,21.7,0.0,6,30062.0,11288.142857142857,11021.533333333333,10966.0,0.05507933612985583,0,0,0,0.10000000000005685
9530,2025-06-11,토마토,완숙토마토,11960.0,22.7,0.0,6,27815.0,11568.142857142857,11080.5,11570.0,0.03370786516853941,0,0,0,0.10000000000005685
9531,2025-06-12,토마토,완숙토마토,11308.0,25.5,0.0,6,29699.0,11446.0,11116.133333333333,11960.0,-0.05451505016722413,0,0,0,0.10000000000005685
9532,2025-06-13,토마토,완숙토마토,12272.0,24.0,1.5,6,29603.0,11589.0,11172.833333333334,11308.0,0.08524938096922541,0,0,0,1.600000000000057
9533,2025-06-14,토마토,완숙토마토,12548.0,25.6,0.0,6,28356.0,11722.0,11257.766666666666,12272.0,0.02249022164276404,0,0,0,1.600000000000057
9534,2025-06-16,토마토,완숙토마토,12351.0,23.0,20.0,6,29508.0,11853.57142857143,11319.8,12548.0,-0.015699713101689494,0,0,0,21.500000000000057
9535,2025-06-17,토마토,완숙토마토,11403.0,24.8,0.0,6,29278.0,11916.0,11356.1,12351.0,-0.07675491863007045,0,0,0,21.500000000000057
9536,2025-06-18,토마토,완숙토마토,10953.0,25.5,0.0,6,29588.0,11827.857142857143,11287.866666666667,11403.0,-0.03946329913180746,0,0,0,21.500000000000057
9537,2025-06-19,토마토,완숙토마토,9541.0,28.1,0.8,6,29347.0,11482.285714285714,11112.666666666666,10953.0,-0.12891445266137136,0,0,0,22.300000000000058
9538,2025-06-20,토마토,완숙토마토,8785.0,24.1,51.1,6,30000.0,11121.857142857143,10872.166666666666,9541.0,-0.07923697725605283,0,0,0,73.40000000000006
9539,2025-06-21,토마토,완숙토마토,8720.0,22.0,0.2,6,28958.0,10614.42857142857,10696.166666666666,8785.0,-0.007398975526465512,0,0,0,72.10000000000005
9540,2025-06-23,토마토,완숙토마토,8156.0,26.1,0.0,6,27000.0,9987.0,10520.433333333332,8720.0,-0.06467889908256885,0,0,0,72.10000000000005
9541,2025-06-24,토마토,완숙토마토,7392.0,25.0,2.3,6,26457.0,9278.57142857143,10329.0,8156.0,-0.09367336929867587,0,0,0,54.400000000000055
9542,2025-06-25,토마토,완숙토마토,9350.0,20.9,8.0,6,23732.0,8985.285714285714,10240.666666666666,7392.0,0.26488095238095233,0,0,0,62.400000000000055
9543,2025-06-26,토마토,완숙토마토,9000.0,22.2,1.1,6,22207.0,8706.285714285714,10207.333333333334,9350.0,-0.03743315508021394,0,0,0,63.50000000000006
9544,2025-06-27,토마토,완숙토마토,9112.0,25.0,0.0,6,17000.0,8645.0,10166.966666666667,9000.0,0.01244444444444448,0,0,0,62.70000000000006
9545,2025-06-28,토마토,완숙토마토,9692.0,26.2,0.6,6,17345.0,8774.57142857143,10156.7,9112.0,0.0636523266022826,0,0,0,12.200000000000056
9546,2025-06-30,토마토,완숙토마토,9531.0,28.2,0.0,6,18000.0,8890.42857142857,10143.7,9692.0,-0.01661163846471314,0,0,0,12.000000000000057
9547,2025-07-01,토마토,완숙토마토,12187.0,28.6,0.9,7,20000.0,9466.285714285714,10211.233333333334,9531.0,0.2786696044486412,0,0,0,12.900000000000057
9548,2025-07-02,토마토,완숙토마토,18848.0,28.6,0.0,7,23293.0,11102.857142857143,10554.833333333334,12187.0,0.5465660129646344,0,0,0,10.600000000000056
9549,2025-07-03,토마토,완숙토마토,21738.0,28.3,0.0,7,23000.0,12872.57142857143,10973.5,18848.0,0.1533319185059423,0,0,0,2.600000000000057
9550,2025-07-04,토마토,완숙토마토,20032.0,27.2,0.0,7,21058.0,14448.57142857143,11368.1,21738.0,-0.07848008096421011,0,0,0,1.5000000000000568
9551,2025-07-05,토마토,완숙토마토,18707.0,28.4,0.0,7,22652.0,15819.285714285714,11706.3,20032.0,-0.06614416932907352,0,0,0,1.5000000000000568
9552,2025-07-07,토마토,완숙토마토,14118.0,29.1,0.0,7,21955.0,16451.571428571428,11890.7,18707.0,-0.24530924252953434,0,0,0,0.9000000000000569
9553,2025-07-08,토마토,완숙토마토,10415.0,31.3,11.8,7,21596.0,16577.85714285714,11904.533333333333,14118.0,-0.2622892761014308,0,0,0,12.700000000000058
9554,2025-07-09,토마토,완숙토마토,10009.0,31.9,0.0,7,19020.0,16266.714285714286,11832.733333333334,10415.0,-0.03898223715794524,0,0,0,11.800000000000058
9555,2025-07-10,토마토,완숙토마토,9207.0,31.4,0.0,7,17383.0,14889.42857142857,11763.933333333332,10009.0,-0.0801278849035868,0,0,0,11.800000000000058
9556,2025-07-11,토마토,완숙토마토,10480.0,30.2,0.0,7,16020.0,13281.142857142857,11726.033333333333,9207.0,0.13826436407081566,0,0,0,11.800000000000058
9557,2025-07-12,토마토,완숙토마토,11016.0,30.3,0.0,7,16519.0,11993.142857142857,11712.233333333334,10480.0,0.05114503816793903,0,0,0,11.800000000000058
9558,2025-07-14,토마토,완숙토마토,10627.0,24.2,13.6,7,18163.0,10838.857142857143,11700.933333333332,11016.0,-0.03531227305737106,0,0,0,25.400000000000055
9559,2025-07-15,토마토,완숙토마토,10163.0,23.6,4.0,7,19240.0,10273.857142857143,11654.033333333333,10627.0,-0.043662369436341386,0,0,0,29.400000000000055
9560,2025-07-16,토마토,완숙토마토,10217.0,23.3,73.1,7,18342.0,10245.57142857143,11595.933333333332,10163.0,0.005313391715044746,0,0,0,90.70000000000005
9561,2025-07-17,토마토,완숙토마토,10454.0,23.3,75.5,7,16226.0,10309.142857142857,11567.466666666667,10217.0,0.023196633062542826,0,0,0,166.20000000000005
9562,2025-07-18,토마토,완숙토마토,14000.0,24.7,16.1,7,15657.0,10993.857142857143,11625.066666666668,10454.0,0.3392003061029272,0,0,0,182.30000000000004
9563,2025-07-19,토마토,완숙토마토,15313.0,23.9,84.0,7,14182.0,11684.285714285714,11717.233333333334,14000.0,0.09378571428571436,0,0,0,266.30000000000007
9564,2025-07-21,토마토,완숙토마토,17000.0,28.5,0.0,7,15897.0,12539.142857142857,11872.2,15313.0,0.11016783125448959,0,0,0,266.30000000000007
9565,2025-07-22,토마토,완숙토마토,16980.0,28.8,0.1,7,16000.0,13446.714285714286,12058.1,17000.0,-0.0011764705882353343,0,0,0,252.80000000000004
9566,2025-07-23,토마토,완숙토마토,20582.0,28.9,0.0,7,17000.0,14935.142857142857,12379.066666666668,16980.0,0.2121319199057714,0,0,0,248.80000000000004
9567,2025-07-24,토마토,완숙토마토,26061.0,29.8,0.0,7,16534.0,17198.571428571428,12929.733333333334,20582.0,0.26620347876785533,0,0,0,175.70000000000005
9568,2025-07-25,토마토,완숙토마토,28300.0,31.1,0.0,7,16413.0,19748.0,13580.233333333334,26061.0,0.08591381758182726,0,0,0,100.20000000000005
9569,2025-07-26,토마토,완숙토마토,28000.0,32.3,0.0,7,18147.0,21748.0,14222.9,28300.0,-0.010600706713780883,0,0,0,84.10000000000005
9570,2025-07-28,토마토,완숙토마토,24883.0,32.2,0.0,7,22762.0,23115.14285714286,14780.466666666667,28000.0,-0.11132142857142857,0,0,0,0.10000000000005685
9571,2025-07-29,토마토,완숙토마토,23186.0,32.0,0.0,7,23090.0,23998.85714285714,15306.933333333332,24883.0,-0.0681991721255476,0,0,0,0.10000000000005685
9572,2025-07-30,토마토,완숙토마토,26000.0,32.1,0.0,7,25133.0,25287.428571428572,15861.933333333332,23186.0,0.12136634175795735,0,0,0,0.0
9573,2025-07-31,토마토,완숙토마토,25835.0,30.9,0.0,7,21554.0,26037.85714285714,16423.1,26000.0,-0.00634615384615389,0,0,0,0.0
9574,2025-08-01,토마토,완숙토마토,17865.0,31.0,0.0,8,20251.0,24867.0,16714.866666666665,25835.0,-0.3084962260499322,0,0,0,0.0
9575,2025-08-04,토마토,완숙토마토,15849.0,28.1,1.9,8,19048.0,23088.285714285714,16920.1,17865.0,-0.11284634760705292,0,0,0,1.9000000000000568
9576,2025-08-05,토마토,완숙토마토,17877.0,29.1,0.0,8,18993.0,21642.14285714286,17198.3,15849.0,0.1279575998485709,0,0,0,1.9000000000000568
9577,2025-08-06,토마토,완숙토마토,14302.0,27.1,22.0,8,18654.0,20130.571428571428,17268.8,17877.0,-0.19997762488113213,0,0,0,23.900000000000055
9578,2025-08-07,토마토,완숙토마토,13000.0,28.2,0.0,8,16377.0,18675.428571428572,17073.866666666665,14302.0,-0.0910362187106698,0,0,0,23.900000000000055
9579,2025-08-08,토마토,완숙토마토,11845.0,26.6,6.3,8,16556.0,16653.285714285714,16744.1,13000.0,-0.0888461538461538,0,0,0,30.200000000000056
9580,2025-08-09,토마토,완숙토마토,11628.0,24.9,3.5,8,14031.0,14623.714285714286,16463.966666666667,11845.0,-0.018319966230477047,0,0,0,33.70000000000005
9581,2025-08-11,토마토,완숙토마토,11000.0,27.0,0.0,8,11349.0,13643.0,16207.066666666668,11628.0,-0.05400756793945649,0,0,0,33.70000000000005
9582,2025-08-12,토마토,완숙토마토,12298.0,28.6,0.0,8,9408.0,13135.714285714286,16146.4,11000.0,0.1180000000000001,0,0,0,31.800000000000058
9583,2025-08-13,토마토,완숙토마토,14000.0,25.1,126.7,8,8867.0,12581.857142857143,16265.9,12298.0,0.13839648723369646,0,0,0,158.50000000000006
9584,2025-08-14,토마토,완숙토마토,19439.0,25.5,47.8,8,7938.0,13315.714285714286,16580.233333333334,14000.0,0.38850000000000007,0,0,0,184.30000000000007
9585,2025-08-15,토마토,완숙토마토,28926.0,27.1,0.0,8,10220.0,15590.857142857143,17237.533333333333,19439.0,0.4880395082051545,0,0,0,184.30000000000007
9586,2025-08-16,토마토,완숙토마토,27005.0,28.2,0.0,8,10621.0,17756.571428571428,17788.366666666665,28926.0,-0.0664108414575123,0,0,0,178.00000000000006
9587,2025-08-18,토마토,완숙토마토,26317.0,28.9,2.2,8,11668.0,19855.0,18298.4,27005.0,-0.02547676356230333,0,0,0,176.70000000000005
9588,2025-08-19,토마토,완숙토마토,34127.0,29.1,0.0,8,12000.0,23158.85714285714,19081.733333333334,26317.0,0.2967663487479575,0,0,0,176.70000000000005
9589,2025-08-20,토마토,완숙토마토,35380.0,29.4,0.0,8,12737.0,26456.285714285714,19922.3,34127.0,0.03671579687637361,0,0,0,176.70000000000005
9590,2025-08-21,토마토,완숙토마토,28650.0,29.8,0.0,8,13000.0,28549.14285714286,20536.733333333334,35380.0,-0.19022046353872246,0,0,0,50.00000000000006
9591,2025-08-22,토마토,완숙토마토,27199.0,29.4,0.0,8,13000.0,29657.714285714286,21094.9,28650.0,-0.050645724258289726,0,0,0,2.200000000000057
9592,2025-08-23,토마토,완숙토마토,21568.0,29.3,0.0,8,12243.0,28606.571428571428,21347.166666666668,27199.0,-0.20702967020846352,0,0,0,2.200000000000057
9593,2025-08-25,토마토,완숙토마토,20083.0,28.7,17.1,8,12248.0,27617.714285714286,21506.166666666668,21568.0,-0.06885200296735905,0,0,0,19.300000000000058
9594,2025-08-26,토마토,완숙토마토,18526.0,27.6,5.4,8,11246.0,26504.714285714286,21557.033333333333,20083.0,-0.07752825773041871,0,0,0,22.500000000000057
9595,2025-08-27,토마토,완숙토마토,19718.0,26.7,0.0,8,10683.0,24446.285714285714,21648.3,18526.0,0.06434200582964489,0,0,0,22.500000000000057
9596,2025-08-28,토마토,완숙토마토,23693.0,28.3,0.0,8,12150.0,22776.714285714286,21752.0,19718.0,0.20159245359569944,0,0,0,22.500000000000057
9597,2025-08-29,토마토,완숙토마토,21960.0,29.0,32.2,8,11766.0,21821.0,21615.3,23693.0,-0.0731439665724054,0,0,0,54.70000000000006
9598,2025-08-30,토마토,완숙토마토,18615.0,28.4,23.9,8,11093.0,20594.714285714286,21292.466666666667,21960.0,-0.15232240437158473,0,0,0,78.60000000000005
9599,2025-09-01,토마토,완숙토마토,17293.0,26.1,20.4,9,10704.0,19984.0,20935.566666666666,18615.0,-0.07101799623959171,0,1,0,99.00000000000006
9600,2025-09-02,토마토,완숙토마토,18368.0,26.0,0.0,9,9000.0,19739.0,20718.4,17293.0,0.0621638813392702,0,1,0,81.90000000000006
9601,2025-09-03,토마토,완숙토마토,22881.0,27.6,0.0,9,9373.0,20361.14285714286,20708.233333333334,18368.0,0.24569904181184676,0,1,0,76.50000000000006
9602,2025-09-04,토마토,완숙토마토,19315.0,25.8,44.2,9,10000.0,20303.571428571428,20485.4,22881.0,-0.15584983173812328,0,1,0,120.70000000000006
9603,2025-09-05,토마토,완숙토마토,20589.0,27.9,0.0,9,9930.0,19860.14285714286,20310.533333333333,19315.0,0.06595909914574172,0,1,0,120.70000000000006
9604,2025-09-06,토마토,완숙토마토,18308.0,26.8,36.1,9,10596.0,19338.428571428572,20325.3,20589.0,-0.1107873136140658,0,1,0,124.60000000000005
9605,2025-09-08,토마토,완숙토마토,16744.0,24.4,0.0,9,9839.0,19071.14285714286,20355.133333333335,18308.0,-0.085427135678392,0,1,0,100.70000000000005
9606,2025-09-09,토마토,완숙토마토,16204.0,23.7,0.0,9,9532.0,18915.571428571428,20299.366666666665,16744.0,-0.03225035833731482,0,1,0,80.30000000000007
9607,2025-09-10,토마토,완숙토마토,17402.0,24.8,0.0,9,8476.0,18777.571428571428,20402.7,16204.0,0.07393236237965928,0,1,0,80.30000000000007
9608,2025-09-11,토마토,완숙토마토,20786.0,25.8,0.0,9,8032.0,18478.285714285714,20662.233333333334,17402.0,0.19446040684978727,0,1,0,80.30000000000007
9609,2025-09-12,토마토,완숙토마토,31182.0,23.9,6.8,9,10000.0,20173.571428571428,21306.8,20786.0,0.5001443279130184,0,1,0,42.900000000000055
9610,2025-09-13,토마토,완숙토마토,28783.0,23.3,63.7,9,10518.0,21344.14285714286,21878.633333333335,31182.0,-0.07693541145532679,0,1,0,106.60000000000005
9611,2025-09-15,토마토,완숙토마토,27633.0,25.7,0.0,9,11819.0,22676.285714285714,22433.066666666666,28783.0,-0.03995413959628946,0,1,0,70.50000000000006
9612,2025-09-16,토마토,완숙토마토,32989.0,23.7,17.5,9,12000.0,24997.0,23122.766666666666,27633.0,0.19382622227047364,0,1,0,88.00000000000006
9613,2025-09-17,토마토,완숙토마토,47621.0,22.7,52.7,9,13341.0,29485.14285714286,24243.466666666667,32989.0,0.4435417866561582,0,1,0,140.70000000000007
9614,2025-09-18,토마토,완숙토마토,78232.0,22.1,0.0,9,18014.0,38175.142857142855,26203.233333333334,47621.0,0.6428046450095546,0,1,0,140.70000000000007
9615,2025-09-19,토마토,완숙토마토,50787.0,19.4,13.8,9,16439.0,42461.0,26931.933333333334,78232.0,-0.3508155230596175,0,1,0,154.50000000000006
9616,2025-09-20,토마토,완숙토마토,31826.0,20.0,35.3,9,13985.0,42553.0,27092.633333333335,50787.0,-0.3733435721739815,0,1,0,183.00000000000006
9617,2025-09-22,토마토,완숙토마토,31261.0,21.3,0.0,9,13185.0,42907.0,27257.433333333334,31826.0,-0.01775278074530262,0,1,0,119.30000000000007
9618,2025-09-23,토마토,완숙토마토,27180.0,22.7,0.0,9,11923.0,42842.28571428572,27025.866666666665,31261.0,-0.1305460477911775,0,1,0,119.30000000000007
9619,2025-09-24,토마토,완숙토마토,25903.0,22.0,35.2,9,12371.0,41830.0,26709.966666666667,27180.0,-0.04698307579102279,0,1,0,137.00000000000006
9620,2025-09-25,토마토,완숙토마토,27000.0,22.5,0.3,9,12865.0,38884.142857142855,26654.966666666667,25903.0,0.04235030691425701,0,1,0,84.60000000000005
9621,2025-09-26,토마토,완숙토마토,26016.0,21.7,0.0,9,13393.0,31424.714285714286,26615.533333333333,27000.0,-0.03644444444444439,0,1,0,84.60000000000005
9622,2025-09-27,토마토,완숙토마토,26744.0,22.5,0.0,9,12640.0,27990.0,26788.066666666666,26016.0,0.027982779827798288,0,1,0,70.80000000000005
9623,2025-09-29,토마토,완숙토마토,24695.0,19.6,0.0,9,11167.0,26971.285714285714,26941.8,26744.0,-0.07661531558480406,0,1,0,35.50000000000006
9624,2025-09-30,토마토,완숙토마토,22218.0,19.8,0.0,9,11155.0,25679.428571428572,27064.866666666665,24695.0,-0.10030370520348253,0,1,0,35.50000000000006
9625,2025-10-01,토마토,완숙토마토,22335.0,20.5,0.0,10,11000.0,24987.285714285714,27152.1,22218.0,0.005266000540102622,0,1,0,35.50000000000006
9626,2025-10-02,토마토,완숙토마토,17585.0,21.4,0.0,10,10241.0,23799.0,26948.5,22335.0,-0.2126706962167002,0,1,0,0.30000000000005683
9627,2025-10-03,토마토,완숙토마토,15756.0,21.2,0.8,10,11663.0,22192.714285714286,26741.7,17585.0,-0.10400909866363373,0,1,0,0.8000000000000569
9628,2025-10-04,토마토,완숙토마토,15681.0,22.5,0.0,10,13000.0,20716.285714285714,26643.9,15756.0,-0.004760091393754773,0,1,0,0.8000000000000569
9629,2025-10-09,토마토,완숙토마토,18013.0,20.0,0.0,10,11799.0,19469.0,26667.9,15681.0,0.1487150054205726,0,1,0,0.8000000000000569
9630,2025-10-10,토마토,완숙토마토,17101.0,17.0,49.3,10,12000.0,18384.14285714286,26625.666666666668,18013.0,-0.05063010048298455,0,1,0,50.10000000000005
9631,2025-10-11,토마토,완숙토마토,21317.0,20.3,22.5,10,13000.0,18255.428571428572,26573.533333333333,17101.0,0.24653529033389865,0,1,0,72.60000000000005
9632,2025-10-13,토마토,완숙토마토,26039.0,15.7,25.1,10,15000.0,18784.571428571428,26797.666666666668,21317.0,0.22151334615565044,0,1,0,97.70000000000005
9633,2025-10-14,토마토,완숙토마토,28761.0,17.9,0.6,10,13967.0,20381.14285714286,27070.066666666666,26039.0,0.10453550443565418,0,1,0,98.30000000000005
9634,2025-10-15,토마토,완숙토마토,32268.0,20.2,1.5,10,13059.0,22740.0,27535.4,28761.0,0.1219359549389798,0,1,0,99.00000000000006
9635,2025-10-16,토마토,완숙토마토,34181.0,20.2,1.3,10,12828.0,25382.85714285714,28116.633333333335,32268.0,0.05928474029998765,0,1,0,100.30000000000005
9636,2025-10-17,토마토,완숙토마토,26133.0,19.9,11.3,10,14000.0,26542.85714285714,28447.6,34181.0,-0.235452444340423,0,1,0,111.60000000000005
9637,2025-10-18,토마토,완숙토마토,32246.0,15.8,11.2,10,12465.0,28706.428571428572,28942.4,26133.0,0.23391879998469367,0,1,0,73.50000000000006
9638,2025-10-20,토마토,완숙토마토,26564.0,10.0,0.0,10,12944.0,29456.0,29135.0,32246.0,-0.17620790175525647,0,1,0,51.00000000000006
9639,2025-10-21,토마토,완숙토마토,26723.0,9.2,0.0,10,15530.0,29553.714285714286,28986.366666666665,26564.0,0.005985544345731064,0,1,0,25.900000000000055
9640,2025-10-22,토마토,완숙토마토,27637.0,13.1,0.0,10,17425.0,29393.14285714286,28948.166666666668,26723.0,0.03420274669760137,0,1,0,25.300000000000054
9641,2025-10-23,토마토,완숙토마토,28970.0,14.9,0.0,10,18270.0,28922.0,28992.733333333334,27637.0,0.048232442016137744,0,1,0,23.800000000000054
9642,2025-10-24,토마토,완숙토마토,30287.0,15.8,0.0,10,17880.0,28365.714285714286,28902.666666666668,28970.0,0.04546082153952358,0,1,0,22.500000000000057
9643,2025-10-25,토마토,완숙토마토,30622.0,14.4,0.0,10,15687.0,29007.0,28336.033333333333,30287.0,0.011060851190279664,0,1,0,11.200000000000056
9644,2025-10-27,토마토,완숙토마토,28359.0,8.1,0.0,10,14650.0,28451.714285714286,26673.6,30622.0,-0.07390111684409906,0,1,0,0.0
9645,2025-10-28,토마토,완숙토마토,28957.0,8.5,0.0,10,14339.0,28793.571428571428,25945.933333333334,28359.0,0.02108678021086785,0,1,0,0.0
9646,2025-10-29,토마토,완숙토마토,35102.0,11.4,0.0,10,17754.0,29990.571428571428,26055.133333333335,28957.0,0.21221120972476437,0,1,0,0.0
9647,2025-10-30,토마토,완숙토마토,37642.0,12.8,0.0,10,22088.0,31419.85714285714,26267.833333333332,35102.0,0.07236054925645252,0,1,0,0.0
9648,2025-10-31,토마토,완숙토마토,31168.0,15.1,0.1,10,28847.0,31733.85714285714,26400.766666666666,37642.0,-0.1719887359863982,0,1,0,0.10000000000005685
9649,2025-11-03,토마토,완숙토마토,30252.0,7.2,0.0,11,31813.0,31728.85714285714,26545.733333333334,31168.0,-0.029389117043121193,0,0,0,0.10000000000005685
9650,2025-11-04,토마토,완숙토마토,30876.0,10.2,0.0,11,26985.0,31765.14285714286,26674.933333333334,30252.0,0.020626735422451414,0,0,0,0.10000000000005685
9651,2025-11-05,토마토,완숙토마토,32876.0,11.6,0.0,11,26389.0,32410.428571428572,26903.6,30876.0,0.0647752299520663,0,0,0,0.10000000000005685
9652,2025-11-06,토마토,완숙토마토,32379.0,12.5,0.0,11,24235.0,32899.28571428572,27091.433333333334,32876.0,-0.015117410877235726,0,0,0,0.10000000000005685
9653,2025-11-07,토마토,완숙토마토,32794.0,13.9,0.0,11,22906.0,32569.571428571428,27361.4,32379.0,0.012816949257234533,0,0,0,0.10000000000005685
9654,2025-11-08,토마토,완숙토마토,28444.0,14.5,0.0,11,20397.0,31255.571428571428,27568.933333333334,32794.0,-0.13264621577117763,0,0,0,0.10000000000005685
9655,2025-11-10,토마토,완숙토마토,27434.0,8.3,0.0,11,16678.0,30722.14285714286,27738.9,28444.0,-0.035508367318239364,0,0,0,0.0
9656,2025-11-11,토마토,완숙토마토,27258.0,8.9,0.0,11,16996.0,30294.428571428572,28061.333333333332,27434.0,-0.006415396952686447,0,0,0,0.0
9657,2025-11-12,토마토,완숙토마토,27073.0,10.8,0.0,11,17038.0,29751.14285714286,28438.566666666666,27258.0,-0.006786998312422021,0,0,0,0.0
9658,2025-11-13,토마토,완숙토마토,26900.0,11.1,0.0,11,20393.0,28897.428571428572,28812.533333333333,27073.0,-0.0063901303882096805,0,0,0,0.0
9659,2025-11-14,토마토,완숙토마토,23065.0,9.1,0.0,11,23273.0,27566.85714285714,28980.933333333334,26900.0,-0.14256505576208178,0,0,0,0.0
9660,2025-11-15,토마토,완숙토마토,22946.0,9.8,0.0,11,29288.0,26160.0,29175.766666666666,23065.0,-0.005159332321699517,0,0,0,0.0
9661,2025-11-17,토마토,완숙토마토,22290.0,3.2,0.0,11,31321.0,25280.85714285714,29208.2,22946.0,-0.028588860803625882,0,0,0,0.0
9662,2025-11-18,토마토,완숙토마토,21088.0,1.6,0.0,11,30000.0,24374.285714285714,29043.166666666668,22290.0,-0.05392552714221621,0,0,0,0.0
9663,2025-11-19,토마토,완숙토마토,20135.0,3.0,0.0,11,30674.0,23356.714285714286,28755.633333333335,21088.0,-0.04519157814871022,0,0,0,0.0
9664,2025-11-20,토마토,완숙토마토,20497.0,7.4,0.0,11,31836.0,22417.285714285714,28363.266666666666,20135.0,0.017978644151974255,0,0,0,0.0
9665,2025-11-21,토마토,완숙토마토,18344.0,7.4,0.0,11,37689.0,21195.0,27835.366666666665,20497.0,-0.10503976191637798,0,0,0,0.0
9666,2025-11-22,토마토,완숙토마토,18000.0,9.6,0.0,11,35599.0,20471.428571428572,27564.266666666666,18344.0,-0.01875272568687314,0,0,0,0.0
9667,2025-11-24,토마토,완숙토마토,18696.0,12.4,0.0,11,35005.0,19864.285714285714,27112.6,18000.0,0.03866666666666663,0,0,0,0.0
9668,2025-11-25,토마토,완숙토마토,17000.0,7.4,7.8,11,40390.0,19108.571428571428,26793.8,18696.0,-0.09071459135643989,0,0,0,7.800000000000057
9669,2025-11-26,토마토,완숙토마토,17771.0,6.4,0.0,11,39024.0,18634.714285714286,26495.4,17000.0,0.045352941176470596,0,0,0,7.800000000000057
9670,2025-11-27,토마토,완숙토마토,18797.0,5.1,10.0,11,45176.0,18443.571428571428,26200.733333333334,17771.0,0.05773451128242635,0,0,0,17.800000000000058
9671,2025-11-28,토마토,완숙토마토,18214.0,2.3,0.0,11,46698.0,18117.428571428572,25842.2,18797.0,-0.031015587593764993,0,0,0,17.800000000000058
9672,2025-11-29,토마토,완숙토마토,19140.0,5.7,0.1,11,51641.0,18231.14285714286,25470.633333333335,18214.0,0.0508400131766773,0,0,0,17.90000000000006
9673,2025-12-01,토마토,완숙토마토,21107.0,5.5,0.0,12,47410.0,18675.0,25153.466666666667,19140.0,0.10276907001044933,0,0,0,17.90000000000006
9674,2025-12-02,토마토,완숙토마토,19275.0,0.1,0.0,12,30954.0,18757.714285714286,24850.666666666668,21107.0,-0.08679584971810295,0,0,0,17.90000000000006
9675,2025-12-03,토마토,완숙토마토,18758.0,-5.9,0.0,12,22396.0,19008.85714285714,24510.7,19275.0,-0.026822308690013008,0,0,0,10.100000000000056
9676,2025-12-04,토마토,완숙토마토,19507.0,-3.2,4.0,12,26960.0,19256.85714285714,23990.866666666665,18758.0,0.03992963002452288,0,0,0,14.100000000000058
9677,2025-12-05,토마토,완숙토마토,17385.0,-2.6,0.0,12,26194.0,19055.14285714286,23315.633333333335,19507.0,-0.10878146306454095,0,0,0,4.100000000000058
9678,2025-12-06,토마토,완숙토마토,18000.0,2.1,0.6,12,25870.0,19024.571428571428,22876.7,17385.0,0.035375323554788674,0,0,0,4.700000000000058
9679,2025-12-08,토마토,완숙토마토,18534.0,3.4,0.0,12,27566.0,18938.0,22486.1,18000.0,0.02966666666666673,0,0,0,4.600000000000058
9680,2025-12-09,토마토,완숙토마토,17716.0,2.8,0.0,12,33300.0,18453.571428571428,22047.433333333334,18534.0,-0.044135103053846936,0,0,0,4.600000000000058
9681,2025-12-10,토마토,완숙토마토,19175.0,4.9,0.0,12,34691.0,18439.285714285714,21590.733333333334,17716.0,0.0823549333935425,0,0,0,4.600000000000058
9682,2025-12-11,토마토,완숙토마토,23027.0,4.0,12.9,12,39318.0,19049.14285714286,21279.0,19175.0,0.20088657105606256,0,0,0,17.500000000000057
9683,2025-12-12,토마토,완숙토마토,20000.0,2.0,0.0,12,38704.0,19119.571428571428,20852.533333333333,23027.0,-0.1314543796412907,0,0,0,13.500000000000059
9684,2025-12-15,토마토,완숙토마토,19264.0,0.7,0.0,12,45550.0,19388.0,20546.533333333333,20000.0,-0.036800000000000055,0,0,0,13.500000000000059
9685,2025-12-16,토마토,완숙토마토,18373.0,3.8,2.1,12,62263.0,19441.285714285714,20244.5,19264.0,-0.046252076411960164,0,0,0,15.000000000000059
9686,2025-12-17,토마토,완숙토마토,19281.0,4.2,0.0,12,68513.0,19548.0,19978.6,18373.0,0.04942034507157245,0,0,0,15.000000000000059
9687,2025-12-18,토마토,완숙토마토,18312.0,2.3,0.0,12,68186.0,19633.14285714286,19686.566666666666,19281.0,-0.05025672942274784,0,0,0,15.000000000000059
9688,2025-12-19,토마토,완숙토마토,19067.0,4.9,0.0,12,68143.0,19617.714285714286,19425.466666666667,18312.0,0.041229794670161635,0,0,0,15.000000000000059
9689,2025-12-20,토마토,완숙토마토,19264.0,7.3,0.3,12,64887.0,19080.14285714286,19298.766666666666,19067.0,0.010331987203020976,0,0,0,2.4000000000000585
9690,2025-12-22,토마토,완숙토마토,19000.0,-0.7,0.0,12,62351.0,18937.285714285714,19167.233333333334,19264.0,-0.013704318936877069,0,0,0,2.4000000000000585
9691,2025-12-23,토마토,완숙토마토,17042.0,2.6,10.8,12,59089.0,18619.85714285714,18992.3,19000.0,-0.1030526315789474,0,0,0,13.20000000000006
9692,2025-12-24,토마토,완숙토마토,18000.0,2.8,0.0,12,65152.0,18566.571428571428,18889.366666666665,17042.0,0.05621405938270163,0,0,0,11.10000000000006
9693,2025-12-25,토마토,완숙토마토,18000.0,-3.6,0.0,12,58571.0,18383.571428571428,18818.2,18000.0,0.0,0,0,0,11.10000000000006
9694,2025-12-26,토마토,완숙토마토,17186.0,-8.2,0.0,12,66757.0,18222.714285714286,18707.833333333332,18000.0,-0.045222222222222275,0,0,0,11.10000000000006
9695,2025-12-27,토마토,완숙토마토,16000.0,-2.6,0.0,12,60798.0,17784.571428571428,18629.7,17186.0,-0.06900965902478762,0,0,0,11.10000000000006
9696,2025-12-29,토마토,완숙토마토,17000.0,4.9,0.3,12,53148.0,17461.14285714286,18596.366666666665,16000.0,0.0625,0,0,0,11.10000000000006
9697,2025-12-30,토마토,완숙토마토,16405.0,-0.5,0.0,12,44860.0,17090.428571428572,18520.0,17000.0,-0.03500000000000003,0,0,0,11.10000000000006
9698,2025-12-31,토마토,완숙토마토,16135.0,-5.6,0.0,12,44023.0,16960.85714285714,18491.166666666668,16405.0,-0.016458396830234645,0,0,0,0.3000000000000586
9699,2026-01-03,토마토,완숙토마토,14382.0,-4.7,0.0,1,45780.0,16444.0,18378.2,16135.0,-0.10864580105361021,0,0,0,0.3000000000000586
9700,2026-01-05,토마토,완숙토마토,14034.0,-1.9,0.0,1,37622.0,15877.42857142857,18219.433333333334,14382.0,-0.02419691280767622,0,0,0,0.3000000000000586
9701,2026-01-06,토마토,완숙토마토,12599.0,-0.9,0.0,1,40470.0,15222.142857142857,18032.266666666666,14034.0,-0.10225167450477413,0,0,0,0.3000000000000586
9702,2026-01-07,토마토,완숙토마토,14000.0,-0.2,0.0,1,30308.0,14936.42857142857,17860.933333333334,12599.0,0.11119930153186752,0,0,0,0.3000000000000586
9703,2026-01-08,토마토,완숙토마토,13000.0,-5.1,0.0,1,33280.0,14365.0,17590.7,14000.0,-0.0714285714285714,0,0,0,0.0
9704,2026-01-09,토마토,완숙토마토,11699.0,-0.3,0.0,1,26200.0,13692.714285714286,17338.166666666668,13000.0,-0.10007692307692306,0,0,0,0.0
9705,2026-01-10,토마토,완숙토마토,12000.0,2.0,1.7,1,29768.0,13102.0,17112.9,11699.0,0.02572869476023598,0,0,0,1.7000000000000586
9706,2026-01-12,토마토,완숙토마토,13097.0,-3.8,2.7,1,25407.0,12918.42857142857,16899.233333333334,12000.0,0.0914166666666667,0,0,0,4.400000000000059
9707,2026-01-13,토마토,완숙토마토,14000.0,-3.3,0.0,1,28345.0,12913.57142857143,16786.4,13097.0,0.06894708711918751,0,0,0,4.400000000000059
9708,2026-01-14,토마토,완숙토마토,15000.0,-3.3,0.0,1,24000.0,13256.57142857143,16686.4,14000.0,0.0714285714285714,0,0,0,4.400000000000059
9709,2026-01-15,토마토,완숙토마토,15183.0,4.7,0.0,1,23444.0,13425.57142857143,16574.7,15000.0,0.012199999999999989,0,0,0,4.400000000000059
9710,2026-01-16,토마토,완숙토마토,15000.0,3.6,0.0,1,30909.0,13711.285714285714,16484.166666666668,15183.0,-0.012052953961667612,0,0,0,4.400000000000059
9711,2026-01-17,토마토,완숙토마토,15736.0,0.2,0.0,1,30651.0,14288.0,16369.533333333333,15000.0,0.04906666666666659,0,0,0,4.400000000000059
9712,2026-01-19,토마토,완숙토마토,16046.0,-3.9,1.0,1,26706.0,14866.0,16136.833333333334,15736.0,0.019700050838840966,0,0,0,3.700000000000059
9713,2026-01-20,토마토,완숙토마토,16000.0,-8.4,0.0,1,27512.0,15280.714285714286,16003.5,16046.0,-0.0028667580705471485,0,0,0,1.0000000000000586
9714,2026-01-21,토마토,완숙토마토,15000.0,-9.7,0.0,1,28000.0,15423.57142857143,15861.366666666667,16000.0,-0.0625,0,0,0,1.0000000000000586
9715,2026-01-22,토마토,완숙토마토,17080.0,-9.1,0.0,1,29223.0,15720.714285714286,15818.266666666666,15000.0,0.13866666666666672,0,0,0,1.0000000000000586
9716,2026-01-23,토마토,완숙토마토,15627.0,-5.0,2.2,1,29718.0,15784.142857142857,15696.466666666667,17080.0,-0.0850702576112412,0,0,0,3.200000000000059
9717,2026-01-24,토마토,완숙토마토,16000.0,-5.3,0.0,1,30396.0,15927.0,15619.4,15627.0,0.023868944775068845,0,0,0,3.200000000000059
9718,2026-01-26,토마토,완숙토마토,16476.0,-4.2,0.0,1,29822.0,16032.714285714286,15533.033333333333,16000.0,0.029749999999999943,0,0,0,3.200000000000059
9719,2026-01-27,토마토,완숙토마토,16562.0,-4.4,0.0,1,31000.0,16106.42857142857,15442.966666666667,16476.0,0.005219713522699676,0,0,0,2.200000000000059
9720,2026-01-28,토마토,완숙토마토,16249.0,-5.4,0.0,1,37115.0,16142.0,15351.266666666666,16562.0,-0.01889868373384862,0,0,0,2.200000000000059
9721,2026-01-29,토마토,완숙토마토,18000.0,-5.2,0.0,1,41209.0,16570.571428571428,15383.2,16249.0,0.10776047756785023,0,0,0,2.200000000000059
9722,2026-01-30,토마토,완숙토마토,17000.0,-6.4,0.0,1,50000.0,16559.14285714286,15349.866666666667,18000.0,-0.05555555555555558,0,0,0,2.200000000000059
9723,2026-01-31,토마토,완숙토마토,17000.0,-4.1,0.0,1,45454.0,16755.285714285714,15316.533333333333,17000.0,0.0,0,0,0,0.0
9724,2026-02-02,토마토,완숙토마토,18501.0,-2.1,2.4,2,30129.0,17112.571428571428,15360.366666666667,17000.0,0.08829411764705886,0,0,0,2.4000000000000585
9725,2026-02-03,토마토,완숙토마토,17915.0,-0.9,0.0,2,33000.0,17318.14285714286,15424.2,18501.0,-0.03167396356953678,0,0,0,2.4000000000000585
9726,2026-02-04,토마토,완숙토마토,17184.0,2.8,0.0,2,42205.0,17407.0,15430.333333333334,17915.0,-0.040803795701925716,0,0,0,2.4000000000000585
9727,2026-02-05,토마토,완숙토마토,18898.0,3.6,0.0,2,33000.0,17785.428571428572,15513.433333333332,17184.0,0.09974394785847296,0,0,0,2.4000000000000585
9728,2026-02-06,토마토,완숙토마토,17438.0,-6.0,0.0,2,37680.0,17705.14285714286,15556.866666666667,18898.0,-0.07725685257699233,0,0,0,2.4000000000000585
9729,2026-02-07,토마토,완숙토마토,16619.0,-8.1,0.0,2,30581.0,17650.714285714286,15631.433333333332,17438.0,-0.04696639522881063,0,0,0,2.4000000000000585
9730,2026-02-09,토마토,완숙토마토,17000.0,-3.1,0.0,2,26223.0,17650.714285714286,15730.3,16619.0,0.022925567121968804,0,0,0,2.4000000000000585
9731,2026-02-10,토마토,완숙토마토,16173.0,1.4,0.8,2,26126.0,17318.14285714286,15849.433333333332,17000.0,-0.04864705882352938,0,0,0,0.8000000000000587
9732,2026-02-11,토마토,완숙토마토,16941.0,2.7,0.0,2,27000.0,17179.0,15947.466666666667,16173.0,0.04748655166017435,0,0,0,0.8000000000000587
9733,2026-02-12,토마토,완숙토마토,20000.0,2.8,0.0,2,23872.0,17581.285714285714,16180.8,16941.0,0.18056785313735912,0,0,0,0.8000000000000587
9734,2026-02-13,토마토,완숙토마토,17929.0,5.3,0.0,2,25042.0,17442.85714285714,16388.466666666667,20000.0,-0.10355000000000003,0,0,0,0.8000000000000587
9735,2026-02-14,토마토,완숙토마토,17775.0,7.8,0.0,2,25052.0,17491.0,16580.966666666667,17929.0,-0.008589436109097015,0,0,0,0.8000000000000587
9736,2026-02-16,토마토,완숙토마토,13454.0,2.4,0.0,2,22389.0,17038.85714285714,16592.866666666665,17775.0,-0.2430942334739803,0,0,0,0.8000000000000587
9737,2026-02-20,토마토,완숙토마토,11868.0,6.3,0.0,2,25923.0,16305.714285714286,16521.8,13454.0,-0.11788315742530098,0,0,0,0.8000000000000587
9738,2026-02-21,토마토,완숙토마토,11642.0,10.7,0.0,2,27436.0,15658.42857142857,16409.866666666665,11868.0,-0.019042804179305706,0,0,0,0.0
9739,2026-02-23,토마토,완숙토마토,15757.0,1.8,0.0,2,26296.0,15489.285714285714,16429.0,11642.0,0.3534616045353032,0,0,0,0.0
9740,2026-02-24,토마토,완숙토마토,15000.0,2.8,0.0,2,26839.0,14775.0,16429.0,15757.0,-0.04804214000126927,0,0,0,0.0
9741,2026-02-25,토마토,완숙토마토,13707.0,7.4,0.0,2,24151.0,14171.857142857143,16361.366666666667,15000.0,-0.08620000000000005,0,0,0,0.0
9742,2026-02-26,토마토,완숙토마토,13828.0,8.3,0.0,2,21620.0,13608.0,16287.433333333332,13707.0,0.008827606332530769,0,0,0,0.0
9743,2026-02-27,토마토,완숙토마토,13238.0,9.6,0.0,2,21345.0,13577.142857142857,16195.366666666667,13828.0,-0.04266705235753543,0,0,0,0.0
9744,2026-02-28,토마토,완숙토마토,18000.0,9.3,0.0,2,20200.0,14453.142857142857,16295.366666666667,13238.0,0.35972201238857826,0,0,0,0.0
9745,2026-03-02,토마토,완숙토마토,18000.0,4.9,12.2,3,21348.0,15361.42857142857,16326.033333333333,18000.0,0.0,0,0,1,12.200000000000058
9746,2026-03-03,토마토,완숙토마토,17116.0,5.9,1.3,3,24622.0,15555.57142857143,16375.666666666666,18000.0,-0.049111111111111105,0,0,1,13.500000000000059
9747,2026-03-04,토마토,완숙토마토,17222.0,6.0,0.0,3,19824.0,15873.0,16416.4,17116.0,0.006193035756017817,0,0,1,13.500000000000059
9748,2026-03-05,토마토,완숙토마토,19645.0,6.0,15.5,3,22000.0,16721.285714285714,16522.033333333333,17222.0,0.14069213796307056,0,0,1,29.000000000000057
9749,2026-03-06,토마토,완숙토마토,16844.0,1.9,0.0,3,21000.0,17152.14285714286,16531.433333333334,19645.0,-0.14258080936625095,0,0,1,29.000000000000057
9750,2026-03-09,토마토,완숙토마토,18475.0,4.5,0.0,3,20216.0,17900.285714285714,16605.633333333335,16844.0,0.09682973165518871,0,0,1,29.000000000000057
9751,2026-03-10,토마토,완숙토마토,17000.0,3.9,0.0,3,19598.0,17757.428571428572,16572.3,18475.0,-0.07983761840324766,0,0,1,29.000000000000057
9752,2026-03-11,토마토,완숙토마토,16000.0,4.5,0.0,3,21000.0,17471.714285714286,16538.966666666667,17000.0,-0.05882352941176472,0,0,1,16.80000000000006
9753,2026-03-12,토마토,완숙토마토,16000.0,7.1,0.0,3,20237.0,17312.285714285714,16505.633333333335,16000.0,0.0,0,0,1,15.500000000000059
9754,2026-03-13,토마토,완숙토마토,15755.0,7.6,0.0,3,19000.0,17102.714285714286,16414.1,16000.0,-0.015312499999999951,0,0,1,15.500000000000059
9755,2026-03-14,토마토,완숙토마토,16914.0,8.1,0.0,3,20801.0,16712.571428571428,16380.733333333334,15755.0,0.07356394795303078,0,0,1,0.0
9756,2026-03-16,토마토,완숙토마토,18134.0,7.4,0.0,3,19127.0,16896.85714285714,16412.4,16914.0,0.07212959678372943,0,0,1,0.0
9757,2026-03-17,토마토,완숙토마토,17034.0,8.8,0.0,3,18100.0,16691.0,16350.266666666666,18134.0,-0.06065953457593476,0,0,1,0.0
9758,2026-03-18,토마토,완숙토마토,17169.0,6.8,4.8,3,20000.0,16715.14285714286,16341.3,17034.0,0.007925325818950224,0,0,1,4.800000000000058
9759,2026-03-19,토마토,완숙토마토,17958.0,6.1,0.0,3,18988.0,16994.85714285714,16385.933333333334,17169.0,0.04595491874890789,0,0,1,4.800000000000058
9760,2026-03-20,토마토,완숙토마토,17632.0,7.5,0.0,3,15709.0,17228.0,16407.0,17958.0,-0.018153469205924977,0,0,1,4.800000000000058
9761,2026-03-21,토마토,완숙토마토,16852.0,8.4,0.0,3,15691.0,17384.714285714286,16429.633333333335,17632.0,-0.04423774954627946,0,0,1,4.800000000000058
9762,2026-03-23,토마토,완숙토마토,17154.0,11.9,0.0,3,14488.0,17419.0,16436.733333333334,16852.0,0.01792072157607416,0,0,1,4.800000000000058
9763,2026-03-24,토마토,완숙토마토,16498.0,12.9,0.0,3,14488.0,17185.285714285714,16320.0,17154.0,-0.038241809490497825,0,0,1,4.800000000000058
9764,2026-03-25,토마토,완숙토마토,16725.0,12.8,0.0,3,15637.0,17141.14285714286,16279.866666666667,16498.0,0.013759243544672062,0,0,1,4.800000000000058
9765,2026-03-26,토마토,완숙토마토,16466.0,12.1,0.0,3,12551.0,17040.714285714286,16236.233333333334,16725.0,-0.015485799701046354,0,0,1,0.0
9766,2026-03-27,토마토,완숙토마토,16533.0,11.4,0.0,3,14000.0,16837.14285714286,16338.866666666667,16466.0,0.004068990647394521,0,0,1,0.0
9767,2026-03-28,토마토,완숙토마토,15496.0,12.2,0.0,3,13000.0,16532.0,16459.8,16533.0,-0.06272303877094298,0,0,1,0.0
9768,2026-03-30,토마토,완숙토마토,16268.0,16.0,1.8,3,15000.0,16448.571428571428,16614.0,15496.0,0.04981930820857006,0,0,1,1.8000000000000587
9769,2026-03-31,토마토,완숙토마토,15519.0,14.2,8.2,3,17731.0,16215.0,16606.066666666666,16268.0,-0.04604130808950091,0,0,1,10.000000000000059
9770,2026-04-01,토마토,완숙토마토,14072.0,13.3,0.0,4,15373.0,15868.42857142857,16575.133333333335,15519.0,-0.09324054384947489,0,0,1,10.000000000000059
9771,2026-04-02,토마토,완숙토마토,14670.0,11.6,0.0,4,14233.0,15574.857142857143,16607.233333333334,14072.0,0.042495736213757906,0,0,1,10.000000000000059
9772,2026-04-03,토마토,완숙토마토,12960.0,14.7,0.0,4,14865.0,15074.0,16578.3,14670.0,-0.1165644171779141,0,0,1,10.000000000000059
9773,2026-04-06,토마토,완숙토마토,13080.0,10.2,1.2,4,15000.0,14580.714285714286,16573.033333333333,12960.0,0.0092592592592593,0,0,1,11.200000000000058
9774,2026-04-07,토마토,완숙토마토,11677.0,8.2,0.0,4,16000.0,14035.142857142857,16362.266666666666,13080.0,-0.107262996941896,0,0,1,11.200000000000058
9775,2026-04-08,토마토,완숙토마토,11317.0,10.3,0.0,4,18000.0,13327.857142857143,16139.5,11677.0,-0.030829836430590007,0,0,1,9.400000000000057
9776,2026-04-09,토마토,완숙토마토,10555.0,10.6,18.9,4,17566.0,12618.714285714286,15920.8,11317.0,-0.06733233189007692,0,0,1,20.10000000000006
9777,2026-04-10,토마토,완숙토마토,11056.0,10.3,5.1,4,19154.0,12187.857142857143,15715.266666666666,10555.0,0.04746565608716247,0,0,1,25.20000000000006
9778,2026-04-11,토마토,완숙토마토,10668.0,10.9,0.0,4,18151.0,11616.142857142857,15416.033333333333,11056.0,-0.0350940665701881,0,0,1,25.20000000000006
9779,2026-04-13,토마토,완숙토마토,12000.0,18.7,0.0,4,18000.0,11479.0,15254.566666666668,10668.0,0.12485939257592804,0,0,1,25.20000000000006
9780,2026-04-14,토마토,완숙토마토,12171.0,20.7,0.0,4,17161.0,11349.142857142857,15044.433333333332,12000.0,0.014250000000000096,0,0,1,24.000000000000057
9781,2026-04-15,토마토,완숙토마토,11000.0,19.7,0.0,4,16124.0,11252.42857142857,14844.433333333332,12171.0,-0.09621230794511548,0,0,1,24.000000000000057
9782,2026-04-16,토마토,완숙토마토,11042.0,19.8,0.0,4,16000.0,11213.142857142857,14679.166666666666,11000.0,0.0038181818181817206,0,0,1,24.000000000000057
9783,2026-04-17,토마토,완숙토마토,11042.0,17.4,0.0,4,14844.0,11282.714285714286,14513.9,11042.0,0.0,0,0,1,5.10000000000006
9784,2026-04-18,토마토,완숙토마토,12074.0,19.2,0.0,4,15000.0,11428.142857142857,14391.2,11042.0,0.09346132946929897,0,0,1,0.0
9785,2026-04-20,토마토,완숙토마토,12510.0,13.4,0.8,4,11665.0,11691.285714285714,14244.4,12074.0,0.036110650985588855,0,0,1,0.8000000000000604
9786,2026-04-21,토마토,완숙토마토,11447.0,12.2,0.0,4,11041.0,11612.285714285714,14021.5,12510.0,-0.08497202238209434,0,0,1,0.8000000000000604
9787,2026-04-22,토마토,완숙토마토,12257.0,14.2,0.0,4,15203.0,11624.57142857143,13862.266666666666,11447.0,0.07076089805189123,0,0,1,0.8000000000000604
9788,2026-04-23,토마토,완숙토마토,11624.0,17.0,0.0,4,15088.0,11713.714285714286,13677.433333333332,12257.0,-0.05164395855429549,0,0,1,0.8000000000000604
9789,2026-04-24,토마토,완숙토마토,11000.0,18.0,0.0,4,17883.0,11707.714285714286,13445.5,11624.0,-0.05368203716448727,0,0,1,0.8000000000000604
9790,2026-04-25,토마토,완숙토마토,11053.0,18.2,0.0,4,19116.0,11709.285714285714,13226.2,11000.0,0.0048181818181818326,0,0,1,0.8000000000000604
9791,2026-04-27,토마토,완숙토마토,10912.0,16.2,1.5,4,19416.0,11543.285714285714,13028.2,11053.0,-0.012756717633221726,0,0,1,2.30000000000006
9792,2026-04-28,토마토,완숙토마토,10806.0,13.3,0.2,4,18000.0,11299.857142857143,12816.6,10912.0,-0.009714076246334358,0,0,1,1.7000000000000604
9793,2026-04-29,토마토,완숙토마토,10000.0,14.9,0.0,4,19000.0,11093.142857142857,12600.0,10806.0,-0.07458819174532672,0,0,1,1.7000000000000604
9794,2026-04-30,토마토,완숙토마토,11000.0,17.4,0.0,4,21000.0,10913.57142857143,12409.166666666666,10000.0,0.10000000000000009,0,0,1,1.7000000000000604
9795,2026-05-01,토마토,완숙토마토,11000.0,17.8,0.0,5,24271.0,10824.42857142857,12226.966666666667,11000.0,0.0,0,0,0,1.7000000000000604
9796,2026-05-02,토마토,완숙토마토,10873.0,17.3,1.4,5,26558.0,10806.285714285714,12038.3,11000.0,-0.011545454545454525,0,0,0,3.10000000000006
9797,2026-05-04,토마토,완숙토마토,10230.0,13.7,1.8,5,24349.0,10688.714285714286,11862.766666666666,10873.0,-0.05913731260921551,0,0,0,4.900000000000061
9798,2026-05-05,토마토,완숙토마토,9885.0,14.5,0.0,5,25170.0,10542.0,11650.0,10230.0,-0.03372434017595305,0,0,0,3.4000000000000603
9799,2026-05-06,토마토,완숙토마토,10000.0,16.9,0.0,5,22164.0,10426.857142857143,11466.033333333333,9885.0,0.01163378856853825,0,0,0,3.20000000000006
9800,2026-05-07,토마토,완숙토마토,10470.0,15.4,2.7,5,21778.0,10494.0,11345.966666666667,10000.0,0.04699999999999993,0,0,0,5.900000000000061
9801,2026-05-08,토마토,완숙토마토,11000.0,15.2,0.0,5,21312.0,10494.0,11223.633333333333,10470.0,0.050620821394460336,0,0,0,5.900000000000061
9802,2026-05-09,토마토,완숙토마토,12000.0,15.9,0.0,5,20059.0,10636.857142857143,11191.633333333333,11000.0,0.09090909090909083,0,0,0,5.900000000000061
9803,2026-05-11,토마토,완숙토마토,12204.0,16.8,0.9,5,19896.0,10827.0,11162.433333333332,12000.0,0.016999999999999904,0,0,0,5.400000000000061
9804,2026-05-12,토마토,완숙토마토,12027.0,19.1,18.1,5,20144.0,11083.714285714286,11174.1,12204.0,-0.014503441494591929,0,0,0,21.700000000000063
9805,2026-05-13,토마토,완숙토마토,12714.0,19.7,0.0,5,19947.0,11487.857142857143,11220.666666666666,12027.0,0.05712147667747569,0,0,0,21.700000000000063
9806,2026-05-14,토마토,완숙토마토,12245.0,23.5,0.0,5,18964.0,11808.57142857143,11277.0,12714.0,-0.036888469403806856,0,0,0,21.700000000000063
9807,2026-05-15,토마토,완숙토마토,12052.0,24.2,0.0,5,18933.0,12034.57142857143,11310.2,12245.0,-0.015761535320539033,0,0,0,19.000000000000064
9808,2026-05-16,토마토,완숙토마토,12000.0,23.1,0.0,5,19187.0,12177.42857142857,11354.6,12052.0,-0.004314636574842323,0,0,0,19.000000000000064
9809,2026-05-18,토마토,완숙토마토,11818.0,23.0,0.0,5,18195.0,12151.42857142857,11348.533333333333,12000.0,-0.015166666666666662,0,0,0,19.000000000000064
9810,2026-05-19,토마토,완숙토마토,11397.0,22.1,0.0,5,19000.0,12036.142857142857,11322.733333333334,11818.0,-0.03562362497884586,0,0,0,18.100000000000062
9811,2026-05-20,토마토,완숙토마토,12145.0,16.9,63.1,5,19770.0,12053.0,11360.9,11397.0,0.06563130648416249,0,0,0,63.100000000000065
9812,2026-05-21,토마토,완숙토마토,12153.0,17.0,14.0,5,20107.0,11972.857142857143,11397.933333333332,12145.0,0.0006587072869492783,0,0,0,77.10000000000005
9813,2026-05-22,토마토,완숙토마토,13012.0,20.6,0.0,5,20813.0,12082.42857142857,11463.6,12153.0,0.07068213609808272,0,0,0,77.10000000000005
9814,2026-05-23,토마토,완숙토마토,13264.0,19.2,0.0,5,20161.0,12255.57142857143,11503.266666666666,13012.0,0.01936673839532732,0,0,0,77.10000000000005
9815,2026-05-25,토마토,완숙토마토,12089.0,24.4,0.0,5,21358.0,12268.285714285714,11489.233333333334,13264.0,-0.08858564535585045,0,0,0,77.10000000000005
9816,2026-05-26,토마토,완숙토마토,10056.0,24.9,0.6,5,19501.0,12016.57142857143,11442.866666666667,12089.0,-0.16816941020762677,0,0,0,77.70000000000006
9817,2026-05-27,토마토,완숙토마토,9620.0,22.3,2.5,5,20212.0,11762.714285714286,11354.966666666667,10056.0,-0.04335719968178198,0,0,0,80.20000000000006
11782,2026-05-28,토마토,완숙토마토,9217.0,20.9,3.5,5,20000.0,11344.42857142857,11274.733333333334,9620.0,-0.04189189189189191,0,0,0,20.60000000000006
11783,2026-05-29,토마토,완숙토마토,9523.0,21.5,0.0,5,19250.0,10968.714285714286,11225.5,9217.0,0.03319952262124337,0,0,0,6.6000000000000565
