id,날짜,작물분류,품목명,평균가,평균기온,강수량,월,전년도가격,7일평균가,30일평균가,전일가격,가격변화율,7일내_폭염발생,환절기여부,봄_환절기여부,7일누적강수량
10183,2022-03-19,토마토,토마토,39963.0,3.4,14.6,3,43000.0,37293.57142857143,39025.03333333333,39963.0,0.0,0,0,1,27.099999999999998
10184,2022-03-21,토마토,토마토,40077.0,5.0,0.0,3,51000.0,37168.142857142855,38910.4,39963.0,0.002852638690789,0,0,1,24.499999999999996
10185,2022-03-22,토마토,토마토,29000.0,7.1,0.0,3,55000.0,35311.0,38426.53333333333,40077.0,-0.27639294358360156,0,0,1,15.799999999999999
10186,2022-03-23,토마토,토마토,41900.0,6.2,0.0,3,55000.0,37296.71428571428,38289.86666666667,29000.0,0.44482758620689644,0,0,1,15.799999999999999
10187,2022-03-24,토마토,토마토,41900.0,8.2,0.0,3,51500.0,37314.71428571428,38953.2,41900.0,0.0,0,0,1,15.799999999999999
10188,2022-03-25,토마토,토마토,46333.0,12.0,10.9,3,42625.0,39876.57142857143,39035.73333333333,41900.0,0.10579952267303105,0,0,1,25.5
10189,2022-03-26,토마토,토마토,46333.0,11.8,19.8,3,46000.0,40786.57142857143,39760.166666666664,46333.0,0.0,0,0,1,45.3
10190,2022-03-28,토마토,토마토,43556.0,8.2,0.0,3,37800.0,41299.857142857145,39778.7,46333.0,-0.059935682990525097,0,0,1,30.7
10191,2022-03-29,토마토,토마토,43556.0,9.7,0.0,3,36000.0,41796.857142857145,39797.23333333333,43556.0,0.0,0,0,1,30.700000000000003
10192,2022-03-30,토마토,토마토,44556.0,10.8,0.4,3,29000.0,44019.142857142855,39859.76666666667,43556.0,0.022958949398475426,0,0,1,31.1
10193,2022-03-31,토마토,토마토,44556.0,10.9,0.0,3,32000.0,44398.57142857143,40744.96666666667,44556.0,0.0,0,0,1,31.1
10194,2022-04-01,토마토,토마토,44879.0,9.2,0.0,4,26400.0,44824.142857142855,40859.1,44556.0,0.007249304246341737,0,0,1,31.1
10195,2022-04-02,토마토,토마토,38000.0,8.2,0.0,4,34257.0,43633.71428571428,40743.933333333334,44879.0,-0.15327881637291385,0,0,1,20.2
10196,2022-04-04,토마토,토마토,44786.0,10.3,0.0,4,26857.0,43412.71428571428,40804.26666666667,38000.0,0.17857894736842095,0,0,1,0.4
10197,2022-04-05,토마토,토마토,44786.0,10.3,0.0,4,36000.0,43588.42857142857,40864.6,44786.0,0.0,0,0,1,0.4
10198,2022-04-06,토마토,토마토,39783.0,11.7,0.0,4,36000.0,43049.42857142857,40874.03333333333,44786.0,-0.11170901621042295,0,0,1,0.4
10199,2022-04-07,토마토,토마토,35714.0,10.9,0.0,4,41727.0,41786.28571428572,40747.833333333336,39783.0,-0.10227986828544855,0,0,1,0.0
10200,2022-04-08,토마토,토마토,36973.0,12.9,0.0,4,28000.0,40703.0,40544.63333333333,35714.0,0.03525228201825614,0,0,1,0.0
10201,2022-04-09,토마토,토마토,34000.0,17.8,0.5,4,35160.0,39148.857142857145,40242.333333333336,36973.0,-0.08041002894003735,0,0,1,0.5
10202,2022-04-11,토마토,토마토,33758.0,19.6,0.0,4,30000.0,38542.857142857145,39988.3,34000.0,-0.007117647058823562,0,0,1,0.5
10203,2022-04-12,토마토,토마토,33758.0,19.3,0.5,4,32000.0,36967.42857142857,39734.26666666667,33758.0,0.0,0,0,1,1.0
10204,2022-04-13,토마토,토마토,31444.0,13.1,1.3,4,26571.0,35061.42857142857,39434.566666666666,33758.0,-0.06854671485277564,0,0,1,2.3
10205,2022-04-14,토마토,토마토,26000.0,13.2,0.0,4,33714.0,33092.42857142857,38921.933333333334,31444.0,-0.1731331891616843,0,0,1,2.3
10206,2022-04-15,토마토,토마토,29040.0,13.3,0.0,4,26000.0,32139.0,38524.76666666667,26000.0,0.11692307692307691,0,0,1,2.3
10207,2022-04-16,토마토,토마토,32000.0,13.2,0.0,4,33000.0,31428.571428571428,38226.26666666667,29040.0,0.10192837465564741,0,0,1,2.3
10208,2022-04-18,토마토,토마토,27709.0,15.2,0.0,4,20000.0,30529.85714285714,37749.9,32000.0,-0.13409375,0,0,1,1.8
10209,2022-04-19,토마토,토마토,21000.0,15.2,0.0,4,28000.0,28707.285714285714,37516.566666666666,27709.0,-0.24212349778050457,0,0,1,1.8
10210,2022-04-20,토마토,토마토,25708.0,15.7,0.0,4,28000.0,27557.285714285714,36981.03333333333,21000.0,0.22419047619047627,0,0,1,1.3
10211,2022-04-21,토마토,토마토,22667.0,16.3,0.0,4,29500.0,26303.428571428572,36789.933333333334,25708.0,-0.11829002645091025,0,0,1,0.0
10212,2022-04-22,토마토,토마토,25458.0,15.0,0.0,4,14000.0,26226.0,36306.433333333334,22667.0,0.12313054219790875,0,0,1,0.0
10213,2022-04-23,토마토,토마토,25119.0,17.7,0.0,4,30686.0,25665.85714285714,35811.63333333333,25458.0,-0.013316049964647636,0,0,1,0.0
10214,2022-04-25,토마토,토마토,24605.0,20.0,1.3,4,30686.0,24609.428571428572,35295.9,25119.0,-0.020462598033361146,0,0,1,1.3
10215,2022-04-26,토마토,토마토,20738.0,21.9,1.0,4,34643.0,23613.571428571428,35020.5,24605.0,-0.15716317821580983,0,0,1,2.3
10216,2022-04-27,토마토,토마토,24444.0,17.7,0.0,4,34643.0,24105.571428571428,34438.63333333333,20738.0,0.17870575754653295,0,0,1,2.3
10217,2022-04-28,토마토,토마토,22220.0,18.2,0.0,4,29609.0,23607.285714285714,33782.63333333333,24444.0,-0.0909834724267714,0,0,1,2.3
10218,2022-04-29,토마토,토마토,24463.0,13.4,15.5,4,20000.0,23863.85714285714,33053.63333333333,22220.0,0.100945094509451,0,0,1,17.8
10219,2022-04-30,토마토,토마토,22167.0,13.0,0.0,4,33895.0,23393.714285714286,32248.1,24463.0,-0.09385602747005684,0,0,1,17.8
10220,2022-05-02,토마토,토마토,23962.0,14.2,0.0,5,33895.0,23228.428571428572,31594.966666666667,22167.0,0.08097622592141462,0,0,0,17.8
10221,2022-05-03,토마토,토마토,24639.0,14.8,0.0,5,31829.0,23233.285714285714,30964.4,23962.0,0.02825306735664812,0,0,0,16.5
10222,2022-05-04,토마토,토마토,26188.0,17.8,0.0,5,21000.0,24011.85714285714,30352.133333333335,24639.0,0.06286781119363605,0,0,0,15.5
10223,2022-05-05,토마토,토마토,26429.0,18.9,0.0,5,33786.0,24295.428571428572,29747.9,26188.0,0.009202688254162261,0,0,0,15.5
10224,2022-05-06,토마토,토마토,29973.0,19.6,0.0,5,18000.0,25403.0,29251.033333333333,26429.0,0.1340951227817928,0,0,0,15.5
10225,2022-05-07,토마토,토마토,29071.0,18.4,0.5,5,36189.0,26061.285714285714,28953.4,29973.0,-0.030093751042605033,0,0,0,0.5
10226,2022-05-09,토마토,토마토,26773.0,17.9,0.0,5,36189.0,26719.285714285714,28352.966666666667,29071.0,-0.07904784837122902,0,0,0,0.5
10227,2022-05-10,토마토,토마토,28000.0,19.9,0.0,5,35000.0,27296.14285714286,27793.433333333334,26773.0,0.045829753856497124,0,0,0,0.5
10228,2022-05-11,토마토,토마토,27923.0,19.7,0.0,5,35000.0,27765.285714285714,27398.1,28000.0,-0.00275000000000003,0,0,0,0.5
10229,2022-05-12,토마토,토마토,26417.0,20.9,0.0,5,30659.0,27798.0,27088.2,27923.0,-0.05393403287612364,0,0,0,0.5
10230,2022-05-13,토마토,토마토,27282.0,19.4,0.0,5,30659.0,27919.85714285714,26765.166666666668,26417.0,0.03274406632092974,0,0,0,0.5
10231,2022-05-14,토마토,토마토,25600.0,15.7,0.0,5,31512.0,27295.14285714286,26485.166666666668,27282.0,-0.061652371527014194,0,0,0,0.5
10232,2022-05-16,토마토,토마토,26149.0,17.3,0.0,5,31512.0,26877.714285714286,26231.533333333333,25600.0,0.021445312500000036,0,0,0,0.0
10233,2022-05-17,토마토,토마토,23085.0,20.0,0.0,5,34000.0,26350.85714285714,25875.766666666666,26149.0,-0.11717465295039964,0,0,0,0.0
10234,2022-05-18,토마토,토마토,22360.0,20.0,1.5,5,21000.0,25545.14285714286,25572.966666666667,23085.0,-0.03140567468052846,0,0,0,1.5
10235,2022-05-19,토마토,토마토,20159.0,19.9,0.0,5,36000.0,24436.0,25378.266666666666,22360.0,-0.09843470483005368,0,0,0,1.5
10236,2022-05-20,토마토,토마토,21010.0,20.6,0.0,5,36000.0,23663.571428571428,25110.6,20159.0,0.04221439555533513,0,0,0,1.5
10237,2022-05-21,토마토,토마토,18736.0,20.1,0.0,5,45875.0,22442.714285714286,24668.466666666667,21010.0,-0.1082341742027606,0,0,0,1.5
10238,2022-05-23,토마토,토마토,16970.0,23.0,0.0,5,45875.0,21209.85714285714,24310.5,18736.0,-0.09425704526046119,0,0,0,1.5
10239,2022-05-24,토마토,토마토,16083.0,22.9,0.0,5,55000.0,19771.85714285714,24146.6,16970.0,-0.052268709487330534,0,0,0,1.5
10240,2022-05-25,토마토,토마토,16283.0,21.0,3.5,5,55000.0,18800.14285714286,23832.433333333334,16083.0,0.012435490891002932,0,0,0,5.0
10241,2022-05-26,토마토,토마토,16863.0,18.7,0.0,5,64389.0,18014.85714285714,23638.966666666667,16283.0,0.03561997174967768,0,0,0,3.5
10242,2022-05-27,토마토,토마토,16647.0,20.0,0.0,5,64389.0,17513.14285714286,23345.266666666666,16863.0,-0.012809108699519678,0,0,0,3.5
10243,2022-05-28,토마토,토마토,15448.0,22.3,0.0,5,65433.0,16718.571428571428,23022.9,16647.0,-0.07202498948759539,0,0,0,3.5
10244,2022-05-30,토마토,토마토,14457.0,20.8,0.0,5,35000.0,16107.285714285714,22684.633333333335,15448.0,-0.06415069911962712,0,0,0,3.5
10245,2022-05-31,토마토,토마토,14436.0,20.7,0.0,5,53636.0,15745.285714285714,22474.566666666666,14457.0,-0.0014525835235525975,0,0,0,3.5
10246,2022-06-01,토마토,토마토,14892.0,22.1,0.0,6,53636.0,15575.142857142857,22156.166666666668,14436.0,0.03158769742310885,0,0,0,3.5
10247,2022-06-02,토마토,토마토,14789.0,21.5,0.0,6,38857.0,15361.714285714286,21908.466666666667,14892.0,-0.006916465216223466,0,0,0,0.0
10248,2022-06-03,토마토,토마토,15935.0,24.5,0.0,6,38857.0,15229.142857142857,21624.2,14789.0,0.07749002637095148,0,0,0,0.0
10249,2022-06-04,토마토,토마토,16088.0,25.6,0.0,6,41750.0,15149.285714285714,21421.566666666666,15935.0,0.009601506118606773,0,0,0,0.0
10250,2022-06-06,토마토,토마토,16034.0,19.7,4.3,6,41750.0,15233.0,21157.3,16088.0,-0.003356539035305861,0,0,0,4.3
10251,2022-06-07,토마토,토마토,15993.0,20.6,0.0,6,43385.0,15452.42857142857,20869.1,16034.0,-0.0025570662342522255,0,0,0,4.3
10252,2022-06-08,토마토,토마토,14662.0,21.2,0.0,6,29467.0,15484.714285714286,20484.9,15993.0,-0.08322391046082667,0,0,0,4.3
10253,2022-06-09,토마토,토마토,15422.0,20.9,2.6,6,35571.0,15560.42857142857,20118.0,14662.0,0.05183467466921288,0,0,0,6.9
10254,2022-06-10,토마토,토마토,15060.0,20.9,1.2,6,35571.0,15599.142857142857,19620.9,15422.0,-0.023472960705485657,0,0,0,8.1
10255,2022-06-11,토마토,토마토,15024.0,24.6,0.0,6,37421.0,15469.0,19152.666666666668,15060.0,-0.0023904382470119057,0,0,0,8.1
10256,2022-06-13,토마토,토마토,16763.0,23.6,18.0,6,37421.0,15565.42857142857,18819.0,15024.0,0.11574813631522907,0,0,0,26.1
10257,2022-06-14,토마토,토마토,16576.0,21.5,0.0,6,38500.0,15642.857142857143,18438.2,16763.0,-0.011155521088110687,0,0,0,21.8
10258,2022-06-15,토마토,토마토,17000.0,17.5,18.5,6,28000.0,15786.714285714286,18074.1,16576.0,0.0255791505791505,0,0,0,40.3
10259,2022-06-16,토마토,토마토,16541.0,20.3,0.7,6,38724.0,16055.142857142857,17744.9,17000.0,-0.027000000000000024,0,0,0,41.0
10260,2022-06-17,토마토,토마토,16283.0,22.5,0.0,6,38724.0,16178.142857142857,17378.266666666666,16541.0,-0.015597605948854398,0,0,0,38.4
10261,2022-06-18,토마토,토마토,16511.0,23.3,0.0,6,40800.0,16385.428571428572,17075.3,16283.0,0.014002333722286986,0,0,0,37.2
10262,2022-06-20,토마토,토마토,15394.0,25.2,0.0,6,40800.0,16438.285714285714,16716.8,16511.0,-0.06765186845133553,0,0,0,37.2
10263,2022-06-21,토마토,토마토,14949.0,26.5,0.0,6,36077.0,16179.142857142857,16445.6,15394.0,-0.02890736650643111,0,0,0,19.2
10264,2022-06-22,토마토,토마토,14606.0,25.9,0.0,6,28182.0,15897.714285714286,16187.133333333333,14949.0,-0.022944678573817656,0,0,0,19.2
10265,2022-06-23,토마토,토마토,13952.0,24.3,103.0,6,33106.0,15462.285714285714,15980.233333333334,14606.0,-0.04477611940298509,0,0,0,103.7
10266,2022-06-24,토마토,토마토,14262.0,22.6,19.1,6,33106.0,15136.714285714286,15755.3,13952.0,0.022219036697247674,0,0,0,122.1
10267,2022-06-25,토마토,토마토,12512.0,26.0,0.0,6,32605.0,14598.0,15547.833333333334,14262.0,-0.12270368812228294,0,0,0,122.1
10268,2022-06-27,토마토,토마토,12377.0,26.8,6.1,6,30200.0,14007.42857142857,15394.733333333334,12512.0,-0.010789641943733996,0,0,0,128.2
10269,2022-06-28,토마토,토마토,10711.0,26.9,6.3,6,36303.0,13338.42857142857,15215.666666666666,12377.0,-0.13460450836228488,0,0,0,134.5
10270,2022-06-29,토마토,토마토,9024.0,25.1,37.8,6,35722.0,12492.0,14973.7,10711.0,-0.15750163383437588,0,0,0,172.3
10271,2022-06-30,토마토,토마토,9275.0,22.3,176.2,6,35636.0,11730.42857142857,14720.766666666666,9024.0,0.027814716312056786,0,0,0,348.5
10272,2022-07-01,토마토,토마토,9113.0,26.6,0.0,7,32273.0,11039.142857142857,14469.633333333333,9275.0,-0.01746630727762799,0,0,0,245.5
10273,2022-07-02,토마토,토마토,8887.0,28.8,0.0,7,37382.0,10271.285714285714,14250.933333333332,9113.0,-0.02479973663996493,0,0,0,226.4
10274,2022-07-04,토마토,토마토,11731.0,29.3,0.0,7,32769.0,10159.714285714286,14160.066666666668,8887.0,0.3200180038258129,0,0,0,226.4
10275,2022-07-05,토마토,토마토,16660.0,29.2,0.0,7,35810.0,10771.57142857143,14234.2,11731.0,0.4201687835649135,0,0,0,220.3
10276,2022-07-06,토마토,토마토,18258.0,29.5,16.1,7,29632.0,11849.714285714286,14346.4,16660.0,0.09591836734693882,0,0,0,230.1
10277,2022-07-07,토마토,토마토,18820.0,28.2,0.0,7,30774.0,13249.142857142857,14480.766666666666,18258.0,0.03078102749479683,0,0,0,192.3
10278,2022-07-08,토마토,토마토,19174.0,25.8,1.7,7,32175.0,14663.285714285714,14588.733333333334,18820.0,0.018809776833156322,0,0,0,17.80000000000003
10279,2022-07-09,토마토,토마토,18895.0,26.9,0.1,7,28800.0,16060.714285714286,14682.3,19174.0,-0.014550954417440254,0,0,0,17.90000000000003
10280,2022-07-11,토마토,토마토,20079.0,27.0,9.0,7,28426.0,17659.571428571428,14817.133333333333,18895.0,0.06266207991532147,0,0,0,26.90000000000003
10281,2022-07-12,토마토,토마토,22750.0,26.8,0.0,7,27682.0,19233.714285714286,15042.366666666667,20079.0,0.13302455301558846,0,0,0,26.90000000000003
10282,2022-07-13,토마토,토마토,24971.0,25.0,114.5,7,26378.0,20421.0,15386.0,22750.0,0.09762637362637361,0,0,0,141.40000000000003
10283,2022-07-14,토마토,토마토,24093.0,25.7,0.9,7,25798.0,21254.571428571428,15675.033333333333,24971.0,-0.035160786512354325,0,0,0,126.20000000000005
10284,2022-07-15,토마토,토마토,25973.0,26.0,0.0,7,23000.0,22276.428571428572,16038.8,24093.0,0.07803096335035065,0,0,0,126.20000000000005
10285,2022-07-16,토마토,토마토,26632.0,24.8,34.0,7,26882.0,23341.85714285714,16425.733333333334,25973.0,0.025372502213837356,0,0,0,158.50000000000003
10286,2022-07-18,토마토,토마토,28463.0,26.8,0.0,7,25254.0,24708.714285714286,16815.733333333334,26632.0,0.06875187744067279,0,0,0,158.40000000000003
10287,2022-07-19,토마토,토마토,31372.0,27.4,0.0,7,25699.0,26322.0,17308.933333333334,28463.0,0.10220285985314259,0,0,0,149.40000000000003
10288,2022-07-20,토마토,토마토,35409.0,27.1,1.1,7,25115.0,28130.428571428572,17922.566666666666,31372.0,0.12868162692847118,0,0,0,150.50000000000003
10289,2022-07-21,토마토,토마토,44459.0,23.2,10.4,7,25014.0,30914.428571428572,18853.166666666668,35409.0,0.25558473834335893,0,0,0,46.40000000000003
10290,2022-07-22,토마토,토마토,44800.0,25.1,5.2,7,23573.0,33872.57142857143,19803.733333333334,44459.0,0.0076699880789041774,0,0,0,50.70000000000003
10291,2022-07-23,토마토,토마토,39124.0,24.8,9.9,7,24979.0,35751.28571428572,20557.5,44800.0,-0.1266964285714286,0,0,0,60.60000000000003
10292,2022-07-25,토마토,토마토,35920.0,27.5,0.0,7,23424.0,37078.142857142855,21241.7,39124.0,-0.08189346692567223,0,0,0,26.60000000000003
10293,2022-07-26,토마토,토마토,30808.0,28.9,0.0,7,22839.0,37413.142857142855,21770.333333333332,35920.0,-0.1423162583518931,0,0,0,26.60000000000003
10294,2022-07-27,토마토,토마토,32218.0,29.3,0.0,7,22928.0,37534.0,22357.4,30808.0,0.04576733316021819,0,0,0,26.60000000000003
10295,2022-07-28,토마토,토마토,33758.0,29.7,0.0,7,22466.0,37298.142857142855,23017.6,32218.0,0.047799366813582544,0,0,0,25.50000000000003
10296,2022-07-29,토마토,토마토,38093.0,30.7,0.0,7,21028.0,36388.71428571428,23811.966666666667,33758.0,0.12841400556905036,0,0,0,15.10000000000003
10297,2022-07-30,토마토,토마토,34561.0,30.9,1.0,7,20876.0,34926.0,24546.933333333334,38093.0,-0.09272044732628038,0,0,0,10.90000000000003
10298,2022-08-01,토마토,토마토,33737.0,28.6,30.0,8,20703.0,34156.42857142857,25258.933333333334,34561.0,-0.02384190272272213,0,0,0,31.00000000000003
10299,2022-08-02,토마토,토마토,31156.0,26.8,33.5,8,18691.0,33475.857142857145,25940.433333333334,33737.0,-0.07650354210510713,0,0,0,64.50000000000003
10300,2022-08-03,토마토,토마토,27734.0,27.1,51.1,8,17441.0,33036.71428571428,26564.1,31156.0,-0.10983438182051608,0,0,0,115.60000000000002
10301,2022-08-04,토마토,토마토,31255.0,28.9,0.0,8,16752.0,32899.142857142855,27296.766666666666,27734.0,0.12695608278647152,0,0,0,115.60000000000002
10302,2022-08-05,토마토,토마토,36333.0,29.4,0.0,8,16284.0,33267.0,28204.1,31255.0,0.16247000479923202,0,0,0,115.60000000000002
10303,2022-08-06,토마토,토마토,36333.0,28.7,13.6,8,16431.0,33015.57142857143,29118.966666666667,36333.0,0.0,0,0,0,129.20000000000002
10304,2022-08-08,토마토,토마토,34368.0,26.8,129.6,8,18824.0,32988.0,29873.533333333333,36333.0,-0.054083064982247575,0,0,0,257.8
10305,2022-08-09,토마토,토마토,29931.0,25.1,123.1,8,19289.0,32444.285714285714,30315.9,34368.0,-0.12910265363128492,0,0,0,350.9
10306,2022-08-10,토마토,토마토,26720.0,24.7,7.6,8,21639.0,31810.571428571428,30597.966666666667,29931.0,-0.10728007751161006,0,0,0,325.0
10307,2022-08-11,토마토,토마토,24752.0,25.0,38.8,8,19042.0,31384.571428571428,30795.7,26720.0,-0.07365269461077839,0,0,0,312.7
10308,2022-08-12,토마토,토마토,29516.0,27.0,0.0,8,19243.0,31136.14285714286,31140.433333333334,24752.0,0.19246929541047186,0,0,0,312.7
10309,2022-08-13,토마토,토마토,25519.0,25.8,4.0,8,18375.0,29591.285714285714,31361.233333333334,29516.0,-0.1354180783303971,0,0,0,316.7
10310,2022-08-15,토마토,토마토,27247.0,28.1,0.9,8,18755.0,28293.285714285714,31600.166666666668,25519.0,0.0677142521258669,0,0,0,304.0
10311,2022-08-16,토마토,토마토,29321.0,26.7,0.0,8,20260.0,27572.285714285714,31819.2,27247.0,0.07611847175835873,0,0,0,174.40000000000003
10312,2022-08-17,토마토,토마토,33576.0,26.0,0.0,8,19382.0,28093.0,32106.033333333333,29321.0,0.1451178336345964,0,0,0,51.300000000000026
10313,2022-08-18,토마토,토마토,46613.0,25.6,0.0,8,19340.0,30934.85714285714,32856.7,33576.0,0.3882832975935191,0,0,0,43.700000000000024
10314,2022-08-19,토마토,토마토,44486.0,26.0,66.1,8,18859.0,33754.0,33473.8,46613.0,-0.045631047132774105,0,0,0,71.00000000000003
10315,2022-08-20,토마토,토마토,37821.0,28.2,0.0,8,18600.0,34940.42857142857,33846.76666666667,44486.0,-0.14982241604100166,0,0,0,71.00000000000003
10316,2022-08-22,토마토,토마토,37983.0,26.8,3.2,8,19242.0,36721.0,34164.1,37821.0,0.004283334655350135,0,0,0,70.20000000000003
10317,2022-08-23,토마토,토마토,37219.0,25.4,2.2,8,17764.0,38145.57142857143,34359.0,37983.0,-0.020114261643366715,0,0,0,71.50000000000003
10318,2022-08-24,토마토,토마토,40558.0,24.8,0.0,8,18384.0,39750.857142857145,34530.63333333333,37219.0,0.08971224374647369,0,0,0,71.50000000000003
10319,2022-08-25,토마토,토마토,37425.0,22.2,1.6,8,18335.0,40300.71428571428,34296.166666666664,40558.0,-0.07724739878692244,0,0,0,73.10000000000002
10320,2022-08-26,토마토,토마토,38044.0,23.8,0.0,8,19138.0,39076.57142857143,34070.96666666667,37425.0,0.01653974615898468,0,0,0,73.10000000000002
10321,2022-08-27,토마토,토마토,37909.0,21.5,17.6,8,19053.0,38137.0,34030.46666666667,38044.0,-0.0035485227631163463,0,0,0,24.60000000000003
10322,2022-08-29,토마토,토마토,36457.0,21.0,2.2,8,19116.0,37942.142857142855,34048.36666666667,37909.0,-0.038302250125300086,0,0,0,26.80000000000003
10323,2022-08-30,토마토,토마토,34132.0,19.1,35.8,8,18327.0,37392.0,34159.166666666664,36457.0,-0.06377376086896891,0,0,0,59.40000000000003
10324,2022-08-31,토마토,토마토,34606.0,21.7,0.0,8,16875.0,37018.71428571428,34238.76666666667,34132.0,0.013887261221141367,0,0,0,57.200000000000024
10325,2022-09-01,토마토,토마토,39818.0,24.0,0.0,9,16574.0,36913.0,34440.76666666667,34606.0,0.15060972085765467,0,1,0,57.200000000000024
10326,2022-09-02,토마토,토마토,41594.0,24.7,0.0,9,16877.0,37508.57142857143,34557.46666666667,39818.0,0.044602943392435535,0,1,0,55.60000000000002
10327,2022-09-03,토마토,토마토,44436.0,24.2,0.0,9,17265.0,38421.71428571428,34886.63333333333,41594.0,0.06832716257152471,0,1,0,55.60000000000002
10328,2022-09-05,토마토,토마토,44423.0,19.2,120.0,9,16136.0,39352.28571428572,35242.833333333336,44436.0,-0.0002925555855612938,0,1,0,158.00000000000003
10329,2022-09-06,토마토,토마토,35259.0,21.0,25.3,9,16354.0,39181.142857142855,35379.6,44423.0,-0.20628953470049294,0,1,0,181.10000000000002
10330,2022-09-07,토마토,토마토,35783.0,22.8,0.0,9,16617.0,39417.0,35647.9,35259.0,0.014861453813210801,0,1,0,145.30000000000004
10331,2022-09-08,토마토,토마토,32444.0,23.2,0.0,9,17455.0,39108.142857142855,35687.53333333333,35783.0,-0.09331246681385019,0,1,0,145.30000000000004
10332,2022-09-09,토마토,토마토,13237.0,24.3,0.0,9,18650.0,35310.857142857145,34917.666666666664,32444.0,-0.5920046849956848,0,1,0,145.30000000000004
10333,2022-09-13,토마토,토마토,29805.0,24.3,0.0,9,21081.0,33626.71428571428,34700.066666666666,13237.0,1.2516431215532222,0,1,0,145.30000000000004
10334,2022-09-14,토마토,토마토,28966.0,24.6,0.0,9,26000.0,31416.714285714286,34520.0,29805.0,-0.028149639322261333,0,1,0,145.30000000000004
10335,2022-09-15,토마토,토마토,31672.0,25.2,0.1,9,26427.0,29595.14285714286,34578.03333333333,28966.0,0.09341987157356901,0,1,0,25.40000000000003
10336,2022-09-16,토마토,토마토,32815.0,25.7,14.6,9,31827.0,29246.0,34781.2,31672.0,0.036088658752210234,0,1,0,14.700000000000028
10337,2022-09-17,토마토,토마토,41483.0,25.6,4.3,9,33939.0,30060.285714285714,35338.9,32815.0,0.2641474935243029,0,1,0,19.00000000000003
10338,2022-09-19,토마토,토마토,39488.0,24.6,0.0,9,31162.0,31066.571428571428,35671.3,41483.0,-0.04809198948967042,0,1,0,19.00000000000003
10339,2022-09-20,토마토,토마토,41553.0,19.9,0.0,9,29187.0,35111.71428571428,36205.76666666667,39488.0,0.05229436790923825,0,1,0,19.00000000000003
10340,2022-09-21,토마토,토마토,44451.0,19.4,0.0,9,27763.0,37204.0,36779.23333333333,41553.0,0.06974225687675983,0,1,0,19.00000000000003
10341,2022-09-22,토마토,토마토,50000.0,19.8,0.0,9,28297.0,40208.857142857145,37468.53333333333,44451.0,0.12483408697217158,0,1,0,19.00000000000003
10342,2022-09-23,토마토,토마토,46873.0,17.5,3.3,9,27051.0,42380.42857142857,37911.76666666667,50000.0,-0.06254000000000004,0,1,0,22.200000000000024
10343,2022-09-24,토마토,토마토,36671.0,18.5,0.0,9,23062.0,42931.28571428572,37580.36666666667,46873.0,-0.21765195315000108,0,1,0,7.600000000000028
10344,2022-09-26,토마토,토마토,33880.0,20.0,0.0,9,20978.0,41845.142857142855,37226.833333333336,36671.0,-0.07610918709607051,0,1,0,3.3000000000000282
10345,2022-09-27,토마토,토마토,40186.0,20.9,0.0,9,17901.0,41944.857142857145,37305.666666666664,33880.0,0.18612750885478158,0,1,0,3.3000000000000282
10346,2022-09-28,토마토,토마토,45364.0,20.4,0.0,9,15541.0,42489.28571428572,37551.7,40186.0,0.1288508435773652,0,1,0,3.3000000000000282
10347,2022-09-29,토마토,토마토,51577.0,20.4,0.0,9,17513.0,43507.28571428572,38030.3,45364.0,0.13695882197337106,0,1,0,3.3000000000000282
10348,2022-09-30,토마토,토마토,56386.0,20.7,0.0,9,18095.0,44419.57142857143,38557.9,51577.0,0.09323923454252858,0,1,0,3.3000000000000282
10349,2022-10-01,토마토,토마토,56391.0,20.9,0.0,10,16527.0,45779.28571428572,39190.1,56386.0,8.867449366856128e-05,0,1,0,0.0
10350,2022-10-03,토마토,토마토,55267.0,21.4,76.0,10,18210.0,48435.857142857145,39764.2,56391.0,-0.01993225869376314,0,1,0,76.00000000000003
10351,2022-10-04,토마토,토마토,56000.0,17.9,11.8,10,18770.0,51595.857142857145,40367.23333333333,55267.0,0.013262887437349491,0,1,0,87.80000000000003
10352,2022-10-05,토마토,토마토,56000.0,16.6,0.1,10,19173.0,53855.0,41018.666666666664,56000.0,0.0,0,1,0,87.90000000000003
10353,2022-10-06,토마토,토마토,59057.0,15.8,0.0,10,21597.0,55811.142857142855,41849.5,56000.0,0.054589285714285785,0,1,0,87.90000000000003
10354,2022-10-07,토마토,토마토,57271.0,14.3,0.0,10,20586.0,56624.57142857143,42605.0,59057.0,-0.030241969622567977,0,1,0,87.90000000000003
10355,2022-10-08,토마토,토마토,45690.0,15.8,0.0,10,19800.0,55096.57142857143,42800.73333333333,57271.0,-0.2022140350264532,0,1,0,87.90000000000003
10356,2022-10-10,토마토,토마토,40964.0,9.9,0.0,10,17746.0,52892.71428571428,42779.73333333333,45690.0,-0.10343620048150581,0,1,0,87.90000000000003
10357,2022-10-11,토마토,토마토,33000.0,11.1,0.0,10,18630.0,49711.71428571428,42398.53333333333,40964.0,-0.19441460794844256,0,1,0,11.900000000000029
10358,2022-10-12,토마토,토마토,37314.0,13.5,0.0,10,20771.0,47042.28571428572,42161.566666666666,33000.0,0.1307272727272728,0,1,0,0.10000000000002843
10359,2022-10-13,토마토,토마토,44000.0,16.3,0.0,10,18273.0,45328.0,42452.933333333334,37314.0,0.17918207643243833,0,1,0,0.0
10360,2022-10-14,토마토,토마토,44000.0,17.1,0.0,10,16407.0,43177.0,42726.833333333336,44000.0,0.0,0,1,0,0.0
10361,2022-10-15,토마토,토마토,40421.0,18.2,0.0,10,19484.0,40769.857142857145,42992.73333333333,44000.0,-0.08134090909090907,0,1,0,0.0
10362,2022-10-17,토마토,토마토,37027.0,11.2,0.0,10,19942.0,39532.28571428572,43785.73333333333,40421.0,-0.08396625516439471,0,1,0,0.0
10363,2022-10-18,토마토,토마토,36313.0,9.4,0.0,10,18024.0,38867.857142857145,44002.666666666664,37027.0,-0.0192832257541794,0,1,0,0.0
10364,2022-10-19,토마토,토마토,38000.0,10.5,0.0,10,17593.0,39582.142857142855,44303.8,36313.0,0.04645719163935791,0,1,0,0.0
10365,2022-10-20,토마토,토마토,38552.0,12.9,0.0,10,20190.0,39759.0,44533.13333333333,38000.0,0.01452631578947372,0,1,0,0.0
10366,2022-10-21,토마토,토마토,34286.0,14.0,0.0,10,19061.0,38371.28571428572,44582.166666666664,38552.0,-0.11065573770491799,0,1,0,0.0
10367,2022-10-22,토마토,토마토,32468.0,15.1,0.0,10,21443.0,36723.857142857145,44281.666666666664,34286.0,-0.05302455812868223,0,1,0,0.0
10368,2022-10-24,토마토,토마토,33955.0,10.6,0.0,10,21245.0,35800.142857142855,44097.23333333333,32468.0,0.04579894049525679,0,1,0,0.0
10369,2022-10-25,토마토,토마토,35096.0,11.3,0.0,10,25389.0,35524.28571428572,43882.0,33955.0,0.0336032984832868,0,1,0,0.0
10370,2022-10-26,토마토,토마토,34682.0,12.9,0.0,10,25939.0,35291.28571428572,43556.36666666667,35096.0,-0.011796216093002077,0,1,0,0.0
10371,2022-10-27,토마토,토마토,35045.0,13.2,0.0,10,29424.0,34869.142857142855,43057.86666666667,34682.0,0.010466524421890222,0,1,0,0.0
10372,2022-10-28,토마토,토마토,36176.0,13.6,0.0,10,28406.0,34529.71428571428,42701.3,35045.0,0.032272792124411476,0,1,0,0.0
10373,2022-10-29,토마토,토마토,33551.0,14.8,0.0,10,35000.0,34424.71428571428,42597.3,36176.0,-0.07256191950464397,0,1,0,0.0
10374,2022-10-31,토마토,토마토,34257.0,14.9,0.0,10,34765.0,34680.28571428572,42609.86666666667,33551.0,0.02104259187505586,0,1,0,0.0
10375,2022-11-01,토마토,토마토,30000.0,13.1,0.0,11,31696.0,34115.28571428572,42270.333333333336,34257.0,-0.12426657325510115,0,0,0,0.0
10376,2022-11-02,토마토,토마토,26630.0,11.1,0.0,11,35686.0,32905.857142857145,41645.86666666667,30000.0,-0.11233333333333329,0,0,0,0.0
10377,2022-11-03,토마토,토마토,30116.0,9.3,0.0,11,30127.0,32253.571428571428,40930.5,26630.0,0.1309049943672549,0,0,0,0.0
10378,2022-11-04,토마토,토마토,28282.0,4.9,0.0,11,27882.0,31287.428571428572,39993.7,30116.0,-0.060897861601806325,0,0,0,0.0
10379,2022-11-05,토마토,토마토,26643.0,6.5,0.0,11,30133.0,29925.571428571428,39002.1,28282.0,-0.05795205431016193,0,0,0,0.0
10380,2022-11-07,토마토,토마토,30984.0,11.4,0.0,11,34925.0,29558.85714285714,38192.666666666664,26643.0,0.16293210224073862,0,0,0,0.0
10381,2022-11-08,토마토,토마토,25829.0,12.9,0.0,11,33238.0,28354.85714285714,37186.96666666667,30984.0,-0.16637619416473015,0,0,0,0.0
10382,2022-11-09,토마토,토마토,30182.0,11.4,0.0,11,35026.0,28380.85714285714,36326.36666666667,25829.0,0.16853149560571445,0,0,0,0.0
10383,2022-11-10,토마토,토마토,30093.0,13.5,0.0,11,29142.0,28875.571428571428,35360.9,30182.0,-0.002948777417003501,0,0,0,0.0
10384,2022-11-11,토마토,토마토,38708.0,15.6,0.0,11,28557.0,30103.0,34742.13333333333,30093.0,0.286279201143123,0,0,0,0.0
10385,2022-11-12,토마토,토마토,29229.0,16.3,57.9,11,27215.0,30238.285714285714,34193.433333333334,38708.0,-0.2448847783403948,0,0,0,57.90000000000003
10386,2022-11-14,토마토,토마토,33529.0,9.7,0.0,11,30059.0,31222.0,33945.6,29229.0,0.14711416743645,0,0,0,57.90000000000003
10387,2022-11-15,토마토,토마토,26649.0,8.1,1.6,11,34000.0,30602.714285714286,33733.9,33529.0,-0.20519550240090667,0,0,0,59.50000000000003
10388,2022-11-16,토마토,토마토,33950.0,8.5,0.0,11,34033.0,31762.85714285714,33621.76666666667,26649.0,0.27396900446545835,0,0,0,59.50000000000003
10389,2022-11-17,토마토,토마토,23000.0,10.2,0.0,11,32973.0,30736.85714285714,32921.76666666667,33950.0,-0.3225331369661266,0,0,0,59.50000000000003
10390,2022-11-18,토마토,토마토,36755.0,11.0,0.0,11,36037.0,31688.571428571428,32680.266666666666,23000.0,0.5980434782608695,0,0,0,59.50000000000003
10391,2022-11-19,토마토,토마토,23411.0,12.9,0.0,11,40639.0,29503.285714285714,32113.266666666666,36755.0,-0.36305264589851716,0,0,0,59.50000000000003
10392,2022-11-21,토마토,토마토,37833.0,11.8,0.0,11,38771.0,30732.428571428572,32140.133333333335,23411.0,0.6160351971295546,0,0,0,1.6000000000000285
10393,2022-11-22,토마토,토마토,32326.0,10.7,0.0,11,35000.0,30560.571428571428,32007.233333333334,37833.0,-0.14556075383924083,0,0,0,1.6000000000000285
10394,2022-11-23,토마토,토마토,27353.0,10.8,0.0,11,34132.0,30661.14285714286,31652.333333333332,32326.0,-0.15383901503433772,0,0,0,0.0
10395,2022-11-24,토마토,토마토,26500.0,9.4,0.0,11,33294.0,29596.85714285714,31250.6,27353.0,-0.031184879172302837,0,0,0,0.0
10396,2022-11-25,토마토,토마토,32861.0,12.3,1.7,11,28734.0,31005.571428571428,31203.1,26500.0,0.24003773584905663,0,0,0,1.7000000000000284
10397,2022-11-26,토마토,토마토,23953.0,6.7,0.0,11,29909.0,29176.714285714286,30919.266666666666,32861.0,-0.2710812209001552,0,0,0,1.7000000000000284
10398,2022-11-28,토마토,토마토,31586.0,12.3,19.5,11,34625.0,30344.571428571428,30840.3,23953.0,0.31866572036905616,0,0,0,21.200000000000028
10399,2022-11-29,토마토,토마토,19959.0,6.9,3.8,11,35594.0,27791.14285714286,30335.733333333334,31586.0,-0.368106122965871,0,0,0,25.00000000000003
10400,2022-11-30,토마토,토마토,22000.0,-5.4,0.0,11,35704.0,26316.0,29913.0,19959.0,0.10225963224610446,0,0,0,25.00000000000003
10401,2022-12-01,토마토,토마토,29250.0,-5.4,0.0,12,42967.0,26587.0,29719.833333333332,22000.0,0.3295454545454546,0,0,0,25.00000000000003
10402,2022-12-02,토마토,토마토,28833.0,-2.5,0.0,12,33189.0,26920.285714285714,29475.066666666666,29250.0,-0.014256410256410224,0,0,0,25.00000000000003
10403,2022-12-03,토마토,토마토,25465.0,2.1,1.1,12,28625.0,25863.714285714286,29205.533333333333,28833.0,-0.11681059896646206,0,0,0,24.400000000000027
10404,2022-12-05,토마토,토마토,27667.0,-3.1,0.0,12,28890.0,26394.285714285714,28985.866666666665,25465.0,0.0864716277243276,0,0,0,24.400000000000027
10405,2022-12-06,토마토,토마토,25000.0,0.9,0.1,12,32750.0,25453.428571428572,28819.2,27667.0,-0.09639642895868727,0,0,0,5.000000000000028
10406,2022-12-07,토마토,토마토,25970.0,4.9,0.1,12,32566.0,26312.14285714286,28797.2,25000.0,0.038799999999999946,0,0,0,1.3000000000000285
10407,2022-12-08,토마토,토마토,27000.0,3.7,0.0,12,28020.0,27026.428571428572,28693.333333333332,25970.0,0.03966114747785898,0,0,0,1.3000000000000285
10408,2022-12-09,토마토,토마토,25000.0,4.5,0.0,12,28321.0,26419.285714285714,28583.933333333334,27000.0,-0.07407407407407407,0,0,0,1.3000000000000285
10409,2022-12-10,토마토,토마토,27091.0,2.6,0.0,12,28492.0,26170.428571428572,28598.866666666665,25000.0,0.08363999999999994,0,0,0,1.3000000000000285
10410,2022-12-12,토마토,토마토,24000.0,2.0,5.4,12,28545.0,25961.14285714286,28366.066666666666,27091.0,-0.11409693256062903,0,0,0,5.600000000000029
10411,2022-12-13,토마토,토마토,23286.0,0.0,0.6,12,26866.0,25335.285714285714,28281.3,24000.0,-0.029750000000000054,0,0,0,6.200000000000029
10412,2022-12-14,토마토,토마토,27000.0,-8.4,0.0,12,31222.0,25621.0,28175.233333333334,23286.0,0.15949497552177272,0,0,0,6.100000000000029
10413,2022-12-15,토마토,토마토,28600.0,-4.5,2.4,12,30154.0,25996.714285714286,28125.466666666667,27000.0,0.059259259259259345,0,0,0,8.400000000000029
10414,2022-12-16,토마토,토마토,25000.0,-6.3,0.0,12,32125.0,25711.0,27668.533333333333,28600.0,-0.12587412587412583,0,0,0,8.400000000000029
10415,2022-12-17,토마토,토마토,29364.0,-7.0,0.2,12,30902.0,26334.428571428572,27673.033333333333,25000.0,0.17456000000000005,0,0,0,8.600000000000028
10416,2022-12-19,토마토,토마토,25261.0,-7.0,0.0,12,30531.0,26073.0,27397.433333333334,29364.0,-0.13972891976569946,0,0,0,8.600000000000028
10417,2022-12-20,토마토,토마토,30333.0,-3.2,0.0,12,31565.0,26977.714285714286,27520.233333333334,25261.0,0.2007838169510312,0,0,0,3.2000000000000286
10418,2022-12-21,토마토,토마토,24556.0,-0.1,3.6,12,32429.0,27159.14285714286,27207.1,30333.0,-0.19045264233672898,0,0,0,6.200000000000029
10419,2022-12-22,토마토,토마토,25000.0,-7.8,0.0,12,31656.0,26873.428571428572,27273.766666666666,24556.0,0.018081120703697717,0,0,0,6.200000000000029
10420,2022-12-23,토마토,토마토,27657.0,-11.8,0.0,12,34864.0,26738.714285714286,26970.5,25000.0,0.10627999999999993,0,0,0,3.8000000000000287
10421,2022-12-24,토마토,토마토,27657.0,-8.4,0.0,12,32663.0,27118.285714285714,27112.033333333333,27657.0,0.0,0,0,0,3.8000000000000287
10422,2022-12-26,토마토,토마토,29964.0,-3.9,0.0,12,33023.0,27204.0,26849.733333333334,27657.0,0.08341468705933397,0,0,0,3.6000000000000285
10423,2022-12-27,토마토,토마토,29964.0,-2.6,0.0,12,27750.0,27875.85714285714,26771.0,29964.0,0.0,0,0,0,3.6000000000000285
10424,2022-12-28,토마토,토마토,29680.0,-3.3,0.1,12,31516.0,27782.571428571428,26848.566666666666,29964.0,-0.009478040315044733,0,0,0,3.7000000000000286
10425,2022-12-29,토마토,토마토,29680.0,-2.9,0.0,12,32109.0,28514.571428571428,26954.566666666666,29680.0,0.0,0,0,0,0.10000000000002843
10426,2022-12-30,토마토,토마토,28000.0,-1.8,0.0,12,30125.0,28943.14285714286,26792.533333333333,29680.0,-0.05660377358490565,0,0,0,0.10000000000002843
10427,2022-12-31,토마토,토마토,28000.0,-1.2,0.0,12,34261.0,28992.14285714286,26927.433333333334,28000.0,0.0,0,0,0,0.10000000000002843
10428,2023-01-03,토마토,토마토,25341.0,-5.0,0.0,1,33963.0,28661.285714285714,26719.266666666666,28000.0,-0.09496428571428572,0,0,0,0.10000000000002843
10429,2023-01-04,토마토,토마토,29798.0,-1.8,0.0,1,30143.0,28637.571428571428,27047.233333333334,25341.0,0.17588098338660663,0,0,0,0.10000000000002843
10430,2023-01-05,토마토,토마토,29798.0,-1.6,0.0,1,36900.0,28613.85714285714,27307.166666666668,29798.0,0.0,0,0,0,0.10000000000002843
10431,2023-01-06,토마토,토마토,31586.0,0.6,3.9,1,46138.0,28886.14285714286,27385.033333333333,29798.0,0.060004027115913905,0,0,0,3.9000000000000283
10432,2023-01-07,토마토,토마토,17000.0,1.5,0.1,1,42000.0,27074.714285714286,26990.6,31586.0,-0.46178686759956944,0,0,0,4.000000000000028
10433,2023-01-09,토마토,토마토,29419.0,3.1,0.0,1,43102.0,27277.428571428572,27122.4,17000.0,0.7305294117647059,0,0,0,4.000000000000028
10434,2023-01-10,토마토,토마토,29419.0,1.6,0.0,1,41129.0,27480.14285714286,27180.8,29419.0,0.0,0,0,0,4.000000000000028
10435,2023-01-11,토마토,토마토,31000.0,2.6,0.0,1,37419.0,28288.571428571428,27380.8,29419.0,0.05374077976817704,0,0,0,4.000000000000028
10436,2023-01-12,토마토,토마토,31000.0,5.9,0.0,1,43000.0,28460.285714285714,27548.466666666667,31000.0,0.0,0,0,0,4.000000000000028
10437,2023-01-13,토마토,토마토,32400.0,8.3,37.3,1,35588.0,28832.0,27728.466666666667,31000.0,0.04516129032258065,0,0,0,41.300000000000026
10438,2023-01-14,토마토,토마토,32400.0,6.6,1.6,1,43000.0,28948.285714285714,27975.133333333335,32400.0,0.0,0,0,0,39.00000000000003
10439,2023-01-16,토마토,토마토,32108.0,-4.6,0.0,1,40938.0,31106.571428571428,28142.366666666665,32400.0,-0.009012345679012324,0,0,0,38.90000000000003
10440,2023-01-17,토마토,토마토,32108.0,-3.7,0.0,1,39392.0,31490.714285714286,28412.633333333335,32108.0,0.0,0,0,0,38.90000000000003
10441,2023-01-18,토마토,토마토,34130.0,-1.9,0.0,1,35939.0,32163.714285714286,28774.1,32108.0,0.06297495951164822,0,0,0,38.90000000000003
10442,2023-01-19,토마토,토마토,34130.0,-0.4,1.0,1,36435.0,32610.85714285714,29011.766666666666,34130.0,0.0,0,0,0,39.90000000000003
10443,2023-01-20,토마토,토마토,36447.0,-3.3,0.0,1,37481.0,33389.0,29273.333333333332,34130.0,0.06788748901259889,0,0,0,39.90000000000003
10444,2023-01-21,토마토,토마토,5500.0,-4.5,0.0,1,42000.0,29546.14285714286,28623.333333333332,36447.0,-0.849095947540264,0,0,0,2.6000000000000285
10445,2023-01-25,토마토,토마토,34944.0,-11.3,0.0,1,41400.0,29909.571428571428,28809.333333333332,5500.0,5.353454545454546,0,0,0,1.0000000000000284
10446,2023-01-26,토마토,토마토,14000.0,-6.0,0.8,1,39947.0,27322.714285714286,28433.966666666667,34944.0,-0.5993589743589743,0,0,0,1.8000000000000285
10447,2023-01-27,토마토,토마토,36875.0,-7.3,0.0,1,42486.0,28003.714285714286,28652.033333333333,14000.0,1.6339285714285716,0,0,0,1.8000000000000285
10448,2023-01-28,토마토,토마토,36875.0,-6.0,0.0,1,42000.0,28395.85714285714,29062.666666666668,36875.0,0.0,0,0,0,1.8000000000000285
10449,2023-01-30,토마토,토마토,37000.0,-0.9,0.0,1,38538.0,28805.85714285714,29462.666666666668,36875.0,0.003389830508474523,0,0,0,0.8000000000000285
10450,2023-01-31,토마토,토마토,37000.0,2.4,0.0,1,39704.0,28884.85714285714,29774.1,37000.0,0.0,0,0,0,0.8000000000000285
10451,2023-02-01,토마토,토마토,38250.0,0.9,0.0,2,40706.0,33563.42857142857,30127.2,37000.0,0.03378378378378377,0,0,0,0.8000000000000285
10452,2023-02-02,토마토,토마토,38250.0,-2.4,0.0,2,34100.0,34035.71428571428,30403.4,38250.0,0.0,0,0,0,0.8000000000000285
10453,2023-02-03,토마토,토마토,41625.0,-1.6,0.0,2,40706.0,37982.142857142855,30792.1,38250.0,0.08823529411764697,0,0,0,0.0
10454,2023-02-04,토마토,토마토,41625.0,-0.2,0.0,2,40000.0,38660.71428571428,31190.266666666666,41625.0,0.0,0,0,0,0.0
10455,2023-02-06,토마토,토마토,45931.0,3.0,0.0,2,38706.0,39954.42857142857,31731.966666666667,41625.0,0.10344744744744738,0,0,0,0.0
10456,2023-02-07,토마토,토마토,45931.0,3.5,0.0,2,39459.0,41230.28571428572,32329.666666666668,45931.0,0.0,0,0,0,0.0
10457,2023-02-08,토마토,토마토,53000.0,2.1,0.0,2,33933.0,43516.0,33163.0,45931.0,0.15390477019877635,0,0,0,0.0
10458,2023-02-09,토마토,토마토,53000.0,4.0,0.0,2,41125.0,45623.142857142855,34084.96666666667,53000.0,0.0,0,0,0,0.0
10459,2023-02-10,토마토,토마토,51476.0,3.8,0.6,2,37933.0,47512.57142857143,34807.566666666666,53000.0,-0.028754716981132078,0,0,0,0.6000000000000284
10460,2023-02-11,토마토,토마토,51476.0,2.8,0.0,2,46000.0,48919.857142857145,35530.166666666664,51476.0,0.0,0,0,0,0.6000000000000284
10461,2023-02-13,토마토,토마토,46000.0,5.9,0.0,2,37692.0,49544.857142857145,36010.63333333333,51476.0,-0.10637967208019272,0,0,0,0.6000000000000284
10462,2023-02-14,토마토,토마토,46000.0,1.7,0.0,2,43444.0,49554.71428571428,36977.3,46000.0,0.0,0,0,0,0.6000000000000284
10463,2023-02-15,토마토,토마토,45818.0,3.2,0.0,2,48824.0,49538.57142857143,37523.933333333334,46000.0,-0.003956521739130414,0,0,0,0.6000000000000284
10464,2023-02-16,토마토,토마토,45818.0,2.3,0.0,2,44059.0,48512.57142857143,38070.566666666666,45818.0,0.0,0,0,0,0.6000000000000284
10465,2023-02-17,토마토,토마토,47071.0,3.4,0.0,2,44154.0,47665.57142857143,38606.26666666667,45818.0,0.02734733074337603,0,0,0,0.6000000000000284
10466,2023-02-18,토마토,토마토,47071.0,5.7,0.0,2,49500.0,47036.28571428572,39141.96666666667,47071.0,0.0,0,0,0,0.0
10467,2023-02-20,토마토,토마토,48000.0,-0.5,0.0,2,45000.0,46539.71428571428,39661.96666666667,47071.0,0.019736143272928164,0,0,0,0.0
10468,2023-02-21,토마토,토마토,48000.0,-1.3,0.0,2,50526.0,46825.42857142857,40181.96666666667,48000.0,0.0,0,0,0,0.0
10469,2023-02-22,토마토,토마토,49455.0,1.2,0.0,2,45529.0,47319.0,40760.2,48000.0,0.030312499999999964,0,0,0,0.0
10470,2023-02-23,토마토,토마토,49455.0,2.9,0.0,2,50000.0,47838.57142857143,41338.433333333334,49455.0,0.0,0,0,0,0.0
10471,2023-02-24,토마토,토마토,51867.0,3.5,0.0,2,46050.0,48702.71428571428,41929.666666666664,49455.0,0.04877161055504997,0,0,0,0.0
10472,2023-02-25,토마토,토마토,51867.0,0.7,0.0,2,50273.0,49387.857142857145,42520.9,51867.0,0.0,0,0,0,0.0
10473,2023-02-27,토마토,토마토,48550.0,4.4,0.0,2,39500.0,49599.142857142855,42924.333333333336,51867.0,-0.06395203115661208,0,0,0,0.0
10474,2023-02-28,토마토,토마토,48550.0,4.3,0.0,2,45308.0,49677.71428571428,44359.333333333336,48550.0,0.0,0,0,0,0.0
10475,2023-03-01,토마토,토마토,47813.0,6.0,0.0,3,45471.0,49651.0,44788.3,48550.0,-0.015180226570545852,0,0,1,0.0
10476,2023-03-02,토마토,토마토,48550.0,2.2,0.0,3,42556.0,49521.71428571428,45939.96666666667,47813.0,0.015414217890531878,0,0,1,0.0
10477,2023-03-03,토마토,토마토,49541.0,4.6,0.0,3,38000.0,49534.0,46362.166666666664,48550.0,0.02041194644696187,0,0,1,0.0
10478,2023-03-04,토마토,토마토,49541.0,7.7,0.0,3,38522.0,49201.71428571428,46784.36666666667,49541.0,0.0,0,0,1,0.0
10479,2023-03-06,토마토,토마토,48750.0,9.2,0.0,3,44692.0,48756.42857142857,47176.03333333333,49541.0,-0.015966573141438456,0,0,1,0.0
10480,2023-03-07,토마토,토마토,48750.0,11.7,0.0,3,41273.0,48785.0,47567.7,48750.0,0.0,0,0,1,0.0
10481,2023-03-08,토마토,토마토,49727.0,12.5,1.2,3,44000.0,48953.142857142855,47950.26666666667,48750.0,0.020041025641025723,0,0,1,1.2000000000000284
10482,2023-03-09,토마토,토마토,49727.0,10.3,3.7,3,45000.0,49226.57142857143,48332.833333333336,49727.0,0.0,0,0,1,4.900000000000029
10483,2023-03-10,토마토,토마토,52375.0,13.5,0.0,3,42474.0,49773.0,48691.166666666664,49727.0,0.05325074909003158,0,0,1,4.900000000000029
10484,2023-03-11,토마토,토마토,52375.0,15.2,0.0,3,49000.0,50177.857142857145,49049.5,52375.0,0.0,0,0,1,4.900000000000029
10485,2023-03-13,토마토,토마토,52625.0,2.9,0.0,3,45889.0,50618.42857142857,49272.63333333333,52375.0,0.004773269689737569,0,0,1,4.900000000000029
10486,2023-03-14,토마토,토마토,52625.0,9.2,0.0,3,48000.0,51172.0,49495.76666666667,52625.0,0.0,0,0,1,4.900000000000029
10487,2023-03-15,토마토,토마토,54313.0,8.6,0.0,3,54368.0,51966.71428571428,49539.53333333333,52625.0,0.03207600950118761,0,0,1,4.900000000000029
10488,2023-03-16,토마토,토마토,54313.0,4.6,0.0,3,45889.0,52621.857142857145,49583.3,54313.0,0.0,0,0,1,3.7000000000000286
10489,2023-03-17,토마토,토마토,57971.0,7.2,0.0,3,52414.0,53799.57142857143,49799.8,54313.0,0.06735035810947654,0,0,1,0.0
10490,2023-03-18,토마토,토마토,57971.0,7.7,0.0,3,52414.0,54599.0,50016.3,57971.0,0.0,0,0,1,0.0
10491,2023-03-20,토마토,토마토,54451.0,9.5,0.0,3,56583.0,54895.57142857143,50298.0,57971.0,-0.060720015180003806,0,0,1,0.0
10492,2023-03-21,토마토,토마토,54451.0,13.0,0.0,3,45000.0,55156.42857142857,50579.7,54451.0,0.0,0,0,1,0.0
10493,2023-03-22,토마토,토마토,49900.0,17.0,0.0,3,53480.0,54767.142857142855,50715.76666666667,54451.0,-0.08357973223632253,0,0,1,0.0
10494,2023-03-23,토마토,토마토,49900.0,17.4,0.0,3,36000.0,54136.71428571428,50851.833333333336,49900.0,0.0,0,0,1,0.0
10495,2023-03-24,토마토,토마토,43000.0,12.5,0.0,3,53000.0,52520.57142857143,50716.13333333333,49900.0,-0.13827655310621245,0,0,1,0.0
10496,2023-03-25,토마토,토마토,43000.0,12.5,0.0,3,53000.0,50381.857142857145,50580.433333333334,43000.0,0.0,0,0,1,0.0
10497,2023-03-27,토마토,토마토,46139.0,7.3,0.0,3,57609.0,48691.57142857143,50518.4,43000.0,0.07299999999999995,0,0,1,0.0
10498,2023-03-28,토마토,토마토,46139.0,9.2,0.0,3,57609.0,47504.142857142855,50456.36666666667,46139.0,0.0,0,0,1,0.0
10499,2023-03-29,토마토,토마토,45063.0,11.8,0.0,3,50667.0,46163.0,50309.96666666667,46139.0,-0.02332083486854941,0,0,1,0.0
10500,2023-03-30,토마토,토마토,45063.0,13.3,0.0,3,50667.0,45472.0,50163.566666666666,45063.0,0.0,0,0,1,0.0
10501,2023-03-31,토마토,토마토,43120.0,15.0,0.0,3,52611.0,44503.42857142857,49872.0,45063.0,-0.0431174133990192,0,0,1,0.0
10502,2023-04-01,토마토,토마토,43120.0,17.5,0.0,4,50273.0,44520.57142857143,49580.433333333334,43120.0,0.0,0,0,1,0.0
10503,2023-04-03,토마토,토마토,38286.0,19.0,0.0,4,51933.0,43847.142857142855,49238.3,43120.0,-0.11210575139146572,0,0,1,0.0
10504,2023-04-04,토마토,토마토,38286.0,17.6,6.9,4,51933.0,42725.28571428572,48896.166666666664,38286.0,0.0,0,0,1,6.900000000000029
10505,2023-04-05,토마토,토마토,39242.0,11.9,50.3,4,45788.0,41740.0,48610.46666666667,38286.0,0.024969962910724508,0,0,1,57.200000000000024
10506,2023-04-06,토마토,토마토,39242.0,8.8,2.7,4,45788.0,40908.42857142857,48300.2,39242.0,0.0,0,0,1,59.90000000000003
10507,2023-04-07,토마토,토마토,38212.0,8.9,0.0,4,53048.0,39929.71428571428,47922.566666666666,39242.0,-0.02624738800265025,0,0,1,59.90000000000003
10508,2023-04-08,토마토,토마토,38212.0,8.8,0.0,4,35000.0,39228.57142857143,47544.933333333334,38212.0,0.0,0,0,1,59.90000000000003
10509,2023-04-10,토마토,토마토,38483.0,13.2,0.0,4,59000.0,38566.142857142855,47202.7,38212.0,0.007092012980215667,0,0,1,59.90000000000003
10510,2023-04-11,토마토,토마토,38483.0,13.1,2.9,4,42846.0,38594.28571428572,46860.46666666667,38483.0,0.0,0,0,1,62.800000000000026
10511,2023-04-12,토마토,토마토,38667.0,10.1,0.0,4,37699.0,38648.71428571428,46491.8,38483.0,0.004781332016734696,0,0,1,55.90000000000003
10512,2023-04-13,토마토,토마토,32125.0,11.9,0.0,4,37699.0,37632.0,45905.066666666666,38667.0,-0.16918819665347717,0,0,1,5.600000000000028
10513,2023-04-14,토마토,토마토,42586.0,16.2,0.0,4,38941.0,38109.71428571428,45578.76666666667,32125.0,0.3256342412451363,0,0,1,2.9000000000000283
10514,2023-04-15,토마토,토마토,33938.0,13.5,4.6,4,14000.0,37499.142857142855,44964.2,42586.0,-0.2030714319259851,0,0,1,7.500000000000028
10515,2023-04-17,토마토,토마토,39818.0,13.1,0.0,4,41483.0,37728.57142857143,44537.3,33938.0,0.1732571159172609,0,0,1,7.500000000000028
10516,2023-04-18,토마토,토마토,31231.0,14.0,1.5,4,41483.0,36692.57142857143,43824.166666666664,39818.0,-0.21565623587322313,0,0,1,9.000000000000028
10517,2023-04-19,토마토,토마토,38304.0,19.1,0.0,4,44487.0,36667.0,43290.53333333333,31231.0,0.22647369600717226,0,0,1,6.100000000000028
10518,2023-04-20,토마토,토마토,38304.0,15.8,0.5,4,44487.0,36615.142857142855,42756.9,38304.0,0.0,0,0,1,6.600000000000028
10519,2023-04-21,토마토,토마토,35545.0,16.7,0.0,4,43516.0,37103.71428571428,42009.36666666667,38304.0,-0.07202903091060986,0,0,1,6.600000000000028
10520,2023-04-22,토마토,토마토,26333.0,16.9,0.0,4,43516.0,34781.857142857145,40954.76666666667,35545.0,-0.25916443944295964,0,0,1,6.600000000000028
10521,2023-04-24,토마토,토마토,26063.0,15.8,0.0,4,46000.0,33656.857142857145,40008.5,26333.0,-0.010253294345498043,0,0,1,2.0000000000000284
10522,2023-04-25,토마토,토마토,26063.0,10.9,0.4,4,22000.0,31691.85714285714,39062.23333333333,26063.0,0.0,0,0,1,2.4000000000000283
10523,2023-04-26,토마토,토마토,26229.0,10.2,0.0,4,43857.0,30977.285714285714,38273.2,26063.0,0.006369182365805859,0,0,1,0.9000000000000284
10524,2023-04-27,토마토,토마토,22267.0,12.9,0.0,4,24600.0,28686.285714285714,37352.1,26229.0,-0.15105417667467302,0,0,1,0.9000000000000284
10525,2023-04-28,토마토,토마토,27972.0,15.7,1.9,4,43000.0,27210.285714285714,36851.166666666664,22267.0,0.2562087393901289,0,0,1,2.3000000000000282
10526,2023-04-29,토마토,토마토,26400.0,13.2,25.1,4,43000.0,25903.85714285714,36297.833333333336,27972.0,-0.056199056199056185,0,0,1,27.40000000000003
10527,2023-05-01,토마토,토마토,32656.0,14.6,0.0,5,42680.0,26807.14285714286,35848.4,26400.0,0.23696969696969705,0,0,0,27.40000000000003
10528,2023-05-02,토마토,토마토,27333.0,16.7,0.0,5,18000.0,26988.571428571428,35221.53333333333,32656.0,-0.1630022048015679,0,0,0,27.40000000000003
10529,2023-05-03,토마토,토마토,35000.0,19.5,0.0,5,41455.0,28265.285714285714,34886.1,27333.0,0.28050342077342405,0,0,0,27.000000000000032
10530,2023-05-04,토마토,토마토,32405.0,21.4,0.0,5,41455.0,29147.571428571428,34464.166666666664,35000.0,-0.07414285714285718,0,0,0,27.000000000000032
10531,2023-05-05,토마토,토마토,32000.0,18.4,30.2,5,42976.0,30538.0,34093.5,32405.0,-0.012498071285295453,0,0,0,57.20000000000003
10532,2023-05-06,토마토,토마토,29500.0,12.6,47.5,5,42976.0,30756.285714285714,33639.5,32000.0,-0.078125,0,0,0,102.80000000000004
10533,2023-05-08,토마토,토마토,28343.0,15.3,0.0,5,39500.0,31033.85714285714,33308.066666666666,29500.0,-0.039220338983050884,0,0,0,77.70000000000002
10534,2023-05-09,토마토,토마토,28516.0,17.0,0.0,5,39500.0,30442.428571428572,32982.4,28343.0,0.006103799880040839,0,0,0,77.70000000000002
10535,2023-05-10,토마토,토마토,26069.0,18.4,0.0,5,43069.0,30261.85714285714,32543.3,28516.0,-0.08581147426006452,0,0,0,77.70000000000002
10536,2023-05-11,토마토,토마토,25857.0,19.5,0.0,5,43069.0,28955.714285714286,32097.133333333335,26069.0,-0.00813226437531167,0,0,0,77.70000000000002
10537,2023-05-12,토마토,토마토,26113.0,18.4,0.0,5,41379.0,28056.85714285714,31693.833333333332,25857.0,0.009900607185675092,0,0,0,77.70000000000002
10538,2023-05-13,토마토,토마토,23878.0,17.8,0.0,5,41379.0,26896.571428571428,31216.033333333333,26113.0,-0.08558955309615901,0,0,0,47.50000000000003
10539,2023-05-15,토마토,토마토,24823.0,20.6,0.0,5,40435.0,26228.428571428572,30760.7,23878.0,0.039576178909456416,0,0,0,0.0
10540,2023-05-16,토마토,토마토,24238.0,24.0,0.0,5,41379.0,25642.0,30285.866666666665,24823.0,-0.023566853321516312,0,0,0,0.0
10541,2023-05-17,토마토,토마토,24835.0,23.5,0.0,5,40955.0,25116.14285714286,29824.8,24238.0,0.024630745110982843,0,0,0,0.0
10542,2023-05-18,토마토,토마토,25204.0,21.2,1.3,5,40955.0,24992.571428571428,29594.1,24835.0,0.014858063217233708,0,0,0,1.3000000000000285
10543,2023-05-19,토마토,토마토,25377.0,22.3,0.0,5,42000.0,24924.0,29020.466666666667,25204.0,0.006863989842882168,0,0,0,1.3000000000000285
10544,2023-05-20,토마토,토마토,26375.0,21.2,0.0,5,28000.0,24961.428571428572,28768.366666666665,25377.0,0.03932694960003147,0,0,0,1.3000000000000285
10545,2023-05-22,토마토,토마토,24342.0,20.3,0.0,5,41774.0,25027.714285714286,28252.5,26375.0,-0.07708056872037916,0,0,0,1.3000000000000285
10546,2023-05-23,토마토,토마토,24587.0,20.5,0.0,5,28400.0,24994.0,28031.033333333333,24342.0,0.010064908388792926,0,0,0,1.3000000000000285
10547,2023-05-24,토마토,토마토,23423.0,20.6,0.0,5,39963.0,24877.571428571428,27535.0,24587.0,-0.04734209134908696,0,0,0,1.3000000000000285
10548,2023-05-25,토마토,토마토,24387.0,21.2,0.0,5,39963.0,24813.571428571428,27071.1,23423.0,0.041156128591555374,0,0,0,1.3000000000000285
10549,2023-05-26,토마토,토마토,25209.0,21.4,0.5,5,40077.0,24814.285714285714,26726.566666666666,24387.0,0.033706482962234,0,0,0,0.5000000000000284
10550,2023-05-27,토마토,토마토,22443.0,19.3,31.8,5,29000.0,24395.14285714286,26596.9,25209.0,-0.10972271807687728,0,0,0,32.300000000000026
10551,2023-05-29,토마토,토마토,21612.0,23.2,2.3,5,41900.0,23714.714285714286,26448.533333333333,22443.0,-0.03702713540970459,0,0,0,34.60000000000003
10552,2023-05-30,토마토,토마토,22447.0,24.0,0.0,5,41900.0,23444.0,26328.0,21612.0,0.03863594299463258,0,0,0,34.60000000000003
10553,2023-05-31,토마토,토마토,22594.0,22.8,0.0,5,46333.0,23159.285714285714,26206.833333333332,22447.0,0.006548759299683793,0,0,0,34.60000000000003
10554,2023-06-01,토마토,토마토,22468.0,22.8,0.0,6,46333.0,23022.85714285714,26213.533333333333,22594.0,-0.005576701779233417,0,0,0,34.60000000000003
10555,2023-06-02,토마토,토마토,23929.0,20.4,0.0,6,43556.0,22957.428571428572,26078.766666666666,22468.0,0.06502581449172151,0,0,0,34.60000000000003
10556,2023-06-03,토마토,토마토,23792.0,22.0,0.0,6,43556.0,22755.0,25991.833333333332,23929.0,-0.005725270592168541,0,0,0,34.10000000000003
10557,2023-06-05,토마토,토마토,24790.0,21.5,0.0,6,44556.0,23090.285714285714,25729.633333333335,23792.0,0.041946872898453336,0,0,0,2.3000000000000282
10558,2023-06-06,토마토,토마토,23581.0,20.3,0.0,6,44556.0,23371.571428571428,25604.566666666666,24790.0,-0.04876966518757564,0,0,0,0.0
10559,2023-06-07,토마토,토마토,23817.0,21.4,0.0,6,44879.0,23567.285714285714,25231.8,23581.0,0.010008057334294662,0,0,0,0.0
10560,2023-06-08,토마토,토마토,23609.0,20.4,1.9,6,38000.0,23712.285714285714,24938.6,23817.0,-0.008733257757064239,0,0,0,1.9000000000000283
10561,2023-06-09,토마토,토마토,23667.0,23.3,1.2,6,44786.0,23883.571428571428,24660.833333333332,23609.0,0.0024566902452454187,0,0,0,3.100000000000028
10562,2023-06-10,토마토,토마토,22380.0,23.2,0.8,6,44786.0,23662.285714285714,24423.5,23667.0,-0.054379515781467824,0,0,0,3.9000000000000283
10563,2023-06-12,토마토,토마토,23070.0,22.2,0.0,6,39783.0,23559.14285714286,24247.733333333334,22380.0,0.030831099195710365,0,0,0,3.9000000000000283
10564,2023-06-13,토마토,토마토,23143.0,22.0,0.0,6,35714.0,23323.85714285714,24068.633333333335,23070.0,0.003164282618118852,0,0,0,3.9000000000000283
10565,2023-06-14,토마토,토마토,23627.0,20.6,30.6,6,36973.0,23330.428571428572,23987.233333333334,23143.0,0.02091345115153609,0,0,0,34.50000000000003
10566,2023-06-15,토마토,토마토,24612.0,22.7,0.0,6,34000.0,23444.0,23945.733333333334,23627.0,0.041689592415457,0,0,0,34.50000000000003
10567,2023-06-16,토마토,토마토,26663.0,23.7,0.0,6,33758.0,23880.285714285714,23964.066666666666,24612.0,0.08333333333333326,0,0,0,32.60000000000003
10568,2023-06-17,토마토,토마토,25141.0,24.2,0.0,6,33758.0,24090.85714285714,24006.166666666668,26663.0,-0.05708284889172266,0,0,0,31.400000000000027
10569,2023-06-19,토마토,토마토,26302.0,28.5,0.0,6,31444.0,24651.14285714286,24055.466666666667,25141.0,0.046179547352929395,0,0,0,30.60000000000003
10570,2023-06-20,토마토,토마토,24023.0,24.7,6.4,6,26000.0,24787.285714285714,24048.3,26302.0,-0.08664740323929743,0,0,0,37.00000000000003
10571,2023-06-21,토마토,토마토,26740.0,20.5,24.9,6,29040.0,25301.14285714286,24111.8,24023.0,0.11309994588519334,0,0,0,61.90000000000003
10572,2023-06-22,토마토,토마토,25000.0,22.5,0.0,6,32000.0,25497.285714285714,24105.0,26740.0,-0.06507105459985041,0,0,0,31.300000000000026
10573,2023-06-23,토마토,토마토,23561.0,24.4,0.0,6,27709.0,25347.14285714286,24044.466666666667,25000.0,-0.057559999999999945,0,0,0,31.300000000000026
10574,2023-06-24,토마토,토마토,21394.0,26.4,0.0,6,21000.0,24594.428571428572,23878.433333333334,23561.0,-0.09197402487160988,0,0,0,31.300000000000026
10575,2023-06-26,토마토,토마토,21000.0,24.2,30.3,6,25708.0,24002.85714285714,23767.033333333333,21394.0,-0.018416378423857127,0,0,0,61.60000000000002
10576,2023-06-27,토마토,토마토,23321.0,25.3,2.5,6,22667.0,23577.0,23724.833333333332,21000.0,0.11052380952380947,0,0,0,64.10000000000002
10577,2023-06-28,토마토,토마토,23631.0,26.5,0.0,6,25458.0,23521.0,23731.766666666666,23321.0,0.0132927404485228,0,0,0,57.70000000000003
10578,2023-06-29,토마토,토마토,22519.0,24.2,63.8,6,25119.0,22918.0,23669.5,23631.0,-0.04705683212729039,0,0,0,96.60000000000002
10579,2023-06-30,토마토,토마토,20537.0,25.3,1.0,6,24605.0,22280.428571428572,23513.766666666666,22519.0,-0.08801456547804076,0,0,0,97.60000000000002
10580,2023-07-01,토마토,토마토,21000.0,27.7,0.0,7,20738.0,21914.571428571428,23465.666666666668,20537.0,0.022544675463797015,0,0,0,97.60000000000002
10581,2023-07-03,토마토,토마토,19635.0,29.1,0.0,7,24444.0,21663.285714285714,23399.766666666666,21000.0,-0.06499999999999995,0,0,0,97.60000000000002
10582,2023-07-04,토마토,토마토,22036.0,26.1,61.8,7,22220.0,21811.285714285714,23386.066666666666,19635.0,0.12228163992869878,0,0,0,129.10000000000002
10583,2023-07-05,토마토,토마토,22733.0,24.5,15.3,7,24463.0,21727.285714285714,23390.7,22036.0,0.031630059901978536,0,0,0,141.90000000000003
10584,2023-07-06,토마토,토마토,22962.0,27.3,0.0,7,22167.0,21631.714285714286,23407.166666666668,22733.0,0.01007346148770516,0,0,0,141.90000000000003
10585,2023-07-07,토마토,토마토,25202.0,26.7,0.0,7,23962.0,22015.0,23449.6,22962.0,0.09755247800714217,0,0,0,78.10000000000004
10586,2023-07-08,토마토,토마토,24938.0,25.6,0.0,7,24639.0,22643.714285714286,23487.8,25202.0,-0.010475359098484294,0,0,0,77.10000000000004
10587,2023-07-10,토마토,토마토,24667.0,26.3,11.5,7,26188.0,23167.571428571428,23483.7,24938.0,-0.010866950036089507,0,0,0,88.60000000000004
10588,2023-07-11,토마토,토마토,25212.0,23.5,58.3,7,26429.0,23964.285714285714,23538.066666666666,24667.0,0.022094296023026816,0,0,0,146.90000000000003
10589,2023-07-12,토마토,토마토,24805.0,25.8,0.7,7,29973.0,24359.85714285714,23571.0,25212.0,-0.016143106457242595,0,0,0,85.80000000000004
10590,2023-07-13,토마토,토마토,24213.0,25.2,91.6,7,29071.0,24571.285714285714,23591.133333333335,24805.0,-0.023866156016932094,0,0,0,162.10000000000002
10591,2023-07-14,토마토,토마토,23302.0,24.6,72.7,7,26773.0,24619.85714285714,23578.966666666667,24213.0,-0.037624416635691604,0,0,0,234.80000000000004
10592,2023-07-15,토마토,토마토,23458.0,24.5,2.3,7,28000.0,24370.714285714286,23614.9,23302.0,0.0066947043172260745,0,0,0,237.10000000000005
10593,2023-07-17,토마토,토마토,23942.0,25.5,1.4,7,27923.0,24228.428571428572,23643.966666666667,23458.0,0.02063262000170507,0,0,0,238.50000000000003
10594,2023-07-18,토마토,토마토,24247.0,25.2,2.3,7,26417.0,24168.428571428572,23680.766666666666,23942.0,0.012739119538885735,0,0,0,229.30000000000004
10595,2023-07-19,토마토,토마토,24337.0,27.2,0.0,7,27282.0,24043.428571428572,23704.433333333334,24247.0,0.003711799397863702,0,0,0,171.00000000000006
10596,2023-07-20,토마토,토마토,25492.0,27.9,0.0,7,25600.0,24141.571428571428,23733.766666666666,24337.0,0.04745860212844644,0,0,0,170.30000000000004
10597,2023-07-21,토마토,토마토,29471.0,29.5,0.0,7,26149.0,24892.714285714286,23827.366666666665,25492.0,0.1560881845284796,0,0,0,78.70000000000005
10598,2023-07-22,토마토,토마토,37778.0,27.7,12.3,7,23085.0,26960.714285714286,24248.6,29471.0,0.28187031318923683,0,0,0,18.300000000000043
10599,2023-07-24,토마토,토마토,35750.0,26.9,0.4,7,22360.0,28716.714285714286,24563.533333333333,37778.0,-0.05368203716448727,0,0,0,16.40000000000004
10600,2023-07-25,토마토,토마토,33964.0,27.8,5.6,7,20159.0,30148.428571428572,24894.9,35750.0,-0.04995804195804199,0,0,0,20.600000000000044
10601,2023-07-26,토마토,토마토,28894.0,27.6,1.0,7,21010.0,30812.285714285714,24966.7,33964.0,-0.1492757036862561,0,0,0,19.300000000000043
10602,2023-07-27,토마토,토마토,29123.0,28.4,0.0,7,18736.0,31496.0,25104.133333333335,28894.0,0.007925520869384695,0,0,0,19.300000000000043
10603,2023-07-28,토마토,토마토,30328.0,29.5,0.0,7,16970.0,32186.85714285714,25329.7,29123.0,0.04137623184424677,0,0,0,19.300000000000043
10604,2023-07-29,토마토,토마토,37132.0,29.1,0.0,7,16083.0,33281.28571428572,25854.3,30328.0,0.2243471379583224,0,0,0,19.300000000000043
10605,2023-07-31,토마토,토마토,34867.0,28.7,0.3,7,16283.0,32865.42857142857,26316.533333333333,37132.0,-0.06099859959064957,0,0,0,7.3000000000000425
10606,2023-08-01,토마토,토마토,38070.0,29.9,0.0,8,16863.0,33196.857142857145,26808.166666666668,34867.0,0.09186336650701232,0,0,0,6.900000000000042
10607,2023-08-02,토마토,토마토,42814.0,29.7,0.0,8,16647.0,34461.142857142855,27447.6,38070.0,0.12461255581822961,0,0,0,1.3000000000000427
10608,2023-08-03,토마토,토마토,42622.0,29.5,0.0,8,15448.0,36422.28571428572,28117.7,42814.0,-0.004484514411173923,0,0,0,0.3000000000000426
10609,2023-08-04,토마토,토마토,45235.0,30.0,0.0,8,14457.0,38724.0,28940.966666666667,42622.0,0.06130636760358499,0,0,0,0.3000000000000426
10610,2023-08-07,토마토,토마토,41528.0,30.4,0.0,8,14436.0,40324.0,29625.233333333334,45235.0,-0.08194981761910025,0,0,0,0.3000000000000426
10611,2023-08-08,토마토,토마토,40820.0,30.9,0.0,8,14892.0,40850.857142857145,30331.4,41528.0,-0.01704873820073205,0,0,0,0.3000000000000426
10612,2023-08-09,토마토,토마토,38517.0,28.3,0.2,8,14789.0,41372.28571428572,30880.766666666666,40820.0,-0.05641842234198924,0,0,0,0.20000000000004264
10613,2023-08-10,토마토,토마토,34961.0,22.2,86.1,8,15935.0,40928.142857142855,31288.366666666665,38517.0,-0.09232287042085308,0,0,0,86.30000000000004
10614,2023-08-11,토마토,토마토,35818.0,23.5,46.7,8,16088.0,39928.71428571428,31716.9,34961.0,0.024513028803524017,0,0,0,133.00000000000006
10615,2023-08-12,토마토,토마토,34409.0,23.3,1.5,8,16034.0,38755.42857142857,32023.8,35818.0,-0.039337763135853465,0,0,0,134.50000000000006
10616,2023-08-14,토마토,토마토,34853.0,28.1,0.0,8,15993.0,37272.28571428572,32354.3,34409.0,0.012903600802115722,0,0,0,134.50000000000006
10617,2023-08-15,토마토,토마토,38296.0,28.6,0.0,8,14662.0,36810.57142857143,32808.6,34853.0,0.09878633116231028,0,0,0,134.50000000000006
10618,2023-08-16,토마토,토마토,47105.0,27.3,0.3,8,15422.0,37708.42857142857,33538.36666666667,38296.0,0.23002402339669947,0,0,0,134.80000000000004
10619,2023-08-17,토마토,토마토,50963.0,28.2,0.0,8,15060.0,39486.42857142857,34410.3,47105.0,0.08190213353147224,0,0,0,134.60000000000005
10620,2023-08-18,토마토,토마토,56471.0,29.1,0.1,8,15024.0,42559.28571428572,35485.566666666666,50963.0,0.10807840982673711,0,0,0,48.600000000000044
10621,2023-08-19,토마토,토마토,55932.0,29.1,0.0,8,16763.0,45432.71428571428,36573.23333333333,56471.0,-0.00954472206973489,0,0,0,1.9000000000000425
10622,2023-08-21,토마토,토마토,55547.0,29.5,0.0,8,16576.0,48452.42857142857,37642.86666666667,55932.0,-0.006883358363727332,0,0,0,0.40000000000004265
10623,2023-08-22,토마토,토마토,57353.0,27.6,42.6,8,17000.0,51666.71428571428,38756.566666666666,55547.0,0.032513007003078576,0,0,0,43.00000000000004
10624,2023-08-23,토마토,토마토,56147.0,24.8,41.8,8,16541.0,54216.857142857145,39819.9,57353.0,-0.021027670740850546,0,0,0,84.80000000000004
10625,2023-08-24,토마토,토마토,56326.0,25.1,5.2,8,16283.0,55534.142857142855,40886.2,56147.0,0.003188059914153829,0,0,0,89.70000000000005
10626,2023-08-25,토마토,토마토,50906.0,26.5,0.0,8,16511.0,55526.0,41733.333333333336,56326.0,-0.09622554415367679,0,0,0,89.70000000000005
10627,2023-08-26,토마토,토마토,47184.0,26.4,0.0,8,15394.0,54199.28571428572,42323.76666666667,50906.0,-0.07311515342002906,0,0,0,89.60000000000004
10628,2023-08-28,토마토,토마토,44179.0,22.7,10.4,8,14949.0,52520.28571428572,42537.13333333333,47184.0,-0.06368684299762628,0,0,0,100.00000000000003
10629,2023-08-29,토마토,토마토,43974.0,23.9,54.8,8,14606.0,50867.0,42811.26666666667,44179.0,-0.004640213676180949,0,0,0,154.80000000000004
10630,2023-08-30,토마토,토마토,46432.0,22.8,3.5,8,13952.0,49306.857142857145,43226.86666666667,43974.0,0.05589666621185252,0,0,0,115.70000000000005
10631,2023-08-31,토마토,토마토,54375.0,23.9,0.0,8,14262.0,49053.71428571428,44076.23333333333,46432.0,0.17106736733287398,0,0,0,73.90000000000003
10632,2023-09-01,토마토,토마토,59735.0,24.5,0.0,9,12512.0,49540.71428571428,45096.63333333333,54375.0,0.09857471264367823,0,1,0,68.70000000000005
10633,2023-09-02,토마토,토마토,65061.0,25.4,0.0,9,12377.0,51562.857142857145,46254.4,59735.0,0.08916045869255873,0,1,0,68.70000000000005
10634,2023-09-04,토마토,토마토,64825.0,27.0,0.3,9,10711.0,54083.0,47177.5,65061.0,-0.0036273650881480934,0,1,0,69.00000000000004
10635,2023-09-05,토마토,토마토,68385.0,28.5,0.0,9,9024.0,57541.0,48294.76666666667,64825.0,0.05491708445815657,0,1,0,58.60000000000004
10636,2023-09-06,토마토,토마토,73638.0,27.9,0.0,9,9275.0,61778.71428571428,49480.36666666667,68385.0,0.0768150910287344,0,1,0,3.8000000000000425
10637,2023-09-07,토마토,토마토,62231.0,26.3,0.0,9,9113.0,64035.71428571428,50127.6,73638.0,-0.15490643417800587,0,1,0,0.3000000000000426
10638,2023-09-08,토마토,토마토,69872.0,25.3,0.0,9,8887.0,66249.57142857143,51035.933333333334,62231.0,0.12278446433449575,0,1,0,0.3000000000000426
10639,2023-09-09,토마토,토마토,70529.0,25.8,0.0,9,11731.0,67791.57142857143,51879.066666666666,69872.0,0.009402908174948488,0,1,0,0.3000000000000426
10640,2023-09-11,토마토,토마토,68961.0,25.5,0.0,9,16660.0,68348.71428571429,52793.5,70529.0,-0.02223198967800477,0,1,0,0.3000000000000426
10641,2023-09-12,토마토,토마토,57894.0,25.7,0.0,9,18258.0,67358.57142857143,53362.63333333333,68961.0,-0.1604820115717579,0,1,0,0.0
10642,2023-09-13,토마토,토마토,52449.0,22.1,15.9,9,18820.0,65082.0,53827.03333333333,57894.0,-0.09405119701523479,0,1,0,15.900000000000043
10643,2023-09-14,토마토,토마토,55452.0,23.4,0.0,9,19174.0,62484.0,54510.066666666666,52449.0,0.057255619744895014,0,1,0,15.900000000000043
10644,2023-09-15,토마토,토마토,58237.0,22.3,2.1,9,18895.0,61913.42857142857,55257.36666666667,55452.0,0.0502236168217558,0,1,0,18.000000000000043
10645,2023-09-16,토마토,토마토,54061.0,23.9,38.7,9,20079.0,59654.71428571428,55912.433333333334,58237.0,-0.07170699040129125,0,1,0,56.700000000000045
10646,2023-09-18,토마토,토마토,63122.0,24.7,0.0,9,22750.0,58596.57142857143,56854.73333333333,54061.0,0.16760696250531804,0,1,0,56.700000000000045
10647,2023-09-19,토마토,토마토,65238.0,24.1,0.0,9,24971.0,58064.71428571428,57752.8,63122.0,0.033522385222267914,0,1,0,56.700000000000045
10648,2023-09-20,토마토,토마토,71514.0,20.6,35.8,9,24093.0,60010.42857142857,58566.433333333334,65238.0,0.09620160029430691,0,1,0,92.50000000000004
10649,2023-09-21,토마토,토마토,77444.0,20.1,0.0,9,25973.0,63581.142857142855,59449.13333333333,71514.0,0.08292082669127732,0,1,0,76.60000000000004
10650,2023-09-22,토마토,토마토,78939.0,20.5,0.0,9,26632.0,66936.42857142857,60198.066666666666,77444.0,0.019304271473580936,0,1,0,76.60000000000004
10651,2023-09-23,토마토,토마토,59070.0,21.8,0.0,9,28463.0,67055.42857142857,60302.666666666664,78939.0,-0.2517006802721088,0,1,0,74.50000000000004
10652,2023-09-25,토마토,토마토,57014.0,21.6,1.9,9,31372.0,67477.28571428571,60351.566666666666,59070.0,-0.03480616218046384,0,1,0,37.70000000000004
10653,2023-09-26,토마토,토마토,54404.0,19.9,27.8,9,35409.0,66231.85714285714,60253.26666666667,57014.0,-0.04577822990844349,0,1,0,65.50000000000004
10654,2023-09-27,토마토,토마토,51447.0,21.5,4.4,9,44459.0,64261.71428571428,60096.6,54404.0,-0.054352621130799195,0,1,0,69.90000000000003
10655,2023-09-28,토마토,토마토,25646.0,22.7,0.0,9,44800.0,57709.142857142855,59073.933333333334,51447.0,-0.5015064046494451,0,1,0,34.100000000000044
10656,2023-10-02,토마토,토마토,37311.0,18.2,0.0,10,39124.0,51975.857142857145,58620.76666666667,25646.0,0.45484675972861255,0,1,0,34.100000000000044
10657,2023-10-03,토마토,토마토,41108.0,17.5,0.0,10,35920.0,46571.42857142857,58418.23333333333,37311.0,0.10176623515853223,0,1,0,34.100000000000044
10658,2023-10-04,토마토,토마토,35695.0,17.3,14.7,10,30808.0,43232.142857142855,58135.433333333334,41108.0,-0.13167753235379975,0,1,0,48.80000000000004
10659,2023-10-05,토마토,토마토,36550.0,14.2,0.0,10,32218.0,40308.71428571428,57887.96666666667,35695.0,0.023952934584675623,0,1,0,46.90000000000004
10660,2023-10-06,토마토,토마토,42390.0,15.5,0.0,10,33758.0,38592.42857142857,57753.23333333333,36550.0,0.1597811217510261,0,1,0,19.100000000000044
10661,2023-10-07,토마토,토마토,48815.0,16.8,0.0,10,38093.0,38216.42857142857,57567.9,42390.0,0.15156876621844773,0,1,0,14.700000000000042
10662,2023-10-09,토마토,토마토,58879.0,17.4,1.2,10,34561.0,42964.0,57539.36666666667,48815.0,0.2061661374577486,0,1,0,15.900000000000041
10663,2023-10-10,토마토,토마토,68000.0,17.1,0.0,10,33737.0,47348.142857142855,57637.333333333336,58879.0,0.15491091900337972,0,1,0,15.900000000000041
10664,2023-10-11,토마토,토마토,69643.0,17.6,0.0,10,31156.0,51424.57142857143,57797.933333333334,68000.0,0.02416176470588227,0,1,0,15.900000000000041
10665,2023-10-12,토마토,토마토,84923.0,17.5,0.0,10,27734.0,58457.142857142855,58349.2,69643.0,0.21940467814425002,0,1,0,1.2000000000000426
10666,2023-10-13,토마토,토마토,92241.0,17.5,0.0,10,31255.0,66413.0,58969.3,84923.0,0.08617217950378575,0,1,0,1.2000000000000426
10667,2023-10-14,토마토,토마토,91000.0,14.7,5.8,10,36333.0,73357.28571428571,59928.26666666667,92241.0,-0.01345388710009654,0,1,0,7.000000000000043
10668,2023-10-16,토마토,토마토,87407.0,14.7,0.0,10,36333.0,78870.42857142857,60512.76666666667,91000.0,-0.039483516483516445,0,1,0,7.000000000000043
10669,2023-10-17,토마토,토마토,80406.0,13.8,0.0,10,34368.0,81945.71428571429,60842.0,87407.0,-0.08009655977210062,0,1,0,5.8000000000000425
10670,2023-10-18,토마토,토마토,89789.0,15.7,0.0,10,29931.0,85058.42857142857,61536.26666666667,80406.0,0.11669527149715186,0,1,0,5.8000000000000425
10671,2023-10-19,토마토,토마토,75000.0,17.0,8.2,10,26720.0,85823.71428571429,62106.46666666667,89789.0,-0.16470837184955844,0,1,0,14.000000000000043
10672,2023-10-20,토마토,토마토,71769.0,11.6,0.0,10,24752.0,83944.57142857143,62750.46666666667,75000.0,-0.04308000000000001,0,1,0,14.000000000000043
10673,2023-10-21,토마토,토마토,64303.0,10.4,1.1,10,29516.0,79953.42857142857,63045.5,71769.0,-0.10402820159121628,0,1,0,15.100000000000042
10674,2023-10-23,토마토,토마토,60188.0,15.2,0.0,10,25519.0,75551.71428571429,63110.53333333333,64303.0,-0.06399390386140613,0,1,0,9.300000000000043
10675,2023-10-24,토마토,토마토,55692.0,15.6,0.0,10,27247.0,71021.0,63164.9,60188.0,-0.0746992756031103,0,1,0,9.300000000000043
10676,2023-10-25,토마토,토마토,60093.0,16.6,0.0,10,29321.0,68119.14285714286,63063.933333333334,55692.0,0.07902391725921132,0,1,0,9.300000000000043
10677,2023-10-26,토마토,토마토,44172.0,17.2,0.0,10,33576.0,61602.42857142857,62361.73333333333,60093.0,-0.264939344016774,0,1,0,9.300000000000043
10678,2023-10-27,토마토,토마토,63308.0,15.7,0.0,10,46613.0,59932.142857142855,62088.2,44172.0,0.4332156116997192,0,1,0,1.1000000000000445
10679,2023-10-28,토마토,토마토,57712.0,14.2,0.0,10,44486.0,57924.0,61430.46666666667,63308.0,-0.08839325203765713,0,1,0,1.1000000000000445
10680,2023-10-30,토마토,토마토,56302.0,15.1,0.0,10,37821.0,56781.0,60675.9,57712.0,-0.02443166065982816,0,1,0,0.0
10681,2023-10-31,토마토,토마토,47722.0,16.5,0.0,10,37983.0,55000.142857142855,60297.63333333333,56302.0,-0.15239245497495646,0,1,0,0.0
10682,2023-11-01,토마토,토마토,40405.0,19.0,0.0,11,37219.0,52816.28571428572,59744.0,47722.0,-0.15332551024684626,0,0,0,0.0
10683,2023-11-02,토마토,토마토,47163.0,20.8,0.0,11,40558.0,50969.142857142855,59502.63333333333,40405.0,0.16725652765746823,0,0,0,0.0
10684,2023-11-03,토마토,토마토,53750.0,19.5,8.5,11,37425.0,52337.42857142857,59579.4,47163.0,0.13966456756355616,0,0,0,8.500000000000044
10685,2023-11-06,토마토,토마토,53129.0,13.3,45.8,11,38044.0,50883.28571428572,60495.5,53750.0,-0.011553488372093024,0,0,0,54.30000000000004
10686,2023-11-07,토마토,토마토,46103.0,5.8,0.0,11,37909.0,49224.857142857145,60788.566666666666,53129.0,-0.13224416043968457,0,0,0,54.30000000000004
10687,2023-11-08,토마토,토마토,54630.0,8.4,0.0,11,36457.0,48986.0,61239.3,46103.0,0.18495542589419345,0,0,0,54.30000000000004
10688,2023-11-09,토마토,토마토,44650.0,11.4,5.1,11,34132.0,48547.142857142855,61537.8,54630.0,-0.18268350723045945,0,0,0,59.40000000000004
10689,2023-11-10,토마토,토마토,48844.0,3.4,0.0,11,34606.0,49752.71428571428,61947.6,44650.0,0.09393057110862268,0,0,0,59.40000000000004
10690,2023-11-11,토마토,토마토,38808.0,1.7,0.0,11,39818.0,48559.142857142855,61828.2,48844.0,-0.2054704774383752,0,0,0,59.40000000000004
10691,2023-11-13,토마토,토마토,44000.0,2.0,0.0,11,41594.0,47166.28571428572,61667.7,38808.0,0.13378684807256236,0,0,0,50.90000000000004
10692,2023-11-14,토마토,토마토,36522.0,5.0,0.0,11,44436.0,44793.857142857145,60922.46666666667,44000.0,-0.16995454545454547,0,0,0,5.100000000000042
10693,2023-11-15,토마토,토마토,40591.0,7.0,0.0,11,44423.0,44006.42857142857,60008.833333333336,36522.0,0.11141229943595632,0,0,0,5.100000000000042
10694,2023-11-16,토마토,토마토,46800.0,6.6,8.4,11,35259.0,42887.857142857145,59247.4,40591.0,0.15296494296765295,0,0,0,13.500000000000043
10695,2023-11-17,토마토,토마토,48000.0,1.6,0.0,11,35783.0,43366.42857142857,58016.63333333333,46800.0,0.02564102564102555,0,0,0,8.400000000000043
10696,2023-11-18,토마토,토마토,50500.0,0.6,0.0,11,32444.0,43603.0,56625.26666666667,48000.0,0.05208333333333326,0,0,0,8.400000000000043
10697,2023-11-20,토마토,토마토,51778.0,6.2,0.0,11,13237.0,45455.857142857145,55317.86666666667,50500.0,0.02530693069306933,0,0,0,8.400000000000043
10698,2023-11-21,토마토,토마토,63273.0,7.4,0.0,11,29805.0,48209.142857142855,54513.4,51778.0,0.22200548495500017,0,0,0,8.400000000000043
10699,2023-11-22,토마토,토마토,60000.0,9.5,0.0,11,28966.0,51563.142857142855,53833.2,63273.0,-0.05172822530937371,0,0,0,8.400000000000043
10700,2023-11-23,토마토,토마토,68000.0,9.9,0.1,11,31672.0,55478.71428571428,53106.9,60000.0,0.1333333333333333,0,0,0,8.500000000000043
10701,2023-11-24,토마토,토마토,65000.0,-1.5,0.0,11,32815.0,58078.71428571428,52773.566666666666,68000.0,-0.044117647058823484,0,0,0,0.10000000000004264
10702,2023-11-25,토마토,토마토,53548.0,-1.3,0.0,11,41483.0,58871.28571428572,52166.2,65000.0,-0.17618461538461538,0,0,0,0.10000000000004264
10703,2023-11-27,토마토,토마토,45000.0,6.2,3.6,11,39488.0,58085.57142857143,51522.76666666667,53548.0,-0.1596324792709345,0,0,0,3.700000000000043
10704,2023-11-28,토마토,토마토,48000.0,1.3,0.0,11,41553.0,57545.857142857145,51116.5,45000.0,0.06666666666666665,0,0,0,3.700000000000043
10705,2023-11-29,토마토,토마토,38000.0,-1.4,0.0,11,44451.0,53935.42857142857,50526.76666666667,48000.0,-0.20833333333333337,0,0,0,3.700000000000043
10706,2023-11-30,토마토,토마토,43500.0,-4.3,0.0,11,50000.0,51578.28571428572,49973.666666666664,38000.0,0.14473684210526305,0,0,0,3.700000000000043
10707,2023-12-01,토마토,토마토,51000.0,-3.2,0.0,12,46873.0,49149.71428571428,50201.26666666667,43500.0,0.17241379310344818,0,0,0,3.6000000000000427
10708,2023-12-02,토마토,토마토,51000.0,2.0,0.0,12,36671.0,47149.71428571428,49791.0,51000.0,0.0,0,0,0,3.6000000000000427
10709,2023-12-04,토마토,토마토,48750.0,2.7,0.0,12,33880.0,46464.28571428572,49492.26666666667,51000.0,-0.044117647058823484,0,0,0,3.6000000000000427
10710,2023-12-05,토마토,토마토,50294.0,6.8,0.0,12,40186.0,47220.57142857143,49292.0,48750.0,0.031671794871794834,0,0,0,0.0
10711,2023-12-06,토마토,토마토,50294.0,6.1,3.8,12,45364.0,47548.28571428572,49377.73333333333,50294.0,0.0,0,0,0,3.8000000000000425
10712,2023-12-07,토마토,토마토,54071.0,6.6,0.0,12,51577.0,49844.142857142855,49833.26666666667,50294.0,0.07509842128285671,0,0,0,3.8000000000000425
10713,2023-12-08,토마토,토마토,70000.0,11.2,0.0,12,56386.0,53629.857142857145,50594.5,54071.0,0.2945941447356253,0,0,0,3.8000000000000425
10714,2023-12-09,토마토,토마토,52000.0,13.7,0.0,12,56391.0,53772.71428571428,50536.166666666664,70000.0,-0.2571428571428571,0,0,0,3.8000000000000425
10715,2023-12-11,토마토,토마토,63611.0,8.9,11.4,12,55267.0,55574.28571428572,50885.566666666666,52000.0,0.2232884615384616,0,0,0,15.200000000000042
10716,2023-12-12,토마토,토마토,64211.0,5.4,0.4,12,56000.0,57783.0,51489.166666666664,63611.0,0.009432330886167462,0,0,0,15.600000000000044
10717,2023-12-13,토마토,토마토,55727.0,6.8,0.0,12,56000.0,58559.142857142855,51525.73333333333,64211.0,-0.13212689414586287,0,0,0,15.600000000000044
10718,2023-12-14,토마토,토마토,55000.0,7.6,17.0,12,59057.0,59231.42857142857,51870.73333333333,55727.0,-0.013045740843756204,0,0,0,28.800000000000043
10719,2023-12-15,토마토,토마토,63250.0,4.9,31.1,12,57271.0,60542.71428571428,52350.933333333334,55000.0,0.1499999999999999,0,0,0,59.90000000000005
10720,2023-12-16,토마토,토마토,46591.0,-4.1,1.5,12,45690.0,57198.57142857143,52610.36666666667,63250.0,-0.26338339920948617,0,0,0,61.40000000000005
10721,2023-12-18,토마토,토마토,61000.0,-7.7,0.0,12,40964.0,58484.28571428572,53177.03333333333,46591.0,0.3092657380180721,0,0,0,61.40000000000005
10722,2023-12-19,토마토,토마토,54333.0,-3.7,0.3,12,33000.0,57158.857142857145,53770.73333333333,61000.0,-0.10929508196721316,0,0,0,50.30000000000005
10723,2023-12-20,토마토,토마토,58000.0,-7.4,0.8,12,37314.0,56271.57142857143,54351.03333333333,54333.0,0.06749121160252525,0,0,0,50.700000000000045
10724,2023-12-21,토마토,토마토,46333.0,-11.7,0.0,12,44000.0,54929.57142857143,54335.46666666667,58000.0,-0.2011551724137931,0,0,0,50.700000000000045
10725,2023-12-22,토마토,토마토,60000.0,-11.6,0.0,12,44000.0,55643.857142857145,54735.46666666667,46333.0,0.29497334513197937,0,0,0,33.700000000000045
10726,2023-12-23,토마토,토마토,60000.0,-6.8,0.0,12,40421.0,55179.57142857143,55052.13333333333,60000.0,0.0,0,0,0,2.6000000000000463
10727,2023-12-25,토마토,토마토,61000.0,-0.7,0.7,12,37027.0,57238.0,55359.53333333333,60000.0,0.016666666666666607,0,0,0,1.8000000000000462
10728,2023-12-26,토마토,토마토,51000.0,1.9,0.0,12,36313.0,55809.42857142857,54950.433333333334,61000.0,-0.16393442622950816,0,0,0,1.8000000000000462
10729,2023-12-27,토마토,토마토,63500.0,1.5,0.0,12,38000.0,57119.0,55067.1,51000.0,0.2450980392156863,0,0,0,1.5000000000000462
10730,2023-12-28,토마토,토마토,63500.0,1.2,0.0,12,38552.0,57904.71428571428,54917.1,63500.0,0.0,0,0,0,0.7000000000000461
10731,2023-12-29,토마토,토마토,64538.0,1.3,0.0,12,34286.0,60505.42857142857,54901.7,63500.0,0.016346456692913458,0,0,0,0.7000000000000461
10732,2023-12-30,토마토,토마토,59000.0,0.6,13.1,12,32468.0,60362.57142857143,55083.433333333334,64538.0,-0.08580991044036068,0,0,0,13.800000000000045
10733,2024-01-03,토마토,토마토,54129.0,1.8,0.6,1,33955.0,59523.857142857145,55387.73333333333,59000.0,-0.08255932203389826,0,0,0,14.400000000000045
10734,2024-01-04,토마토,토마토,54129.0,1.4,0.0,1,35096.0,58542.28571428572,55592.03333333333,54129.0,0.0,0,0,0,13.700000000000045
10735,2024-01-05,토마토,토마토,56269.0,5.0,0.0,1,34682.0,59295.0,56201.0,54129.0,0.03953518446673687,0,0,0,13.700000000000045
10736,2024-01-06,토마토,토마토,56269.0,0.7,2.4,1,35045.0,58262.0,56626.63333333333,56269.0,0.0,0,0,0,16.100000000000044
10737,2024-01-08,토마토,토마토,53083.0,-4.7,0.0,1,36176.0,56773.857142857145,56696.066666666666,56269.0,-0.05662087472675892,0,0,0,16.100000000000044
10738,2024-01-09,토마토,토마토,53083.0,-0.6,1.6,1,33551.0,55137.42857142857,56765.5,53083.0,0.0,0,0,0,17.700000000000045
10739,2024-01-10,토마토,토마토,56000.0,-1.0,0.0,1,34257.0,54708.857142857145,57007.166666666664,53083.0,0.054951679445396806,0,0,0,4.600000000000046
10740,2024-01-11,토마토,토마토,56000.0,1.7,0.0,1,30000.0,54976.142857142855,57197.36666666667,56000.0,0.0,0,0,0,4.000000000000046
10741,2024-01-12,토마토,토마토,56389.0,0.9,0.0,1,26630.0,55299.0,57400.53333333333,56000.0,0.006946428571428465,0,0,0,4.000000000000046
10742,2024-01-13,토마토,토마토,56389.0,0.4,0.0,1,30116.0,55316.142857142855,57477.8,56389.0,0.0,0,0,0,4.000000000000046
10743,2024-01-15,토마토,토마토,57435.0,-3.7,0.0,1,28282.0,55482.71428571428,57058.96666666667,56389.0,0.01854971714341458,0,0,0,1.6000000000000463
10744,2024-01-16,토마토,토마토,57435.0,-2.1,0.0,1,26643.0,56104.42857142857,57240.13333333333,57435.0,0.0,0,0,0,1.6000000000000463
10745,2024-01-17,토마토,토마토,60136.0,0.6,9.7,1,30984.0,57112.0,57124.3,57435.0,0.047027074083746845,0,0,0,9.700000000000045
10746,2024-01-18,토마토,토마토,60136.0,4.5,0.5,1,25829.0,57702.857142857145,56988.46666666667,60136.0,0.0,0,0,0,10.200000000000045
10747,2024-01-19,토마토,토마토,62000.0,5.4,0.0,1,30182.0,58560.0,57197.566666666666,60136.0,0.030996408141545917,0,0,0,10.200000000000045
10748,2024-01-20,토마토,토마토,62000.0,3.4,0.4,1,30093.0,59361.57142857143,57430.9,62000.0,0.0,0,0,0,10.600000000000046
10749,2024-01-22,토마토,토마토,59385.0,-8.7,0.2,1,38708.0,59789.57142857143,57302.066666666666,62000.0,-0.04217741935483876,0,0,0,10.800000000000045
10750,2024-01-23,토마토,토마토,59385.0,-11.7,0.0,1,29229.0,60068.142857142855,57728.53333333333,59385.0,0.0,0,0,0,10.800000000000045
10751,2024-01-24,토마토,토마토,62286.0,-8.0,0.0,1,33529.0,60761.142857142855,57771.4,59385.0,0.04885071987875733,0,0,0,10.800000000000045
10752,2024-01-25,토마토,토마토,62286.0,-5.3,0.0,1,26649.0,61068.28571428572,58036.5,62286.0,0.0,0,0,0,1.1000000000000463
10753,2024-01-26,토마토,토마토,58964.0,-1.7,0.0,1,33950.0,60900.857142857145,58068.63333333333,62286.0,-0.05333461773111137,0,0,0,0.6000000000000463
10754,2024-01-27,토마토,토마토,46000.0,-0.5,0.0,1,23000.0,58615.142857142855,58057.53333333333,58964.0,-0.2198629672342446,0,0,0,0.6000000000000463
10755,2024-01-29,토마토,토마토,59774.0,-0.4,0.0,1,36755.0,58297.142857142855,58050.0,46000.0,0.2994347826086956,0,0,0,0.2000000000000462
10756,2024-01-30,토마토,토마토,59774.0,1.4,0.0,1,23411.0,58352.71428571428,58042.46666666667,59774.0,0.0,0,0,0,0.0
10757,2024-01-31,토마토,토마토,58769.0,4.7,0.0,1,37833.0,58264.71428571428,57968.1,59774.0,-0.016813330210459387,0,0,0,0.0
10758,2024-02-01,토마토,토마토,58769.0,2.4,0.0,2,32326.0,57762.28571428572,58227.066666666666,58769.0,0.0,0,0,0,0.0
10759,2024-02-02,토마토,토마토,61000.0,3.1,0.0,2,27353.0,57578.57142857143,58143.73333333333,58769.0,0.0379621909510115,0,0,0,0.0
10760,2024-02-03,토마토,토마토,61000.0,4.7,0.0,2,26500.0,57869.42857142857,58060.4,61000.0,0.0,0,0,0,0.0
10761,2024-02-05,토마토,토마토,61912.0,2.7,3.9,2,32861.0,60142.57142857143,57972.86666666667,61000.0,0.014950819672131077,0,0,0,3.900000000000046
10762,2024-02-06,토마토,토마토,61912.0,1.2,0.2,2,23953.0,60448.0,58069.933333333334,61912.0,0.0,0,0,0,4.100000000000046
10763,2024-02-07,토마토,토마토,62821.0,0.6,0.0,2,31586.0,60883.28571428572,58359.666666666664,61912.0,0.014682129474092198,0,0,0,4.100000000000046
10764,2024-02-08,토마토,토마토,52833.0,0.6,0.0,2,19959.0,60035.28571428572,58316.46666666667,62821.0,-0.1589914200665382,0,0,0,4.100000000000046
10765,2024-02-09,토마토,토마토,52833.0,1.1,0.0,2,22000.0,59187.28571428572,58201.933333333334,52833.0,0.0,0,0,0,4.100000000000046
10766,2024-02-14,토마토,토마토,48979.0,12.9,0.0,2,29250.0,57470.0,57958.933333333334,52833.0,-0.07294683247212919,0,0,0,4.100000000000046
10767,2024-02-15,토마토,토마토,48979.0,4.5,10.9,2,28833.0,55752.71428571428,57822.13333333333,48979.0,0.0,0,0,0,15.000000000000046
10768,2024-02-16,토마토,토마토,52000.0,2.3,0.0,2,25465.0,54336.71428571428,57786.03333333333,48979.0,0.06167949529390149,0,0,0,11.100000000000046
10769,2024-02-17,토마토,토마토,52000.0,4.4,0.0,2,27667.0,52920.71428571428,57652.7,52000.0,0.0,0,0,0,10.900000000000047
10770,2024-02-19,토마토,토마토,52182.0,9.1,8.9,2,25000.0,51400.857142857145,57525.433333333334,52000.0,0.0035000000000000586,0,0,0,19.800000000000047
10771,2024-02-20,토마토,토마토,52182.0,4.3,2.6,2,25970.0,51307.857142857145,57385.2,52182.0,0.0,0,0,0,22.40000000000005
10772,2024-02-21,토마토,토마토,54429.0,1.9,17.8,2,27000.0,51535.857142857145,57319.86666666667,52182.0,0.04306082557203639,0,0,0,40.200000000000045
10773,2024-02-22,토마토,토마토,54429.0,0.2,8.8,2,25000.0,52314.42857142857,57219.666666666664,54429.0,0.0,0,0,0,49.00000000000005
10774,2024-02-23,토마토,토마토,58000.0,1.8,0.4,2,27091.0,53603.142857142855,57238.5,54429.0,0.0656084072828822,0,0,0,38.50000000000005
10775,2024-02-24,토마토,토마토,58000.0,2.0,2.3,2,24000.0,54460.28571428572,57167.3,58000.0,0.0,0,0,0,40.800000000000054
10776,2024-02-26,토마토,토마토,65400.0,3.8,0.0,2,23286.0,56374.57142857143,57342.76666666667,58000.0,0.12758620689655165,0,0,0,40.800000000000054
10777,2024-02-27,토마토,토마토,65400.0,5.3,0.0,2,27000.0,58262.857142857145,57456.1,65400.0,0.0,0,0,0,31.90000000000005
10778,2024-02-28,토마토,토마토,75167.0,6.4,0.0,2,28600.0,61546.42857142857,57895.0,65400.0,0.14934250764525991,0,0,0,29.300000000000047
10779,2024-02-29,토마토,토마토,45000.0,4.8,0.0,2,25000.0,60199.42857142857,57415.5,75167.0,-0.4013330317825642,0,0,0,11.500000000000046
10780,2024-03-01,토마토,토마토,77600.0,-4.1,0.0,3,29364.0,63509.57142857143,58022.666666666664,45000.0,0.7244444444444444,0,0,1,2.700000000000046
10781,2024-03-02,토마토,토마토,77600.0,-0.5,0.0,3,25261.0,66309.57142857143,58533.13333333333,77600.0,0.0,0,0,1,2.300000000000046
10782,2024-03-04,토마토,토마토,75000.0,5.4,0.0,3,30333.0,68738.14285714286,58956.933333333334,77600.0,-0.03350515463917525,0,0,1,0.0
10783,2024-03-05,토마토,토마토,75000.0,8.0,0.0,3,24556.0,70109.57142857143,59491.46666666667,75000.0,0.0,0,0,1,0.0
10784,2024-03-06,토마토,토마토,76606.0,6.2,0.0,3,25000.0,71710.42857142857,60511.666666666664,75000.0,0.021413333333333284,0,0,1,0.0
10785,2024-03-07,토마토,토마토,76606.0,3.9,2.1,3,27657.0,71916.0,61072.73333333333,76606.0,0.0,0,0,1,2.1000000000000463
10786,2024-03-08,토마토,토마토,67806.0,2.1,0.0,3,27657.0,75174.0,61340.46666666667,76606.0,-0.11487350860245937,0,0,1,2.1000000000000463
10787,2024-03-09,토마토,토마토,67806.0,2.0,0.0,3,29964.0,73774.85714285714,61641.7,67806.0,0.0,0,0,1,2.1000000000000463
10788,2024-03-11,토마토,토마토,66750.0,6.2,0.0,3,29964.0,72224.85714285714,61907.73333333333,67806.0,-0.01557384302274134,0,0,1,2.1000000000000463
10789,2024-03-12,토마토,토마토,66750.0,6.6,2.1,3,29680.0,71046.28571428571,62099.4,66750.0,0.0,0,0,1,4.200000000000046
10790,2024-03-13,토마토,토마토,66875.0,6.5,0.0,3,29680.0,69885.57142857143,62295.23333333333,66750.0,0.001872659176029856,0,0,1,4.200000000000046
10791,2024-03-14,토마토,토마토,66875.0,8.5,0.0,3,28000.0,68495.42857142857,62460.666666666664,66875.0,0.0,0,0,1,4.200000000000046
10792,2024-03-15,토마토,토마토,70767.0,8.9,0.0,3,28000.0,67661.28571428571,62755.833333333336,66875.0,0.058198130841121465,0,0,1,2.1000000000000463
10793,2024-03-16,토마토,토마토,50000.0,10.9,0.0,3,25341.0,65117.57142857143,62328.46666666667,70767.0,-0.2934559893735781,0,0,1,2.1000000000000463
10794,2024-03-18,토마토,토마토,63033.0,7.1,0.0,3,29798.0,64435.71428571428,62668.46666666667,50000.0,0.2606599999999999,0,0,1,2.1000000000000463
10795,2024-03-19,토마토,토마토,63033.0,6.7,0.2,3,29798.0,63904.71428571428,63008.46666666667,63033.0,0.0,0,0,1,2.3000000000000465
10796,2024-03-20,토마토,토마토,65295.0,4.4,0.0,3,31586.0,63696.857142857145,63552.333333333336,63033.0,0.035885964494788425,0,0,1,0.2000000000000462
10797,2024-03-21,토마토,토마토,65295.0,5.0,0.0,3,17000.0,63471.142857142855,64096.2,65295.0,0.0,0,0,1,0.2000000000000462
10798,2024-03-22,토마토,토마토,66756.0,10.4,5.4,3,29419.0,63454.142857142855,64588.066666666666,65295.0,0.02237537330576611,0,0,1,5.600000000000047
10799,2024-03-23,토마토,토마토,42400.0,13.0,0.1,3,29419.0,59401.71428571428,64268.066666666666,66756.0,-0.3648510995266343,0,0,1,5.700000000000046
10800,2024-03-25,토마토,토마토,66857.0,10.6,5.1,3,31000.0,61809.857142857145,64757.23333333333,42400.0,0.5768160377358491,0,0,1,10.800000000000047
10801,2024-03-26,토마토,토마토,66857.0,7.4,11.5,3,31000.0,62356.142857142855,65246.4,66857.0,0.0,0,0,1,22.300000000000047
10802,2024-03-27,토마토,토마토,68500.0,10.4,0.0,3,32400.0,63137.142857142855,65715.43333333333,66857.0,0.02457483883512568,0,0,1,22.100000000000048
10803,2024-03-28,토마토,토마토,48000.0,10.3,1.9,3,32400.0,60666.42857142857,65501.13333333333,68500.0,-0.2992700729927007,0,0,1,24.000000000000046
10804,2024-03-29,토마토,토마토,69906.0,7.6,1.4,3,32108.0,61325.142857142855,65898.0,48000.0,0.456375,0,0,1,25.40000000000005
10805,2024-03-30,토마토,토마토,46000.0,8.8,0.0,3,32108.0,58360.0,65498.0,69906.0,-0.34197350728120623,0,0,1,20.000000000000046
10806,2024-04-01,토마토,토마토,71281.0,12.2,0.0,4,34130.0,62485.857142857145,65694.03333333334,46000.0,0.5495869565217391,0,0,1,19.90000000000005
10807,2024-04-02,토마토,토마토,47000.0,15.4,0.0,4,34130.0,59649.142857142855,65080.7,71281.0,-0.3406377576072165,0,0,1,14.800000000000047
10808,2024-04-03,토마토,토마토,72453.0,16.6,0.0,4,36447.0,60448.57142857143,64990.23333333333,47000.0,0.5415531914893617,0,0,1,3.300000000000046
10809,2024-04-04,토마토,토마토,50000.0,15.5,0.0,4,5500.0,57805.71428571428,65156.9,72453.0,-0.30989745076118314,0,0,1,3.300000000000046
10810,2024-04-05,토마토,토마토,70000.0,14.0,0.0,4,34944.0,60948.57142857143,64903.566666666666,50000.0,0.3999999999999999,0,0,1,1.400000000000046
10811,2024-04-06,토마토,토마토,48000.0,12.7,0.0,4,14000.0,57819.142857142855,63916.9,70000.0,-0.3142857142857143,0,0,1,0.0
10812,2024-04-08,토마토,토마토,72370.0,16.2,0.0,4,36875.0,61586.28571428572,63829.23333333333,48000.0,0.5077083333333334,0,0,1,0.0
10813,2024-04-10,토마토,토마토,70090.0,13.8,0.0,4,36875.0,61416.142857142855,63665.566666666666,72370.0,-0.03150476716871631,0,0,1,0.0
10814,2024-04-11,토마토,토마토,50000.0,15.5,0.0,4,37000.0,61844.71428571428,62778.7,70090.0,-0.28663147381937504,0,0,1,0.0
10815,2024-04-12,토마토,토마토,66566.0,17.2,0.0,4,37000.0,61003.71428571428,62444.03333333333,50000.0,0.33132000000000006,0,0,1,0.0
10816,2024-04-13,토마토,토마토,48000.0,19.1,0.0,4,38250.0,60718.0,61783.833333333336,66566.0,-0.27891115584532644,0,0,1,0.0
10817,2024-04-15,토마토,토마토,61631.0,16.0,17.1,4,38250.0,59522.42857142857,61578.0,48000.0,0.28397916666666667,0,0,1,17.100000000000048
10818,2024-04-16,토마토,토마토,45000.0,13.3,2.3,4,41625.0,59093.857142857145,60853.0,61631.0,-0.26984796612094564,0,0,1,19.40000000000005
10819,2024-04-17,토마토,토마토,61878.0,15.0,0.0,4,41625.0,57595.0,60690.6,45000.0,0.37506666666666666,0,0,1,19.40000000000005
10820,2024-04-18,토마토,토마토,42000.0,17.3,0.0,4,45931.0,53582.142857142855,59861.433333333334,61878.0,-0.3212450305439736,0,0,1,19.40000000000005
10821,2024-04-19,토마토,토마토,56600.0,17.6,0.0,4,45931.0,54525.0,59518.933333333334,42000.0,0.3476190476190477,0,0,1,19.40000000000005
10822,2024-04-20,토마토,토마토,37571.0,14.9,4.8,4,53000.0,50382.857142857145,58412.4,56600.0,-0.3362014134275618,0,0,1,24.200000000000045
10823,2024-04-22,토마토,토마토,50736.0,18.8,0.0,4,53000.0,50773.71428571428,58436.933333333334,37571.0,0.3504032365388199,0,0,1,24.200000000000045
10824,2024-04-23,토마토,토마토,39000.0,17.3,0.0,4,51476.0,47540.71428571428,57635.833333333336,50736.0,-0.2313150425733207,0,0,1,7.100000000000046
10825,2024-04-24,토마토,토마토,42186.0,13.2,9.0,4,51476.0,47138.71428571428,56940.933333333334,39000.0,0.08169230769230773,0,0,1,13.800000000000047
10826,2024-04-25,토마토,토마토,40000.0,14.4,0.0,4,46000.0,44013.28571428572,56097.76666666667,42186.0,-0.05181813871900631,0,0,1,13.800000000000047
10827,2024-04-26,토마토,토마토,42368.0,17.8,0.0,4,46000.0,44065.857142857145,55333.53333333333,40000.0,0.05919999999999992,0,0,1,13.800000000000047
10828,2024-04-27,토마토,토마토,38577.0,18.2,0.0,4,45818.0,41491.142857142855,54394.23333333333,42368.0,-0.08947790785498488,0,0,1,13.800000000000047
10829,2024-04-29,토마토,토마토,39060.0,20.9,0.0,4,45818.0,41703.857142857145,54282.9,38577.0,0.012520413718018597,0,0,1,9.000000000000046
10830,2024-04-30,토마토,토마토,38000.0,18.6,0.0,4,47071.0,39884.42857142857,53321.0,39060.0,-0.027137736815156188,0,0,1,9.000000000000046
10831,2024-05-01,토마토,토마토,39667.0,18.5,0.0,5,47071.0,39979.71428571428,52414.666666666664,38000.0,0.04386842105263167,0,0,0,9.000000000000046
10832,2024-05-02,토마토,토마토,40000.0,18.1,0.0,5,48000.0,39667.42857142857,51464.666666666664,39667.0,0.008394887437920717,0,0,0,0.0
10833,2024-05-03,토마토,토마토,44871.0,19.7,0.0,5,48000.0,40363.28571428572,51360.36666666667,40000.0,0.12177499999999997,0,0,0,0.0
10834,2024-05-04,토마토,토마토,37795.0,21.4,0.0,5,49455.0,39710.0,50290.0,44871.0,-0.15769650776670896,0,0,0,0.0
10835,2024-05-06,토마토,토마토,40985.0,13.9,12.3,5,49455.0,40054.0,50122.833333333336,37795.0,0.08440269876967843,0,0,0,12.300000000000047
10836,2024-05-07,토마토,토마토,45676.0,13.3,2.4,5,51867.0,40999.142857142855,49269.333333333336,40985.0,0.1144565084787117,0,0,0,14.700000000000047
10837,2024-05-08,토마토,토마토,43615.0,14.7,0.0,5,51867.0,41801.28571428572,49156.5,45676.0,-0.045122164813030885,0,0,0,14.700000000000047
10838,2024-05-09,토마토,토마토,42000.0,16.1,0.0,5,48550.0,42134.57142857143,48141.4,43615.0,-0.03702854522526655,0,0,0,14.700000000000047
10839,2024-05-10,토마토,토마토,43481.0,17.9,0.0,5,48550.0,42631.857142857145,47924.1,42000.0,0.03526190476190472,0,0,0,14.700000000000047
10840,2024-05-11,토마토,토마토,35178.0,17.0,31.7,5,47813.0,41247.142857142855,46763.36666666667,43481.0,-0.19095696971090825,0,0,0,46.40000000000005
10841,2024-05-13,토마토,토마토,38933.0,18.3,0.0,5,48550.0,41409.71428571428,46461.13333333333,35178.0,0.10674285064528966,0,0,0,46.40000000000005
10842,2024-05-14,토마토,토마토,43364.0,18.8,0.0,5,49541.0,41749.57142857143,45494.26666666667,38933.0,0.1138109059152903,0,0,0,34.10000000000005
10843,2024-05-15,토마토,토마토,45178.0,12.6,20.6,5,49541.0,41678.42857142857,44663.86666666667,43364.0,0.04183193432340193,0,0,0,52.30000000000005
10844,2024-05-16,토마토,토마토,39886.0,13.7,0.1,5,48750.0,41145.71428571428,44326.73333333333,45178.0,-0.1171366594360087,0,0,0,52.40000000000005
10845,2024-05-17,토마토,토마토,41729.0,18.3,0.0,5,48750.0,41107.0,43498.833333333336,39886.0,0.04620668906383196,0,0,0,52.40000000000005
10846,2024-05-18,토마토,토마토,39863.0,20.7,0.0,5,49727.0,40590.142857142855,43227.6,41729.0,-0.04471710321359246,0,0,0,52.40000000000005
10847,2024-05-20,토마토,토마토,39116.0,19.4,0.0,5,49727.0,41152.71428571428,42477.1,39863.0,-0.018739181697313256,0,0,0,20.70000000000005
10848,2024-05-21,토마토,토마토,37708.0,21.7,0.0,5,52375.0,40977.71428571428,42234.03333333333,39116.0,-0.03599550056242973,0,0,0,20.70000000000005
10849,2024-05-22,토마토,토마토,38419.0,20.5,0.0,5,52375.0,40271.28571428572,41452.066666666666,37708.0,0.01885541529648882,0,0,0,20.70000000000005
10850,2024-05-23,토마토,토마토,37262.0,20.2,0.0,5,52625.0,39140.42857142857,41294.13333333333,38419.0,-0.030115307530128366,0,0,0,0.10000000000004619
10851,2024-05-24,토마토,토마토,35750.0,20.1,0.0,5,52625.0,38549.57142857143,40599.13333333333,37262.0,-0.040577532070205535,0,0,0,0.0
10852,2024-05-25,토마토,토마토,34071.0,21.4,0.0,5,54313.0,37455.57142857143,40482.46666666667,35750.0,-0.04696503496503501,0,0,0,0.0
10853,2024-05-27,토마토,토마토,31901.0,18.5,0.0,5,54313.0,36318.142857142855,39854.63333333333,34071.0,-0.06369052860203694,0,0,0,0.0
10854,2024-05-28,토마토,토마토,27179.0,20.4,0.0,5,57971.0,34612.857142857145,39460.6,31901.0,-0.14802043823077649,0,0,0,0.0
10855,2024-05-29,토마토,토마토,29182.0,21.2,0.0,5,57971.0,33394.857142857145,39027.13333333333,27179.0,0.07369660399573208,0,0,0,0.0
10856,2024-05-30,토마토,토마토,25236.0,20.7,0.0,5,54451.0,31511.571428571428,38535.0,29182.0,-0.13522034130628469,0,0,0,0.0
10857,2024-05-31,토마토,토마토,22000.0,20.4,1.0,5,54451.0,29331.285714285714,37856.066666666666,25236.0,-0.1282295133935647,0,0,0,1.0000000000000462
10858,2024-06-01,토마토,토마토,21451.0,20.7,0.0,6,49900.0,27288.571428571428,37285.2,22000.0,-0.02495454545454545,0,0,0,1.0000000000000462
10859,2024-06-03,토마토,토마토,24176.0,22.2,0.0,6,49900.0,25875.0,36789.066666666666,21451.0,0.12703370472239062,0,0,0,1.0000000000000462
10860,2024-06-04,토마토,토마토,23137.0,22.8,0.0,6,43000.0,24623.0,36293.63333333333,24176.0,-0.042976505625413663,0,0,0,1.0000000000000462
10861,2024-06-05,토마토,토마토,22934.0,23.6,0.0,6,43000.0,24016.571428571428,35735.86666666667,23137.0,-0.008773825474348462,0,0,0,1.0000000000000462
10862,2024-06-06,토마토,토마토,26000.0,24.1,0.0,6,46139.0,23562.0,35269.2,22934.0,0.1336879741867969,0,0,0,1.0000000000000462
10863,2024-06-07,토마토,토마토,26286.0,23.1,0.8,6,46139.0,23712.0,34649.7,26000.0,0.010999999999999899,0,0,0,1.8000000000000462
10864,2024-06-08,토마토,토마토,25369.0,20.3,16.9,6,45063.0,24193.285714285714,34235.5,26286.0,-0.03488549037510458,0,0,0,17.700000000000045
10865,2024-06-10,토마토,토마토,24139.0,24.7,0.0,6,45063.0,24577.285714285714,33673.96666666667,25369.0,-0.04848437068863576,0,0,0,17.700000000000045
10866,2024-06-11,토마토,토마토,23120.0,25.4,0.0,6,43120.0,24426.428571428572,32922.1,24139.0,-0.04221384481544388,0,0,0,17.700000000000045
10867,2024-06-12,토마토,토마토,23703.0,24.8,0.0,6,43120.0,24507.285714285714,32258.366666666665,23120.0,0.025216262975778614,0,0,0,17.700000000000045
10868,2024-06-13,토마토,토마토,24645.0,26.4,0.0,6,38286.0,24751.714285714286,31679.866666666665,23703.0,0.03974180483483103,0,0,0,17.700000000000045
10869,2024-06-14,토마토,토마토,24506.0,26.3,0.0,6,38286.0,24538.285714285714,31047.366666666665,24645.0,-0.005640089267599957,0,0,0,17.700000000000045
10870,2024-06-15,토마토,토마토,23347.0,24.2,6.1,6,39242.0,24118.428571428572,30653.0,24506.0,-0.04729454011262546,0,0,0,23.000000000000043
10871,2024-06-17,토마토,토마토,22553.0,24.8,0.0,6,39242.0,23716.14285714286,30107.0,23347.0,-0.034008652075213086,0,0,0,6.100000000000046
10872,2024-06-18,토마토,토마토,21202.0,26.0,0.0,6,38212.0,23296.571428571428,29368.266666666666,22553.0,-0.059903338801933215,0,0,0,6.100000000000046
10873,2024-06-19,토마토,토마토,20914.0,28.8,0.0,6,38212.0,22981.428571428572,28559.466666666667,21202.0,-0.01358362418639747,0,0,0,6.100000000000046
10874,2024-06-20,토마토,토마토,21093.0,29.4,0.0,6,38483.0,22608.571428571428,27933.033333333333,20914.0,0.008558860093717202,0,0,0,6.100000000000046
10875,2024-06-21,토마토,토마토,23240.0,28.1,0.0,6,38483.0,22407.85714285714,27316.733333333334,21093.0,0.10178732280851466,0,0,0,6.100000000000046
10876,2024-06-22,토마토,토마토,25603.0,24.2,16.5,6,38667.0,22564.571428571428,26841.4,23240.0,0.1016781411359724,0,0,0,22.600000000000044
10877,2024-06-24,토마토,토마토,22459.0,24.3,0.0,6,32125.0,22437.714285714286,26286.166666666668,25603.0,-0.1227981095965317,0,0,0,16.500000000000043
10878,2024-06-25,토마토,토마토,18818.0,22.9,0.0,6,42586.0,21904.14285714286,25656.5,22459.0,-0.16211763658221645,0,0,0,16.500000000000043
10879,2024-06-26,토마토,토마토,18000.0,24.9,0.0,6,33938.0,21446.714285714286,24975.866666666665,18818.0,-0.04346901902433842,0,0,0,16.500000000000043
10880,2024-06-27,토마토,토마토,16675.0,26.3,0.0,6,39818.0,20841.14285714286,24289.633333333335,18000.0,-0.07361111111111107,0,0,0,16.500000000000043
10881,2024-06-28,토마토,토마토,16873.0,26.6,0.0,6,31231.0,20238.285714285714,23660.4,16675.0,0.011874062968515675,0,0,0,16.500000000000043
10882,2024-06-29,토마토,토마토,18000.0,26.7,38.3,6,38304.0,19489.714285714286,23124.7,16873.0,0.06679310140461081,0,0,0,54.80000000000004
10883,2024-07-01,토마토,토마토,17377.0,26.3,0.0,7,38304.0,18314.571428571428,22640.566666666666,18000.0,-0.03461111111111115,0,0,0,38.30000000000004
10884,2024-07-02,토마토,토마토,22042.0,23.2,65.1,7,35545.0,18255.0,22469.333333333332,17377.0,0.2684583069574724,0,0,0,103.40000000000003
10885,2024-07-03,토마토,토마토,22370.0,24.7,0.8,7,26333.0,18762.428571428572,22242.266666666666,22042.0,0.014880682333726414,0,0,0,104.20000000000003
10886,2024-07-04,토마토,토마토,21700.0,26.8,3.6,7,26063.0,19291.0,22124.4,22370.0,-0.029950827000447044,0,0,0,107.80000000000004
10887,2024-07-05,토마토,토마토,20690.0,23.4,4.1,7,26063.0,19864.571428571428,22080.733333333334,21700.0,-0.04654377880184335,0,0,0,111.90000000000003
10888,2024-07-06,토마토,토마토,24163.0,25.1,2.8,7,26229.0,20906.0,22171.133333333335,20690.0,0.1678588690188496,0,0,0,114.70000000000003
10889,2024-07-08,토마토,토마토,20888.0,23.8,21.1,7,22267.0,21318.571428571428,22061.533333333333,24163.0,-0.13553780573604268,0,0,0,97.50000000000004
10890,2024-07-09,토마토,토마토,20602.0,24.5,0.3,7,27972.0,21779.285714285714,21977.033333333333,20888.0,-0.013692072003063993,0,0,0,97.80000000000004
10891,2024-07-10,토마토,토마토,20274.0,26.6,1.4,7,26400.0,21526.714285714286,21888.366666666665,20602.0,-0.015920784389865106,0,0,0,34.100000000000044
10892,2024-07-11,토마토,토마토,21452.0,25.7,0.0,7,32656.0,21395.571428571428,21736.766666666666,20274.0,0.05810397553516822,0,0,0,33.30000000000005
10893,2024-07-12,토마토,토마토,23382.0,25.6,0.0,7,27333.0,21635.85714285714,21639.966666666667,21452.0,0.08996830132388589,0,0,0,29.700000000000045
10894,2024-07-13,토마토,토마토,23841.0,28.1,0.0,7,35000.0,22086.0,21589.033333333333,23382.0,0.019630484988452546,0,0,0,25.600000000000044
10895,2024-07-15,토마토,토마토,24942.0,28.4,0.0,7,32405.0,22197.285714285714,21615.8,23841.0,0.04618094878570522,0,0,0,22.800000000000043
10896,2024-07-16,토마토,토마토,23623.0,27.0,17.0,7,32000.0,22588.0,21632.566666666666,24942.0,-0.052882687835778985,0,0,0,18.700000000000042
10897,2024-07-17,토마토,토마토,22000.0,25.4,98.8,7,29500.0,22787.714285714286,21575.8,23623.0,-0.06870422892943318,0,0,0,117.20000000000005
10898,2024-07-18,토마토,토마토,19796.0,24.3,128.8,7,28343.0,22719.428571428572,21414.166666666668,22000.0,-0.10018181818181815,0,0,0,244.60000000000005
10899,2024-07-19,토마토,토마토,21143.0,27.0,0.1,7,28516.0,22675.285714285714,21302.066666666666,19796.0,0.06804404930288954,0,0,0,244.70000000000005
10900,2024-07-20,토마토,토마토,20024.0,27.2,14.9,7,26069.0,22195.571428571428,21191.3,21143.0,-0.052925318072175154,0,0,0,259.6
10901,2024-07-22,토마토,토마토,19826.0,26.6,79.9,7,25857.0,21622.0,21100.4,20024.0,-0.009888134238913326,0,0,0,339.50000000000006
10902,2024-07-23,토마토,토마토,22377.0,26.4,2.0,7,26113.0,21255.571428571428,21139.566666666666,19826.0,0.12866942398870163,0,0,0,341.50000000000006
10903,2024-07-24,토마토,토마토,23000.0,28.1,14.7,7,23878.0,21166.571428571428,21209.1,22377.0,0.027841086830227457,0,0,0,339.20000000000005
10904,2024-07-25,토마토,토마토,26671.0,28.8,25.3,7,24823.0,21833.85714285714,21395.033333333333,23000.0,0.15960869565217384,0,0,0,265.70000000000005
10905,2024-07-26,토마토,토마토,30784.0,28.7,5.5,7,24238.0,23403.571428571428,21646.5,26671.0,0.1542124404784222,0,0,0,142.40000000000006
10906,2024-07-27,토마토,토마토,32260.0,28.9,33.5,7,24835.0,24991.714285714286,21868.4,30784.0,0.04794698544698539,0,0,0,175.80000000000007
10907,2024-07-29,토마토,토마토,32937.0,27.4,0.0,7,25204.0,26836.428571428572,22217.666666666668,32260.0,0.020985740855548718,0,0,0,160.90000000000006
10908,2024-07-30,토마토,토마토,31788.0,28.6,0.0,7,25377.0,28545.285714285714,22650.0,32937.0,-0.034884780034611484,0,0,0,81.00000000000006
10909,2024-07-31,토마토,토마토,30923.0,29.4,0.0,7,26375.0,29766.14285714286,23080.766666666666,31788.0,-0.027211526362149185,0,0,0,79.00000000000006
10910,2024-08-01,토마토,토마토,33696.0,29.9,0.3,8,24342.0,31294.14285714286,23648.133333333335,30923.0,0.0896743524237622,0,0,0,64.60000000000005
10911,2024-08-02,토마토,토마토,41622.0,29.6,0.0,8,24587.0,33430.0,24473.1,33696.0,0.23522079772079763,0,0,0,39.300000000000054
10912,2024-08-05,토마토,토마토,33968.0,30.0,1.3,8,23423.0,33884.857142857145,25005.366666666665,41622.0,-0.18389313343904667,0,0,0,35.10000000000006
10913,2024-08-06,토마토,토마토,42833.0,29.5,0.0,8,24387.0,35395.28571428572,25853.9,33968.0,0.26098092322185584,0,0,0,1.600000000000057
10914,2024-08-07,토마토,토마토,43683.0,29.6,3.4,8,25209.0,36930.42857142857,26575.266666666666,42833.0,0.01984451240865681,0,0,0,5.000000000000057
10915,2024-08-08,토마토,토마토,43909.0,28.5,0.0,8,22443.0,38662.0,27293.233333333334,43683.0,0.005173637341757686,0,0,0,5.000000000000057
10916,2024-08-09,토마토,토마토,42829.0,29.3,0.0,8,21612.0,40362.857142857145,27997.533333333333,43909.0,-0.024596324215992116,0,0,0,5.000000000000057
10917,2024-08-10,토마토,토마토,36184.0,30.0,0.0,8,22447.0,40718.28571428572,28514.0,42829.0,-0.1551518830698826,0,0,0,4.700000000000057
10918,2024-08-12,토마토,토마토,41780.0,31.1,0.0,8,22594.0,40740.857142857145,29101.233333333334,36184.0,0.15465399071412778,0,0,0,4.700000000000057
10919,2024-08-13,토마토,토마토,42000.0,31.3,0.0,8,22468.0,41888.28571428572,29804.966666666667,41780.0,0.005265677357587428,0,0,0,3.4000000000000568
10920,2024-08-14,토마토,토마토,47952.0,30.0,3.0,8,23929.0,42619.57142857143,30716.633333333335,42000.0,0.14171428571428568,0,0,0,6.400000000000057
10921,2024-08-15,토마토,토마토,43974.0,29.2,6.4,8,23792.0,42661.142857142855,31506.633333333335,47952.0,-0.0829579579579579,0,0,0,9.400000000000057
10922,2024-08-16,토마토,토마토,45453.0,29.8,0.0,8,24790.0,42881.71428571428,32306.666666666668,43974.0,0.033633510710874504,0,0,0,9.400000000000057
10923,2024-08-17,토마토,토마토,35639.0,29.8,11.0,8,23581.0,41854.57142857143,32715.233333333334,45453.0,-0.21591534112159816,0,0,0,20.400000000000055
10924,2024-08-19,토마토,토마토,33991.0,29.7,2.3,8,23817.0,41541.28571428572,33053.566666666666,35639.0,-0.04624147703358683,0,0,0,22.700000000000056
10925,2024-08-20,토마토,토마토,35227.0,31.4,0.0,8,23609.0,40605.142857142855,33396.4,33991.0,0.036362566561736864,0,0,0,22.700000000000056
10926,2024-08-21,토마토,토마토,36322.0,28.4,42.2,8,23667.0,39794.0,33819.7,35227.0,0.031084111618928656,0,0,0,64.90000000000006
10927,2024-08-22,토마토,토마토,33800.0,28.6,0.6,8,22380.0,37772.28571428572,34213.03333333333,36322.0,-0.06943450250536864,0,0,0,62.500000000000064
10928,2024-08-23,토마토,토마토,34776.0,28.4,0.0,8,23070.0,36458.28571428572,34712.36666666667,33800.0,0.028875739644970366,0,0,0,56.100000000000065
10929,2024-08-24,토마토,토마토,36255.0,27.6,2.0,8,23143.0,35144.28571428572,35216.1,34776.0,0.04252933057280894,0,0,0,58.100000000000065
10930,2024-08-26,토마토,토마토,31923.0,28.1,0.0,8,23627.0,34613.42857142857,35612.73333333333,36255.0,-0.11948696731485309,0,0,0,47.100000000000065
10931,2024-08-27,토마토,토마토,33594.0,26.5,0.3,8,24612.0,34556.71428571428,36071.666666666664,31923.0,0.05234470444507089,0,0,0,45.10000000000006
10932,2024-08-28,토마토,토마토,36548.0,28.2,0.0,8,26663.0,34745.42857142857,36544.03333333333,33594.0,0.08793236887539435,0,0,0,45.10000000000006
10933,2024-08-29,토마토,토마토,42379.0,28.4,0.0,8,25141.0,35610.71428571428,37190.0,36548.0,0.15954361387764027,0,0,0,2.9000000000000568
10934,2024-08-30,토마토,토마토,49880.0,28.0,0.0,8,26302.0,37907.857142857145,37963.63333333333,42379.0,0.17699804148280984,0,0,0,2.3000000000000567
10935,2024-08-31,토마토,토마토,49161.0,27.6,0.0,8,24023.0,39962.857142857145,38576.2,49880.0,-0.014414595028067412,0,0,0,2.3000000000000567
10936,2024-09-02,토마토,토마토,47608.0,24.5,2.7,9,26740.0,41584.71428571428,39087.8,49161.0,-0.03159008156872323,0,1,0,3.000000000000057
10937,2024-09-03,토마토,토마토,49524.0,27.0,0.0,9,25000.0,44099.142857142855,39640.7,47608.0,0.04024533691816501,0,1,0,3.000000000000057
10938,2024-09-04,토마토,토마토,50350.0,27.9,0.0,9,23561.0,46492.857142857145,40259.433333333334,49524.0,0.016678782004684534,0,1,0,2.700000000000057
10939,2024-09-05,토마토,토마토,58000.0,26.3,6.9,9,21394.0,49557.42857142857,41162.0,50350.0,0.15193644488579938,0,1,0,9.600000000000058
10940,2024-09-06,토마토,토마토,63452.0,24.0,0.7,9,21000.0,52567.857142857145,42153.86666666667,58000.0,0.09400000000000008,0,1,0,10.300000000000058
10941,2024-09-07,토마토,토마토,65645.0,26.5,0.0,9,23321.0,54820.0,42954.63333333333,63452.0,0.034561558343314536,0,1,0,10.300000000000058
10942,2024-09-09,토마토,토마토,68765.0,28.5,0.0,9,23631.0,57620.57142857143,44114.53333333333,65645.0,0.047528372305583044,0,1,0,10.300000000000058
10943,2024-09-10,토마토,토마토,68968.0,29.4,0.0,9,22519.0,60672.0,44985.7,68765.0,0.0029520831818512505,0,1,0,7.600000000000057
10944,2024-09-11,토마토,토마토,68500.0,29.0,0.4,9,20537.0,63382.857142857145,45812.933333333334,68968.0,-0.0067857557127943835,0,1,0,8.000000000000057
10945,2024-09-12,토마토,토마토,75286.0,25.4,32.7,9,21000.0,66945.14285714286,46858.833333333336,68500.0,0.09906569343065685,0,1,0,40.70000000000006
10946,2024-09-13,토마토,토마토,74676.0,25.9,7.6,9,19635.0,69327.42857142857,47920.4,75286.0,-0.008102436043885941,0,1,0,41.40000000000006
10947,2024-09-14,토마토,토마토,71109.0,28.0,0.0,9,22036.0,70421.28571428571,49084.566666666666,74676.0,-0.047766350634742105,0,1,0,40.70000000000006
10948,2024-09-16,토마토,토마토,24309.0,26.8,9.5,9,22733.0,64516.142857142855,48502.2,71109.0,-0.6581445386659917,0,1,0,50.20000000000006
10949,2024-09-20,토마토,토마토,32697.0,25.0,54.5,9,22962.0,59363.57142857143,48192.1,24309.0,0.34505738615327664,0,1,0,104.70000000000006
10950,2024-09-21,토마토,토마토,50827.0,19.3,27.0,9,25202.0,56772.0,48287.933333333334,32697.0,0.5544851209591093,0,1,0,131.70000000000005
10951,2024-09-23,토마토,토마토,53068.0,20.8,0.0,9,24938.0,54567.42857142857,48591.066666666666,50827.0,0.04409073917406103,0,1,0,131.30000000000007
10952,2024-09-24,토마토,토마토,69424.0,21.0,0.0,9,24667.0,53730.0,49390.1,53068.0,0.30820833647395784,0,1,0,98.60000000000007
10953,2024-09-25,토마토,토마토,75588.0,23.3,0.0,9,25212.0,53860.28571428572,50721.73333333333,69424.0,0.08878773911039417,0,1,0,91.00000000000006
10954,2024-09-26,토마토,토마토,70692.0,23.6,1.2,9,24805.0,53800.71428571428,51945.1,75588.0,-0.06477218606127955,0,1,0,92.20000000000006
10955,2024-09-27,토마토,토마토,69083.0,22.7,0.0,9,24213.0,60197.0,53073.63333333333,70692.0,-0.02276070842528155,0,1,0,82.70000000000006
10956,2024-09-28,토마토,토마토,64806.0,23.2,0.0,9,23302.0,64784.0,54023.1,69083.0,-0.06191103455263958,0,1,0,28.200000000000056
10957,2024-09-30,토마토,토마토,69875.0,23.0,0.0,9,23458.0,67505.14285714286,55225.6,64806.0,0.07821806622843575,0,1,0,1.2000000000000568
10958,2024-10-01,토마토,토마토,69524.0,18.3,2.5,10,23942.0,69856.0,56383.86666666667,69875.0,-0.005023255813953464,0,1,0,3.700000000000057
10959,2024-10-02,토마토,토마토,78222.0,14.9,0.0,10,24247.0,71112.85714285714,57782.76666666667,69524.0,0.125107876416777,0,1,0,3.700000000000057
10960,2024-10-03,토마토,토마토,91833.0,16.4,0.0,10,24337.0,73433.57142857143,59779.76666666667,78222.0,0.17400475569532858,0,1,0,3.700000000000057
10961,2024-10-04,토마토,토마토,93565.0,17.6,0.0,10,25492.0,76701.14285714286,61778.8,91833.0,0.018860322542005648,0,1,0,2.500000000000057
10962,2024-10-05,토마토,토마토,91957.0,17.5,0.0,10,29471.0,79968.85714285714,63625.76666666667,93565.0,-0.017185913536044484,0,1,0,2.500000000000057
10963,2024-10-07,토마토,토마토,90353.0,16.9,0.0,10,37778.0,83618.42857142857,65224.9,91957.0,-0.017442935284970096,0,1,0,2.500000000000057
10964,2024-10-08,토마토,토마토,89556.0,17.7,0.0,10,35750.0,86430.0,66547.43333333333,90353.0,-0.008820957798855611,0,1,0,2.500000000000057
10965,2024-10-09,토마토,토마토,97217.0,18.8,0.0,10,33964.0,90386.14285714286,68149.3,89556.0,0.08554424047523335,0,1,0,0.0
10966,2024-10-10,토마토,토마토,97850.0,18.8,0.0,10,28894.0,93190.14285714286,69824.03333333334,97217.0,0.006511206887684251,0,1,0,0.0
10967,2024-10-11,토마토,토마토,99587.0,18.6,0.0,10,29123.0,94297.85714285714,71492.8,97850.0,0.017751660705160877,0,1,0,0.0
10968,2024-10-12,토마토,토마토,96500.0,18.3,0.0,10,30328.0,94717.14285714286,73031.13333333333,99587.0,-0.03099802183015854,0,1,0,0.0
10969,2024-10-14,토마토,토마토,97726.0,19.3,0.0,10,37132.0,95541.28571428571,74355.33333333333,96500.0,0.012704663212435241,0,1,0,0.0
10970,2024-10-15,토마토,토마토,73978.0,19.2,0.5,10,34867.0,93202.0,74706.2,97726.0,-0.24300595542639625,0,1,0,0.5000000000000568
10971,2024-10-16,토마토,토마토,69880.0,18.2,0.0,10,38070.0,90391.14285714286,74847.36666666667,73978.0,-0.05539484711671039,0,1,0,0.5000000000000568
10972,2024-10-17,토마토,토마토,79429.0,19.0,0.0,10,42814.0,87850.0,75202.83333333333,69880.0,0.13664854035489404,0,1,0,0.5000000000000568
10973,2024-10-18,토마토,토마토,67226.0,17.4,47.1,10,42622.0,83475.14285714286,75144.76666666666,79429.0,-0.15363406312555872,0,1,0,47.60000000000006
10974,2024-10-19,토마토,토마토,65595.0,16.6,1.0,10,45235.0,78619.14285714286,75047.93333333333,67226.0,-0.024261446464165615,0,1,0,48.60000000000006
10975,2024-10-21,토마토,토마토,74622.0,14.8,0.0,10,41528.0,75493.71428571429,75025.8,65595.0,0.1376171964326549,0,1,0,48.60000000000006
10976,2024-10-22,토마토,토마토,53769.0,15.5,20.6,10,40820.0,69214.14285714286,74328.9,74622.0,-0.27944842003698644,0,1,0,69.20000000000006
10977,2024-10-23,토마토,토마토,55465.0,12.7,2.3,10,38517.0,66569.42857142857,73807.43333333333,53769.0,0.0315423385221969,0,1,0,71.00000000000006
10978,2024-10-24,토마토,토마토,62571.0,12.5,0.0,10,34961.0,65525.28571428572,75082.83333333333,55465.0,0.1281168304336069,0,1,0,71.00000000000006
10979,2024-10-25,토마토,토마토,72593.0,14.9,0.0,10,35818.0,64548.71428571428,76412.7,62571.0,0.1601700468268048,0,1,0,71.00000000000006
10980,2024-10-26,토마토,토마토,63524.0,17.0,0.0,10,34409.0,64019.857142857145,76835.93333333333,72593.0,-0.12492940090642346,0,1,0,23.90000000000006
10981,2024-10-28,토마토,토마토,56931.0,15.7,0.0,10,34853.0,62782.142857142855,76964.7,63524.0,-0.10378754486493291,0,1,0,22.90000000000006
10982,2024-10-29,토마토,토마토,47111.0,15.0,0.0,10,38296.0,58852.0,76220.93333333333,56931.0,-0.17248950483919134,0,1,0,22.90000000000006
10983,2024-10-30,토마토,토마토,52174.0,15.7,0.0,10,47105.0,58624.142857142855,75440.46666666666,47111.0,0.10746959308866288,0,1,0,2.3000000000000567
10984,2024-10-31,토마토,토마토,58966.0,15.9,0.0,10,50963.0,59124.28571428572,75049.6,52174.0,0.13017978303369504,0,1,0,0.0
10985,2024-11-01,토마토,토마토,65000.0,15.3,0.0,11,56471.0,59471.28571428572,74913.5,58966.0,0.10233015636129306,0,0,0,0.0
10986,2024-11-02,토마토,토마토,62563.0,18.1,0.0,11,55932.0,58038.42857142857,74838.73333333334,65000.0,-0.037492307692307714,0,0,0,0.0
10987,2024-11-04,토마토,토마토,69196.0,14.8,0.1,11,55547.0,58848.71428571428,74816.1,62563.0,0.1060211307002541,0,0,0,0.10000000000005685
10988,2024-11-05,토마토,토마토,66552.0,9.1,0.0,11,57353.0,60223.142857142855,74717.03333333334,69196.0,-0.038210301173478234,0,0,0,0.10000000000005685
10989,2024-11-06,토마토,토마토,63824.0,7.5,0.0,11,56147.0,62610.71428571428,74237.1,66552.0,-0.04099050366630608,0,0,0,0.10000000000005685
10990,2024-11-07,토마토,토마토,53000.0,7.8,0.0,11,56326.0,62728.71428571428,72942.66666666667,63824.0,-0.16959137628478316,0,0,0,0.10000000000005685
10991,2024-11-08,토마토,토마토,71824.0,10.2,0.0,11,50906.0,64565.57142857143,72217.96666666666,53000.0,0.35516981132075465,0,0,0,0.10000000000005685
10992,2024-11-09,토마토,토마토,68179.0,12.9,0.0,11,47184.0,65019.71428571428,71425.36666666667,71824.0,-0.05074905324125645,0,0,0,0.10000000000005685
10993,2024-11-11,토마토,토마토,64000.0,14.6,0.0,11,44179.0,65225.0,70546.93333333333,68179.0,-0.06129453350738501,0,0,0,0.10000000000005685
10994,2024-11-12,토마토,토마토,82545.0,14.3,0.0,11,43974.0,67132.0,70313.23333333334,64000.0,0.289765625,0,0,0,0.0
10995,2024-11-13,토마토,토마토,67788.0,14.2,0.0,11,46432.0,67308.57142857143,69332.26666666666,82545.0,-0.17877521351989822,0,0,0,0.0
10996,2024-11-14,토마토,토마토,78000.0,14.8,0.1,11,54375.0,69333.71428571429,68670.6,67788.0,0.15064613205877153,0,0,0,0.10000000000005685
10997,2024-11-15,토마토,토마토,79556.0,17.0,0.0,11,59735.0,73127.42857142857,68002.9,78000.0,0.019948717948717887,0,0,0,0.10000000000005685
10998,2024-11-16,토마토,토마토,77903.0,17.0,6.5,11,65061.0,73995.85714285714,67383.0,79556.0,-0.020777816883704614,0,0,0,6.6000000000000565
10999,2024-11-18,토마토,토마토,77774.0,2.8,0.0,11,64825.0,75366.57142857143,66717.93333333333,77903.0,-0.0016559054208438173,0,0,0,6.6000000000000565
11000,2024-11-19,토마토,토마토,74967.0,5.7,0.0,11,68385.0,76933.28571428571,66750.9,77774.0,-0.03609175302800427,0,0,0,6.6000000000000565
11001,2024-11-20,토마토,토마토,72000.0,6.5,0.0,11,73638.0,75426.85714285714,66821.56666666667,74967.0,-0.0395774140621874,0,0,0,6.6000000000000565
11002,2024-11-21,토마토,토마토,77200.0,9.7,0.0,11,62231.0,76771.42857142857,66747.26666666666,72000.0,0.07222222222222219,0,0,0,6.6000000000000565
11003,2024-11-22,토마토,토마토,69696.0,6.2,0.0,11,69872.0,75585.14285714286,66829.6,77200.0,-0.09720207253886015,0,0,0,6.500000000000057
11004,2024-11-23,토마토,토마토,65105.0,6.4,0.0,11,70529.0,73520.71428571429,66813.26666666666,69696.0,-0.06587178604224064,0,0,0,6.500000000000057
11005,2024-11-25,토마토,토마토,63733.0,10.1,0.0,11,68961.0,71496.42857142857,66450.3,65105.0,-0.0210736502572767,0,0,0,0.0
11006,2024-11-26,토마토,토마토,67759.0,5.8,26.0,11,57894.0,70065.71428571429,66916.63333333333,63733.0,0.06316978645285798,0,0,0,26.000000000000057
11007,2024-11-27,토마토,토마토,64706.0,-0.4,22.4,11,52449.0,68599.85714285714,67224.66666666667,67759.0,-0.04505674522941605,0,0,0,48.400000000000055
11008,2024-11-28,토마토,토마토,68333.0,0.8,4.9,11,55452.0,68076.0,67416.73333333334,64706.0,0.056053534448119224,0,0,0,53.300000000000054
11009,2024-11-29,토마토,토마토,69353.0,0.2,0.0,11,58237.0,66955.0,67308.73333333334,68333.0,0.014926902082449178,0,0,0,53.300000000000054
11010,2024-11-30,토마토,토마토,57227.0,2.5,0.0,11,54061.0,65173.71428571428,67098.83333333333,69353.0,-0.17484463541591566,0,0,0,53.300000000000054
11011,2024-12-02,토마토,토마토,63476.0,6.4,0.0,12,63122.0,64941.0,67317.0,57227.0,0.10919670784769431,0,0,0,53.300000000000054
11012,2024-12-03,토마토,토마토,54897.0,1.3,0.0,12,65238.0,63678.71428571428,67576.53333333334,63476.0,-0.1351534438212868,0,0,0,53.300000000000054
11013,2024-12-04,토마토,토마토,64500.0,3.1,0.0,12,71514.0,63213.142857142855,67987.4,54897.0,0.17492759167167615,0,0,0,27.300000000000054
11014,2024-12-05,토마토,토마토,46500.0,3.9,1.8,12,77444.0,60612.28571428572,67571.86666666667,64500.0,-0.2790697674418605,0,0,0,6.700000000000057
11015,2024-12-06,토마토,토마토,48833.0,2.1,0.0,12,78939.0,57826.57142857143,67032.96666666666,46500.0,0.05017204301075262,0,0,0,1.8000000000000569
11016,2024-12-07,토마토,토마토,43500.0,0.2,0.0,12,59070.0,54133.28571428572,66397.53333333334,48833.0,-0.10920893657977182,0,0,0,1.8000000000000569
11017,2024-12-09,토마토,토마토,46447.0,1.0,0.0,12,57014.0,52593.28571428572,65639.23333333334,43500.0,0.06774712643678171,0,0,0,1.8000000000000569
11018,2024-12-10,토마토,토마토,34944.0,2.6,0.0,12,54404.0,48517.28571428572,64585.63333333333,46447.0,-0.24765862165478936,0,0,0,1.8000000000000569
11019,2024-12-11,토마토,토마토,44957.0,3.0,0.0,12,51447.0,47097.28571428572,63956.73333333333,34944.0,0.286544184981685,0,0,0,1.8000000000000569
11020,2024-12-12,토마토,토마토,38571.0,0.5,0.0,12,25646.0,43393.142857142855,63475.76666666667,44957.0,-0.1420468447627733,0,0,0,1.8000000000000569
11021,2024-12-13,토마토,토마토,44000.0,1.0,0.0,12,37311.0,43036.0,62548.3,38571.0,0.14075341577869382,0,0,0,0.0
11022,2024-12-14,토마토,토마토,30286.0,-0.8,0.0,12,41108.0,40386.42857142857,61285.2,44000.0,-0.31168181818181817,0,0,0,0.0
11023,2024-12-16,토마토,토마토,48333.0,-0.2,0.0,12,35695.0,41076.857142857145,60762.96666666667,30286.0,0.5958858878689823,0,0,0,0.0
11024,2024-12-17,토마토,토마토,45000.0,-0.8,0.0,12,36550.0,40870.142857142855,59511.46666666667,48333.0,-0.06895909626962948,0,0,0,0.0
11025,2024-12-18,토마토,토마토,49600.0,-3.4,0.0,12,42390.0,42963.857142857145,58905.2,45000.0,0.10222222222222221,0,0,0,0.0
11026,2024-12-19,토마토,토마토,45000.0,-1.4,0.0,12,48815.0,42970.0,57805.2,49600.0,-0.092741935483871,0,0,0,0.0
11027,2024-12-20,토마토,토마토,48000.0,1.4,0.4,12,58879.0,44317.0,56753.333333333336,45000.0,0.06666666666666665,0,0,0,0.40000000000005687
11028,2024-12-21,토마토,토마토,28545.0,-0.7,2.9,12,68000.0,42109.142857142855,55108.066666666666,48000.0,-0.40531249999999996,0,0,0,3.3000000000000567
11029,2024-12-23,토마토,토마토,46333.0,0.3,0.0,12,69643.0,44401.57142857143,54060.03333333333,28545.0,0.6231564196882116,0,0,0,3.3000000000000567
11030,2024-12-24,토마토,토마토,30000.0,-0.4,0.0,12,84923.0,41782.57142857143,52561.13333333333,46333.0,-0.3525133274340103,0,0,0,3.3000000000000567
11031,2024-12-25,토마토,토마토,50333.0,2.7,0.1,12,92241.0,42544.42857142857,51838.9,30000.0,0.6777666666666666,0,0,0,3.4000000000000568
11032,2024-12-26,토마토,토마토,46000.0,0.1,0.0,12,91000.0,42030.142857142855,50798.9,50333.0,-0.08608666282558164,0,0,0,3.4000000000000568
11033,2024-12-27,토마토,토마토,52697.0,-2.6,0.0,12,87407.0,43129.71428571428,50232.26666666667,46000.0,0.14558695652173914,0,0,0,3.4000000000000568
11034,2024-12-28,토마토,토마토,42429.0,-3.0,0.0,12,80406.0,42333.857142857145,49476.4,52697.0,-0.19484980169649124,0,0,0,3.000000000000057
11035,2024-12-30,토마토,토마토,36612.0,5.5,0.0,12,89789.0,43486.28571428572,48572.36666666667,42429.0,-0.1370996252563106,0,0,0,0.10000000000005685
11036,2024-12-31,토마토,토마토,36612.0,0.6,0.0,12,75000.0,42097.57142857143,47534.13333333333,36612.0,0.0,0,0,0,0.10000000000005685
11037,2025-01-02,토마토,토마토,36612.0,0.5,0.0,1,71769.0,43042.142857142855,46597.666666666664,36612.0,0.0,0,0,0,0.10000000000005685
11038,2025-01-03,토마토,토마토,43220.0,-1.1,0.0,1,64303.0,42026.0,45760.566666666666,36612.0,0.18048727193269976,0,0,0,0.0
11039,2025-01-04,토마토,토마토,37455.0,-0.1,0.0,1,60188.0,40805.28571428572,44697.3,43220.0,-0.13338732068486814,0,0,0,0.0
11040,2025-01-06,토마토,토마토,42600.0,1.0,3.0,1,55692.0,39362.857142857145,44209.73333333333,37455.0,0.13736483780536646,0,0,0,3.000000000000057
11041,2025-01-07,토마토,토마토,42600.0,-2.6,0.1,1,60093.0,39387.28571428572,43513.86666666667,42600.0,0.0,0,0,0,3.100000000000057
11042,2025-01-08,토마토,토마토,45000.0,-3.4,0.0,1,44172.0,40585.57142857143,43183.96666666667,42600.0,0.05633802816901401,0,0,0,3.100000000000057
11043,2025-01-09,토마토,토마토,45000.0,-9.7,0.0,1,63308.0,41783.857142857145,42533.96666666667,45000.0,0.0,0,0,0,3.100000000000057
11044,2025-01-10,토마토,토마토,45923.0,-7.3,0.0,1,57712.0,43114.0,42514.73333333333,45000.0,0.020511111111111147,0,0,0,3.100000000000057
11045,2025-01-11,토마토,토마토,45923.0,-5.1,0.0,1,56302.0,43500.142857142855,42417.73333333333,45923.0,0.0,0,0,0,3.100000000000057
11046,2025-01-13,토마토,토마토,42750.0,-0.4,1.3,1,47722.0,44256.57142857143,42392.73333333333,45923.0,-0.06909391808026477,0,0,0,4.400000000000057
11047,2025-01-14,토마토,토마토,42750.0,2.3,0.1,1,40405.0,44278.0,42269.5,42750.0,0.0,0,0,0,1.500000000000057
11048,2025-01-15,토마토,토마토,42182.0,-3.5,0.0,1,47163.0,44218.28571428572,42510.76666666667,42750.0,-0.013286549707602346,0,0,0,1.400000000000057
11049,2025-01-16,토마토,토마토,42182.0,-0.5,0.0,1,53750.0,43815.71428571428,42418.26666666667,42182.0,0.0,0,0,0,1.400000000000057
11050,2025-01-17,토마토,토마토,42447.0,-0.5,0.0,1,53129.0,43451.0,42547.46666666667,42182.0,0.006282300507325367,0,0,0,1.400000000000057
11051,2025-01-18,토마토,토마토,31667.0,1.0,0.0,1,46103.0,41414.42857142857,42136.36666666667,42447.0,-0.25396376657949915,0,0,0,1.400000000000057
11052,2025-01-20,토마토,토마토,39569.0,3.9,0.0,1,54630.0,40506.71428571428,42445.8,31667.0,0.2495342154293112,0,0,0,1.400000000000057
11053,2025-01-21,토마토,토마토,39569.0,2.4,0.0,1,44650.0,40052.28571428572,42153.666666666664,39569.0,0.0,0,0,0,0.10000000000005685
11054,2025-01-22,토마토,토마토,34286.0,3.6,0.0,1,48844.0,38843.142857142855,41796.53333333333,39569.0,-0.133513609138467,0,0,0,0.0
11055,2025-01-23,토마토,토마토,34286.0,2.0,0.0,1,38808.0,37715.142857142855,41286.066666666666,34286.0,0.0,0,0,0,0.0
11056,2025-01-24,토마토,토마토,32233.0,3.1,0.0,1,44000.0,36293.857142857145,40860.5,34286.0,-0.05987866767776939,0,0,0,0.0
11057,2025-01-25,토마토,토마토,21750.0,5.2,0.0,1,36522.0,33337.142857142855,39985.5,32233.0,-0.32522570036918685,0,0,0,0.0
11058,2025-01-27,토마토,토마토,33532.0,0.2,5.6,1,40591.0,33603.57142857143,40151.73333333333,21750.0,0.5417011494252875,0,0,0,5.6000000000000565
11059,2025-01-28,토마토,토마토,20182.0,-3.9,0.1,1,46800.0,30834.0,39280.03333333333,33532.0,-0.3981271621138017,0,0,0,5.700000000000056
11060,2025-02-01,토마토,토마토,31935.0,1.6,0.0,2,48000.0,29743.428571428572,39344.53333333333,20182.0,0.582350609453969,0,0,0,5.700000000000056
11061,2025-02-03,토마토,토마토,29571.0,-4.1,0.0,2,50500.0,29069.85714285714,38652.46666666667,31935.0,-0.07402536402066695,0,0,0,5.700000000000056
11062,2025-02-04,토마토,토마토,29571.0,-9.0,0.0,2,51778.0,28396.285714285714,38104.833333333336,29571.0,0.0,0,0,0,5.700000000000056
11063,2025-02-05,토마토,토마토,41136.0,-8.6,0.0,2,63273.0,29668.14285714286,37719.46666666667,29571.0,0.3910926245307904,0,0,0,5.700000000000056
11064,2025-02-06,토마토,토마토,22000.0,-5.6,2.3,2,60000.0,29703.85714285714,37038.5,41136.0,-0.46518864255153636,0,0,0,8.000000000000057
11065,2025-02-07,토마토,토마토,43526.0,-8.0,0.4,2,68000.0,31131.571428571428,37268.96666666667,22000.0,0.9784545454545455,0,0,0,2.8000000000000567
11066,2025-02-08,토마토,토마토,43526.0,-7.9,0.0,2,65000.0,34466.42857142857,37499.433333333334,43526.0,0.0,0,0,0,2.7000000000000566
11067,2025-02-10,토마토,토마토,42442.0,-2.6,0.0,2,53548.0,35967.42857142857,37693.76666666667,43526.0,-0.024904654689151262,0,0,0,2.7000000000000566
11068,2025-02-11,토마토,토마토,42442.0,0.5,0.0,2,45000.0,37806.142857142855,37667.833333333336,42442.0,0.0,0,0,0,2.7000000000000566
11069,2025-02-13,토마토,토마토,42442.0,0.2,0.0,2,48000.0,39644.857142857145,37834.066666666666,42442.0,0.0,0,0,0,2.7000000000000566
11070,2025-02-14,토마토,토마토,46809.0,3.7,0.0,2,38000.0,40455.28571428572,37974.36666666667,42442.0,0.10289336035059615,0,0,0,2.7000000000000566
11071,2025-02-15,토마토,토마토,46809.0,4.1,0.0,2,43500.0,43999.42857142857,38114.666666666664,46809.0,0.0,0,0,0,0.40000000000005687
11072,2025-02-17,토마토,토마토,54395.0,-0.3,0.0,2,51000.0,45552.142857142855,38427.833333333336,46809.0,0.16206285116110153,0,0,0,0.0
11073,2025-02-18,토마토,토마토,54395.0,-2.3,0.0,2,51000.0,47104.857142857145,38741.0,54395.0,0.0,0,0,0,0.0
11074,2025-02-19,토마토,토마토,50167.0,-3.0,0.0,2,48750.0,48208.42857142857,38882.46666666667,54395.0,-0.07772773232833896,0,0,0,0.0
11075,2025-02-20,토마토,토마토,50167.0,-2.9,0.0,2,50294.0,49312.0,39023.933333333334,50167.0,0.0,0,0,0,0.0
11076,2025-02-21,토마토,토마토,50250.0,-2.5,0.0,2,50294.0,50427.42857142857,39273.933333333334,50167.0,0.0016544740566508676,0,0,0,0.0
11077,2025-02-22,토마토,토마토,50250.0,-2.3,0.0,2,54071.0,50919.0,39523.933333333334,50250.0,0.0,0,0,0,0.0
11078,2025-02-24,토마토,토마토,43000.0,-1.3,0.0,2,70000.0,50374.857142857145,39551.2,50250.0,-0.14427860696517414,0,0,0,0.0
11079,2025-02-25,토마토,토마토,43000.0,2.1,0.0,2,52000.0,48747.0,39578.46666666667,43000.0,0.0,0,0,0,0.0
11080,2025-02-26,토마토,토마토,40000.0,3.7,0.0,2,63611.0,46690.57142857143,39496.9,43000.0,-0.06976744186046513,0,0,0,0.0
11081,2025-02-27,토마토,토마토,40000.0,5.8,0.0,2,64211.0,45238.142857142855,39774.666666666664,40000.0,0.0,0,0,0,0.0
11082,2025-02-28,토마토,토마토,39600.0,7.8,0.0,2,55727.0,43728.57142857143,39775.7,40000.0,-0.010000000000000009,0,0,0,0.0
11083,2025-03-01,토마토,토마토,39600.0,8.5,0.6,3,55000.0,42207.142857142855,39776.73333333333,39600.0,0.0,0,0,1,0.6000000000000568
11084,2025-03-03,토마토,토마토,36452.0,3.1,10.4,3,63250.0,40236.0,39848.933333333334,39600.0,-0.07949494949494951,0,0,1,11.000000000000057
11085,2025-03-04,토마토,토마토,36000.0,2.5,4.0,3,46591.0,39236.0,39906.066666666666,36452.0,-0.01239986831998241,0,0,1,15.000000000000057
11086,2025-03-06,토마토,토마토,35286.0,4.8,0.0,3,61000.0,38134.0,40007.833333333336,36000.0,-0.01983333333333337,0,0,1,15.000000000000057
11087,2025-03-07,토마토,토마토,42641.0,5.3,0.0,3,54333.0,38511.28571428572,40704.2,35286.0,0.2084396077764552,0,0,1,15.000000000000057
11088,2025-03-08,토마토,토마토,40000.0,5.8,0.0,3,58000.0,38511.28571428572,40919.8,42641.0,-0.061935695691939685,0,0,1,15.000000000000057
11089,2025-03-10,토마토,토마토,46815.0,8.0,0.0,3,46333.0,39542.0,41807.566666666666,40000.0,0.17037499999999994,0,0,1,15.000000000000057
11090,2025-03-11,토마토,토마토,40000.0,9.4,0.0,3,60000.0,39599.142857142855,42076.4,46815.0,-0.1455730001068034,0,0,1,14.400000000000057
11091,2025-03-12,토마토,토마토,52903.0,8.5,0.0,3,60000.0,41949.28571428572,42854.13333333333,40000.0,0.32257500000000006,0,0,1,4.000000000000057
11092,2025-03-13,토마토,토마토,40000.0,8.9,0.0,3,61000.0,42520.71428571428,43201.76666666667,52903.0,-0.24389921176492824,0,0,1,0.0
11093,2025-03-14,토마토,토마토,54083.0,12.4,0.0,3,51000.0,45206.0,43633.333333333336,40000.0,0.3520749999999999,0,0,1,0.0
11094,2025-03-15,토마토,토마토,38000.0,12.6,0.0,3,63500.0,44543.0,44166.666666666664,54083.0,-0.2973762550154392,0,0,1,0.0
11095,2025-03-17,토마토,토마토,51755.0,2.5,0.4,3,63500.0,46222.28571428572,44440.96666666667,38000.0,0.36197368421052634,0,0,1,0.40000000000005687
11096,2025-03-18,토마토,토마토,36000.0,2.1,9.9,3,64538.0,44677.28571428572,44190.1,51755.0,-0.3044150323640228,0,0,1,10.300000000000058
11097,2025-03-19,토마토,토마토,48286.0,2.4,0.0,3,59000.0,45861.0,44384.9,36000.0,0.3412777777777778,0,0,1,10.300000000000058
11098,2025-03-20,토마토,토마토,33286.0,8.2,0.0,3,54129.0,43058.57142857143,44079.7,48286.0,-0.3106490494139088,0,0,1,10.300000000000058
11099,2025-03-21,토마토,토마토,43886.0,11.6,0.0,3,54129.0,43613.71428571428,44127.833333333336,33286.0,0.3184522021270204,0,0,1,10.300000000000058
11100,2025-03-22,토마토,토마토,36667.0,12.8,0.0,3,56269.0,41125.71428571428,43789.76666666667,43886.0,-0.16449437178143367,0,0,1,10.300000000000058
11101,2025-03-24,토마토,토마토,43078.0,15.5,0.0,3,56269.0,41851.142857142855,43665.4,36667.0,0.1748438650557722,0,0,1,10.300000000000058
11102,2025-03-25,토마토,토마토,30000.0,12.7,0.0,3,53083.0,38743.28571428572,42852.23333333333,43078.0,-0.3035888388504573,0,0,1,9.900000000000057
11103,2025-03-26,토마토,토마토,48593.0,15.5,0.0,3,53083.0,40542.28571428572,42658.833333333336,30000.0,0.6197666666666666,0,0,1,0.0
11104,2025-03-27,토마토,토마토,38556.0,13.7,0.3,3,56000.0,39152.28571428572,42271.8,48593.0,-0.20655238408824317,0,0,1,0.30000000000005683
11105,2025-03-28,토마토,토마토,47686.0,6.5,0.0,3,56000.0,41209.42857142857,42189.1,38556.0,0.23679842307293297,0,0,1,0.30000000000005683
11106,2025-03-29,토마토,토마토,44455.0,3.3,0.0,3,56389.0,41290.71428571428,41995.933333333334,47686.0,-0.06775573543597702,0,0,1,0.30000000000005683
11107,2025-03-31,토마토,토마토,45667.0,7.7,0.0,3,56389.0,42576.42857142857,41843.166666666664,44455.0,0.027263524912833237,0,0,1,0.30000000000005683
11108,2025-04-01,토마토,토마토,32000.0,10.1,0.0,4,57435.0,40993.857142857145,41476.5,45667.0,-0.29927518777235207,0,0,1,0.30000000000005683
11109,2025-04-02,토마토,토마토,45976.0,8.9,0.0,4,57435.0,43276.142857142855,41575.7,32000.0,0.43674999999999997,0,0,1,0.30000000000005683
11110,2025-04-03,토마토,토마토,31000.0,9.8,0.0,4,60136.0,40762.857142857145,41275.7,45976.0,-0.32573516617365583,0,0,1,0.30000000000005683
11111,2025-04-04,토마토,토마토,51915.0,10.6,0.0,4,60136.0,42671.28571428572,41672.86666666667,31000.0,0.6746774193548386,0,0,1,0.0
11112,2025-04-05,토마토,토마토,37750.0,8.0,22.8,4,62000.0,41251.857142857145,41611.2,51915.0,-0.272849850717519,0,0,1,22.800000000000058
11113,2025-04-07,토마토,토마토,46170.0,13.5,0.0,4,62000.0,41496.857142857145,41830.2,37750.0,0.2230463576158941,0,0,1,22.800000000000058
11114,2025-04-08,토마토,토마토,30000.0,13.8,0.0,4,59385.0,39258.71428571428,41615.13333333333,46170.0,-0.35022742040285904,0,0,1,22.800000000000058
11115,2025-04-09,토마토,토마토,42978.0,12.7,0.8,4,59385.0,40827.0,41847.73333333333,30000.0,0.4326000000000001,0,0,1,23.60000000000006
11116,2025-04-10,토마토,토마토,32000.0,13.2,0.0,4,62286.0,38830.42857142857,41738.2,42978.0,-0.25543301223881987,0,0,1,23.60000000000006
11117,2025-04-11,토마토,토마토,40264.0,16.2,0.0,4,62286.0,40153.857142857145,41658.96666666667,32000.0,0.2582500000000001,0,0,1,23.60000000000006
11118,2025-04-12,토마토,토마토,34800.0,12.9,15.4,4,58964.0,37708.857142857145,41485.63333333333,40264.0,-0.1357043512815418,0,0,1,39.00000000000006
11119,2025-04-14,토마토,토마토,34205.0,4.4,7.4,4,46000.0,37202.42857142857,41065.3,34800.0,-0.017097701149425326,0,0,1,23.60000000000006
11120,2025-04-15,토마토,토마토,34205.0,8.2,0.0,4,59774.0,35493.142857142855,40872.13333333333,34205.0,0.0,0,0,1,23.60000000000006
11121,2025-04-16,토마토,토마토,37069.0,14.6,0.0,4,59774.0,36503.0,40344.333333333336,34205.0,0.08373044876480051,0,0,1,23.60000000000006
11122,2025-04-17,토마토,토마토,27000.0,19.7,0.0,4,58769.0,34220.42857142857,39911.0,37069.0,-0.27162858453154926,0,0,1,22.800000000000058
11123,2025-04-18,토마토,토마토,36207.0,18.6,0.0,4,58769.0,34821.42857142857,39315.13333333333,27000.0,0.34099999999999997,0,0,1,22.800000000000058
11124,2025-04-19,토마토,토마토,32773.0,15.3,9.2,4,61000.0,33751.28571428572,39140.9,36207.0,-0.09484353854227079,0,0,1,32.00000000000006
11125,2025-04-21,토마토,토마토,31765.0,20.7,0.0,4,61000.0,33317.71428571428,38474.566666666666,32773.0,-0.03075702560034177,0,0,1,16.60000000000006
11126,2025-04-22,토마토,토마토,29333.0,17.8,34.8,4,61912.0,32621.714285714286,38252.333333333336,31765.0,-0.07656225405320316,0,0,1,44.00000000000006
11127,2025-04-23,토마토,토마토,31808.0,16.8,0.0,4,61912.0,32279.285714285714,37703.066666666666,29333.0,0.08437595881771376,0,0,1,44.00000000000006
11128,2025-04-24,토마토,토마토,26000.0,14.7,0.0,4,62821.0,30698.0,37460.2,31808.0,-0.1825955734406438,0,0,1,44.00000000000006
11129,2025-04-25,토마토,토마토,30780.0,12.5,0.0,4,52833.0,31238.0,37023.333333333336,26000.0,0.18384615384615377,0,0,1,44.00000000000006
11130,2025-04-26,토마토,토마토,27630.0,13.8,0.0,4,52833.0,30012.714285714286,36722.1,30780.0,-0.10233918128654973,0,0,1,44.00000000000006
11131,2025-04-28,토마토,토마토,28761.0,15.1,0.0,4,48979.0,29439.571428571428,36244.86666666667,27630.0,0.04093376764386547,0,0,1,34.800000000000054
11132,2025-04-29,토마토,토마토,26568.0,14.8,0.0,4,48979.0,28697.14285714286,36130.46666666667,28761.0,-0.07624908730572655,0,0,1,34.800000000000054
11133,2025-04-30,토마토,토마토,32508.0,18.4,0.0,4,52000.0,29150.714285714286,35594.3,26568.0,0.22357723577235777,0,0,1,0.0
11134,2025-05-01,토마토,토마토,29783.0,14.7,21.1,5,52000.0,28861.428571428572,35301.86666666667,32508.0,-0.08382551987203146,0,0,0,21.10000000000006
11135,2025-05-02,토마토,토마토,29758.0,13.4,0.0,5,52182.0,29398.285714285714,34704.26666666667,29783.0,-0.0008394050297149125,0,0,0,21.10000000000006
11136,2025-05-03,토마토,토마토,33658.0,11.2,7.3,5,52182.0,29809.428571428572,34344.36666666667,29758.0,0.13105719470394517,0,0,0,28.40000000000006
11137,2025-05-05,토마토,토마토,29646.0,12.1,0.0,5,54429.0,30097.428571428572,33810.333333333336,33658.0,-0.11919900172321585,0,0,0,28.40000000000006
11138,2025-05-06,토마토,토마토,28520.0,14.4,0.0,5,54429.0,30063.0,33694.333333333336,29646.0,-0.037981515212844874,0,0,0,28.40000000000006
11139,2025-05-07,토마토,토마토,24736.0,14.9,0.0,5,58000.0,29801.285714285714,32986.333333333336,28520.0,-0.13267882187938285,0,0,0,28.40000000000006
11140,2025-05-08,토마토,토마토,24000.0,17.4,0.0,5,58000.0,28585.85714285714,32753.0,24736.0,-0.02975420439844756,0,0,0,28.40000000000006
11141,2025-05-09,토마토,토마토,24864.0,15.1,17.6,5,65400.0,27883.14285714286,31851.3,24000.0,0.03600000000000003,0,0,0,24.90000000000006
11142,2025-05-10,토마토,토마토,23750.0,12.3,14.1,5,65400.0,27024.85714285714,31384.633333333335,24864.0,-0.04480373230373236,0,0,0,39.00000000000006
11143,2025-05-12,토마토,토마토,25900.0,17.0,0.0,5,75167.0,25916.571428571428,30708.966666666667,23750.0,0.09052631578947379,0,0,0,31.70000000000006
11144,2025-05-13,토마토,토마토,27000.0,19.9,0.0,5,45000.0,25538.571428571428,30608.966666666667,25900.0,0.042471042471042386,0,0,0,31.70000000000006
11145,2025-05-14,토마토,토마토,25613.0,21.0,0.0,5,77600.0,25123.285714285714,30030.133333333335,27000.0,-0.0513703703703704,0,0,0,31.70000000000006
11146,2025-05-15,토마토,토마토,25250.0,19.5,1.1,5,77600.0,25196.714285714286,29805.133333333335,25613.0,-0.014172490532151638,0,0,0,32.80000000000006
11147,2025-05-16,토마토,토마토,26000.0,19.4,51.3,5,75000.0,25482.428571428572,29329.666666666668,25250.0,0.02970297029702973,0,0,0,84.10000000000005
11148,2025-05-17,토마토,토마토,23976.0,18.3,2.2,5,75000.0,25355.571428571428,28968.866666666665,26000.0,-0.0778461538461539,0,0,0,68.70000000000006
11149,2025-05-19,토마토,토마토,23972.0,16.1,1.6,5,76606.0,25387.285714285714,28627.766666666666,23976.0,-0.00016683350016688525,0,0,0,56.20000000000005
11150,2025-05-20,토마토,토마토,24065.0,22.2,1.0,5,76606.0,25125.14285714286,28289.766666666666,23972.0,0.003879526113799381,0,0,0,57.20000000000005
11151,2025-05-21,토마토,토마토,22853.0,25.5,0.0,5,67806.0,24532.714285714286,27815.9,24065.0,-0.050363598587159775,0,0,0,57.20000000000005
11152,2025-05-22,토마토,토마토,23627.0,23.9,0.8,5,67806.0,24249.0,27703.466666666667,22853.0,0.03386863869076273,0,0,0,58.00000000000006
11153,2025-05-23,토마토,토마토,23355.0,19.4,1.2,5,66750.0,23978.285714285714,27275.066666666666,23627.0,-0.011512252930968803,0,0,0,58.10000000000005
11154,2025-05-24,토마토,토마토,22072.0,15.6,4.3,5,66750.0,23417.14285714286,26918.366666666665,23355.0,-0.05493470348961682,0,0,0,11.100000000000056
11155,2025-05-26,토마토,토마토,21245.0,19.7,0.0,5,66875.0,23027.0,26567.7,22072.0,-0.03746828561072857,0,0,0,8.900000000000055
11156,2025-05-27,토마토,토마토,21316.0,20.8,0.0,5,66875.0,22647.571428571428,26300.466666666667,21245.0,0.003341962814779942,0,0,0,7.300000000000056
11157,2025-05-28,토마토,토마토,22813.0,20.8,0.0,5,70767.0,22468.714285714286,26000.633333333335,21316.0,0.07022893601050861,0,0,0,6.300000000000056
11158,2025-05-29,토마토,토마토,23614.0,21.2,0.0,5,50000.0,22577.428571428572,25921.1,22813.0,0.03511155919870257,0,0,0,6.300000000000056
11159,2025-05-30,토마토,토마토,21031.0,22.2,0.0,5,63033.0,22206.571428571428,25596.133333333335,23614.0,-0.10938426357245701,0,0,0,5.500000000000056
11160,2025-05-31,토마토,토마토,21990.0,21.5,0.0,5,63033.0,22011.571428571428,25408.133333333335,21031.0,0.04559935333555232,0,0,0,4.300000000000056
11161,2025-06-02,토마토,토마토,19310.0,21.0,0.0,6,65295.0,21617.0,25093.1,21990.0,-0.12187357889949979,0,0,0,0.0
11162,2025-06-03,토마토,토마토,20268.0,20.9,0.0,6,65295.0,21477.428571428572,24883.1,19310.0,0.0496116002071465,0,0,0,0.0
11163,2025-06-04,토마토,토마토,20835.0,20.5,0.0,6,66756.0,21408.714285714286,24494.0,20268.0,0.027975133214920067,0,0,0,0.0
11164,2025-06-05,토마토,토마토,20162.0,21.7,0.0,6,42400.0,21030.0,24173.3,20835.0,-0.03230141588672908,0,0,0,0.0
11165,2025-06-06,토마토,토마토,20022.0,24.1,0.0,6,66857.0,20516.85714285714,23848.766666666666,20162.0,-0.0069437555798036454,0,0,0,0.0
11166,2025-06-07,토마토,토마토,20587.0,23.7,0.1,6,66857.0,20453.428571428572,23413.066666666666,20022.0,0.02821895914494066,0,0,0,0.10000000000005685
11167,2025-06-09,토마토,토마토,23235.0,24.2,0.0,6,68500.0,20631.285714285714,23199.366666666665,20587.0,0.12862486034876386,0,0,0,0.10000000000005685
11168,2025-06-10,토마토,토마토,22512.0,21.7,0.0,6,48000.0,21088.714285714286,22999.1,23235.0,-0.031116849580374417,0,0,0,0.10000000000005685
11169,2025-06-11,토마토,토마토,22500.0,22.7,0.0,6,69906.0,21407.571428571428,22924.566666666666,22512.0,-0.0005330490405117683,0,0,0,0.10000000000005685
11170,2025-06-12,토마토,토마토,23000.0,25.5,0.0,6,46000.0,21716.85714285714,22891.233333333334,22500.0,0.022222222222222143,0,0,0,0.10000000000005685
11171,2025-06-13,토마토,토마토,21813.0,24.0,1.5,6,71281.0,21952.714285714286,22789.533333333333,23000.0,-0.051608695652173964,0,0,0,1.600000000000057
11172,2025-06-14,토마토,토마토,20719.0,25.6,0.0,6,47000.0,22052.285714285714,22688.5,21813.0,-0.05015357814147525,0,0,0,1.600000000000057
11173,2025-06-16,토마토,토마토,20094.0,23.0,20.0,6,72453.0,21981.85714285714,22494.966666666667,20719.0,-0.030165548530334485,0,0,0,21.500000000000057
11174,2025-06-17,토마토,토마토,19653.0,24.8,0.0,6,50000.0,21470.14285714286,22250.066666666666,20094.0,-0.021946849805912216,0,0,0,21.500000000000057
11175,2025-06-18,토마토,토마토,19556.0,25.5,0.0,6,70000.0,21047.85714285714,22048.166666666668,19653.0,-0.004935633236656023,0,0,0,21.500000000000057
11176,2025-06-19,토마토,토마토,19038.0,28.1,0.8,6,48000.0,20553.285714285714,21841.1,19556.0,-0.026488034362855406,0,0,0,22.300000000000058
11177,2025-06-20,토마토,토마토,18955.0,24.1,51.1,6,72370.0,19975.428571428572,21606.266666666666,19038.0,-0.004359701649332859,0,0,0,73.40000000000006
11178,2025-06-21,토마토,토마토,16438.0,22.0,0.2,6,70090.0,19207.571428571428,21355.0,18955.0,-0.13278818253758906,0,0,0,72.10000000000005
11179,2025-06-23,토마토,토마토,16171.0,26.1,0.0,6,50000.0,18557.85714285714,21094.966666666667,16438.0,-0.016242851928458424,0,0,0,72.10000000000005
11180,2025-06-24,토마토,토마토,16829.0,25.0,2.3,6,66566.0,18091.428571428572,20853.766666666666,16171.0,0.040690124296580255,0,0,0,54.400000000000055
11181,2025-06-25,토마토,토마토,19765.0,20.9,8.0,6,48000.0,18107.428571428572,20750.833333333332,16829.0,0.17446075227286229,0,0,0,62.400000000000055
11182,2025-06-26,토마토,토마토,20532.0,22.2,1.1,6,61631.0,18246.85714285714,20647.666666666668,19765.0,0.0388059701492538,0,0,0,63.50000000000006
11183,2025-06-27,토마토,토마토,18609.0,25.0,0.0,6,45000.0,18185.571428571428,20489.466666666667,20532.0,-0.0936586791350088,0,0,0,62.70000000000006
11184,2025-06-28,토마토,토마토,20913.0,26.2,0.6,6,61878.0,18465.285714285714,20450.833333333332,18609.0,0.12381105916492019,0,0,0,12.200000000000056
11185,2025-06-30,토마토,토마토,21481.0,28.2,0.0,6,42000.0,19185.714285714286,20458.7,20913.0,0.02716013962606989,0,0,0,12.000000000000057
11186,2025-07-01,토마토,토마토,26719.0,28.6,0.9,7,56600.0,20692.571428571428,20638.8,21481.0,0.24384339648992137,0,0,0,12.900000000000057
11187,2025-07-02,토마토,토마토,29375.0,28.6,0.0,7,37571.0,22484.85714285714,20857.533333333333,26719.0,0.09940491784872196,0,0,0,10.600000000000056
11188,2025-07-03,토마토,토마토,27578.0,28.3,0.0,7,50736.0,23601.0,20989.666666666668,29375.0,-0.061174468085106404,0,0,0,2.600000000000057
11189,2025-07-04,토마토,토마토,27455.0,27.2,0.0,7,39000.0,24590.0,21203.8,27578.0,-0.004460076872869645,0,0,0,1.5000000000000568
11190,2025-07-05,토마토,토마토,23744.0,28.4,0.0,7,42186.0,25323.571428571428,21262.266666666666,27455.0,-0.1351666363139683,0,0,0,1.5000000000000568
11191,2025-07-07,토마토,토마토,21663.0,29.1,0.0,7,40000.0,25430.714285714286,21340.7,23744.0,-0.08764319407008081,0,0,0,0.9000000000000569
11192,2025-07-08,토마토,토마토,18235.0,31.3,11.8,7,42368.0,24967.0,21272.933333333334,21663.0,-0.15824216405853297,0,0,0,12.700000000000058
11193,2025-07-09,토마토,토마토,20444.0,31.9,0.0,7,38577.0,24070.571428571428,21259.9,18235.0,0.1211406635590897,0,0,0,11.800000000000058
11194,2025-07-10,토마토,토마토,18240.0,31.4,0.0,7,39060.0,22479.85714285714,21195.833333333332,20444.0,-0.10780669144981414,0,0,0,11.800000000000058
11195,2025-07-11,토마토,토마토,18794.0,30.2,0.0,7,38000.0,21225.0,21154.9,18240.0,0.030372807017543968,0,0,0,11.800000000000058
11196,2025-07-12,토마토,토마토,19444.0,30.3,0.0,7,39667.0,20080.571428571428,21116.8,18794.0,0.03458550601255728,0,0,0,11.800000000000058
11197,2025-07-14,토마토,토마토,20268.0,24.2,13.6,7,40000.0,19584.0,21017.9,19444.0,0.042378111499691506,0,0,0,25.400000000000055
11198,2025-07-15,토마토,토마토,18966.0,23.6,4.0,7,44871.0,19198.714285714286,20899.7,20268.0,-0.06423919478981643,0,0,0,29.400000000000055
11199,2025-07-16,토마토,토마토,19872.0,23.3,73.1,7,37795.0,19432.571428571428,20812.1,18966.0,0.047769693135083724,0,0,0,90.70000000000005
11200,2025-07-17,토마토,토마토,18918.0,23.3,75.5,7,40985.0,19214.571428571428,20676.033333333333,19872.0,-0.04800724637681164,0,0,0,166.20000000000005
11201,2025-07-18,토마토,토마토,21032.0,24.7,16.1,7,45676.0,19613.428571428572,20650.0,18918.0,0.11174542763505646,0,0,0,182.30000000000004
11202,2025-07-19,토마토,토마토,22563.0,23.9,84.0,7,43615.0,20151.85714285714,20711.466666666667,21032.0,0.07279383796120187,0,0,0,266.30000000000007
11203,2025-07-21,토마토,토마토,23738.0,28.5,0.0,7,42000.0,20765.285714285714,20832.933333333334,22563.0,0.05207640827904081,0,0,0,266.30000000000007
11204,2025-07-22,토마토,토마토,26128.0,28.8,0.1,7,43481.0,21602.428571428572,21048.766666666666,23738.0,0.10068245008004051,0,0,0,252.80000000000004
11205,2025-07-23,토마토,토마토,36532.0,28.9,0.0,7,35178.0,24111.85714285714,21614.633333333335,26128.0,0.3981935088793631,0,0,0,248.80000000000004
11206,2025-07-24,토마토,토마토,42371.0,29.8,0.0,7,38933.0,27326.0,22392.4,36532.0,0.1598324756377969,0,0,0,175.70000000000005
11207,2025-07-25,토마토,토마토,44970.0,31.1,0.0,7,43364.0,31047.714285714286,23259.566666666666,42371.0,0.06133912345708148,0,0,0,100.20000000000005
11208,2025-07-26,토마토,토마토,42232.0,32.3,0.0,7,45178.0,34076.28571428572,24119.366666666665,44970.0,-0.06088503446742277,0,0,0,84.10000000000005
11209,2025-07-28,토마토,토마토,41429.0,32.2,0.0,7,39886.0,36771.42857142857,24961.3,42232.0,-0.019014017806402772,0,0,0,0.10000000000005685
11210,2025-07-29,토마토,토마토,41411.0,32.0,0.0,7,41729.0,39296.142857142855,25780.7,41429.0,-0.00043447826401799006,0,0,0,0.10000000000005685
11211,2025-07-30,토마토,토마토,42833.0,32.1,0.0,7,39863.0,41682.57142857143,26549.633333333335,41411.0,0.03433870227717284,0,0,0,0.0
11212,2025-07-31,토마토,토마토,39786.0,30.9,0.0,7,39116.0,42147.42857142857,27191.433333333334,42833.0,-0.0711367403637383,0,0,0,0.0
11213,2025-08-01,토마토,토마토,36723.0,31.0,0.0,8,37708.0,41340.57142857143,27795.233333333334,39786.0,-0.07698687980696728,0,0,0,0.0
11214,2025-08-04,토마토,토마토,34288.0,28.1,1.9,8,38419.0,39814.57142857143,28241.066666666666,36723.0,-0.0663072189091305,0,0,0,1.9000000000000568
11215,2025-08-05,토마토,토마토,33986.0,29.1,0.0,8,37262.0,38636.57142857143,28657.9,34288.0,-0.008807746150256701,0,0,0,1.9000000000000568
11216,2025-08-06,토마토,토마토,32182.0,27.1,22.0,8,35750.0,37315.57142857143,28840.0,33986.0,-0.05308068028011537,0,0,0,23.900000000000055
11217,2025-08-07,토마토,토마토,27170.0,28.2,0.0,8,34071.0,35281.142857142855,28766.5,32182.0,-0.15573923311167737,0,0,0,23.900000000000055
11218,2025-08-08,토마토,토마토,27444.0,26.6,6.3,8,31901.0,33082.71428571428,28762.033333333333,27170.0,0.010084652189915388,0,0,0,30.200000000000056
11219,2025-08-09,토마토,토마토,26762.0,24.9,3.5,8,27179.0,31222.14285714286,28738.933333333334,27444.0,-0.024850604868094983,0,0,0,33.70000000000005
11220,2025-08-11,토마토,토마토,29552.0,27.0,0.0,8,29182.0,30197.714285714286,28932.533333333333,26762.0,0.10425229803452662,0,0,0,33.70000000000005
11221,2025-08-12,토마토,토마토,28471.0,28.6,0.0,8,25236.0,29366.714285714286,29159.466666666667,29552.0,-0.03657958852192744,0,0,0,31.800000000000058
11222,2025-08-13,토마토,토마토,27188.0,25.1,126.7,8,22000.0,28395.571428571428,29457.9,28471.0,-0.04506339784341962,0,0,0,158.50000000000006
11223,2025-08-14,토마토,토마토,32121.0,25.5,47.8,8,21451.0,28386.85714285714,29847.133333333335,27188.0,0.181440341327056,0,0,0,184.30000000000007
11224,2025-08-15,토마토,토마토,40582.0,27.1,0.0,8,24176.0,30302.85714285714,30591.866666666665,32121.0,0.26341023006755715,0,0,0,184.30000000000007
11225,2025-08-16,토마토,토마토,35049.0,28.2,0.0,8,23137.0,31389.285714285714,31133.7,40582.0,-0.13634123503030904,0,0,0,178.00000000000006
11226,2025-08-18,토마토,토마토,35630.0,28.9,2.2,8,22934.0,32656.14285714286,31673.233333333334,35049.0,0.01657679249051336,0,0,0,176.70000000000005
11227,2025-08-19,토마토,토마토,38526.0,29.1,0.0,8,26000.0,33938.142857142855,32281.833333333332,35630.0,0.08127982037608761,0,0,0,176.70000000000005
11228,2025-08-20,토마토,토마토,41189.0,29.4,0.0,8,26286.0,35755.0,33022.6,38526.0,0.06912215127446397,0,0,0,176.70000000000005
11229,2025-08-21,토마토,토마토,40763.0,29.8,0.0,8,25369.0,37694.28571428572,33718.96666666667,41189.0,-0.01034256719026927,0,0,0,50.00000000000006
11230,2025-08-22,토마토,토마토,42253.0,29.4,0.0,8,24139.0,39141.71428571428,34496.8,40763.0,0.03655275617594378,0,0,0,2.200000000000057
11231,2025-08-23,토마토,토마토,42791.0,29.3,0.0,8,23120.0,39457.28571428572,35222.1,42253.0,0.012732823704825647,0,0,0,2.200000000000057
11232,2025-08-25,토마토,토마토,38950.0,28.7,17.1,8,23703.0,40014.57142857143,35768.333333333336,42791.0,-0.08976186581290457,0,0,0,19.300000000000058
11233,2025-08-26,토마토,토마토,36860.0,27.6,5.4,8,24645.0,40190.28571428572,36205.73333333333,38950.0,-0.0536585365853659,0,0,0,22.500000000000057
11234,2025-08-27,토마토,토마토,39121.0,26.7,0.0,8,24506.0,40275.28571428572,36638.833333333336,36860.0,0.061340206185567014,0,0,0,22.500000000000057
11235,2025-08-28,토마토,토마토,43000.0,28.3,0.0,8,23347.0,40534.0,36854.433333333334,39121.0,0.09915390710871397,0,0,0,22.500000000000057
11236,2025-08-29,토마토,토마토,41463.0,29.0,32.2,8,22553.0,40634.0,36824.166666666664,43000.0,-0.03574418604651164,0,0,0,54.70000000000006
11237,2025-08-30,토마토,토마토,45000.0,28.4,23.9,8,21202.0,41026.42857142857,36825.166666666664,41463.0,0.08530497069676568,0,0,0,78.60000000000005
11238,2025-09-01,토마토,토마토,36579.0,26.1,20.4,9,20914.0,40139.0,36636.73333333333,45000.0,-0.18713333333333337,0,1,0,99.00000000000006
11239,2025-09-02,토마토,토마토,39378.0,26.0,0.0,9,21093.0,40200.142857142855,36568.36666666667,36579.0,0.07651931436069881,0,1,0,81.90000000000006
11240,2025-09-03,토마토,토마토,36863.0,27.6,0.0,9,23240.0,40200.57142857143,36416.76666666667,39378.0,-0.0638681497282747,0,1,0,76.50000000000006
11241,2025-09-04,토마토,토마토,35369.0,25.8,44.2,9,25603.0,39664.57142857143,36167.96666666667,36863.0,-0.04052844315438242,0,1,0,120.70000000000006
11242,2025-09-05,토마토,토마토,35578.0,27.9,0.0,9,22459.0,38604.28571428572,36027.7,35369.0,0.005909129463654628,0,1,0,120.70000000000006
11243,2025-09-06,토마토,토마토,37582.0,26.8,36.1,9,18818.0,38049.857142857145,36056.333333333336,35578.0,0.056326943616841874,0,1,0,124.60000000000005
11244,2025-09-08,토마토,토마토,33950.0,24.4,0.0,9,18000.0,36471.28571428572,36045.066666666666,37582.0,-0.09664200947261992,0,1,0,100.70000000000005
11245,2025-09-09,토마토,토마토,40271.0,23.7,0.0,9,16675.0,36998.71428571428,36254.566666666666,33950.0,0.1861855670103092,0,1,0,80.30000000000007
11246,2025-09-10,토마토,토마토,43190.0,24.8,0.0,9,16873.0,37543.28571428572,36621.5,40271.0,0.0724839214322961,0,1,0,80.30000000000007
11247,2025-09-11,토마토,토마토,45359.0,25.8,0.0,9,18000.0,38757.0,37227.8,43190.0,0.050219958323685976,0,1,0,80.30000000000007
11248,2025-09-12,토마토,토마토,50677.0,23.9,6.8,9,17377.0,40943.857142857145,38002.23333333333,45359.0,0.11724244361648184,0,1,0,42.900000000000055
11249,2025-09-13,토마토,토마토,64667.0,23.3,63.7,9,22042.0,45099.42857142857,39265.73333333333,50677.0,0.27606211890995924,0,1,0,106.60000000000005
11250,2025-09-15,토마토,토마토,58131.0,25.7,0.0,9,22370.0,48035.0,40218.36666666667,64667.0,-0.10107164396059809,0,1,0,70.50000000000006
11251,2025-09-16,토마토,토마토,68143.0,23.7,17.5,9,21700.0,52919.71428571428,41540.76666666667,58131.0,0.17223168361115415,0,1,0,88.00000000000006
11252,2025-09-17,토마토,토마토,67171.0,22.7,52.7,9,20690.0,56762.57142857143,42873.53333333333,68143.0,-0.014264121039578526,0,1,0,140.70000000000007
11253,2025-09-18,토마토,토마토,79290.0,22.1,0.0,9,24163.0,61919.71428571428,44445.833333333336,67171.0,0.18042012177874378,0,1,0,140.70000000000007
11254,2025-09-19,토마토,토마토,68543.0,19.4,13.8,9,20888.0,65231.71428571428,45377.86666666667,79290.0,-0.13554042123849164,0,1,0,154.50000000000006
11255,2025-09-20,토마토,토마토,65078.0,20.0,35.3,9,20602.0,67289.0,46378.833333333336,68543.0,-0.0505522081029427,0,1,0,183.00000000000006
11256,2025-09-22,토마토,토마토,58152.0,21.3,0.0,9,20274.0,66358.28571428571,47129.566666666666,65078.0,-0.10642613479209562,0,1,0,119.30000000000007
11257,2025-09-23,토마토,토마토,54735.0,22.7,0.0,9,21452.0,65873.14285714286,47669.86666666667,58152.0,-0.05875980189847296,0,1,0,119.30000000000007
11258,2025-09-24,토마토,토마토,53683.0,22.0,35.2,9,23382.0,63807.42857142857,48086.333333333336,54735.0,-0.019219877592034362,0,1,0,137.00000000000006
11259,2025-09-25,토마토,토마토,50022.0,22.5,0.3,9,23841.0,61357.57142857143,48394.96666666667,53683.0,-0.06819663580649371,0,1,0,84.60000000000005
11260,2025-09-26,토마토,토마토,55978.0,21.7,0.0,9,24942.0,58027.28571428572,48852.46666666667,50022.0,0.11906761025148938,0,1,0,84.60000000000005
11261,2025-09-27,토마토,토마토,54818.0,22.5,0.0,9,23623.0,56066.57142857143,49253.36666666667,55978.0,-0.020722426667619476,0,1,0,70.80000000000005
11262,2025-09-29,토마토,토마토,54554.0,19.6,0.0,9,22000.0,54563.142857142855,49773.5,54818.0,-0.004815936371264873,0,1,0,35.50000000000006
11263,2025-09-30,토마토,토마토,39625.0,19.8,0.0,9,19796.0,51916.42857142857,49865.666666666664,54554.0,-0.2736554606444991,0,1,0,35.50000000000006
11264,2025-10-01,토마토,토마토,38605.0,20.5,0.0,10,21143.0,49612.142857142855,49848.46666666667,39625.0,-0.025741324921135678,0,1,0,35.50000000000006
11265,2025-10-02,토마토,토마토,28426.0,21.4,0.0,10,20024.0,46004.0,49362.666666666664,38605.0,-0.26367050900142464,0,1,0,0.30000000000005683
11266,2025-10-03,토마토,토마토,28369.0,21.2,0.8,10,19826.0,42910.71428571428,48926.2,28426.0,-0.002005206501090595,0,1,0,0.8000000000000569
11267,2025-10-04,토마토,토마토,37667.0,22.5,0.0,10,22377.0,40294.857142857145,48681.76666666667,28369.0,0.3277521237971024,0,1,0,0.8000000000000569
11268,2025-10-09,토마토,토마토,28927.0,20.0,0.0,10,23000.0,36596.142857142855,48426.7,37667.0,-0.23203334483765625,0,1,0,0.8000000000000569
11269,2025-10-10,토마토,토마토,34621.0,17.0,49.3,10,26671.0,33748.57142857143,48268.13333333333,28927.0,0.1968403221903412,0,1,0,50.10000000000005
11270,2025-10-11,토마토,토마토,34593.0,20.3,22.5,10,30784.0,33029.71428571428,48192.46666666667,34621.0,-0.0008087576904191041,0,1,0,72.60000000000005
11271,2025-10-13,토마토,토마토,40036.0,15.7,25.1,10,32260.0,33234.142857142855,48348.03333333333,34593.0,0.15734397132367817,0,1,0,97.70000000000005
11272,2025-10-14,토마토,토마토,48029.0,17.9,0.6,10,32937.0,36034.57142857143,48763.066666666666,40036.0,0.19964531921270856,0,1,0,98.30000000000005
11273,2025-10-15,토마토,토마토,48488.0,20.2,1.5,10,31788.0,38908.71428571428,49126.6,48029.0,0.009556726144620997,0,1,0,99.00000000000006
11274,2025-10-16,토마토,토마토,53473.0,20.2,1.3,10,30923.0,41166.71428571428,49777.36666666667,48488.0,0.10280894241874283,0,1,0,100.30000000000005
11275,2025-10-17,토마토,토마토,57778.0,19.9,11.3,10,33696.0,45288.28571428572,50360.933333333334,53473.0,0.08050791988480177,0,1,0,111.60000000000005
11276,2025-10-18,토마토,토마토,65477.0,15.8,11.2,10,41622.0,49696.28571428572,51103.833333333336,57778.0,0.1332514105714977,0,1,0,73.50000000000006
11277,2025-10-20,토마토,토마토,62100.0,10.0,0.0,10,33968.0,53625.857142857145,51661.86666666667,65477.0,-0.051575362340974706,0,1,0,51.00000000000006
11278,2025-10-21,토마토,토마토,56444.0,9.2,0.0,10,42833.0,55969.857142857145,51854.1,62100.0,-0.09107890499194848,0,1,0,25.900000000000055
11279,2025-10-22,토마토,토마토,63239.0,13.1,0.0,10,43683.0,58142.71428571428,51806.5,56444.0,0.12038480617957625,0,1,0,25.300000000000054
11280,2025-10-23,토마토,토마토,45760.0,14.9,0.0,10,43909.0,57753.0,51394.13333333333,63239.0,-0.2763958949382501,0,1,0,23.800000000000054
11281,2025-10-24,토마토,토마토,56791.0,15.8,0.0,10,42829.0,58227.0,51015.73333333333,45760.0,0.241062062937063,0,1,0,22.500000000000057
11282,2025-10-25,토마토,토마토,56839.0,14.4,0.0,10,36184.0,58092.857142857145,50671.333333333336,56791.0,0.0008452043457589653,0,1,0,11.200000000000056
11283,2025-10-27,토마토,토마토,54745.0,8.1,0.0,10,41780.0,56559.71428571428,49853.166666666664,56839.0,-0.03684090149369268,0,1,0,0.0
11284,2025-10-28,토마토,토마토,56556.0,8.5,0.0,10,42000.0,55767.71428571428,49453.6,54745.0,0.033080646634395805,0,1,0,0.0
11285,2025-10-29,토마토,토마토,62586.0,11.4,0.0,10,47952.0,56645.142857142855,49370.53333333333,56556.0,0.10661998726925526,0,1,0,0.0
11286,2025-10-30,토마토,토마토,68412.0,12.8,0.0,10,43974.0,57384.142857142855,49712.53333333333,62586.0,0.09308791103441671,0,1,0,0.0
11287,2025-10-31,토마토,토마토,63586.0,15.1,0.1,10,45453.0,59930.71428571428,50007.566666666666,68412.0,-0.07054317955914169,0,1,0,0.10000000000005685
11288,2025-11-03,토마토,토마토,62653.0,7.2,0.0,11,35639.0,60768.142857142855,50306.566666666666,63586.0,-0.014673041235492068,0,0,0,0.10000000000005685
11289,2025-11-04,토마토,토마토,60238.0,10.2,0.0,11,33991.0,61253.71428571428,50647.1,62653.0,-0.03854564027261265,0,0,0,0.10000000000005685
11290,2025-11-05,토마토,토마토,65250.0,11.6,0.0,11,35227.0,62754.42857142857,50956.166666666664,60238.0,0.08320329360204526,0,0,0,0.10000000000005685
11291,2025-11-06,토마토,토마토,62160.0,12.5,0.0,11,36322.0,63555.0,51200.9,65250.0,-0.04735632183908045,0,0,0,0.10000000000005685
11292,2025-11-07,토마토,토마토,72536.0,13.9,0.0,11,33800.0,64976.42857142857,51800.3,62160.0,0.16692406692406703,0,0,0,0.10000000000005685
11293,2025-11-08,토마토,토마토,68000.0,14.5,0.0,11,34776.0,64917.57142857143,52746.13333333333,72536.0,-0.06253446564464538,0,0,0,0.10000000000005685
11294,2025-11-10,토마토,토마토,69683.0,8.3,0.0,11,36255.0,65788.57142857143,53782.066666666666,68000.0,0.02475000000000005,0,0,0,0.0
11295,2025-11-11,토마토,토마토,68441.0,8.9,0.0,11,31923.0,66615.42857142857,55115.9,69683.0,-0.017823572463872117,0,0,0,0.0
11296,2025-11-12,토마토,토마토,70692.0,10.8,0.0,11,33594.0,68108.85714285714,56526.666666666664,68441.0,0.03288964217355095,0,0,0,0.0
11297,2025-11-13,토마토,토마토,72586.0,11.1,0.0,11,36548.0,69156.85714285714,57690.63333333333,70692.0,0.026792282012108926,0,0,0,0.0
11298,2025-11-14,토마토,토마토,66435.0,9.1,0.0,11,42379.0,69767.57142857143,58940.9,72586.0,-0.08474085911883833,0,0,0,0.0
11299,2025-11-15,토마토,토마토,67563.0,9.8,0.0,11,49880.0,69057.14285714286,60038.96666666667,66435.0,0.016979002032061485,0,0,0,0.0
11300,2025-11-17,토마토,토마토,73400.0,3.2,0.0,11,49161.0,69828.57142857143,61332.53333333333,67563.0,0.08639344019655737,0,0,0,0.0
11301,2025-11-18,토마토,토마토,68258.0,1.6,0.0,11,47608.0,69625.0,62273.26666666667,73400.0,-0.07005449591280655,0,0,0,0.0
11302,2025-11-19,토마토,토마토,71867.0,3.0,0.0,11,49524.0,70114.42857142857,63067.86666666667,68258.0,0.052872923320343324,0,0,0,0.0
11303,2025-11-20,토마토,토마토,70200.0,7.4,0.0,11,50350.0,70044.14285714286,63791.6,71867.0,-0.02319562525220198,0,0,0,0.0
11304,2025-11-21,토마토,토마토,69000.0,7.4,0.0,11,58000.0,69531.85714285714,64309.166666666664,70200.0,-0.017094017094017144,0,0,0,0.0
11305,2025-11-22,토마토,토마토,63814.0,9.6,0.0,11,63452.0,69157.42857142857,64510.36666666667,69000.0,-0.07515942028985512,0,0,0,0.0
11306,2025-11-24,토마토,토마토,65640.0,12.4,0.0,11,65645.0,68882.71428571429,64515.8,63814.0,0.028614410630896092,0,0,0,0.0
11307,2025-11-25,토마토,토마토,61167.0,7.4,7.8,11,68765.0,67135.14285714286,64484.7,65640.0,-0.06814442413162702,0,0,0,7.800000000000057
11308,2025-11-26,토마토,토마토,71652.0,6.4,0.0,11,68968.0,67620.0,64991.63333333333,61167.0,0.17141595958605138,0,0,0,7.800000000000057
11309,2025-11-27,토마토,토마토,58140.0,5.1,10.0,11,68500.0,65659.0,64821.666666666664,71652.0,-0.18857812761681458,0,0,0,17.800000000000058
11310,2025-11-28,토마토,토마토,65000.0,2.3,0.0,11,75286.0,64916.142857142855,65463.0,58140.0,0.11799105607155136,0,0,0,17.800000000000058
11311,2025-11-29,토마토,토마토,53207.0,5.7,0.1,11,74676.0,62660.0,65343.53333333333,65000.0,-0.18143076923076928,0,0,0,17.90000000000006
11312,2025-12-01,토마토,토마토,62524.0,5.5,0.0,12,71109.0,62475.71428571428,65533.03333333333,53207.0,0.1751085383502171,0,0,0,17.90000000000006
11313,2025-12-02,토마토,토마토,55231.0,0.1,0.0,12,24309.0,60988.71428571428,65549.23333333334,62524.0,-0.11664320900774106,0,0,0,17.90000000000006
11314,2025-12-03,토마토,토마토,64313.0,-5.9,0.0,12,32697.0,61438.142857142855,65807.8,55231.0,0.1644366388441274,0,0,0,10.100000000000056
11315,2025-12-04,토마토,토마토,61176.0,-3.2,4.0,12,50827.0,59941.57142857143,65760.8,64313.0,-0.048777074619439253,0,0,0,14.100000000000058
11316,2025-12-05,토마토,토마토,65786.0,-2.6,0.0,12,53068.0,61033.857142857145,65673.26666666666,61176.0,0.07535634889499154,0,0,0,4.100000000000058
11317,2025-12-06,토마토,토마토,33333.0,2.1,0.6,12,69424.0,56510.0,64664.833333333336,65786.0,-0.493311646854954,0,0,0,4.700000000000058
11318,2025-12-08,토마토,토마토,64789.0,3.4,0.0,12,75588.0,58164.57142857143,64736.03333333333,33333.0,0.9436894368943689,0,0,0,4.600000000000058
11319,2025-12-09,토마토,토마토,46650.0,2.8,0.0,12,70692.0,55896.857142857145,64283.1,64789.0,-0.27997036533979536,0,0,0,4.600000000000058
11320,2025-12-10,토마토,토마토,63471.0,4.9,0.0,12,69083.0,57074.0,64223.8,46650.0,0.36057877813504824,0,0,0,4.600000000000058
11321,2025-12-11,토마토,토마토,60533.0,4.0,12.9,12,64806.0,56534.0,64169.566666666666,63471.0,-0.04628885632808688,0,0,0,17.500000000000057
11322,2025-12-12,토마토,토마토,72900.0,2.0,0.0,12,69875.0,58208.857142857145,64181.7,60533.0,0.20430178580278535,0,0,0,13.500000000000059
11323,2025-12-15,토마토,토마토,63529.0,0.7,0.0,12,69524.0,57886.42857142857,64032.666666666664,72900.0,-0.12854595336076813,0,0,0,13.500000000000059
11324,2025-12-16,토마토,토마토,47333.0,3.8,2.1,12,78222.0,59886.42857142857,63287.666666666664,63529.0,-0.25493868941743136,0,0,0,15.000000000000059
11325,2025-12-17,토마토,토마토,63000.0,4.2,0.0,12,91833.0,59630.857142857145,63106.3,47333.0,0.33099528869921624,0,0,0,15.000000000000059
11326,2025-12-18,토마토,토마토,47000.0,2.3,0.0,12,93565.0,59680.857142857145,62316.566666666666,63000.0,-0.25396825396825395,0,0,0,15.000000000000059
11327,2025-12-19,토마토,토마토,55889.0,4.9,0.0,12,91957.0,58597.71428571428,61760.0,47000.0,0.18912765957446798,0,0,0,15.000000000000059
11328,2025-12-20,토마토,토마토,61000.0,7.3,0.3,12,90353.0,58664.42857142857,61578.833333333336,55889.0,0.09144912236754998,0,0,0,2.4000000000000585
11329,2025-12-22,토마토,토마토,65000.0,-0.7,0.0,12,89556.0,57535.857142857145,61493.4,61000.0,0.06557377049180335,0,0,0,2.4000000000000585
11330,2025-12-23,토마토,토마토,55563.0,2.6,10.8,12,97217.0,56397.857142857145,60898.833333333336,65000.0,-0.14518461538461536,0,0,0,13.20000000000006
11331,2025-12-24,토마토,토마토,68000.0,2.8,0.0,12,97850.0,59350.28571428572,60890.23333333333,55563.0,0.22383600597519937,0,0,0,11.10000000000006
11332,2025-12-25,토마토,토마토,68000.0,-3.6,0.0,12,99587.0,60064.57142857143,60761.333333333336,68000.0,0.0,0,0,0,11.10000000000006
11333,2025-12-26,토마토,토마토,68400.0,-8.2,0.0,12,96500.0,63121.71428571428,60701.333333333336,68000.0,0.00588235294117645,0,0,0,11.10000000000006
11334,2025-12-27,토마토,토마토,52000.0,-2.6,0.0,12,97726.0,62566.142857142855,60134.666666666664,68400.0,-0.23976608187134507,0,0,0,11.10000000000006
11335,2025-12-29,토마토,토마토,70667.0,4.9,0.3,12,73978.0,63947.142857142855,60363.1,52000.0,0.35898076923076916,0,0,0,11.10000000000006
11336,2025-12-30,토마토,토마토,70667.0,-0.5,0.0,12,69880.0,64756.71428571428,60530.666666666664,70667.0,0.0,0,0,0,11.10000000000006
11337,2025-12-31,토마토,토마토,67769.0,-5.6,0.0,12,79429.0,66500.42857142857,60750.73333333333,70667.0,-0.04100924052245036,0,0,0,0.3000000000000586
11338,2026-01-03,토마토,토마토,55400.0,-4.7,0.0,1,67226.0,64700.42857142857,60209.0,67769.0,-0.18251708008086298,0,0,0,0.3000000000000586
11339,2026-01-05,토마토,토마토,55275.0,-1.9,0.0,1,65595.0,62882.57142857143,60113.5,55400.0,-0.002256317689530718,0,0,0,0.3000000000000586
11340,2026-01-06,토마토,토마토,55275.0,-0.9,0.0,1,74622.0,61007.57142857143,59789.333333333336,55275.0,0.0,0,0,0,0.3000000000000586
11341,2026-01-07,토마토,토마토,48357.0,-0.2,0.0,1,53769.0,60487.142857142855,59627.666666666664,55275.0,-0.12515603799185893,0,0,0,0.3000000000000586
11342,2026-01-08,토마토,토마토,48357.0,-5.1,0.0,1,55465.0,57300.0,59155.433333333334,48357.0,0.0,0,0,0,0.0
11343,2026-01-09,토마토,토마토,45593.0,-0.3,0.0,1,62571.0,53718.0,58834.166666666664,48357.0,-0.057158219078933814,0,0,0,0.0
11344,2026-01-10,토마토,토마토,38000.0,2.0,1.7,1,72593.0,49465.28571428572,57957.066666666666,45593.0,-0.16653872304959094,0,0,0,1.7000000000000586
11345,2026-01-12,토마토,토마토,49107.0,-3.8,2.7,1,63524.0,48566.28571428572,57554.76666666667,38000.0,0.29228947368421054,0,0,0,4.400000000000059
11346,2026-01-13,토마토,토마토,49107.0,-3.3,0.0,1,56931.0,47685.142857142855,56998.8,49107.0,0.0,0,0,0,4.400000000000059
11347,2026-01-14,토마토,토마토,47467.0,-3.3,0.0,1,47111.0,46569.71428571428,57469.933333333334,49107.0,-0.03339646078970415,0,0,0,4.400000000000059
11348,2026-01-15,토마토,토마토,34000.0,4.7,0.0,1,52174.0,44518.71428571428,56443.63333333333,47467.0,-0.28371289527461185,0,0,0,4.400000000000059
11349,2026-01-16,토마토,토마토,47000.0,3.6,0.0,1,58966.0,44324.857142857145,56455.3,34000.0,0.38235294117647056,0,0,0,4.400000000000059
11350,2026-01-17,토마토,토마토,30000.0,0.2,0.0,1,65000.0,42097.28571428572,55339.6,47000.0,-0.36170212765957444,0,0,0,4.400000000000059
11351,2026-01-19,토마토,토마토,47615.0,-3.9,1.0,1,62563.0,43470.857142857145,54909.0,30000.0,0.5871666666666666,0,0,0,3.700000000000059
11352,2026-01-20,토마토,토마토,31200.0,-8.4,0.0,1,69196.0,40912.71428571428,53519.0,47615.0,-0.34474430326577754,0,0,0,1.0000000000000586
11353,2026-01-21,토마토,토마토,46880.0,-9.7,0.0,1,66552.0,40594.57142857143,52964.03333333333,31200.0,0.5025641025641026,0,0,0,1.0000000000000586
11354,2026-01-22,토마토,토마토,46880.0,-9.1,0.0,1,63824.0,40510.71428571428,52948.933333333334,46880.0,0.0,0,0,0,1.0000000000000586
11355,2026-01-23,토마토,토마토,52333.0,-5.0,2.2,1,53000.0,43129.71428571428,52593.36666666667,46880.0,0.11631825938566553,0,0,0,3.200000000000059
11356,2026-01-24,토마토,토마토,28000.0,-5.3,0.0,1,71824.0,40415.42857142857,51960.03333333333,52333.0,-0.4649647449983758,0,0,0,3.200000000000059
11357,2026-01-26,토마토,토마토,50519.0,-4.2,0.0,1,68179.0,43346.71428571428,51781.03333333333,28000.0,0.8042499999999999,0,0,0,3.200000000000059
11358,2026-01-27,토마토,토마토,35000.0,-4.4,0.0,1,64000.0,41544.57142857143,50914.36666666667,50519.0,-0.3071913537480948,0,0,0,2.200000000000059
11359,2026-01-28,토마토,토마토,51045.0,-5.4,0.0,1,82545.0,44379.57142857143,50449.2,35000.0,0.4584285714285714,0,0,0,2.200000000000059
11360,2026-01-29,토마토,토마토,51045.0,-5.2,0.0,1,67788.0,44974.57142857143,50298.6,51045.0,0.0,0,0,0,2.200000000000059
11361,2026-01-30,토마토,토마토,47154.0,-6.4,0.0,1,78000.0,45013.71428571428,49603.73333333333,51045.0,-0.0762268586541287,0,0,0,2.200000000000059
11362,2026-01-31,토마토,토마토,27000.0,-4.1,0.0,1,79556.0,41394.71428571428,48237.066666666666,47154.0,-0.42740806718412017,0,0,0,0.0
11363,2026-02-02,토마토,토마토,47643.0,-2.1,2.4,2,77903.0,44200.857142857145,47545.166666666664,27000.0,0.7645555555555557,0,0,0,2.4000000000000585
11364,2026-02-03,토마토,토마토,47643.0,-0.9,0.0,2,77774.0,43790.0,47399.933333333334,47643.0,0.0,0,0,0,2.4000000000000585
11365,2026-02-04,토마토,토마토,49526.0,2.8,0.0,2,74967.0,45865.142857142855,46695.23333333333,47643.0,0.039523119870705115,0,0,0,2.4000000000000585
11366,2026-02-05,토마토,토마토,49526.0,3.6,0.0,2,72000.0,45648.142857142855,45990.53333333333,49526.0,0.0,0,0,0,2.4000000000000585
11367,2026-02-06,토마토,토마토,55000.0,-6.0,0.0,2,77200.0,46213.142857142855,45564.9,49526.0,0.11052780357791869,0,0,0,2.4000000000000585
11368,2026-02-07,토마토,토마토,55000.0,-8.1,0.0,2,69696.0,47334.0,45551.566666666666,55000.0,0.0,0,0,0,2.4000000000000585
11369,2026-02-09,토마토,토마토,54000.0,-3.1,0.0,2,65105.0,51191.142857142855,45509.066666666666,55000.0,-0.018181818181818188,0,0,0,2.4000000000000585
11370,2026-02-10,토마토,토마토,21000.0,1.4,0.8,2,63733.0,47385.0,44366.566666666666,54000.0,-0.6111111111111112,0,0,0,0.8000000000000587
11371,2026-02-11,토마토,토마토,43759.0,2.7,0.0,2,67759.0,46830.142857142855,44213.3,21000.0,1.083761904761905,0,0,0,0.8000000000000587
11372,2026-02-12,토마토,토마토,43759.0,2.8,0.0,2,64706.0,46006.28571428572,44060.03333333333,43759.0,0.0,0,0,0,0.8000000000000587
11373,2026-02-13,토마토,토마토,46595.0,5.3,0.0,2,68333.0,45587.57142857143,44093.433333333334,43759.0,0.0648095248977354,0,0,0,0.8000000000000587
11374,2026-02-14,토마토,토마토,23000.0,7.8,0.0,2,69353.0,41016.142857142855,43593.433333333334,46595.0,-0.5063848052366133,0,0,0,0.8000000000000587
11375,2026-02-16,토마토,토마토,29488.0,2.4,0.0,2,57227.0,37371.57142857143,42939.46666666667,23000.0,0.2820869565217392,0,0,0,0.8000000000000587
11376,2026-02-20,토마토,토마토,26022.0,6.3,0.0,2,63476.0,33374.71428571428,42169.96666666667,29488.0,-0.11753933803581118,0,0,0,0.8000000000000587
11377,2026-02-21,토마토,토마토,15000.0,10.7,0.0,2,54897.0,32517.571428571428,41087.73333333333,26022.0,-0.4235646760433479,0,0,0,0.0
11378,2026-02-23,토마토,토마토,34789.0,1.8,0.0,2,64500.0,31236.14285714286,41114.03333333333,15000.0,1.3192666666666666,0,0,0,0.0
11379,2026-02-24,토마토,토마토,34789.0,2.8,0.0,2,46500.0,29954.714285714286,40707.0,34789.0,0.0,0,0,0,0.0
11380,2026-02-25,토마토,토마토,44061.0,7.4,0.0,2,48833.0,29592.714285714286,41175.7,34789.0,0.2665210267613327,0,0,0,0.0
11381,2026-02-26,토마토,토마토,44061.0,8.3,0.0,2,43500.0,32601.428571428572,41057.23333333333,44061.0,0.0,0,0,0,0.0
11382,2026-02-27,토마토,토마토,43000.0,9.6,0.0,2,46447.0,34531.71428571428,41450.566666666666,44061.0,-0.02408025237738587,0,0,0,0.0
11383,2026-02-28,토마토,토마토,33000.0,9.3,0.0,2,34944.0,35528.57142857143,40987.9,43000.0,-0.2325581395348837,0,0,0,0.0
11384,2026-03-02,토마토,토마토,45000.0,4.9,12.2,3,44957.0,39814.28571428572,40925.23333333333,33000.0,0.36363636363636354,0,0,1,12.200000000000058
11385,2026-03-03,토마토,토마토,45000.0,5.9,1.3,3,38571.0,41273.0,40680.8,45000.0,0.0,0,0,1,13.500000000000059
11386,2026-03-04,토마토,토마토,46000.0,6.0,0.0,3,44000.0,42874.57142857143,41280.8,45000.0,0.022222222222222143,0,0,1,13.500000000000059
11387,2026-03-05,토마토,토마토,46000.0,6.0,15.5,3,30286.0,43151.57142857143,41130.166666666664,46000.0,0.0,0,0,1,29.000000000000057
11388,2026-03-06,토마토,토마토,46750.0,1.9,0.0,3,48333.0,43535.71428571428,41521.833333333336,46000.0,0.016304347826086918,0,0,1,29.000000000000057
11389,2026-03-09,토마토,토마토,46000.0,4.5,0.0,3,45000.0,43964.28571428572,41353.666666666664,46750.0,-0.016042780748663055,0,0,1,29.000000000000057
11390,2026-03-10,토마토,토마토,32333.0,3.9,0.0,3,49600.0,43869.0,40729.933333333334,46000.0,-0.2971086956521739,0,0,1,29.000000000000057
11391,2026-03-11,토마토,토마토,49000.0,4.5,0.0,3,45000.0,44440.42857142857,40791.46666666667,32333.0,0.5154795410261961,0,0,1,16.80000000000006
11392,2026-03-12,토마토,토마토,35000.0,7.1,0.0,3,48000.0,43011.857142857145,41058.13333333333,49000.0,-0.2857142857142857,0,0,1,15.500000000000059
11393,2026-03-13,토마토,토마토,46000.0,7.6,0.0,3,28545.0,43011.857142857145,41003.36666666667,35000.0,0.3142857142857143,0,0,1,15.500000000000059
11394,2026-03-14,토마토,토마토,35000.0,8.1,0.0,3,46333.0,41440.42857142857,40581.933333333334,46000.0,-0.23913043478260865,0,0,1,0.0
11395,2026-03-16,토마토,토마토,46000.0,7.4,0.0,3,30000.0,41333.28571428572,40464.4,35000.0,0.3142857142857143,0,0,1,0.0
11396,2026-03-17,토마토,토마토,30300.0,8.8,0.0,3,50333.0,39090.42857142857,39823.53333333333,46000.0,-0.341304347826087,0,0,1,0.0
11397,2026-03-18,토마토,토마토,46605.0,6.8,4.8,3,46000.0,41129.28571428572,39543.7,30300.0,0.5381188118811882,0,0,1,4.800000000000058
11398,2026-03-19,토마토,토마토,28667.0,6.1,0.0,3,52697.0,38224.57142857143,38665.933333333334,46605.0,-0.38489432464327866,0,0,1,4.800000000000058
11399,2026-03-20,토마토,토마토,46128.0,7.5,0.0,3,42429.0,39814.28571428572,38403.53333333333,28667.0,0.609097568632923,0,0,1,4.800000000000058
11400,2026-03-21,토마토,토마토,28000.0,8.4,0.0,3,36612.0,37242.857142857145,38636.86666666667,46128.0,-0.3929934096427332,0,0,1,4.800000000000058
11401,2026-03-23,토마토,토마토,43721.0,11.9,0.0,3,36612.0,38488.71428571428,38635.6,28000.0,0.5614642857142857,0,0,1,4.800000000000058
11402,2026-03-24,토마토,토마토,27429.0,12.9,0.0,3,36612.0,35835.71428571428,38091.26666666667,43721.0,-0.3726355755815284,0,0,1,4.800000000000058
11403,2026-03-25,토마토,토마토,53474.0,12.8,0.0,3,43220.0,39146.28571428572,38320.566666666666,27429.0,0.9495424550658063,0,0,1,4.800000000000058
11404,2026-03-26,토마토,토마토,36000.0,12.1,0.0,3,37455.0,37631.28571428572,38753.9,53474.0,-0.3267756292777798,0,0,1,0.0
11405,2026-03-27,토마토,토마토,61143.0,11.4,0.0,3,42600.0,42270.71428571428,39809.066666666666,36000.0,0.6984166666666667,0,0,1,0.0
11406,2026-03-28,토마토,토마토,38000.0,12.2,0.0,3,42600.0,41109.57142857143,40208.333333333336,61143.0,-0.37850612498568925,0,0,1,0.0
11407,2026-03-30,토마토,토마토,65571.0,16.0,1.8,3,45000.0,46476.857142857145,41894.03333333333,38000.0,0.7255526315789473,0,0,1,1.8000000000000587
11408,2026-03-31,토마토,토마토,38545.0,14.2,8.2,3,45000.0,45737.42857142857,42019.23333333333,65571.0,-0.41216391392536333,0,0,1,10.000000000000059
11409,2026-04-01,토마토,토마토,48057.0,13.3,0.0,4,45923.0,48684.28571428572,42461.5,38545.0,0.24677649500583732,0,0,1,10.000000000000059
11410,2026-04-02,토마토,토마토,30000.0,11.6,0.0,4,45923.0,45330.857142857145,41992.8,48057.0,-0.3757413071977027,0,0,1,10.000000000000059
11411,2026-04-03,토마토,토마토,58000.0,14.7,0.0,4,42750.0,48473.71428571428,42457.433333333334,30000.0,0.9333333333333333,0,0,1,10.000000000000059
11412,2026-04-06,토마토,토마토,52143.0,10.2,1.2,4,42750.0,47188.0,42762.2,58000.0,-0.10098275862068962,0,0,1,11.200000000000058
11413,2026-04-07,토마토,토마토,27000.0,8.2,0.0,4,42182.0,45616.57142857143,42562.2,52143.0,-0.4821931994706864,0,0,1,11.200000000000058
11414,2026-04-08,토마토,토마토,49762.0,10.3,0.0,4,42182.0,43358.142857142855,42720.933333333334,27000.0,0.843037037037037,0,0,1,9.400000000000057
11415,2026-04-09,토마토,토마토,23500.0,10.6,18.9,4,42447.0,41208.857142857145,42004.26666666667,49762.0,-0.5277520999959808,0,0,1,20.10000000000006
11416,2026-04-10,토마토,토마토,48273.0,10.3,5.1,4,31667.0,41239.71428571428,42080.03333333333,23500.0,1.0541702127659573,0,0,1,25.20000000000006
11417,2026-04-11,토마토,토마토,25000.0,10.9,0.0,4,39569.0,40525.42857142857,41380.03333333333,48273.0,-0.4821121537919748,0,0,1,25.20000000000006
11418,2026-04-13,토마토,토마토,45522.0,18.7,0.0,4,39569.0,38742.857142857145,41339.1,25000.0,0.82088,0,0,1,25.20000000000006
11419,2026-04-14,토마토,토마토,23000.0,20.7,0.0,4,34286.0,34579.57142857143,40572.433333333334,45522.0,-0.49474979130969643,0,0,1,24.000000000000057
11420,2026-04-15,토마토,토마토,39267.0,19.7,0.0,4,34286.0,36332.0,40803.566666666666,23000.0,0.7072608695652174,0,0,1,24.000000000000057
11421,2026-04-16,토마토,토마토,28600.0,19.8,0.0,4,32233.0,33308.857142857145,40123.566666666666,39267.0,-0.2716530419945501,0,0,1,24.000000000000057
11422,2026-04-17,토마토,토마토,44725.0,17.4,0.0,4,21750.0,36341.0,40447.73333333333,28600.0,0.5638111888111887,0,0,1,5.10000000000006
11423,2026-04-18,토마토,토마토,42538.0,19.2,0.0,4,33532.0,35521.71428571428,40332.333333333336,44725.0,-0.04889882615986585,0,0,1,0.0
11424,2026-04-20,토마토,토마토,34938.0,13.4,0.8,4,20182.0,36941.42857142857,40330.26666666667,42538.0,-0.17866378297052044,0,0,1,0.8000000000000604
11425,2026-04-21,토마토,토마토,32368.0,12.2,0.0,4,31935.0,35062.28571428572,39875.86666666667,34938.0,-0.0735588757227088,0,0,1,0.8000000000000604
11426,2026-04-22,토마토,토마토,34596.0,14.2,0.0,4,29571.0,36718.857142857145,40019.066666666666,32368.0,0.06883341571922896,0,0,1,0.8000000000000604
11427,2026-04-23,토마토,토마토,36611.0,17.0,0.0,4,29571.0,36339.42857142857,39685.933333333334,34596.0,0.05824372759856633,0,0,1,0.8000000000000604
11428,2026-04-24,토마토,토마토,35440.0,18.0,0.0,4,41136.0,37316.57142857143,39911.7,36611.0,-0.03198492256425667,0,0,1,0.8000000000000604
11429,2026-04-25,토마토,토마토,33000.0,18.2,0.0,4,22000.0,35641.57142857143,39474.1,35440.0,-0.06884875846501126,0,0,1,0.8000000000000604
11430,2026-04-27,토마토,토마토,34113.0,16.2,1.5,4,43526.0,34438.0,39677.86666666667,33000.0,0.03372727272727283,0,0,1,2.30000000000006
11431,2026-04-28,토마토,토마토,34571.0,13.3,0.2,4,43526.0,34385.57142857143,39372.86666666667,34113.0,0.013425966640283837,0,0,1,1.7000000000000604
11432,2026-04-29,토마토,토마토,35674.0,14.9,0.0,4,42442.0,34857.857142857145,39647.7,34571.0,0.03190535419860585,0,0,1,1.7000000000000604
11433,2026-04-30,토마토,토마토,34741.0,17.4,0.0,4,42442.0,34878.57142857143,39023.26666666667,35674.0,-0.026153501149296376,0,0,1,1.7000000000000604
11434,2026-05-01,토마토,토마토,34143.0,17.8,0.0,5,42442.0,34526.0,38961.36666666667,34741.0,-0.017213091160300564,0,0,0,1.7000000000000604
11435,2026-05-02,토마토,토마토,34532.0,17.3,1.4,5,46809.0,34396.28571428572,38074.333333333336,34143.0,0.01139325776879585,0,0,0,3.10000000000006
11436,2026-05-04,토마토,토마토,33181.0,13.7,1.8,5,46809.0,34422.142857142855,37913.7,34532.0,-0.03912313216726515,0,0,0,4.900000000000061
11437,2026-05-05,토마토,토마토,34818.0,14.5,0.0,5,54395.0,34522.857142857145,36888.6,33181.0,0.049335463066212615,0,0,0,3.4000000000000603
11438,2026-05-06,토마토,토마토,31966.0,16.9,0.0,5,54395.0,34150.71428571428,36669.3,34818.0,-0.08191165489114827,0,0,0,3.20000000000006
11439,2026-05-07,토마토,토마토,25343.0,15.4,2.7,5,50167.0,32674.85714285714,35912.166666666664,31966.0,-0.20718888819370584,0,0,0,5.900000000000061
11440,2026-05-08,토마토,토마토,30000.0,15.2,0.0,5,50167.0,31997.571428571428,35912.166666666664,25343.0,0.18375882886793193,0,0,0,5.900000000000061
11441,2026-05-09,토마토,토마토,26068.0,15.9,0.0,5,50250.0,30844.0,34847.76666666667,30000.0,-0.13106666666666666,0,0,0,5.900000000000061
11442,2026-05-11,토마토,토마토,28472.0,16.8,0.9,5,50250.0,29978.285714285714,34058.73333333333,26068.0,0.09222034678533064,0,0,0,5.400000000000061
11443,2026-05-12,토마토,토마토,27711.0,19.1,18.1,5,43000.0,29196.85714285714,34082.433333333334,28472.0,-0.026728013486934543,0,0,0,21.700000000000063
11444,2026-05-13,토마토,토마토,26365.0,19.7,0.0,5,43000.0,27989.285714285714,33302.53333333333,27711.0,-0.0485727689365234,0,0,0,21.700000000000063
11445,2026-05-14,토마토,토마토,27686.0,23.5,0.0,5,40000.0,27377.85714285714,33442.066666666666,26365.0,0.05010430494974405,0,0,0,21.700000000000063
11446,2026-05-15,토마토,토마토,26300.0,24.2,0.0,5,40000.0,27514.571428571428,32709.633333333335,27686.0,-0.0500614028750993,0,0,0,19.000000000000064
11447,2026-05-16,토마토,토마토,27689.0,23.1,0.0,5,39600.0,27184.428571428572,32799.26666666667,26300.0,0.052813688212927756,0,0,0,19.000000000000064
11448,2026-05-18,토마토,토마토,27885.0,23.0,0.0,5,39600.0,27444.0,32211.366666666665,27689.0,0.00707862328000286,0,0,0,19.000000000000064
11449,2026-05-19,토마토,토마토,28328.0,22.1,0.0,5,36452.0,27423.428571428572,32388.966666666667,27885.0,0.01588667742513894,0,0,0,18.100000000000062
11450,2026-05-20,토마토,토마토,26661.0,16.9,63.1,5,36000.0,27273.428571428572,31968.766666666666,28328.0,-0.05884637108161539,0,0,0,63.100000000000065
11451,2026-05-21,토마토,토마토,26082.0,17.0,14.0,5,35286.0,27233.0,31884.833333333332,26661.0,-0.021717114886913524,0,0,0,77.10000000000005
11452,2026-05-22,토마토,토마토,28485.0,20.6,0.0,5,42641.0,27347.14285714286,31343.5,26082.0,0.09213250517598337,0,0,0,77.10000000000005
11453,2026-05-23,토마토,토마토,24876.0,19.2,0.0,5,40000.0,27143.714285714286,30754.766666666666,28485.0,-0.12669826224328595,0,0,0,77.10000000000005
11454,2026-05-25,토마토,토마토,23315.0,24.4,0.0,5,46815.0,26518.85714285714,30367.333333333332,24876.0,-0.0627512461810581,0,0,0,77.10000000000005
11455,2026-05-26,토마토,토마토,23442.0,24.9,0.6,5,40000.0,25884.14285714286,30069.8,23315.0,0.005447137036242777,0,0,0,77.70000000000006
11456,2026-05-27,토마토,토마토,24951.0,22.3,2.5,5,52903.0,25401.714285714286,29748.3,23442.0,0.06437164064499612,0,0,0,80.20000000000006
11785,2026-05-28,토마토,토마토,19402.0,20.9,3.5,5,40000.0,24364.714285714286,29174.666666666668,24951.0,-0.2223958959560739,0,0,0,20.60000000000006
11786,2026-05-29,토마토,토마토,20205.0,21.5,0.0,5,54083.0,23525.14285714286,28666.833333333332,19402.0,0.04138748582620355,0,0,0,6.6000000000000565
